,Reporting_District_ID,Year,Census_Tract_ID,Weighted_Avg_Median_Household_Income_Dollars,Weighted_Avg_Percent_White,Weighted_Avg_Percent_Black_African_American,Weighted_Avg_Percent_American_Indian_Alaska_Native,Weighted_Avg_Percent_Asian,Weighted_Avg_Percent_Native_Hawaiian_Other_Pacific_Islander,Weighted_Avg_Percent_Some_Other_Race,Weighted_Avg_Percent_Two_Or_More_Races,Weighted_Avg_Percent_Hispanic_Latino
0,101,2017,"[197300, 197600, 197700, 980010]",36777.61,15.6,4.56,1.31,42.52,0.17,0.0,2.72,33.11
1,101,2018,"[197300, 197600, 197700]",44768.04,17.25,2.93,1.75,43.69,0.0,0.0,3.5,30.88
2,101,2019,"[197300, 197600, 197700, 980010]",54756.93,22.76,3.0,2.21,42.68,0.0,0.0,4.06,25.29
3,101,2020,"[197300, 197600, 197700, 980010]",52272.88,22.31,2.04,1.92,44.07,0.0,0.0,4.94,24.72
4,101,2021,"[197300, 197600, 197700, 980010]",55570.89,20.46,1.83,1.94,41.67,0.0,0.79,3.65,29.67
5,101,2022,"[197300, 197600, 197700]",63128.0,21.57,1.98,0.0,43.86,0.0,0.58,3.17,28.84
6,105,2017,"[197700, 206010, 207103, 980010]",27652.85,7.89,2.68,0.0,31.72,0.0,0.0,1.14,56.56
7,105,2018,"[197700, 206010, 207103]",38749.36,8.85,0.21,0.0,38.19,0.0,0.0,1.02,51.72
8,105,2019,"[197700, 206010, 207103, 980010]",42037.27,7.78,1.1,0.01,36.89,0.0,0.0,0.45,53.78
9,105,2020,"[197700, 206010, 207103, 980010]",41399.55,11.0,1.89,0.01,31.99,0.0,0.0,0.37,54.75
10,105,2021,"[197700, 206010, 207103, 980010]",46258.6,11.23,2.12,0.01,31.25,0.0,0.21,0.46,54.73
11,105,2022,"[197700, 206010, 207103]",57666.23,11.37,1.1,0.0,38.77,0.0,0.11,0.41,48.24
12,109,2017,"[206010, 980010]",12265.82,30.35,2.26,0.0,21.27,0.0,0.0,0.02,46.09
13,109,2018,[206010],38734.0,8.83,0.2,0.0,38.17,0.0,0.0,1.01,51.79
14,109,2019,"[206010, 980010]",19644.13,24.9,1.05,0.0,38.9,0.0,0.0,0.01,35.14
15,109,2020,"[199002, 206010, 980010]",32283.72,11.77,0.87,0.0,24.52,0.82,0.0,0.01,62.0
16,109,2021,"[199002, 206010, 980010]",40517.23,11.05,0.06,0.0,23.11,0.89,0.0,4.48,60.41
17,109,2022,"[199002, 206010]",60069.88,13.04,1.25,0.0,35.73,0.0,0.08,0.51,49.4
18,111,2017,"[197600, 197700, 206010, 206020, 207101, 207102, 207103]",27877.73,7.96,7.06,1.11,71.09,0.0,0.0,0.51,12.27
19,111,2018,"[197600, 197700, 206010, 206020, 207101, 207102, 207103]",30593.39,9.63,7.14,0.78,65.87,0.0,0.0,0.87,15.7
20,111,2019,"[197600, 197700, 206010, 206020, 207101, 207102, 207103]",32860.05,10.19,7.71,1.08,62.7,0.0,0.0,2.33,15.98
21,111,2020,"[197600, 197700, 206010, 206020, 207101, 207102, 207103]",37932.46,10.07,7.43,0.05,63.08,0.0,0.0,3.21,16.16
22,111,2021,"[197600, 197700, 206010, 206020, 207101, 207102, 207103]",38642.14,10.99,4.98,0.51,60.48,0.0,0.7,4.29,18.05
23,111,2022,"[197600, 197700, 206010, 206020, 207101, 207103]",50149.92,14.03,8.6,0.8,56.41,0.0,1.22,6.62,12.31
24,112,2017,"[207101, 207102, 207400]",88900.83,15.7,14.54,0.04,7.87,0.36,0.0,2.46,59.02
25,112,2018,"[207101, 207102]",33961.61,11.95,9.09,0.69,58.31,0.0,0.0,0.87,19.09
26,112,2019,"[207101, 207102, 207400]",84560.9,14.95,25.04,0.73,13.84,0.31,0.0,1.78,43.35
27,112,2020,"[207101, 207102, 207400]",90679.12,16.39,21.17,0.6,18.33,0.3,0.0,1.54,41.67
28,112,2021,"[207101, 207102, 207400]",71439.5,19.35,14.41,0.49,24.72,0.0,0.07,1.38,39.57
29,112,2022,"[207101, 207400]",59645.56,21.54,14.99,0.83,27.34,0.0,0.07,1.42,33.81
30,118,2017,"[199700, 203500, 206010, 206020, 207102, 207103, 980010]",27791.81,7.83,2.73,0.02,33.19,0.01,0.0,1.1,55.11
31,118,2018,"[199700, 203500, 206010, 206020, 207102, 207103]",38513.21,8.84,0.4,0.01,39.18,0.01,0.0,1.02,50.53
32,118,2019,"[199700, 203500, 206010, 206020, 207102, 207103, 980010]",41843.83,7.81,1.22,0.01,37.93,0.01,0.0,0.47,52.56
33,118,2020,"[199700, 203500, 206010, 206020, 207102, 207103, 980010]",41320.62,10.91,2.05,0.01,33.2,0.0,0.01,0.39,53.44
34,118,2021,"[199700, 203500, 206010, 206020, 207102, 207103, 980010]",45977.11,11.14,2.26,0.01,32.46,0.0,0.21,0.5,53.42
35,118,2022,"[199700, 203500, 206010, 206020, 207103]",57281.69,11.3,1.29,0.0,39.5,0.0,0.12,0.46,47.33
36,119,2017,"[203500, 206010, 206020, 207102, 207103]",95287.67,18.72,32.01,0.47,3.55,0.72,0.8,1.66,42.07
37,119,2018,"[203500, 206010, 206020, 207102, 207103]",88152.09,17.78,32.78,0.6,4.24,0.6,0.97,1.94,41.09
38,119,2019,"[203500, 206010, 206020, 207102, 207103]",99474.44,18.32,30.5,0.6,4.63,0.54,0.65,1.83,42.95
39,119,2020,"[203500, 206010, 206020, 207102, 207103]",104538.3,16.72,33.7,0.43,4.27,0.42,0.66,1.93,41.85
40,119,2021,"[203500, 206010, 206020, 207102, 207103]",114889.85,16.67,33.08,0.18,4.31,0.41,1.28,2.51,41.55
41,119,2022,"[203500, 206010, 206020, 207103]",118107.14,16.73,33.4,0.14,3.96,0.22,1.37,2.69,41.49
42,121,2017,"[197600, 207101, 207400, 207501]",90398.89,15.91,14.65,0.0,6.45,0.37,0.0,2.51,60.11
43,121,2018,"[197600, 207101, 207501]",39610.77,14.83,9.35,0.02,54.15,0.0,0.05,1.49,20.11
44,121,2019,"[197600, 207101, 207400, 207501]",85831.28,15.08,25.41,0.7,12.8,0.32,0.0,1.78,43.9
45,121,2020,"[197600, 207101, 207400, 207501, 208001]",91499.06,16.63,21.08,0.59,17.63,0.3,0.06,1.54,42.17
46,121,2021,"[197600, 207101, 207400, 207501, 208001]",72526.07,19.53,14.42,0.48,23.92,0.0,0.06,1.43,40.17
47,121,2022,"[197600, 207101, 207400, 207501, 208001]",60408.48,21.37,14.86,0.81,27.22,0.0,0.06,1.52,34.17
48,122,2017,"[207400, 207501]",91691.76,15.97,14.83,0.0,5.18,0.38,0.0,2.54,61.11
49,122,2018,[207501],64206.0,29.09,12.92,0.0,28.24,0.0,0.0,7.06,22.69
50,122,2019,"[207400, 207501]",86987.91,15.08,25.72,0.71,11.83,0.32,0.0,1.69,44.63
51,122,2020,"[207400, 207501]",93026.19,16.61,21.67,0.63,16.55,0.31,0.0,1.38,42.85
52,122,2021,"[207400, 207501]",72758.3,19.66,14.75,0.47,23.38,0.0,0.0,1.13,40.62
53,122,2022,"[207400, 207501]",59721.16,21.62,15.01,0.81,26.93,0.0,0.0,1.1,34.53
54,123,2017,"[207400, 207502]",91705.0,15.96,14.84,0.0,5.16,0.38,0.0,2.54,61.13
55,123,2018,[207502],,,,,,,,,
56,123,2019,"[207400, 207502]",87000.0,15.07,25.73,0.71,11.83,0.32,0.0,1.69,44.64
57,123,2020,"[207305, 207400, 207502]",93033.33,16.61,21.68,0.63,16.54,0.31,0.0,1.38,42.86
58,123,2021,"[207305, 207400, 207502]",72751.23,19.66,14.75,0.47,23.37,0.0,0.0,1.13,40.62
59,123,2022,"[207305, 207400, 207502]",59703.96,21.62,15.02,0.81,26.92,0.0,0.0,1.1,34.53
60,124,2017,[207400],91705.0,15.96,14.84,0.0,5.16,0.38,0.0,2.54,61.13
61,124,2019,[207400],87000.0,15.07,25.73,0.71,11.83,0.32,0.0,1.69,44.64
62,124,2020,"[206201, 207400]",93009.43,16.61,21.68,0.63,16.55,0.31,0.0,1.38,42.85
63,124,2021,"[206201, 207400]",72735.48,19.65,14.75,0.47,23.38,0.0,0.0,1.13,40.61
64,124,2022,"[206201, 207400]",59696.41,21.62,15.02,0.81,26.93,0.0,0.0,1.1,34.52
65,127,2017,"[206020, 207102, 207400]",90814.89,15.83,14.79,0.03,6.0,0.37,0.0,2.5,60.48
66,127,2018,"[206020, 207102]",28747.56,8.64,9.23,1.73,60.85,0.02,0.04,0.08,19.41
67,127,2019,"[206020, 207102, 207400]",86269.45,14.99,25.5,0.74,12.42,0.32,0.0,1.68,44.36
68,127,2020,"[206020, 206052, 206201, 206202, 207102, 207400]",92170.67,16.6,21.31,0.62,17.46,0.32,0.0,1.41,42.28
69,127,2021,"[206020, 206052, 206201, 206202, 207102, 207400]",72475.12,19.59,14.49,0.46,24.04,0.02,0.0,1.24,40.15
70,127,2022,"[206020, 206052, 206201, 206202, 207400]",60151.54,21.66,14.92,0.81,27.15,0.03,0.01,1.16,34.26
71,128,2017,[207400],91705.0,15.96,14.84,0.0,5.16,0.38,0.0,2.54,61.13
72,128,2019,[207400],87000.0,15.07,25.73,0.71,11.83,0.32,0.0,1.69,44.64
73,128,2020,"[206052, 206201, 206202, 207400]",18233.29,16.88,18.39,0.83,52.05,0.01,0.04,3.11,8.7
74,128,2021,"[206052, 206201, 206202, 207400]",24721.38,17.42,18.24,0.0,46.85,0.01,0.05,3.51,13.91
75,128,2022,"[206052, 206201, 206202, 207400]",27663.82,22.38,13.25,1.75,47.28,0.02,0.1,2.72,12.52
76,129,2017,"[206020, 207400]",96691.91,18.96,32.4,0.44,2.43,0.74,0.81,1.69,42.54
77,129,2018,[206020],89333.0,17.97,33.31,0.59,3.18,0.61,0.99,1.97,41.37
78,129,2019,"[206020, 207400]",100734.39,18.5,30.97,0.57,3.71,0.55,0.66,1.85,43.2
79,129,2020,"[206020, 206052, 206053, 206054, 206202, 207400]",98398.38,26.18,8.01,0.86,41.2,1.01,0.01,2.45,20.29
80,129,2021,"[206020, 206052, 206053, 206054, 206202, 207400]",102461.56,26.11,5.57,0.0,41.11,1.74,0.03,7.24,18.2
81,129,2022,"[206020, 206052, 206053, 206054, 206202, 207400]",102813.73,25.35,6.25,0.0,43.86,2.42,0.92,6.37,14.83
82,131,2017,"[207400, 207501, 207502]",62587.97,30.81,7.56,0.0,39.0,0.0,0.0,4.98,17.65
83,131,2018,"[207501, 207502]",63912.86,29.04,12.91,0.0,28.44,0.0,0.0,7.04,22.58
84,131,2019,"[207400, 207501, 207502]",60402.21,28.67,11.46,0.0,31.56,0.0,0.0,6.98,21.33
85,131,2020,"[207400, 207501, 207502, 208001, 209202]",71356.33,28.81,10.61,0.0,29.08,0.0,0.05,4.27,27.18
86,131,2021,"[207400, 207501, 207502, 208001, 209202]",90123.1,33.5,9.27,0.0,27.89,0.0,0.0,3.33,26.01
87,131,2022,"[207400, 207501, 207502, 208001, 209202]",98412.26,25.71,8.53,0.0,29.85,0.0,0.0,3.24,32.66
88,132,2017,"[207400, 207501, 207502]",53086.04,25.51,8.94,0.0,37.05,0.1,0.0,4.42,23.98
89,132,2018,"[207501, 207502]",38544.42,25.37,11.51,0.0,45.45,0.0,0.0,5.09,12.59
90,132,2019,"[207400, 207501, 207502]",50647.8,22.73,14.71,0.2,37.29,0.09,0.0,3.49,21.48
91,132,2020,"[207400, 207501, 207502]",55474.21,22.58,13.07,0.17,39.09,0.09,0.0,2.64,22.36
92,132,2021,"[207400, 207501, 207502]",55909.77,26.69,9.6,0.13,38.13,0.0,0.0,3.16,22.29
93,132,2022,"[207400, 207501, 207502]",55251.89,24.6,10.51,0.23,36.97,0.0,0.0,3.45,24.25
94,133,2017,"[207400, 207502]",34335.31,25.54,7.78,0.0,46.61,0.08,0.0,4.71,15.28
95,133,2018,[207502],19380.0,22.59,10.45,0.0,58.3,0.0,0.0,3.61,5.05
96,133,2019,"[207400, 207502]",32509.15,21.74,12.96,0.15,49.32,0.07,0.0,2.0,13.77
97,133,2020,"[207305, 207400, 207502]",72129.62,46.07,7.2,0.0,1.82,0.0,0.0,7.26,37.64
98,133,2021,"[207305, 207400, 207502]",82049.92,69.23,2.26,0.0,0.25,0.0,0.0,7.1,21.16
99,133,2022,"[207305, 207400, 207502]",66984.69,62.49,6.3,0.0,2.6,0.0,0.0,3.9,24.7
100,134,2017,[207502],19685.0,27.98,5.98,0.0,57.2,0.0,0.0,5.27,3.57
101,134,2018,[207502],19380.0,22.59,10.45,0.0,58.3,0.0,0.0,3.61,5.05
102,134,2019,[207502],18594.0,23.44,9.7,0.0,58.9,0.0,0.0,2.08,5.89
103,134,2020,"[207305, 207306, 207502]",71843.33,45.99,7.22,0.0,2.06,0.0,0.0,7.24,37.49
104,134,2021,"[207305, 207306, 207502]",81747.67,69.06,2.29,0.0,0.47,0.0,0.0,7.09,21.09
105,134,2022,"[207305, 207306, 207502]",66771.0,62.36,6.32,0.0,2.79,0.0,0.0,3.91,24.62
106,135,2017,[207400],91705.0,15.96,14.84,0.0,5.16,0.38,0.0,2.54,61.13
107,135,2019,[207400],87000.0,15.07,25.73,0.71,11.83,0.32,0.0,1.69,44.64
108,135,2020,"[206201, 207305, 207306, 207400]",38550.64,36.48,25.91,0.0,8.55,0.0,1.81,5.46,21.78
109,135,2021,"[206201, 207305, 207306, 207400]",41871.21,39.34,20.91,0.0,13.82,0.0,1.76,3.99,20.18
110,135,2022,"[206201, 207305, 207306, 207400]",45413.56,40.47,18.14,0.0,17.67,0.0,1.79,6.95,14.98
111,138,2017,[207400],91705.0,15.96,14.84,0.0,5.16,0.38,0.0,2.54,61.13
112,138,2019,[207400],87000.0,15.07,25.73,0.71,11.83,0.32,0.0,1.69,44.64
113,138,2020,"[206051, 206052, 206201, 206202, 206303, 207306, 207400]",21827.48,18.29,18.63,0.7,48.3,0.0,0.07,3.47,10.54
114,138,2021,"[206051, 206052, 206201, 206202, 207306, 207400]",27922.51,18.19,18.17,0.0,45.6,0.0,0.1,3.8,14.14
115,138,2022,"[206051, 206052, 206201, 206202, 206303, 207306, 207400]",30925.67,22.43,13.68,1.41,46.12,0.0,0.16,3.05,13.15
116,139,2017,[206050],22121.0,6.28,3.67,0.28,10.28,0.0,0.55,1.1,77.84
117,139,2018,[206050],23007.0,6.32,5.57,0.3,9.1,0.0,0.65,0.95,77.11
118,139,2019,[206050],23380.0,6.35,4.23,0.25,7.78,0.0,0.64,1.13,79.62
119,139,2020,"[206050, 206051, 206052, 206053]",97179.95,26.25,7.41,0.88,41.53,0.99,0.04,2.44,20.46
120,139,2021,"[206050, 206051, 206052, 206053]",100955.92,26.22,5.01,0.02,41.39,1.74,0.04,7.25,18.34
121,139,2022,"[206050, 206051, 206052, 206053]",101576.37,25.39,5.66,0.0,44.1,2.43,0.93,6.35,15.14
122,141,2017,[207502],19685.0,27.98,5.98,0.0,57.2,0.0,0.0,5.27,3.57
123,141,2018,[207502],19380.0,22.59,10.45,0.0,58.3,0.0,0.0,3.61,5.05
124,141,2019,[207502],18594.0,23.44,9.7,0.0,58.9,0.0,0.0,2.08,5.89
125,141,2020,"[207502, 207711, 209202]",19265.26,21.25,8.92,0.0,59.48,0.0,0.0,2.46,7.89
126,141,2021,"[207502, 207711, 209202]",19600.6,25.3,6.56,0.0,53.54,0.0,0.0,4.95,9.65
127,141,2022,"[207502, 207711, 209202]",20678.45,24.84,9.08,0.0,47.08,0.0,0.0,5.02,13.97
128,142,2017,[207502],19685.0,27.98,5.98,0.0,57.2,0.0,0.0,5.27,3.57
129,142,2018,[207502],19380.0,22.59,10.45,0.0,58.3,0.0,0.0,3.61,5.05
130,142,2019,[207502],18594.0,23.44,9.7,0.0,58.9,0.0,0.0,2.08,5.89
131,142,2020,"[207305, 207502, 207712]",18072.26,21.76,9.02,0.0,61.89,0.0,0.0,2.25,5.07
132,142,2021,"[207305, 207502, 207712]",18497.54,26.07,6.3,0.0,55.76,0.0,0.0,4.46,7.41
133,142,2022,"[207305, 207502, 207712]",19413.36,25.62,8.98,0.0,49.06,0.0,0.0,5.25,11.08
134,143,2017,[207502],19685.0,27.98,5.98,0.0,57.2,0.0,0.0,5.27,3.57
135,143,2018,[207502],19380.0,22.59,10.45,0.0,58.3,0.0,0.0,3.61,5.05
136,143,2019,[207502],18594.0,23.44,9.7,0.0,58.9,0.0,0.0,2.08,5.89
137,143,2020,"[207305, 207306, 207502]",72208.17,46.15,7.19,0.0,1.69,0.0,0.0,7.27,37.7
138,143,2021,"[207305, 207306, 207502]",82177.52,69.36,2.25,0.0,0.12,0.0,0.0,7.11,21.17
139,143,2022,"[207305, 207306, 207502]",67083.08,62.61,6.29,0.0,2.49,0.0,0.0,3.9,24.72
140,144,2020,"[207305, 207306]",38358.48,36.57,25.95,0.0,8.47,0.0,1.82,5.48,21.71
141,144,2021,"[207305, 207306]",41749.87,39.43,20.95,0.0,13.73,0.0,1.77,4.0,20.12
142,144,2022,"[207305, 207306]",45355.37,40.56,18.16,0.0,17.59,0.0,1.79,6.98,14.91
143,145,2020,"[206201, 206301, 207306, 207307]",38260.69,36.49,25.98,0.0,8.58,0.0,1.82,5.47,21.66
144,145,2021,"[206201, 206301, 207306, 207307]",41638.62,39.29,21.0,0.0,13.84,0.01,1.76,4.0,20.11
145,145,2022,"[206201, 206301, 207306, 207307]",45270.65,40.42,18.21,0.0,17.69,0.01,1.79,6.97,14.91
146,146,2020,"[206201, 206301, 207306]",38497.07,24.19,19.57,0.18,32.65,0.01,0.19,4.91,18.3
147,146,2021,"[206201, 206301, 207306]",42765.87,21.44,17.86,0.0,40.15,0.0,0.28,5.06,15.22
148,146,2022,"[206201, 206301, 207306]",45909.63,22.62,15.51,0.0,41.12,0.0,0.45,4.5,15.79
149,147,2020,"[206201, 206202, 206301, 206302, 206303]",38703.65,24.11,19.35,0.19,32.92,0.0,0.19,4.92,18.33
150,147,2021,"[206201, 206202, 206301, 206302]",43009.75,21.38,17.61,0.0,40.48,0.0,0.28,5.06,15.19
151,147,2022,"[206201, 206202, 206301, 206302, 206303]",46154.36,22.57,15.25,0.0,41.47,0.0,0.45,4.49,15.76
152,148,2020,"[206201, 206202, 206303]",12367.44,15.07,18.46,0.99,56.44,0.0,0.01,2.67,6.35
153,148,2021,"[206201, 206202]",19485.73,16.38,18.54,0.0,48.43,0.0,0.0,3.1,13.54
154,148,2022,"[206201, 206202, 206303]",22345.66,22.28,13.06,2.18,48.39,0.0,0.01,2.26,11.81
155,151,2017,[207502],19685.0,27.98,5.98,0.0,57.2,0.0,0.0,5.27,3.57
156,151,2018,[207502],19380.0,22.59,10.45,0.0,58.3,0.0,0.0,3.61,5.05
157,151,2019,[207502],18594.0,23.44,9.7,0.0,58.9,0.0,0.0,2.08,5.89
158,151,2020,"[207502, 207711, 209201, 209202]",119576.42,47.05,9.97,0.0,23.86,0.17,0.92,0.74,17.3
159,151,2021,"[207502, 207711, 209201, 209202]",137196.66,49.5,8.38,0.0,30.31,0.21,0.99,0.22,10.39
160,151,2022,"[207502, 207711, 209201, 209202]",160867.38,40.97,12.31,0.0,33.76,0.0,0.82,0.68,11.46
161,152,2017,[207502],19685.0,27.98,5.98,0.0,57.2,0.0,0.0,5.27,3.57
162,152,2018,[207502],19380.0,22.59,10.45,0.0,58.3,0.0,0.0,3.61,5.05
163,152,2019,[207502],18594.0,23.44,9.7,0.0,58.9,0.0,0.0,2.08,5.89
164,152,2020,"[207305, 207502, 207711, 207712]",76983.85,26.47,11.92,0.0,44.66,0.0,0.0,3.97,12.98
165,152,2021,"[207305, 207502, 207711, 207712]",83756.5,23.02,12.85,0.0,39.52,0.0,0.0,3.67,20.93
166,152,2022,"[207305, 207502, 207711, 207712]",85655.2,18.54,14.6,0.0,42.03,0.0,0.07,3.24,21.52
167,153,2020,"[207303, 207304, 207305, 207307, 207308, 207712]",42325.35,33.55,17.16,0.0,6.72,0.0,3.51,7.08,31.99
168,153,2021,"[207303, 207304, 207305, 207307, 207308, 207712]",47496.26,44.08,11.64,0.0,4.96,0.01,1.57,8.94,28.8
169,153,2022,"[207303, 207304, 207305, 207307, 207308, 207712]",40324.17,38.08,14.38,0.0,5.58,0.0,0.35,7.04,34.57
170,154,2020,"[206301, 207304, 207305, 207306, 207307, 207308]",12384.74,25.54,38.17,0.0,14.01,0.0,1.2,5.13,15.96
171,154,2021,"[206301, 207304, 207305, 207306, 207307, 207308]",12063.89,22.45,36.1,0.0,8.29,4.36,1.16,3.43,24.21
172,154,2022,"[206301, 207304, 207305, 207306, 207307, 207308]",15054.67,21.46,38.5,0.0,10.48,3.55,0.01,4.92,21.08
173,155,2020,"[206301, 207307]",11155.19,32.02,47.44,0.0,1.36,0.48,0.16,4.02,14.52
174,155,2021,"[206301, 207307]",10958.92,26.38,49.01,0.0,1.94,0.01,0.22,4.62,17.82
175,155,2022,"[206301, 207307]",13740.33,26.2,48.36,0.37,0.39,0.01,0.19,4.45,20.02
176,156,2020,"[206301, 206302, 206303]",8973.94,26.86,49.24,1.88,0.98,0.22,0.07,4.48,16.28
177,156,2021,"[206301, 206302]",9993.6,24.32,48.15,1.36,1.71,0.0,0.1,5.97,18.4
178,156,2022,"[206301, 206302, 206303]",11367.33,23.61,45.97,1.52,1.09,0.0,0.09,5.85,21.87
179,157,2020,"[206202, 206302, 206303]",4923.2,19.0,46.74,2.51,5.71,0.0,1.0,1.71,23.32
180,157,2021,"[206202, 206302]",15296.79,18.89,30.19,1.0,29.52,0.0,0.0,4.71,15.69
181,157,2022,"[206202, 206302, 206303]",11364.61,19.59,44.6,1.09,2.71,0.0,0.8,3.56,27.66
182,158,2017,[226002],27750.0,27.73,12.56,0.0,5.26,0.0,0.83,5.98,47.65
183,158,2018,[226002],27632.0,31.93,12.2,0.0,7.13,0.0,0.0,6.21,42.53
184,158,2019,[226002],37643.0,33.46,11.43,0.0,8.3,0.0,0.0,3.24,43.57
185,158,2020,"[206051, 206202, 206303, 226002]",5394.02,19.17,46.54,2.5,5.73,0.0,1.0,1.72,23.34
186,158,2021,"[206051, 206202, 226002]",103191.19,48.91,3.32,0.0,15.75,0.0,0.04,3.36,28.62
187,158,2022,"[206051, 206202, 206303, 226002]",11843.92,19.74,44.41,1.08,2.74,0.0,0.8,3.56,27.66
188,159,2017,[206050],22121.0,6.28,3.67,0.28,10.28,0.0,0.55,1.1,77.84
189,159,2018,[206050],23007.0,6.32,5.57,0.3,9.1,0.0,0.65,0.95,77.11
190,159,2019,[206050],23380.0,6.35,4.23,0.25,7.78,0.0,0.64,1.13,79.62
191,159,2020,"[206050, 206051, 206052, 206053, 206202, 206303]",118283.0,57.75,2.04,0.0,12.72,0.0,0.01,3.53,23.95
192,159,2021,"[206050, 206051, 206052, 206053, 206202]",122819.53,55.6,0.03,0.0,14.09,0.0,0.01,2.81,27.45
193,159,2022,"[206050, 206051, 206052, 206053, 206202, 206303]",126871.19,55.67,2.93,0.02,11.78,0.0,2.32,3.35,23.93
194,161,2017,"[209300, 210010]",24684.89,12.18,6.47,0.36,9.44,0.0,0.0,1.54,70.01
195,161,2018,"[209300, 210010]",27972.32,9.54,5.59,0.19,11.98,0.0,0.0,1.66,71.04
196,161,2019,"[209300, 210010]",30093.34,6.96,6.18,0.0,11.14,0.0,0.0,1.86,73.87
197,161,2020,"[207711, 209201, 209300, 210010]",119733.22,47.2,9.68,0.0,23.14,0.0,0.94,0.57,18.46
198,161,2021,"[207711, 209201, 209300, 210010]",138443.95,49.91,8.05,0.0,29.81,0.0,0.99,0.04,11.2
199,161,2022,"[207711, 209201, 209300, 210010]",162812.6,40.95,11.98,0.0,33.4,0.0,0.81,0.6,12.27
200,162,2020,"[207711, 207712, 207901, 207902]",94951.97,35.08,11.03,0.0,36.1,0.0,0.39,2.6,14.79
201,162,2021,"[207711, 207712, 207901, 207902]",106656.98,34.1,10.92,0.0,35.73,0.0,0.4,2.2,16.64
202,162,2022,"[207711, 207712, 207901, 207902]",117732.72,27.74,13.56,0.0,38.73,0.0,0.37,2.16,17.44
203,163,2020,"[207303, 207712, 207902]",39592.6,38.49,19.25,0.0,16.45,0.0,0.0,3.9,21.92
204,163,2021,"[207303, 207712, 207902]",36364.58,36.91,17.42,0.49,18.2,0.0,0.0,5.13,21.86
205,163,2022,"[207303, 207712, 207902]",31493.09,33.7,14.26,0.46,20.78,0.0,0.37,4.7,25.73
206,164,2020,"[206301, 207303, 207304, 207307, 207308]",92346.75,55.16,5.99,0.0,17.18,0.0,1.89,6.71,13.07
207,164,2021,"[206301, 207303, 207304, 207307, 207308]",96145.3,50.55,11.95,0.0,20.6,0.03,0.94,2.21,13.73
208,164,2022,"[206301, 207303, 207304, 207307, 207308]",96272.52,58.57,9.81,0.0,17.5,0.02,1.64,0.54,11.92
209,165,2017,[226002],27750.0,27.73,12.56,0.0,5.26,0.0,0.83,5.98,47.65
210,165,2018,[226002],27632.0,31.93,12.2,0.0,7.13,0.0,0.0,6.21,42.53
211,165,2019,[226002],37643.0,33.46,11.43,0.0,8.3,0.0,0.0,3.24,43.57
212,165,2020,"[206301, 207303, 207308, 226002]",11611.37,32.11,47.11,0.0,1.44,0.48,0.17,4.02,14.68
213,165,2021,"[206301, 207303, 207308, 226002]",11439.56,26.49,48.7,0.0,2.03,0.0,0.22,4.62,17.94
214,165,2022,"[206301, 207303, 207308, 226002]",14217.48,26.33,48.05,0.37,0.5,0.0,0.19,4.45,20.11
215,166,2017,[226002],27750.0,27.73,12.56,0.0,5.26,0.0,0.83,5.98,47.65
216,166,2018,[226002],27632.0,31.93,12.2,0.0,7.13,0.0,0.0,6.21,42.53
217,166,2019,[226002],37643.0,33.46,11.43,0.0,8.3,0.0,0.0,3.24,43.57
218,166,2020,"[206301, 206302, 206303, 226002]",9379.17,27.73,48.83,1.54,1.1,0.26,0.1,4.37,16.07
219,166,2021,"[206301, 206302, 226002]",10217.41,24.7,48.26,1.1,1.76,0.0,0.12,5.72,18.33
220,166,2022,"[206301, 206302, 206303, 226002]",11850.36,24.05,46.35,1.31,0.99,0.0,0.11,5.57,21.62
221,171,2017,[210010],25755.0,1.81,1.72,0.0,12.77,0.0,0.0,0.0,83.7
222,171,2018,[210010],28359.0,1.54,1.37,0.0,12.42,0.0,0.0,0.0,84.67
223,171,2019,[210010],31712.0,1.88,1.35,0.0,11.12,0.0,0.0,0.0,85.65
224,171,2020,"[207711, 210010]",120037.88,47.25,9.57,0.0,23.2,0.0,0.95,0.55,18.48
225,171,2021,"[207711, 210010]",138836.97,50.03,7.89,0.02,29.86,0.0,0.99,0.0,11.2
226,171,2022,"[207711, 210010]",163279.78,41.02,11.8,0.02,33.48,0.0,0.81,0.54,12.33
227,174,2020,"[207303, 207902]",39187.24,38.58,19.33,0.0,16.25,0.0,0.0,3.89,21.95
228,174,2021,"[207303, 207902]",35890.19,37.01,17.47,0.49,18.04,0.0,0.0,5.13,21.86
229,174,2022,"[207303, 207902]",30957.65,33.8,14.28,0.46,20.63,0.0,0.38,4.69,25.76
230,176,2017,[226002],27750.0,27.73,12.56,0.0,5.26,0.0,0.83,5.98,47.65
231,176,2018,[226002],27632.0,31.93,12.2,0.0,7.13,0.0,0.0,6.21,42.53
232,176,2019,[226002],37643.0,33.46,11.43,0.0,8.3,0.0,0.0,3.24,43.57
233,176,2020,"[206302, 206303, 207303, 207902, 226002]",37158.33,28.95,12.04,0.0,8.1,0.0,0.24,2.92,47.74
234,176,2021,"[206302, 207303, 207902, 226002]",38581.49,27.11,12.87,0.0,8.75,0.0,0.26,6.01,44.99
235,176,2022,"[206302, 206303, 207303, 207902, 226002]",42820.78,24.76,13.78,0.0,11.55,0.0,0.26,6.48,43.18
236,181,2017,"[210010, 224010]",25755.0,1.81,1.72,0.0,12.77,0.0,0.0,0.0,83.7
237,181,2018,"[210010, 224010]",28359.0,1.54,1.37,0.0,12.42,0.0,0.0,0.0,84.67
238,181,2019,"[210010, 224010]",31712.0,1.88,1.35,0.0,11.12,0.0,0.0,0.0,85.65
239,181,2020,"[207711, 210010, 224010]",120063.9,47.27,9.57,0.0,23.2,0.0,0.95,0.55,18.46
240,181,2021,"[207711, 210010, 224010]",138867.92,50.04,7.89,0.02,29.87,0.0,0.99,0.0,11.18
241,181,2022,"[207711, 210010, 224010]",163317.74,41.03,11.81,0.02,33.48,0.0,0.81,0.54,12.31
242,182,2017,[224010],19848.0,12.81,22.58,0.41,9.11,0.0,0.0,0.33,54.76
243,182,2018,[224010],22054.0,13.62,19.57,0.0,11.08,0.0,0.0,1.42,54.3
244,182,2019,[224010],28082.0,13.85,17.64,0.0,9.35,0.0,0.28,1.27,57.61
245,182,2020,"[207711, 207712, 207901, 207902, 224010]",90787.52,27.56,5.21,1.23,33.71,0.0,0.83,4.57,26.89
246,182,2021,"[207711, 207712, 207901, 207902, 224010]",95088.45,24.04,10.04,1.14,35.11,0.0,0.53,4.76,24.4
247,182,2022,"[207711, 207712, 207901, 207902, 224010]",101224.14,23.3,13.19,1.13,36.36,0.0,0.51,7.57,17.94
248,185,2017,"[224010, 226002]",27694.76,27.62,12.63,0.0,5.28,0.0,0.82,5.94,47.7
249,185,2018,"[224010, 226002]",27593.01,31.8,12.25,0.0,7.15,0.0,0.0,6.18,42.61
250,185,2019,"[224010, 226002]",37576.16,33.32,11.47,0.0,8.3,0.0,0.0,3.23,43.67
251,185,2020,"[207303, 207902, 224010, 226002]",106106.3,27.83,6.36,0.17,34.72,0.0,0.0,5.88,25.04
252,185,2021,"[207303, 207902, 224010, 226002]",109085.71,26.27,8.31,0.0,35.21,0.0,0.0,6.3,23.91
253,185,2022,"[207303, 207902, 224010, 226002]",112693.96,25.81,8.62,0.0,35.62,0.0,0.0,7.28,22.68
254,191,2017,"[210010, 224010, 224020, 224200, 224410]",20491.48,10.73,17.22,0.6,7.07,0.0,0.0,0.48,63.9
255,191,2018,"[210010, 224010, 224020, 224200, 224410]",23500.47,11.49,15.14,0.19,8.51,0.0,0.01,1.22,63.44
256,191,2019,"[210010, 224010, 224020, 224200, 224410]",27909.64,11.49,13.02,0.05,7.13,0.0,0.21,1.07,67.03
257,191,2020,"[207711, 210010, 224010, 224020, 224200, 224410]",36280.77,10.54,13.54,0.0,9.74,0.0,0.22,3.1,62.84
258,191,2021,"[207711, 210010, 224010, 224020, 224200, 224410]",37308.18,9.48,14.38,0.12,9.03,0.0,0.5,3.65,62.84
259,191,2022,"[207711, 210010, 224010, 224020, 224200, 224410]",41362.3,10.15,13.76,0.11,9.25,0.0,0.77,4.49,61.47
260,192,2017,"[224010, 224020]",20377.07,10.76,17.54,0.62,7.0,0.0,0.0,0.46,63.62
261,192,2018,"[224010, 224020]",23374.14,11.57,15.41,0.19,8.54,0.0,0.0,1.2,63.09
262,192,2019,"[224010, 224020]",27858.95,11.56,13.21,0.04,7.17,0.0,0.2,1.06,66.76
263,192,2020,"[207901, 207902, 224010, 224020]",35557.65,10.17,13.76,0.0,9.76,0.0,0.19,3.17,62.94
264,192,2021,"[207901, 207902, 224010, 224020]",36355.95,9.1,14.65,0.12,8.94,0.0,0.48,3.74,62.97
265,192,2022,"[207901, 207902, 224010, 224020]",40094.86,9.87,13.99,0.11,9.13,0.0,0.76,4.6,61.53
266,195,2017,"[224010, 224020, 226001]",20334.83,10.93,17.96,0.6,7.18,0.0,0.0,0.45,62.89
267,195,2018,"[224010, 224020, 226001]",23266.4,11.73,15.75,0.18,8.75,0.0,0.0,1.22,62.36
268,195,2019,"[224010, 224020, 226001]",27877.97,11.75,13.58,0.04,7.35,0.0,0.2,1.08,66.0
269,195,2020,"[207902, 224010, 224020, 226001]",35714.17,10.37,14.03,0.0,10.06,0.0,0.2,3.0,62.35
270,195,2021,"[207902, 224010, 224020, 226001]",36635.32,9.25,14.9,0.11,9.23,0.0,0.49,3.57,62.44
271,195,2022,"[207902, 224010, 224020, 226001]",40435.22,10.06,14.22,0.1,9.41,0.0,0.79,4.44,60.99
272,201,2017,"[191203, 191204, 191410, 191420, 191500]",41550.52,14.69,0.37,0.0,25.28,0.0,0.25,0.37,59.04
273,201,2018,"[191203, 191204, 191410, 191420, 191500]",47485.05,16.32,0.49,0.17,23.24,0.0,0.24,0.57,58.96
274,201,2019,"[191203, 191204, 191410, 191420, 191500]",49710.39,14.99,0.83,0.19,21.87,0.0,0.29,1.85,59.99
275,201,2020,"[191203, 191204, 191410, 191420, 191500]",57122.89,22.34,0.97,0.45,16.11,0.0,0.0,3.69,56.44
276,201,2021,"[191203, 191204, 191410, 191420, 191500]",58709.25,23.91,1.1,0.51,12.98,0.0,0.0,4.08,57.41
277,201,2022,"[191203, 191204, 191410, 191420, 191500]",62303.87,23.69,2.66,0.44,15.61,0.11,0.0,3.52,53.98
278,202,2017,"[191301, 191410, 191500]",32032.31,10.87,4.58,0.0,14.14,0.0,0.16,2.55,67.71
279,202,2018,"[191301, 191410, 191500]",31830.4,14.07,4.91,0.0,14.38,0.0,0.16,2.19,64.29
280,202,2019,"[191301, 191410, 191500]",42538.57,16.75,6.46,0.0,16.15,0.0,0.17,0.86,59.62
281,202,2020,"[191301, 191410, 191500]",46377.12,16.56,4.87,0.0,11.43,0.0,0.26,1.61,65.26
282,202,2021,"[191301, 191410, 191500]",47570.77,16.08,6.26,0.71,10.15,0.0,0.15,1.51,65.15
283,202,2022,"[191301, 191410, 191500]",50177.19,16.9,4.11,0.65,10.65,0.0,0.21,1.61,65.87
284,203,2017,"[191410, 191420, 191500]",53653.42,19.22,0.63,0.0,15.12,0.0,0.0,1.7,63.33
285,203,2018,"[191410, 191420, 191500]",62002.53,17.2,0.62,0.0,13.67,0.0,0.0,2.05,66.46
286,203,2019,"[191410, 191420, 191500]",61146.44,19.73,1.14,0.0,13.93,0.0,0.0,2.61,62.59
287,203,2020,"[191410, 191420, 191500]",65186.11,17.44,0.87,0.0,9.2,0.0,0.0,2.3,70.19
288,203,2021,"[191410, 191420, 191500]",69012.91,18.63,1.32,0.0,9.08,0.0,0.0,4.18,66.8
289,203,2022,"[191410, 191420, 191500]",73861.67,19.17,0.86,0.0,7.65,0.0,0.0,2.01,70.31
290,204,2017,"[191301, 191410, 191420, 192700, 195400, 195802, 195803, 195901, 195902, 195903]",53591.29,43.95,3.38,0.19,14.96,0.0,0.05,2.25,35.21
291,204,2018,"[191301, 191410, 191420, 192700, 195400, 195802, 195803, 195901, 195902, 195903]",60909.53,46.15,1.66,0.22,14.11,0.0,0.06,2.66,35.14
292,204,2019,"[191301, 191410, 191420, 192700, 195400, 195802, 195803, 195901, 195902, 195903]",62839.18,44.48,1.59,0.25,15.24,0.0,0.13,3.42,34.89
293,204,2020,"[191301, 191410, 191420, 192700, 195400, 195802, 195803, 195901, 195902, 195903]",78898.24,47.09,1.12,0.25,13.66,0.0,0.18,8.24,29.46
294,204,2021,"[191301, 191410, 191420, 192700, 195400, 195802, 195803, 195901, 195902, 195903]",72126.04,45.25,1.17,0.24,13.74,0.0,0.57,9.39,29.64
295,204,2022,"[191301, 191410, 191420, 192700, 195400, 195802, 195803, 195901, 195902, 195903]",103292.57,46.58,1.69,0.0,12.9,0.0,1.61,9.7,27.52
296,205,2017,"[195400, 195500, 195600, 195710, 195803, 195804, 195902, 195903]",59687.77,34.42,4.5,0.1,16.29,0.0,0.0,1.47,43.22
297,205,2018,"[195400, 195500, 195600, 195710, 195803, 195804, 195902, 195903]",67976.14,34.0,3.73,0.21,13.15,0.0,0.0,2.9,46.01
298,205,2019,"[195400, 195500, 195600, 195710, 195803, 195804, 195902, 195903]",77630.71,36.9,4.68,0.12,13.68,0.26,0.0,4.6,39.77
299,205,2020,"[195400, 195500, 195600, 195710, 195803, 195804, 195902, 195903]",70742.55,37.61,4.38,0.09,12.57,0.33,0.0,5.97,39.05
300,205,2021,"[195400, 195500, 195600, 195710, 195803, 195804, 195902, 195903]",83529.39,36.05,3.35,0.11,13.86,0.5,0.35,5.61,40.17
301,205,2022,"[195400, 195500, 195600, 195710, 195803, 195804, 195902, 195903]",77079.7,36.82,2.72,0.7,10.73,0.61,0.65,4.51,43.25
302,211,2017,"[191420, 191500, 191610, 192520, 192610, 192620, 192700]",31651.0,10.38,6.05,0.22,10.19,0.22,0.38,1.12,71.42
303,211,2018,"[191420, 191500, 191610, 192520, 192610, 192620, 192700]",36198.32,12.7,4.58,0.24,10.37,0.27,0.0,1.88,69.96
304,211,2019,"[191420, 191500, 191610, 192520, 192610, 192620, 192700]",36048.51,14.87,3.81,0.0,9.84,0.0,0.0,2.08,69.4
305,211,2020,"[191420, 191500, 191610, 192520, 192610, 192620, 192700]",44136.45,21.16,3.81,0.0,7.89,0.0,0.0,2.43,64.7
306,211,2021,"[191420, 191500, 191610, 192520, 192610, 192620, 192700]",44290.47,18.94,3.45,0.0,9.3,0.0,0.0,2.45,65.85
307,211,2022,"[191420, 191500, 191610, 192520, 192610, 192620, 192700]",47168.45,14.76,3.58,0.0,11.55,0.0,0.0,3.84,66.27
308,212,2017,"[191420, 192610, 192620, 192700, 195903, 211121]",44094.53,13.19,1.95,0.0,18.31,0.0,0.0,3.81,62.75
309,212,2018,"[191420, 192610, 192620, 192700, 195903, 211121]",47358.85,12.23,2.1,0.0,20.08,0.0,0.0,5.02,60.57
310,212,2019,"[191420, 192610, 192620, 192700, 195903, 211121]",52614.0,11.94,1.91,0.0,18.43,0.0,0.0,5.5,62.22
311,212,2020,"[191420, 192610, 192620, 192700, 195903, 211121]",50461.0,14.49,1.52,0.0,17.95,0.0,0.0,4.82,61.23
312,212,2021,"[191420, 192610, 192620, 192700, 195903, 211121]",58056.02,13.41,1.98,0.0,15.67,0.0,0.0,4.4,64.54
313,212,2022,"[191420, 192610, 192620, 192700, 195903, 211121]",54818.54,19.97,2.93,0.0,15.07,0.0,0.0,2.01,60.01
314,215,2017,"[192700, 195802, 195803, 195804, 195903, 211121]",48319.25,12.36,3.46,0.26,24.92,0.0,0.15,1.84,57.02
315,215,2018,"[192700, 195802, 195803, 195804, 195903, 211121]",58970.31,12.56,2.27,0.32,25.24,0.0,0.18,1.97,57.47
316,215,2019,"[192700, 195802, 195803, 195804, 195903, 211121]",53931.57,14.87,2.56,0.41,21.73,0.0,0.37,0.85,59.21
317,215,2020,"[192700, 195802, 195803, 195804, 195903, 211121]",59483.07,15.54,2.75,0.31,23.62,0.0,2.3,1.42,54.06
318,215,2021,"[192700, 195802, 195803, 195804, 195903, 211121]",61557.85,15.33,1.57,0.0,23.98,0.0,2.61,0.54,55.97
319,215,2022,"[192700, 195802, 195803, 195804, 195903, 211121]",77262.05,16.63,0.79,0.0,21.42,0.0,2.42,1.0,57.74
320,216,2017,"[195600, 195710, 195802, 195804]",46138.99,15.92,3.41,0.0,10.01,0.0,0.0,1.47,69.19
321,216,2018,"[195600, 195710, 195802, 195804]",44935.97,17.49,2.8,0.0,8.79,0.0,0.0,2.04,68.87
322,216,2019,"[195600, 195710, 195802, 195804]",45419.47,17.79,4.08,0.0,10.86,0.42,0.0,2.3,64.55
323,216,2020,"[195600, 195710, 195802, 195804]",60354.19,16.9,6.19,0.0,10.8,0.41,0.0,2.53,63.17
324,216,2021,"[195600, 195710, 195802, 195804]",54393.98,19.85,5.74,0.0,13.19,0.35,0.0,2.63,58.24
325,216,2022,"[195600, 195710, 195802, 195804]",66524.85,21.3,4.95,0.0,10.95,0.49,0.0,3.33,58.97
326,217,2017,"[195600, 195710, 195720, 197500, 208302, 208402]",44686.26,17.96,0.39,0.0,12.32,0.26,0.0,2.55,66.51
327,217,2018,"[195600, 195710, 195720, 197500, 208302, 208402]",44717.95,17.32,0.67,0.0,11.56,0.34,0.09,3.16,66.86
328,217,2019,"[195600, 195710, 195720, 197500, 208302, 208402]",42548.51,17.28,0.89,0.0,13.14,0.14,0.09,3.4,65.06
329,217,2020,"[195600, 195710, 195720, 197500, 208002, 208302, 208402]",51287.28,20.05,1.19,0.0,13.34,0.11,0.16,5.23,59.91
330,217,2021,"[195600, 195710, 195720, 197500, 208002, 208302, 208402]",62638.91,21.75,2.18,0.0,13.61,0.1,0.19,5.38,56.79
331,217,2022,"[195600, 195710, 195720, 197500, 208002, 208302, 208402]",70206.76,25.92,3.4,0.0,11.69,0.09,0.3,2.71,55.88
332,218,2017,"[195720, 197300, 197420, 197500, 197600, 197700, 208402]",61298.19,31.9,2.05,0.0,13.84,0.0,0.0,1.48,50.72
333,218,2018,"[195720, 197300, 197420, 197500, 197600, 197700, 208402]",64099.83,31.11,3.26,0.0,16.1,0.0,0.0,1.87,47.65
334,218,2019,"[195720, 197300, 197420, 197500, 197600, 197700, 208402]",75544.36,32.82,3.7,0.0,17.44,0.0,0.0,2.2,43.83
335,218,2020,"[195720, 197300, 197420, 197500, 197600, 197700, 208002, 208402]",72595.25,33.27,2.78,0.0,15.32,0.0,0.0,2.8,45.82
336,218,2021,"[195720, 197300, 197420, 197500, 197600, 197700, 208002, 208402]",75601.47,30.03,3.08,0.0,16.2,0.0,0.0,3.17,47.51
337,218,2022,"[195720, 197300, 197420, 197500, 197600, 197700, 208002, 208402]",80452.26,32.41,2.96,0.0,12.83,0.0,0.06,3.62,48.11
338,219,2017,"[197500, 197600, 197700]",54712.27,24.56,0.53,0.61,25.39,0.0,1.69,3.08,44.14
339,219,2018,"[197500, 197600, 197700]",65814.42,32.78,0.33,0.69,17.74,0.0,1.91,3.78,42.77
340,219,2019,"[197500, 197600, 197700]",73993.95,32.8,0.33,0.74,17.05,0.0,1.98,3.19,43.91
341,219,2020,"[197500, 197600, 197700, 208001, 208002]",74716.58,26.63,1.16,0.72,14.71,0.0,1.83,1.95,53.01
342,219,2021,"[197500, 197600, 197700, 208001, 208002]",76065.7,26.42,1.27,0.53,10.66,0.0,0.26,1.6,59.26
343,219,2022,"[197500, 197600, 197700, 208001, 208002]",90636.18,31.77,1.59,0.0,9.9,0.0,0.32,1.41,55.02
344,221,2017,"[192520, 192610, 192620, 192700]",35228.62,6.16,1.95,0.0,26.7,0.0,0.0,2.63,62.56
345,221,2018,"[192520, 192610, 192620, 192700]",36723.35,5.73,2.01,0.0,19.88,0.0,0.32,0.72,71.33
346,221,2019,"[192520, 192610, 192620, 192700]",40840.09,4.13,1.19,0.0,22.75,0.0,0.34,0.46,71.14
347,221,2020,"[192520, 192610, 192620, 192700]",41562.21,3.69,3.2,0.0,25.46,0.0,0.41,0.47,66.78
348,221,2021,"[192520, 192610, 192620, 192700]",44633.56,7.5,3.28,0.0,26.57,0.0,0.64,0.56,61.45
349,221,2022,"[192520, 192610, 192620, 192700]",49370.27,8.47,3.4,0.0,22.12,0.0,0.5,0.71,64.8
350,231,2017,"[195802, 208610, 208620, 211121]",40288.87,3.63,3.96,0.0,41.69,0.39,0.0,2.53,47.79
351,231,2018,"[195802, 208610, 208620, 211121]",46790.99,6.61,5.07,0.0,40.88,0.39,0.0,2.38,44.65
352,231,2019,"[195802, 208610, 208620, 211121]",52501.9,6.51,4.65,0.0,34.66,0.43,0.0,1.69,52.06
353,231,2020,"[195802, 208610, 208620, 211121]",58116.66,7.45,2.7,0.01,35.26,0.24,0.0,1.1,53.23
354,231,2021,"[195802, 208610, 208620, 211121]",66932.23,9.0,2.63,0.15,33.91,1.17,0.0,2.92,50.22
355,231,2022,"[195802, 208610, 208620, 211121]",73597.0,9.24,3.91,0.17,31.91,1.49,0.01,2.37,50.91
356,233,2017,"[195802, 208501, 208502, 208610, 208620]",36703.91,5.77,8.19,0.21,36.06,2.21,0.39,1.43,45.73
357,233,2018,"[195802, 208501, 208502, 208610, 208620]",39910.11,6.77,5.94,0.0,32.03,1.71,0.46,1.44,51.65
358,233,2019,"[195802, 208501, 208502, 208610, 208620]",48919.72,7.59,7.92,0.0,28.68,2.64,0.0,2.76,50.4
359,233,2020,"[195802, 208501, 208502, 208610, 208620]",52404.97,6.59,9.29,1.39,28.43,2.87,0.0,4.08,47.33
360,233,2021,"[195802, 208501, 208502, 208610, 208620]",62292.45,10.16,8.48,1.62,27.85,3.48,0.0,3.36,45.06
361,233,2022,"[195802, 208501, 208502, 208610, 208620]",74032.79,8.71,10.15,1.62,28.12,0.69,0.64,2.62,47.45
362,235,2017,"[195710, 195802, 208501, 208502, 208620, 208801, 208802]",41269.44,6.8,1.94,0.71,29.64,0.29,0.0,0.72,59.89
363,235,2018,"[195710, 195802, 208501, 208502, 208620, 208801, 208802]",46666.0,6.4,1.89,0.5,30.29,0.32,0.0,1.27,59.33
364,235,2019,"[195710, 195802, 208501, 208502, 208620, 208801, 208802]",49134.4,6.86,1.72,0.66,27.38,0.0,0.0,1.48,61.9
365,235,2020,"[195710, 195802, 208501, 208502, 208620, 208801, 208802]",52104.82,8.3,2.37,0.37,25.5,0.0,0.0,1.6,61.86
366,235,2021,"[195710, 195802, 208501, 208502, 208620, 208801, 208802]",53305.48,7.97,2.05,0.31,27.86,0.0,0.0,1.68,60.12
367,235,2022,"[195710, 195802, 208501, 208502, 208620, 208801, 208802]",61215.53,6.72,1.81,0.0,23.53,0.0,0.0,1.21,66.72
368,236,2017,"[195710, 208301, 208302, 208401, 208402, 208501, 208502, 208801, 208903]",33609.07,7.99,1.42,0.0,17.81,0.16,0.0,1.14,71.48
369,236,2018,"[195710, 208301, 208302, 208401, 208402, 208501, 208502, 208801, 208903]",35317.86,5.36,1.38,0.0,19.74,0.08,0.16,0.95,72.34
370,236,2019,"[195710, 208301, 208302, 208401, 208402, 208501, 208502, 208801, 208903]",38478.59,5.71,1.51,0.0,21.28,0.24,0.15,0.57,70.54
371,236,2020,"[195710, 208301, 208302, 208401, 208402, 208501, 208502, 208801, 208903]",47679.21,6.53,1.36,0.11,23.32,0.29,0.28,1.28,66.84
372,236,2021,"[195710, 208301, 208302, 208401, 208402, 208501, 208502, 208801, 208903]",55038.64,6.55,1.35,0.12,23.74,0.27,0.33,1.42,66.21
373,236,2022,"[195710, 208301, 208302, 208401, 208402, 208501, 208502, 208801, 208903]",60126.0,6.45,3.67,0.1,21.15,0.26,0.53,1.48,66.36
374,237,2017,"[208301, 208302, 208401, 208402, 209103]",33532.62,3.21,4.71,0.07,8.75,0.03,0.0,1.08,82.15
375,237,2018,"[208301, 208302, 208401, 208402, 209103]",34392.11,3.53,4.35,0.04,10.48,0.05,0.0,0.9,80.65
376,237,2019,"[208301, 208302, 208401, 208402, 209103]",40406.37,4.92,6.96,0.06,8.88,0.07,0.0,0.99,78.13
377,237,2020,"[208001, 208002, 208301, 208302, 208401, 208402, 209103, 209202]",52954.34,9.49,8.89,0.04,13.42,0.0,0.53,1.28,66.36
378,237,2021,"[208001, 208002, 208301, 208302, 208401, 208402, 209103, 209202]",59502.86,9.61,8.81,0.04,12.76,0.0,0.89,2.0,65.89
379,237,2022,"[208001, 208002, 208301, 208302, 208401, 208402, 209103, 209202]",61616.13,9.88,10.41,0.03,15.34,0.0,1.03,2.09,61.22
380,238,2017,[208302],31845.0,3.75,5.48,0.0,9.9,0.0,0.0,1.29,79.57
381,238,2018,[208302],32153.0,4.18,5.0,0.0,11.92,0.0,0.0,1.05,77.85
382,238,2019,[208302],38365.0,5.85,8.1,0.0,9.96,0.0,0.0,0.99,75.1
383,238,2020,"[208001, 208002, 208302]",46137.63,7.84,3.72,0.0,10.42,0.0,0.51,1.8,75.71
384,238,2021,"[208001, 208002, 208302]",50255.39,8.94,2.8,0.0,8.81,0.0,0.0,2.46,76.98
385,238,2022,"[208001, 208002, 208302]",56370.54,10.02,3.53,0.0,9.2,0.0,0.62,3.69,72.94
386,239,2020,"[208001, 208002]",73547.19,18.79,6.6,0.0,27.71,0.0,2.12,3.07,41.71
387,239,2021,"[208001, 208002]",80190.65,18.19,6.09,0.0,22.33,0.0,0.0,5.87,47.52
388,239,2022,"[208001, 208002]",85428.84,15.01,10.48,0.0,26.06,0.0,0.0,6.69,41.77
389,241,2017,"[208610, 208620, 208710, 208720, 211121]",56623.26,7.74,3.37,0.0,59.54,0.01,0.34,1.71,27.29
390,241,2018,"[208610, 208620, 208710, 208720, 211121]",59313.13,6.11,3.62,0.02,59.82,0.01,0.32,1.34,28.75
391,241,2019,"[208610, 208620, 208710, 208720, 211121]",69523.74,8.64,3.51,2.17,51.01,0.01,0.31,2.39,31.96
392,241,2020,"[208610, 208620, 208710, 208720, 211121, 211123, 211124]",58723.5,6.56,3.66,2.09,52.44,0.01,0.25,1.31,33.69
393,241,2021,"[208610, 208620, 208710, 208720, 211121, 211123, 211124]",61585.69,8.04,5.16,2.36,47.62,0.01,0.18,2.55,34.08
394,241,2022,"[208610, 208620, 208710, 208720, 211121, 211123, 211124]",61794.69,8.25,7.46,1.98,44.63,0.01,0.0,3.41,34.27
395,245,2017,"[208502, 208620, 208720, 208801, 208802]",31985.97,8.98,5.93,0.0,20.75,0.36,0.2,2.13,61.65
396,245,2018,"[208502, 208620, 208720, 208801, 208802]",32662.46,10.41,5.83,0.0,22.58,0.0,0.26,2.03,58.89
397,245,2019,"[208502, 208620, 208720, 208801, 208802]",33607.08,13.18,6.61,0.0,22.26,0.0,0.49,2.11,55.35
398,245,2020,"[208502, 208620, 208720, 208801, 208802]",40123.16,13.71,7.64,0.0,21.68,0.0,0.84,2.42,53.71
399,245,2021,"[208502, 208620, 208720, 208801, 208802]",39531.95,13.01,11.64,0.0,25.31,0.0,0.38,2.66,46.98
400,245,2022,"[208502, 208620, 208720, 208801, 208802]",41881.1,11.32,12.1,0.0,25.39,0.0,0.35,3.02,47.83
401,246,2017,"[208401, 208801, 208902, 208903, 208904]",30083.88,6.24,4.88,0.14,3.7,0.0,0.84,2.0,82.2
402,246,2018,"[208401, 208801, 208902, 208903, 208904]",28317.19,6.34,5.8,0.19,4.46,0.0,0.85,1.42,80.94
403,246,2019,"[208401, 208801, 208902, 208903, 208904]",31735.25,4.74,6.78,0.14,3.32,0.0,0.98,1.49,82.56
404,246,2020,"[208401, 208801, 208902, 208903, 208904]",42286.22,2.77,6.03,0.0,3.79,0.0,1.0,1.63,84.77
405,246,2021,"[208401, 208801, 208902, 208903, 208904]",42171.45,3.44,8.67,0.0,3.28,0.0,0.11,0.02,84.48
406,246,2022,"[208401, 208801, 208902, 208903, 208904]",46575.48,2.62,7.0,0.0,4.19,0.0,0.1,0.24,85.85
407,247,2017,"[208401, 208903, 208904, 209104]",25592.73,2.36,3.09,0.0,6.97,0.0,0.0,0.1,87.48
408,247,2018,"[208401, 208903, 208904, 209104]",26595.44,2.9,2.66,0.0,6.91,0.0,0.0,0.1,87.43
409,247,2019,"[208401, 208903, 208904, 209104]",27282.57,2.6,1.54,0.0,7.37,0.0,0.0,0.01,88.48
410,247,2020,"[208401, 208903, 208904, 209104, 209105]",23105.66,3.08,2.62,0.0,9.92,0.0,0.0,0.27,84.11
411,247,2021,"[208401, 208903, 208904, 209104, 209105]",27033.73,2.61,2.19,0.0,10.57,0.0,0.0,0.5,84.12
412,247,2022,"[208401, 208903, 208904, 209104, 209105]",27249.43,2.04,1.82,0.08,10.69,0.0,0.0,1.05,84.33
413,248,2017,"[208301, 208302, 208401, 208904, 209103, 209104]",24806.22,3.0,4.43,0.0,2.83,0.37,0.0,0.09,89.28
414,248,2018,"[208301, 208302, 208401, 208904, 209103, 209104]",25531.64,2.88,4.76,0.0,2.35,0.29,0.05,0.29,89.37
415,248,2019,"[208301, 208302, 208401, 208904, 209103, 209104]",29789.82,2.71,6.66,0.0,2.04,0.0,0.07,0.52,88.0
416,248,2020,"[208301, 208302, 208401, 208904, 209103, 209104, 209105, 209201, 209202]",28799.72,2.75,7.75,0.0,2.53,0.0,0.07,0.55,86.33
417,248,2021,"[208301, 208302, 208401, 208904, 209103, 209104, 209105, 209201, 209202]",32963.77,2.67,7.45,0.0,1.48,0.0,0.08,0.37,87.95
418,248,2022,"[208301, 208302, 208401, 208904, 209103, 209104, 209105, 209201, 209202]",34067.26,3.39,6.9,0.0,2.8,0.0,0.08,0.35,86.48
419,249,2017,"[209103, 209300]",26330.85,1.29,3.22,0.0,1.76,0.58,0.0,0.0,93.14
420,249,2018,"[209103, 209300]",26032.07,1.64,3.4,0.0,1.01,0.46,0.0,0.01,93.48
421,249,2019,"[209103, 209300]",29510.82,1.76,5.11,0.0,1.04,0.0,0.0,0.33,91.76
422,249,2020,"[208001, 209103, 209106, 209201, 209202, 209300]",55349.34,17.18,10.49,0.0,21.72,1.46,0.01,5.9,43.23
423,249,2021,"[208001, 209103, 209106, 209201, 209202, 209300]",49098.18,14.94,13.56,0.0,19.99,1.83,0.28,10.71,38.7
424,249,2022,"[208001, 209103, 209106, 209201, 209202, 209300]",50643.39,16.57,14.29,0.0,18.3,0.0,0.28,1.79,48.76
425,251,2017,"[208620, 208720, 208802, 212204]",27256.34,9.5,5.5,0.0,9.76,0.0,0.0,0.0,75.22
426,251,2018,"[208620, 208720, 208802, 212204]",26491.5,11.77,3.1,0.0,5.23,0.0,0.0,0.01,79.9
427,251,2019,"[208620, 208720, 208802, 212204]",32753.12,14.87,2.79,0.0,4.76,0.0,0.0,0.01,77.57
428,251,2020,"[208620, 208720, 208802, 211123, 212204]",33499.16,16.61,2.84,0.0,5.2,0.0,0.0,0.01,75.33
429,251,2021,"[208620, 208720, 208802, 211123, 212204]",34415.03,16.28,3.87,0.0,5.99,0.01,0.0,0.01,73.85
430,251,2022,"[208620, 208720, 208802, 211123, 212204]",39142.39,8.73,4.45,0.0,8.09,0.0,0.79,0.29,77.64
431,256,2017,"[208902, 208903, 208904]",32398.31,0.95,0.5,0.0,4.4,0.0,0.0,0.0,94.14
432,256,2018,"[208902, 208903, 208904]",34886.02,1.15,1.71,0.0,5.6,0.0,0.0,0.0,91.54
433,256,2019,"[208902, 208903, 208904]",34551.59,1.75,2.72,0.0,4.94,0.0,0.0,0.0,90.58
434,256,2020,"[208902, 208903, 208904, 209105, 209106]",35298.98,2.92,3.2,0.0,4.03,0.0,0.0,0.0,89.84
435,256,2021,"[208902, 208903, 208904, 209105, 209106]",32262.24,2.22,5.02,0.0,4.05,0.0,0.0,0.0,88.71
436,256,2022,"[208902, 208903, 208904, 209105, 209106]",35501.08,2.02,6.27,0.0,4.4,0.0,0.0,0.0,87.31
437,257,2017,"[208902, 208904, 209103, 209104]",26052.45,3.2,3.78,0.0,4.55,0.11,0.0,0.11,88.26
438,257,2018,"[208902, 208904, 209103, 209104]",27767.6,3.06,4.26,0.0,4.69,0.08,0.06,0.32,87.53
439,257,2019,"[208902, 208904, 209103, 209104]",30540.17,2.92,5.43,0.0,4.28,0.0,0.07,0.38,86.92
440,257,2020,"[208902, 208904, 209103, 209104, 209105, 209106, 209201, 209202]",34651.67,9.64,16.06,0.0,16.49,0.0,0.0,2.55,55.25
441,257,2021,"[208902, 208904, 209103, 209104, 209105, 209106, 209201, 209202]",44736.39,12.77,9.61,0.0,16.24,0.0,0.22,2.01,59.15
442,257,2022,"[208902, 208904, 209103, 209104, 209105, 209106, 209201, 209202]",42738.46,11.48,15.02,0.0,17.86,0.0,0.4,0.32,54.93
443,261,2017,"[208720, 208801, 208802, 209401, 209402, 212202, 212204]",21472.98,6.43,7.81,0.0,11.51,0.12,0.0,2.16,71.97
444,261,2018,"[208720, 208801, 208802, 209401, 209402, 212202, 212204]",24918.94,7.1,7.34,0.0,11.57,0.13,0.0,1.92,71.93
445,261,2019,"[208720, 208801, 208802, 209401, 209402, 212202, 212204]",30950.53,6.91,6.64,0.0,13.2,0.13,0.0,1.1,72.02
446,261,2020,"[208720, 208801, 208802, 209401, 209402, 212202, 212204]",31047.48,7.04,10.2,0.0,10.89,0.0,0.13,1.28,70.46
447,261,2021,"[208720, 208801, 208802, 209401, 209402, 212202, 212204]",30610.57,5.89,11.44,0.0,10.64,0.03,0.1,1.05,70.85
448,261,2022,"[208720, 208801, 208802, 209401, 209402, 212202, 212204]",34808.32,5.11,12.32,0.0,12.86,0.02,0.12,1.35,68.21
449,265,2017,"[208801, 208902, 208903, 209401, 209402, 209403]",24836.0,6.38,0.76,0.0,0.65,0.0,0.0,0.01,92.19
450,265,2018,"[208801, 208902, 208903, 209401, 209402, 209403]",31030.14,6.65,0.77,0.0,1.2,0.0,0.0,0.01,91.38
451,265,2019,"[208801, 208902, 208903, 209401, 209402, 209403]",32875.13,7.02,0.6,0.0,3.45,0.0,0.0,0.01,88.92
452,265,2020,"[208801, 208902, 208903, 209401, 209402, 209403]",37390.8,5.29,0.87,0.29,4.08,0.0,0.0,0.13,89.32
453,265,2021,"[208801, 208902, 208903, 209401, 209402, 209403]",44468.28,5.6,1.0,0.32,3.8,0.0,0.0,0.13,89.14
454,265,2022,"[208801, 208902, 208903, 209401, 209402, 209403]",47375.12,4.6,1.41,0.3,4.64,0.0,0.0,0.57,88.47
455,266,2017,"[208902, 209300, 209402, 209403]",18469.11,4.82,5.96,0.0,19.7,0.13,0.0,0.19,69.2
456,266,2018,"[208902, 209300, 209402, 209403]",22952.52,5.93,5.27,0.0,19.45,0.1,0.0,0.0,69.24
457,266,2019,"[208902, 209300, 209402, 209403]",27206.49,5.64,4.82,0.0,18.43,0.12,0.0,0.12,70.87
458,266,2020,"[208902, 209300, 209402, 209403]",22296.46,4.81,7.5,0.0,17.37,0.13,0.0,0.13,70.07
459,266,2021,"[208902, 209300, 209402, 209403]",28518.77,4.07,9.14,0.0,11.23,0.0,0.0,0.14,75.42
460,266,2022,"[208902, 209300, 209402, 209403]",31454.16,4.22,9.07,0.0,13.78,0.0,0.0,0.17,72.76
461,269,2017,"[208902, 209300, 209403, 210010]",24679.85,12.19,6.47,0.36,9.45,0.0,0.0,1.54,70.0
462,269,2018,"[208902, 209300, 209403, 210010]",27968.55,9.54,5.59,0.19,11.98,0.0,0.0,1.66,71.03
463,269,2019,"[208902, 209300, 209403, 210010]",30090.31,6.96,6.18,0.0,11.14,0.0,0.0,1.86,73.86
464,269,2020,"[208902, 209106, 209201, 209300, 209403, 210010]",30628.0,7.31,9.0,0.0,12.1,0.01,0.0,1.85,69.73
465,269,2021,"[208902, 209106, 209201, 209300, 209403, 210010]",30954.67,6.1,11.97,0.0,12.75,0.01,0.0,2.04,67.13
466,269,2022,"[208902, 209106, 209201, 209300, 209403, 210010]",31757.64,6.79,12.68,0.0,12.44,0.0,0.0,3.2,64.88
467,271,2017,"[209401, 209402, 209510, 209520, 209810, 213401, 213402]",29175.74,4.62,3.21,0.21,21.51,0.0,2.52,0.63,67.3
468,271,2018,"[209401, 209402, 209510, 209520, 209810, 213401, 213402]",27735.83,3.25,2.81,0.2,23.15,0.0,2.59,0.47,67.54
469,271,2019,"[209401, 209402, 209510, 209520, 209810, 213401, 213402]",30726.42,3.27,1.61,0.0,23.29,0.0,2.82,0.49,68.52
470,271,2020,"[209401, 209402, 209510, 209520, 209810, 213401, 213402]",32361.77,2.87,3.36,0.0,23.74,0.0,2.09,1.96,65.98
471,271,2021,"[209401, 209402, 209510, 209520, 209810, 213401, 213402]",37018.01,3.41,4.23,0.0,23.97,0.0,0.0,2.4,65.99
472,271,2022,"[209401, 209402, 209510, 209520, 209810, 213401, 213402]",40760.03,3.43,4.8,0.0,29.03,0.0,0.0,2.95,59.79
473,275,2017,"[209300, 209402, 209403, 209510, 209520, 210010]",28061.93,1.77,1.95,0.0,11.65,0.0,0.0,0.0,84.64
474,275,2018,"[209300, 209402, 209403, 209510, 209520, 210010]",30748.98,2.1,1.99,0.0,8.73,0.0,0.0,0.0,87.18
475,275,2019,"[209300, 209402, 209403, 209510, 209520, 210010]",33159.59,2.9,2.15,0.75,5.7,0.0,0.0,0.0,88.5
476,275,2020,"[209300, 209402, 209403, 209510, 209520, 210010]",35376.95,3.97,5.81,1.35,4.27,0.0,0.0,0.0,84.6
477,275,2021,"[209300, 209402, 209403, 209510, 209520, 210010]",36364.61,4.15,6.01,0.41,4.31,0.0,0.0,0.0,85.12
478,275,2022,"[209300, 209402, 209403, 209510, 209520, 210010]",41303.1,3.23,5.56,1.01,6.79,0.0,0.0,0.0,83.4
479,279,2017,"[209300, 209520, 210010]",25754.82,1.84,1.74,0.0,12.76,0.0,0.0,0.0,83.66
480,279,2018,"[209300, 209520, 210010]",28360.87,1.56,1.39,0.0,12.41,0.0,0.0,0.0,84.64
481,279,2019,"[209300, 209520, 210010]",31709.18,1.9,1.36,0.0,11.11,0.0,0.0,0.01,85.62
482,279,2020,"[209300, 209520, 210010]",30708.35,1.93,1.79,0.0,13.35,0.0,0.0,1.05,81.88
483,279,2021,"[209300, 209520, 210010]",32560.81,4.11,2.64,1.28,12.55,0.0,0.0,0.24,79.17
484,279,2022,"[209300, 209520, 210010]",32975.6,4.07,1.53,1.31,13.07,0.0,0.0,0.19,79.84
485,281,2017,"[209510, 209520, 209810, 209820, 213402]",30027.89,10.26,6.18,0.0,12.81,0.0,1.16,1.8,67.78
486,281,2018,"[209510, 209520, 209810, 209820, 213402]",27415.66,10.32,5.13,0.0,12.34,0.0,1.16,2.92,68.13
487,281,2019,"[209510, 209520, 209810, 209820, 213402]",30389.93,11.73,5.04,0.0,11.57,0.19,0.0,0.39,71.07
488,281,2020,"[209510, 209520, 209810, 209820, 213402]",32339.07,9.76,4.73,0.0,10.39,0.3,0.04,0.15,74.63
489,281,2021,"[209510, 209520, 209810, 209820, 213402]",33214.65,10.34,5.25,0.0,8.44,0.38,0.0,0.64,74.95
490,281,2022,"[209510, 209520, 209810, 209820, 213402]",34364.72,10.89,3.1,0.0,8.08,0.29,0.0,2.37,75.26
491,285,2017,"[209520, 209810, 209820, 210010, 224320]",23744.6,1.09,1.27,0.0,7.88,0.33,0.42,0.18,88.83
492,285,2018,"[209520, 209810, 209820, 210010, 224320]",26424.23,1.82,1.36,0.0,7.68,0.39,0.43,0.22,88.1
493,285,2019,"[209520, 209810, 209820, 210010, 224320]",31298.15,2.48,2.02,0.0,3.84,0.0,0.23,0.23,91.2
494,285,2020,"[209520, 209810, 209820, 210010, 224320]",36466.16,3.11,2.11,0.01,2.23,0.0,0.0,0.32,92.22
495,285,2021,"[209520, 209810, 209820, 210010]",36948.06,2.9,1.2,0.0,2.26,0.0,0.0,0.33,93.3
496,285,2022,"[209520, 209810, 209820, 210010, 224320]",48174.28,5.15,1.55,0.01,2.17,0.0,0.0,0.85,90.27
497,289,2017,"[209520, 209820, 210010, 224200, 224320]",25751.48,1.81,1.72,0.0,12.76,0.0,0.0,0.0,83.71
498,289,2018,"[209520, 209820, 210010, 224200, 224320]",28358.44,1.54,1.37,0.0,12.41,0.0,0.0,0.0,84.68
499,289,2019,"[209520, 209820, 210010, 224200, 224320]",31711.78,1.88,1.35,0.0,11.11,0.0,0.0,0.0,85.66
500,289,2020,"[209520, 209820, 210010, 224200, 224320]",30711.51,1.92,1.76,0.0,13.35,0.0,0.0,1.05,81.93
501,289,2021,"[209520, 209820, 210010, 224200]",32569.23,4.1,2.61,1.29,12.54,0.0,0.0,0.24,79.22
502,289,2022,"[209520, 209820, 210010, 224200, 224320]",32993.8,4.06,1.49,1.31,13.06,0.0,0.0,0.18,79.89
503,291,2017,"[209810, 209820, 213402, 221110, 221120, 224310, 224320]",28736.82,2.5,1.33,0.63,4.68,0.0,0.23,0.72,89.91
504,291,2018,"[209810, 209820, 213402, 221110, 221120, 224310, 224320]",31079.72,2.54,1.59,0.0,3.06,0.0,0.21,0.0,92.59
505,291,2019,"[209810, 209820, 213402, 221110, 221120, 224310, 224320]",36830.08,3.75,1.4,0.01,4.99,0.0,0.25,0.0,89.6
506,291,2020,"[209810, 209820, 213402, 221110, 221120, 224310, 224320]",42115.02,5.07,2.69,0.01,5.3,0.0,0.01,0.59,86.34
507,291,2021,"[209810, 209820, 213402, 221110, 221120, 224310]",48668.96,3.7,2.73,0.0,4.86,0.0,0.0,0.69,88.02
508,291,2022,"[209810, 209820, 213402, 221110, 221120, 224310, 224320]",52903.42,7.56,2.85,0.01,6.26,0.0,0.0,1.41,81.93
509,292,2017,"[224200, 224310, 224320]",29757.58,3.23,5.93,0.0,1.46,0.0,0.41,0.0,88.97
510,292,2018,"[224200, 224310, 224320]",30319.06,3.25,7.38,0.03,1.69,0.0,0.5,0.0,87.15
511,292,2019,"[224200, 224310, 224320]",29124.06,2.93,7.23,0.73,3.6,0.0,0.73,0.02,84.75
512,292,2020,"[224200, 224310, 224320]",19396.69,0.94,6.85,0.65,4.03,0.0,0.89,0.02,86.62
513,292,2021,"[224200, 224310]",39767.41,1.72,1.22,0.08,2.43,0.0,1.65,0.46,92.44
514,292,2022,"[224200, 224310, 224320]",33442.87,0.5,2.27,0.44,4.9,0.0,0.24,0.18,91.46
515,295,2017,"[209820, 224200, 224320]",30983.72,2.93,6.58,0.0,1.35,0.0,0.48,0.0,88.65
516,295,2018,"[209820, 224200, 224320]",30269.18,2.92,8.25,0.0,1.79,0.0,0.45,0.0,86.59
517,295,2019,"[209820, 224200, 224320]",28621.49,2.73,8.06,0.81,3.9,0.0,0.71,0.0,83.79
518,295,2020,"[209820, 224200, 224320]",16507.55,0.51,7.76,0.71,4.37,0.0,0.75,0.0,85.89
519,295,2021,"[209820, 224200]",38150.94,2.37,1.18,0.04,2.31,0.0,0.72,0.38,93.0
520,295,2022,"[209820, 224200, 224320]",30367.37,0.19,2.54,0.48,5.39,0.0,0.0,0.0,91.39
521,299,2017,"[210010, 224200, 224320]",22648.33,4.9,2.18,0.0,2.11,0.0,0.0,0.0,90.81
522,299,2018,"[210010, 224200, 224320]",30575.9,5.16,2.38,0.23,1.16,0.0,0.76,0.0,90.31
523,299,2019,"[210010, 224200, 224320]",31991.4,4.1,2.43,0.31,1.85,0.0,0.9,0.12,90.29
524,299,2020,"[210010, 224200, 224320]",36039.8,3.38,1.6,0.27,2.03,0.0,1.71,0.15,90.86
525,299,2021,"[210010, 224200]",39703.26,1.71,1.21,0.08,2.43,0.0,1.66,0.46,92.45
526,299,2022,"[210010, 224200, 224320]",51153.5,2.26,0.7,0.21,2.08,0.0,1.6,1.23,91.92
527,301,2017,"[218400, 219901, 219902, 270300, 702400]",39830.51,7.19,18.59,0.16,1.6,0.0,1.82,1.2,69.43
528,301,2018,"[218400, 219901, 219902, 270300, 702400]",43210.94,8.07,17.8,0.17,1.83,0.29,1.6,1.54,68.7
529,301,2019,"[218400, 219901, 219902, 270300, 702400]",47029.89,7.96,17.78,0.25,2.72,0.41,1.37,1.3,68.21
530,301,2020,"[218400, 219901, 219902, 270300, 702400]",55592.24,9.39,14.83,0.0,2.59,0.32,1.36,1.54,69.96
531,301,2021,"[218400, 219901, 219902, 270300, 702400]",66232.93,8.58,16.13,0.0,1.81,0.22,0.82,1.35,71.09
532,301,2022,"[218400, 219901, 219902, 270300, 702400]",75840.14,9.22,13.05,0.0,2.27,0.14,0.16,1.93,73.23
533,303,2017,"[218400, 218500, 219700, 219800, 219901]",34450.4,3.92,21.06,0.17,2.85,0.0,0.12,0.44,71.44
534,303,2018,"[218400, 218500, 219700, 219800, 219901]",40949.16,4.03,20.35,0.15,2.5,0.0,0.21,0.78,71.98
535,303,2019,"[218400, 218500, 219700, 219800, 219901]",44799.73,4.81,18.84,0.0,2.76,0.0,0.64,0.75,72.2
536,303,2020,"[218400, 218500, 219700, 219800, 219901]",48188.53,5.49,16.13,0.0,1.49,0.0,0.88,1.01,75.0
537,303,2021,"[218400, 218500, 219700, 219800, 219901]",59491.39,7.27,13.53,0.0,1.45,0.0,0.73,1.18,75.85
538,303,2022,"[218400, 218500, 219700, 219800, 219901]",66662.82,8.93,14.51,0.0,1.06,0.0,0.81,2.13,72.56
539,305,2017,"[218500, 218600, 218701, 218702, 219700]",41948.99,6.01,27.89,0.04,1.85,0.0,0.57,0.51,63.13
540,305,2018,"[218500, 218600, 218701, 218702, 219700]",48780.87,4.42,23.98,0.0,1.45,0.0,0.94,0.48,68.72
541,305,2019,"[218500, 218600, 218701, 218702, 219700]",48632.52,3.72,28.16,0.0,2.71,0.0,0.88,0.55,63.97
542,305,2020,"[218500, 218600, 218701, 218702, 219700]",53437.51,3.1,22.96,0.0,3.0,0.0,0.66,0.75,69.53
543,305,2021,"[218500, 218600, 218701, 218702, 219700]",55945.77,5.98,20.9,0.0,2.78,0.0,0.42,1.41,68.52
544,305,2022,"[218500, 218600, 218701, 218702, 219700]",60174.64,6.34,22.25,0.0,2.62,0.0,0.4,1.47,66.92
545,307,2017,"[218701, 218702]",33433.75,4.59,31.39,0.3,3.95,0.0,1.88,1.37,56.52
546,307,2018,"[218701, 218702]",36949.14,4.76,31.45,0.0,2.17,0.0,2.05,0.79,58.78
547,307,2019,"[218701, 218702]",39382.98,7.08,39.13,0.0,3.86,0.0,0.0,1.47,48.46
548,307,2020,"[218701, 218702]",42568.73,6.42,36.34,0.0,6.12,0.0,0.02,2.03,49.08
549,307,2021,"[218701, 218702]",49400.55,7.37,28.2,0.0,5.93,0.0,0.02,2.22,56.25
550,307,2022,"[218701, 218702]",52999.4,5.52,22.83,0.0,4.18,0.0,0.02,2.03,65.42
551,308,2017,"[221710, 224200, 224320, 224410, 224420]",30113.01,15.62,3.38,0.0,21.49,0.31,0.12,3.97,55.12
552,308,2018,"[221710, 224200, 224320, 224410, 224420]",26782.38,12.34,3.4,0.0,15.32,0.5,0.01,5.06,63.37
553,308,2019,"[221710, 224200, 224320, 224410, 224420]",26811.22,14.71,6.25,0.01,10.81,0.37,0.26,3.68,63.91
554,308,2020,"[221710, 224200, 224320, 224410, 224420]",29845.2,22.15,10.03,0.01,8.19,0.0,0.3,4.07,55.26
555,308,2021,"[221710, 224200, 224410, 224420]",31166.71,18.77,10.55,0.0,8.93,0.0,0.34,4.09,57.31
556,308,2022,"[221710, 224200, 224320, 224410, 224420]",34079.59,19.17,9.91,0.0,8.73,0.0,0.6,3.43,58.15
557,309,2017,"[224200, 224410]",29593.29,14.95,3.28,0.0,20.26,0.29,0.11,3.72,57.39
558,309,2018,"[224200, 224410]",27025.26,11.9,3.3,0.02,14.41,0.47,0.06,4.74,65.1
559,309,2019,"[224200, 224410]",27158.58,14.05,5.98,0.02,10.23,0.35,0.3,3.46,65.62
560,309,2020,"[224200, 224410]",30350.01,20.98,9.46,0.02,7.78,0.0,0.4,3.83,57.54
561,309,2021,"[224200, 224410]",31758.92,17.6,9.91,0.01,8.48,0.0,0.43,3.84,59.73
562,309,2022,"[224200, 224410]",35286.59,18.12,9.32,0.02,8.29,0.0,0.67,3.3,60.3
563,311,2017,"[219901, 219902, 220100, 702400]",40391.21,7.2,19.53,0.18,1.83,0.0,1.89,1.28,68.09
564,311,2018,"[219901, 219902, 220100, 702400]",43101.5,8.03,18.55,0.19,1.99,0.32,1.71,1.61,67.59
565,311,2019,"[219901, 219902, 220100, 702400]",46085.49,7.63,18.41,0.28,2.9,0.46,1.44,1.37,67.52
566,311,2020,"[219901, 219902, 220100, 702400]",54773.42,8.99,15.85,0.0,2.74,0.36,1.43,1.69,68.94
567,311,2021,"[219901, 219902, 220100, 702400]",66460.73,8.4,17.12,0.0,1.83,0.24,0.91,1.58,69.92
568,311,2022,"[219901, 219902, 220100, 702400]",75665.14,9.12,14.13,0.0,2.13,0.15,0.15,2.05,72.28
569,312,2017,"[219700, 219800, 219901, 220100]",31713.96,4.04,18.97,0.15,2.39,0.0,0.23,0.57,73.64
570,312,2018,"[219700, 219800, 219901, 220100]",36857.82,4.28,19.98,0.14,2.18,0.0,0.0,0.88,72.53
571,312,2019,"[219700, 219800, 219901, 220100]",41885.88,4.86,19.31,0.0,2.54,0.0,0.21,1.07,72.02
572,312,2020,"[219700, 219800, 219901, 220100]",45682.02,6.71,15.48,0.0,1.49,0.0,0.42,1.15,74.76
573,312,2021,"[219700, 219800, 219901, 220100]",56915.28,7.04,12.53,0.0,1.29,0.0,0.38,0.97,77.79
574,312,2022,"[219700, 219800, 219901, 220100]",66135.33,8.24,13.17,0.0,1.13,0.0,0.62,1.78,75.06
575,313,2017,"[218701, 218702, 218800, 218900, 219300]",33038.61,4.51,31.25,0.3,3.66,0.0,1.91,1.37,57.0
576,313,2018,"[218701, 218702, 218800, 218900, 219300]",36614.21,4.64,31.36,0.0,1.82,0.0,2.09,0.76,59.33
577,313,2019,"[218701, 218702, 218800, 218900, 219300]",39203.4,7.04,39.19,0.0,3.55,0.0,0.0,1.45,48.77
578,313,2020,"[218701, 218702, 218800, 218900, 219300]",42288.77,6.38,36.34,0.0,6.02,0.0,0.01,2.03,49.22
579,313,2021,"[218701, 218702, 218800, 218900, 219300]",49303.59,7.3,28.1,0.0,5.77,0.0,0.01,2.21,56.6
580,313,2022,"[218701, 218702, 218800, 218900, 219300]",52960.75,5.51,22.67,0.0,4.16,0.0,0.02,2.04,65.61
581,314,2017,"[218702, 218800, 218900, 221401]",35720.81,7.51,37.26,0.0,1.65,0.0,0.77,3.74,49.06
582,314,2018,"[218702, 218800, 218900, 221401]",37770.0,7.29,40.24,0.0,2.83,0.0,0.82,2.36,46.46
583,314,2019,"[218702, 218800, 218900, 221401]",41121.57,7.23,38.48,0.0,3.36,0.0,0.69,2.7,47.55
584,314,2020,"[218702, 218800, 218900, 221401]",44675.92,6.61,44.82,0.0,4.14,0.0,0.6,4.44,39.4
585,314,2021,"[218702, 218800, 218900, 221401]",48978.15,7.11,42.68,0.0,3.7,0.0,0.48,4.06,41.96
586,314,2022,"[218702, 218800, 218900, 221401]",51072.39,6.68,34.39,0.0,6.84,0.0,0.28,3.93,47.89
587,315,2017,"[218800, 218900, 221401, 221402, 221500]",21851.27,7.38,46.2,0.0,7.23,0.0,0.67,1.96,36.56
588,315,2018,"[218800, 218900, 221401, 221402, 221500]",24497.78,8.15,37.35,0.0,10.47,0.0,0.01,3.27,40.74
589,315,2019,"[218800, 218900, 221401, 221402, 221500]",25219.62,8.25,37.46,0.0,10.88,0.0,0.01,2.9,40.5
590,315,2020,"[218800, 218900, 221401, 221402, 221500]",26003.84,6.67,38.56,0.0,12.9,0.0,0.02,3.87,37.98
591,315,2021,"[218800, 218900, 221401, 221402, 221500]",32526.01,8.79,39.78,0.01,13.38,0.0,0.02,4.57,33.46
592,315,2022,"[218800, 218900, 221401, 221402, 221500]",36888.92,8.61,38.55,0.01,10.69,0.0,0.54,3.93,37.68
593,316,2017,"[221401, 221402, 221500, 221601]",29444.94,1.7,33.81,0.0,1.4,0.0,0.65,0.12,62.31
594,316,2018,"[221401, 221402, 221500, 221601]",31814.14,1.48,23.73,0.0,3.03,0.0,0.5,0.15,71.11
595,316,2019,"[221401, 221402, 221500, 221601]",29731.94,3.52,23.92,0.0,3.01,1.44,0.02,0.07,68.03
596,316,2020,"[221401, 221402, 221500, 221601]",29786.4,10.38,21.0,0.0,5.14,1.41,0.03,0.12,61.92
597,316,2021,"[221401, 221402, 221500, 221601]",28511.53,12.77,17.11,0.01,5.57,1.58,0.05,0.15,62.76
598,316,2022,"[221401, 221402, 221500, 221601]",34731.99,11.01,15.17,0.26,5.47,1.34,0.05,0.43,66.27
599,317,2017,"[221402, 221500, 221601, 221602, 221710]",32712.7,6.46,13.56,0.01,4.08,0.0,0.28,0.61,75.0
600,317,2018,"[221402, 221500, 221601, 221602, 221710]",38239.79,7.62,13.6,0.0,4.22,0.0,0.19,1.79,72.58
601,317,2019,"[221402, 221500, 221601, 221602, 221710]",45013.33,9.11,14.17,0.0,5.75,0.0,0.19,2.28,68.51
602,317,2020,"[221402, 221500, 221601, 221602, 221710]",46481.95,7.27,12.29,0.0,6.46,0.0,0.18,1.71,72.09
603,317,2021,"[221402, 221500, 221601, 221602, 221710]",47737.87,6.12,12.21,0.0,8.56,0.0,0.0,2.17,70.94
604,317,2022,"[221402, 221500, 221601, 221602, 221710]",51854.61,5.05,9.68,0.0,4.77,0.0,0.0,1.97,78.53
605,318,2017,"[221601, 221602, 221710, 221820, 224320, 224410]",33127.25,7.88,9.33,0.01,12.96,0.0,0.0,1.5,68.32
606,318,2018,"[221601, 221602, 221710, 221820, 224320, 224410]",36307.48,7.86,5.92,0.0,15.51,0.0,0.0,0.39,70.32
607,318,2019,"[221601, 221602, 221710, 221820, 224320, 224410]",39107.33,6.58,4.71,0.0,21.02,0.0,0.0,0.37,67.32
608,318,2020,"[221601, 221602, 221710, 221820, 224320, 224410]",43841.52,6.92,2.33,0.0,16.99,0.0,0.0,0.4,73.36
609,318,2021,"[221601, 221602, 221710, 221820, 224410]",44020.84,6.51,2.68,0.0,14.92,0.0,0.0,0.75,75.14
610,318,2022,"[221601, 221602, 221710, 221820, 224320, 224410]",48560.44,8.66,2.24,0.0,14.91,0.0,0.0,0.87,73.31
611,319,2017,"[224410, 224420]",21422.78,5.71,5.6,0.0,5.28,0.0,0.0,1.14,82.26
612,319,2018,"[224410, 224420]",23860.86,5.29,6.68,0.0,4.55,0.0,0.0,0.94,82.54
613,319,2019,"[224410, 224420]",24882.5,4.54,6.45,0.0,5.4,0.0,0.0,0.95,82.66
614,319,2020,"[224410, 224420]",23225.88,4.87,6.8,0.0,5.55,0.0,0.0,0.95,81.83
615,319,2021,"[224410, 224420]",23710.66,5.5,5.1,0.15,5.59,0.0,0.0,0.43,83.23
616,319,2022,"[224410, 224420]",25185.04,7.26,5.2,0.45,5.64,0.0,0.0,0.82,80.63
617,321,2017,"[219700, 219902, 220100, 702400]",51846.77,7.28,53.46,0.0,4.24,0.0,0.0,3.56,31.46
618,321,2018,"[219700, 219902, 220100, 702400]",53803.5,6.48,49.74,0.0,4.26,0.0,0.01,2.83,36.69
619,321,2019,"[219700, 219902, 220100, 702400]",40206.83,4.01,52.44,0.0,6.64,0.0,0.0,3.81,33.1
620,321,2020,"[219700, 219902, 220100, 236001, 702400]",34158.77,5.01,44.76,0.0,7.49,0.0,0.0,5.38,37.36
621,321,2021,"[219700, 219902, 220100, 236001, 702400]",42040.67,4.85,43.4,0.0,5.36,0.0,0.0,6.69,39.7
622,321,2022,"[219700, 219902, 220100, 236001, 702400]",63021.61,6.38,47.79,0.0,4.28,0.0,0.0,5.69,35.87
623,325,2017,"[221601, 221710, 221810, 221820, 221900, 222100, 222200]",16419.83,14.71,11.25,0.0,26.71,0.33,0.01,0.74,46.26
624,325,2018,"[221601, 221710, 221810, 221820, 221900, 222100, 222200]",20678.19,16.72,10.91,0.0,24.85,0.57,0.01,2.52,44.43
625,325,2019,"[221601, 221710, 221810, 221820, 221900, 222100, 222200]",25310.45,13.3,9.51,0.0,23.15,0.21,0.01,2.11,51.71
626,325,2020,"[221601, 221710, 221810, 221820, 221900, 222100, 222200]",26651.73,17.65,5.16,0.0,23.4,0.39,0.0,4.72,48.67
627,325,2021,"[221601, 221710, 221810, 221820, 221900, 222100, 222200]",28949.38,15.26,4.22,0.0,24.35,0.43,0.0,4.2,51.53
628,325,2022,"[221601, 221710, 221810, 221820, 221900, 222100, 222200]",32157.76,15.81,2.93,0.0,25.65,0.93,0.0,8.74,45.94
629,326,2017,"[221401, 221500, 221601, 221810, 222001, 222200]",36223.02,5.45,24.25,0.0,3.85,0.0,1.77,0.75,63.94
630,326,2018,"[221401, 221500, 221601, 221810, 222001, 222200]",36836.67,5.62,18.66,0.0,2.33,0.0,1.65,0.65,71.09
631,326,2019,"[221401, 221500, 221601, 221810, 222001, 222200]",40201.55,3.99,16.97,0.0,4.24,0.0,0.4,0.55,73.85
632,326,2020,"[221401, 221500, 221601, 221810, 222001, 222200]",47903.72,6.34,15.93,0.0,2.08,0.0,0.63,1.74,73.28
633,326,2021,"[221401, 221500, 221601, 221810, 222001, 222200]",50043.82,8.32,15.63,0.0,3.22,0.0,0.25,1.16,71.43
634,326,2022,"[221401, 221500, 221601, 221810, 222001, 222200]",46959.55,6.84,13.84,0.0,1.31,0.0,3.68,2.31,72.02
635,327,2017,"[221710, 221820]",15346.33,23.12,5.79,0.0,53.09,0.37,1.15,1.73,14.75
636,327,2018,"[221710, 221820]",13850.99,20.12,8.88,0.0,54.91,0.34,0.86,1.34,13.54
637,327,2019,"[221710, 221820]",12330.86,34.35,9.76,0.38,34.99,0.34,0.76,2.32,17.11
638,327,2020,"[221710, 221820, 224701]",13762.56,32.71,12.33,0.45,33.16,0.0,0.0,2.22,19.13
639,327,2021,"[221710, 221820, 224701]",23388.17,33.23,13.05,0.52,29.33,0.0,0.0,1.35,22.51
640,327,2022,"[221710, 221820, 224701]",24369.17,32.68,5.13,0.51,31.51,0.0,0.0,1.04,29.14
641,328,2017,"[221710, 221820, 221900, 222700, 224410, 224420]",12774.12,29.49,5.79,0.04,24.96,0.49,0.53,3.43,35.28
642,328,2018,"[221710, 221820, 221900, 222700, 224410, 224420]",14561.89,27.49,6.65,0.02,24.97,0.51,0.43,3.15,36.77
643,328,2019,"[221710, 221820, 221900, 222700, 224410, 224420]",15958.64,28.15,6.99,0.03,23.02,0.45,0.54,2.56,38.27
644,328,2020,"[221710, 221820, 221900, 224410, 224420, 224701, 224702]",20784.18,36.13,5.38,0.07,38.57,0.25,0.39,4.16,15.06
645,328,2021,"[221710, 221820, 221900, 224410, 224420, 224701, 224702]",22758.98,35.21,5.38,0.07,38.2,0.37,0.16,4.95,15.66
646,328,2022,"[221710, 221820, 221900, 224410, 224420, 224701, 224702]",24091.66,33.37,4.0,0.12,38.0,0.09,0.12,6.32,17.98
647,329,2017,"[222700, 224420]",19061.55,11.51,5.64,0.0,9.38,0.12,0.13,1.6,71.62
648,329,2018,"[222700, 224420]",21532.91,10.74,6.72,0.0,8.99,0.12,0.1,1.32,72.01
649,329,2019,"[222700, 224420]",22608.12,10.11,6.54,0.0,9.44,0.11,0.12,1.18,72.49
650,329,2020,"[224420, 224701, 224702]",9747.53,38.57,4.77,0.13,39.52,0.32,0.76,4.23,11.71
651,329,2021,"[224420, 224701, 224702]",10809.07,39.72,3.97,0.14,38.98,0.44,0.31,4.65,11.8
652,329,2022,"[224420, 224701, 224702]",11636.26,35.08,2.35,0.23,41.76,0.0,0.23,4.8,15.56
653,331,2017,"[219500, 219700, 219800, 220000, 220100]",43234.71,6.18,27.14,0.0,1.4,0.0,0.36,0.24,64.68
654,331,2018,"[219500, 219700, 219800, 220000, 220100]",50664.85,3.95,22.44,0.0,1.17,0.0,0.77,0.24,71.44
655,331,2019,"[219500, 219700, 219800, 220000, 220100]",50211.74,2.71,26.4,0.0,2.49,0.0,1.0,0.2,67.2
656,331,2020,"[219500, 219700, 219800, 220000, 220100]",55200.45,1.81,20.79,0.0,2.2,0.0,0.68,0.3,74.23
657,331,2021,"[219500, 219700, 219800, 220000, 220100]",56974.09,5.23,19.52,0.0,1.99,0.0,0.4,0.96,71.89
658,331,2022,"[219500, 219700, 219800, 220000, 220100]",60620.02,5.92,22.42,0.0,1.9,0.0,0.38,1.01,68.38
659,332,2017,"[218702, 219500, 219700, 220000]",43137.91,6.41,39.87,0.0,3.12,0.0,0.0,0.67,49.94
660,332,2018,"[218702, 219500, 219700, 220000]",45486.77,8.29,28.58,0.0,7.1,0.25,0.0,0.64,55.14
661,332,2019,"[218702, 219500, 219700, 220000]",42522.41,7.91,32.58,0.0,7.21,0.49,0.0,0.23,51.58
662,332,2020,"[218702, 219500, 219700, 220000]",37849.23,8.29,30.59,0.0,10.19,0.42,0.0,0.86,49.66
663,332,2021,"[218702, 219500, 219700, 220000]",42440.91,7.71,38.0,0.0,7.24,0.49,0.0,0.81,45.75
664,332,2022,"[218702, 219500, 219700, 220000]",45730.47,8.85,40.1,0.22,5.24,0.58,0.0,4.66,40.35
665,333,2017,"[218702, 219300, 219500, 220000]",43118.47,6.4,39.88,0.0,3.12,0.0,0.0,0.67,49.92
666,333,2018,"[218702, 219300, 219500, 220000]",45460.03,8.29,28.6,0.0,7.1,0.25,0.0,0.64,55.11
667,333,2019,"[218702, 219300, 219500, 220000]",42508.91,7.92,32.6,0.0,7.21,0.49,0.0,0.24,51.55
668,333,2020,"[218702, 219300, 219500, 220000]",37838.89,8.3,30.61,0.0,10.19,0.42,0.0,0.86,49.62
669,333,2021,"[218702, 219300, 219500, 220000]",42443.32,7.72,38.01,0.0,7.24,0.49,0.0,0.81,45.73
670,333,2022,"[218702, 219300, 219500, 220000]",45723.89,8.85,40.09,0.22,5.25,0.58,0.0,4.66,40.35
671,334,2017,"[218702, 218900, 219010, 219020, 219300, 219500, 220000, 234200]",31211.55,5.58,29.68,0.0,4.32,1.59,1.05,1.72,56.06
672,334,2018,"[218702, 218900, 219010, 219020, 219300, 219500, 220000, 234200]",35452.88,4.5,29.26,0.0,5.11,1.51,0.48,0.99,58.15
673,334,2019,"[218702, 218900, 219010, 219020, 219300, 219500, 220000, 234200]",43118.4,5.1,27.13,0.0,5.42,1.22,0.45,0.99,59.68
674,334,2020,"[218702, 218900, 219010, 219020, 219300, 219500, 220000, 234200]",51945.79,7.53,23.83,0.0,5.25,0.0,0.46,0.77,62.16
675,334,2021,"[218702, 218900, 219010, 219020, 219300, 219500, 220000, 234200]",60375.89,8.23,22.23,0.0,5.36,0.0,0.52,2.48,61.18
676,334,2022,"[218702, 218900, 219010, 219020, 219300, 219500, 220000, 234200]",51518.48,10.04,15.0,0.0,5.19,0.0,0.55,2.48,66.75
677,335,2017,"[218900, 219010, 219020, 219300]",54371.53,4.04,20.74,0.0,3.0,0.0,0.49,0.95,70.78
678,335,2018,"[218900, 219010, 219020, 219300]",55893.68,3.61,27.84,0.0,2.67,0.0,0.6,1.23,64.05
679,335,2019,"[218900, 219010, 219020, 219300]",54662.51,3.35,31.0,0.23,2.09,0.0,0.27,0.96,62.1
680,335,2020,"[218900, 219010, 219020, 219300]",53067.08,6.48,26.93,0.21,1.58,0.0,0.18,5.9,58.73
681,335,2021,"[218900, 219010, 219020, 219300]",49003.78,7.99,26.53,0.16,0.57,0.0,0.26,6.14,58.35
682,335,2022,"[218900, 219010, 219020, 219300]",74558.46,12.55,27.92,0.16,0.35,0.0,0.23,6.67,52.11
683,336,2017,"[218900, 219010, 221401, 222001]",51782.08,8.13,28.42,0.0,0.94,0.0,0.2,1.75,60.55
684,336,2018,"[218900, 219010, 221401, 222001]",68025.83,9.32,25.14,0.0,0.56,0.0,0.15,1.05,63.79
685,336,2019,"[218900, 219010, 221401, 222001]",70892.72,11.66,24.22,0.0,0.43,0.0,0.25,1.56,61.86
686,336,2020,"[218900, 219010, 221401, 222001]",78950.61,8.69,22.37,0.07,0.13,0.0,0.58,0.93,67.23
687,336,2021,"[218900, 219010, 221401, 222001]",83153.24,9.43,21.22,0.07,0.13,0.0,0.17,2.0,66.98
688,336,2022,"[218900, 219010, 221401, 222001]",85309.15,7.24,20.31,0.03,5.01,0.0,0.16,1.95,65.3
689,337,2017,"[221900, 222001, 222100, 222200]",44405.85,5.92,26.3,0.0,9.19,0.0,0.01,1.0,57.59
690,337,2018,"[221900, 222001, 222100, 222200]",46404.22,5.59,27.16,0.0,8.54,0.0,0.01,0.47,58.23
691,337,2019,"[221900, 222001, 222100, 222200]",53823.66,5.45,27.97,0.0,6.76,0.0,0.0,0.72,59.11
692,337,2020,"[221900, 222001, 222100, 222200]",61522.42,4.88,25.11,0.0,5.58,0.0,0.0,1.91,62.52
693,337,2021,"[221900, 222001, 222100, 222200]",63981.39,2.53,23.4,0.0,7.54,0.0,1.45,1.45,63.63
694,337,2022,"[221900, 222001, 222100, 222200]",69393.59,5.6,12.62,0.0,9.78,0.0,2.93,2.93,66.13
695,338,2017,"[221810, 221820, 221900, 222100]",12034.84,19.57,9.18,0.52,38.35,0.0,0.47,5.14,26.77
696,338,2018,"[221810, 221820, 221900, 222100]",12345.08,19.51,8.69,0.31,37.98,0.0,0.55,5.95,27.0
697,338,2019,"[221810, 221820, 221900, 222100]",17252.16,26.28,9.12,0.4,29.98,0.0,0.63,7.11,26.48
698,338,2020,"[221810, 221820, 221900, 222100, 224701, 224702]",17777.46,27.62,11.91,0.38,26.0,0.0,0.71,7.79,25.59
699,338,2021,"[221810, 221820, 221900, 222100, 224701, 224702]",23777.64,25.2,12.43,0.42,28.42,0.0,0.0,8.0,25.54
700,338,2022,"[221810, 221820, 221900, 222100, 224701, 224702]",28486.05,32.13,9.64,0.0,25.77,0.0,0.0,5.56,26.9
701,341,2017,"[220100, 702502]",88172.43,49.91,14.66,0.0,15.19,0.0,0.6,2.54,17.11
702,341,2018,"[220100, 702502]",84685.83,46.45,15.75,0.0,18.2,0.0,0.29,3.89,15.42
703,341,2019,"[220100, 702502]",84937.96,48.86,18.09,0.0,13.61,0.0,0.0,2.69,16.76
704,341,2020,"[220100, 236001, 702502]",95161.97,26.43,49.51,0.0,4.5,0.0,0.0,8.54,11.02
705,341,2021,"[220100, 236001, 702502]",101398.17,29.1,54.05,0.0,2.18,0.0,0.0,6.34,8.33
706,341,2022,"[220100, 236001, 702502]",109526.52,30.34,51.13,0.0,3.54,0.0,0.0,4.48,10.51
707,343,2017,[220100],51768.0,7.19,53.65,0.0,4.22,0.0,0.0,3.56,31.39
708,343,2018,[220100],53727.0,6.38,49.91,0.0,4.24,0.0,0.0,2.83,36.64
709,343,2019,[220100],40091.0,3.89,52.63,0.0,6.63,0.0,0.0,3.81,33.04
710,343,2020,"[220100, 236001]",95085.65,25.62,50.36,0.0,4.28,0.0,0.0,8.78,10.96
711,343,2021,"[220100, 236001]",101111.99,28.62,55.05,0.0,1.8,0.0,0.0,6.29,8.23
712,343,2022,"[220100, 236001]",109358.69,29.9,52.15,0.0,3.12,0.0,0.0,4.43,10.4
713,351,2017,"[219500, 219700, 220100]",43292.47,6.18,27.19,0.0,1.43,0.0,0.36,0.24,64.6
714,351,2018,"[219500, 219700, 220100]",50698.05,3.95,22.5,0.0,1.19,0.0,0.77,0.25,71.34
715,351,2019,"[219500, 219700, 220100]",50261.87,2.72,26.45,0.0,2.51,0.0,1.0,0.2,67.12
716,351,2020,"[219500, 219700, 220100]",55243.56,1.82,20.84,0.0,2.23,0.0,0.68,0.3,74.13
717,351,2021,"[219500, 219700, 220100]",57028.11,5.25,19.57,0.0,2.02,0.0,0.4,0.96,71.81
718,351,2022,"[219500, 219700, 220100]",60702.41,5.93,22.46,0.0,1.92,0.0,0.39,1.01,68.3
719,353,2017,"[219500, 220000, 236203]",71381.16,7.5,50.93,0.0,14.65,0.0,0.0,3.6,23.32
720,353,2018,"[219500, 220000, 236203]",63344.27,8.78,54.47,0.0,15.64,0.0,0.0,2.98,18.13
721,353,2019,"[219500, 220000, 236203]",77126.27,12.09,49.38,0.0,13.77,0.0,0.0,1.58,23.18
722,353,2020,"[219500, 220000, 236203]",76728.57,13.53,50.19,0.0,17.44,0.0,0.0,0.91,17.93
723,353,2021,"[219500, 220000, 236203]",90920.92,13.83,44.3,0.0,17.3,0.0,0.88,0.0,23.69
724,353,2022,"[219500, 220000, 236203]",110829.03,11.39,44.62,0.0,15.34,0.0,3.99,2.0,22.66
725,354,2017,"[219010, 219020, 219300, 222002, 234200]",36374.81,5.31,30.11,0.0,5.1,0.0,0.66,0.85,57.96
726,354,2018,"[219010, 219020, 219300, 222002, 234200]",55694.36,6.17,27.13,0.0,4.15,0.0,0.61,0.69,61.26
727,354,2019,"[219010, 219020, 219300, 222002, 234200]",59164.37,6.02,27.04,0.0,3.01,0.0,0.52,1.46,61.95
728,354,2020,"[219010, 219020, 219300, 222002, 234001, 234002, 234200]",59313.27,5.55,25.09,0.0,1.34,0.0,0.66,1.86,65.5
729,354,2021,"[219010, 219020, 219300, 222002, 234001, 234002, 234200]",61979.04,6.51,23.28,0.0,1.51,0.0,0.0,1.83,66.87
730,354,2022,"[219010, 219020, 219300, 222002, 234001, 234002, 234200]",73204.3,10.62,17.33,0.0,1.95,0.0,0.0,1.82,68.28
731,355,2017,"[219010, 219020, 222001, 222002, 222500, 231400]",41644.44,1.4,23.17,0.0,0.16,0.0,0.42,1.18,73.67
732,355,2018,"[219010, 219020, 222001, 222002, 222500, 231400]",46909.76,1.15,21.43,0.0,0.1,0.0,0.28,0.22,76.82
733,355,2019,"[219010, 219020, 222001, 222002, 222500, 231400]",48701.71,2.56,22.17,0.0,0.75,0.0,0.0,0.14,74.38
734,355,2020,"[219010, 219020, 222001, 222002, 222500, 231400, 234002]",51156.89,2.52,24.07,0.0,0.77,0.0,0.0,1.44,71.2
735,355,2021,"[219010, 219020, 222001, 222002, 222500, 231400, 234002]",54282.61,4.0,24.18,0.0,1.0,0.0,0.0,1.32,69.5
736,355,2022,"[219010, 219020, 222001, 222002, 222500, 231400, 234002]",67974.4,6.69,15.95,0.0,1.69,0.0,0.17,1.34,74.16
737,356,2017,"[222001, 222002, 222100, 222500, 222600]",39648.65,2.35,22.1,0.0,3.39,0.0,0.95,2.6,68.61
738,356,2018,"[222001, 222002, 222100, 222500, 222600]",42478.73,3.81,22.76,0.0,2.26,0.13,0.73,1.21,69.09
739,356,2019,"[222001, 222002, 222100, 222500, 222600]",56517.39,3.31,22.04,0.0,3.26,0.14,1.01,1.11,69.13
740,356,2020,"[222001, 222002, 222100, 222500, 222600]",57951.86,3.82,22.59,0.0,2.83,0.35,0.85,0.79,68.78
741,356,2021,"[222001, 222002, 222100, 222500, 222600]",64420.58,4.07,25.39,0.0,2.07,0.35,1.47,1.74,64.92
742,356,2022,"[222001, 222002, 222100, 222500, 222600]",78767.72,3.76,27.65,0.0,2.11,0.61,1.65,1.41,62.82
743,357,2017,"[221900, 222100, 222500, 222600, 222700]",25743.64,9.54,23.26,0.41,14.11,1.55,0.36,1.5,49.27
744,357,2018,"[221900, 222100, 222500, 222600, 222700]",26280.45,8.42,21.47,0.48,16.94,0.0,0.48,1.74,50.46
745,357,2019,"[221900, 222100, 222500, 222600, 222700]",28592.61,8.16,17.97,0.45,18.76,0.0,0.52,2.09,52.05
746,357,2020,"[221900, 222100, 222500, 222600]",34504.48,9.62,13.59,0.43,18.49,0.0,0.62,1.99,55.26
747,357,2021,"[221900, 222100, 222500, 222600]",41119.56,9.76,12.46,0.0,20.52,0.0,1.88,2.9,52.48
748,357,2022,"[221900, 222100, 222500, 222600]",44899.37,10.51,13.59,0.0,24.0,0.0,1.96,2.98,46.97
749,358,2017,"[221900, 222600, 222700, 231220]",5757.44,44.52,5.88,0.0,33.06,0.81,0.86,4.23,10.63
750,358,2018,"[221900, 222600, 222700, 231220]",8320.74,41.76,6.94,0.0,34.53,0.83,0.69,3.54,11.72
751,358,2019,"[221900, 222600, 222700, 231220]",9718.15,41.93,7.11,0.0,32.57,0.73,0.83,2.57,14.26
752,358,2020,"[221900, 222600, 224702, 231220]",19264.57,24.32,13.65,0.33,23.64,0.0,0.65,6.99,30.42
753,358,2021,"[221900, 222600, 224702, 231220]",24870.59,22.25,14.24,0.36,25.74,0.0,0.03,7.18,30.2
754,358,2022,"[221900, 222600, 224702, 231220]",29163.45,28.38,10.95,0.0,23.88,0.0,0.04,5.2,31.54
755,359,2017,"[222700, 231100]",13439.69,30.31,13.24,0.0,21.08,0.51,0.54,3.13,31.18
756,359,2018,"[222700, 231100]",16140.43,28.75,11.52,0.0,22.06,0.52,0.43,2.61,34.1
757,359,2019,"[222700, 231100]",17846.6,28.98,10.56,0.0,21.09,0.46,0.52,2.36,36.04
758,359,2020,"[224702, 231100]",31253.1,7.26,15.55,0.0,1.63,0.0,0.0,2.96,72.59
759,359,2021,"[224702, 231100]",36895.3,6.94,14.06,0.0,1.01,0.0,0.0,2.84,75.16
760,359,2022,"[224702, 231100]",41963.77,10.26,14.9,0.0,1.43,0.24,0.0,2.21,70.97
761,361,2017,"[219700, 220100, 236203, 236204, 236400]",31234.75,3.79,49.45,0.56,3.15,0.16,1.2,1.87,39.82
762,361,2018,"[219700, 220100, 236203, 236204, 236400]",33558.28,3.37,48.08,0.56,3.34,0.2,0.9,2.03,41.51
763,361,2019,"[219700, 220100, 236203, 236204, 236400]",34909.35,3.7,46.23,0.61,4.41,0.08,0.72,2.31,41.94
764,361,2020,"[219700, 220100, 236001, 236203, 236204, 236205, 236206, 236400]",36491.75,3.96,47.71,0.0,1.83,0.0,0.0,2.63,43.87
765,361,2021,"[219700, 220100, 236001, 236203, 236204, 236205, 236206, 236400]",37513.45,5.03,46.0,0.0,3.27,0.0,0.0,2.68,43.02
766,361,2022,"[219700, 220100, 236001, 236203, 236204, 236205, 236206, 236400]",44420.79,2.79,42.36,0.2,1.83,0.0,0.0,1.88,50.93
767,362,2017,"[219500, 219700, 236203, 236204]",25761.41,2.95,57.35,0.71,3.51,0.18,1.37,2.26,31.66
768,362,2018,"[219500, 219700, 236203, 236204]",26077.42,3.13,57.24,0.72,3.74,0.3,0.91,2.48,31.48
769,362,2019,"[219500, 219700, 236203, 236204]",27681.14,4.08,52.93,0.78,4.57,0.14,0.55,2.9,34.05
770,362,2020,"[219500, 219700, 236101, 236102, 236203, 236204, 236205, 236206]",30907.36,2.69,49.65,0.0,3.48,0.24,0.68,2.49,40.76
771,362,2021,"[219500, 219700, 236101, 236102, 236203, 236204, 236205, 236206]",27972.45,2.19,51.55,0.0,1.09,0.25,0.52,0.71,43.7
772,362,2022,"[219500, 219700, 236101, 236102, 236203, 236204, 236205, 236206]",35489.55,3.04,47.03,0.0,0.89,0.13,0.18,2.53,46.19
773,363,2017,"[219500, 236203, 236204, 236400, 703200]",74099.52,5.73,70.26,0.15,5.09,0.05,0.57,2.49,15.66
774,363,2018,"[219500, 236203, 236204, 236400, 703200]",73274.07,6.26,70.72,0.16,6.33,0.05,0.35,2.42,13.71
775,363,2019,"[219500, 236203, 236204, 236400, 703200]",75453.46,7.05,68.47,0.17,5.74,0.02,0.67,1.91,15.97
776,363,2020,"[219500, 234301, 236101, 236102, 236203, 236204, 236400, 703200]",35683.13,2.54,60.4,0.0,8.65,0.0,0.63,2.34,25.43
777,363,2021,"[219500, 234301, 236101, 236102, 236203, 236204, 236400, 703200]",39900.72,1.77,61.09,0.0,13.34,0.0,0.0,2.13,21.68
778,363,2022,"[219500, 234301, 236101, 236102, 236203, 236204, 236400, 703200]",43386.48,2.96,59.42,0.0,13.11,0.0,0.01,2.98,21.53
779,373,2017,"[219020, 219300, 219500, 234200]",60968.76,7.04,76.3,0.0,6.7,0.38,0.42,3.6,5.57
780,373,2018,"[219020, 219300, 219500, 234200]",64461.93,9.99,69.33,0.0,7.28,0.34,0.47,3.22,9.37
781,373,2019,"[219020, 219300, 219500, 234200]",76739.44,12.0,69.84,0.0,7.59,0.41,0.0,3.38,6.78
782,373,2020,"[219020, 219300, 219500, 234001, 234200, 236101]",84424.3,11.42,63.07,0.0,9.84,0.31,0.02,3.38,11.96
783,373,2021,"[219020, 219300, 219500, 234001, 234200, 236101]",75732.55,7.93,65.03,0.0,8.01,0.47,0.0,2.09,16.46
784,373,2022,"[219020, 219300, 219500, 234001, 234200, 236101]",74919.32,7.28,53.33,0.0,8.56,0.0,1.53,2.67,26.64
785,374,2017,"[219020, 222002, 231400, 231500, 234200]",40632.28,5.35,36.97,0.0,5.06,0.06,0.61,1.3,50.64
786,374,2018,"[219020, 222002, 231400, 231500, 234200]",56172.31,6.51,33.95,0.0,4.42,0.06,0.59,1.07,53.42
787,374,2019,"[219020, 222002, 231400, 231500, 234200]",61030.75,6.8,33.94,0.0,3.64,0.07,0.43,1.69,53.44
788,374,2020,"[219020, 222002, 231400, 231500, 234001, 234002, 234200, 234302]",67628.63,6.5,57.34,0.0,0.34,0.0,0.0,1.12,34.7
789,374,2021,"[219020, 222002, 231400, 231500, 234001, 234002, 234200, 234302]",60988.39,6.33,58.52,0.0,0.33,0.0,1.08,0.85,32.89
790,374,2022,"[219020, 222002, 231400, 231500, 234001, 234002, 234200, 234302]",67040.39,6.8,58.51,0.0,0.86,0.0,1.17,2.01,30.66
791,375,2017,"[222002, 231400, 231500]",39238.6,1.94,18.36,0.0,1.11,0.0,0.54,0.62,77.43
792,375,2018,"[222002, 231400, 231500]",38431.17,2.53,29.57,0.0,1.01,0.0,0.88,0.17,65.84
793,375,2019,"[222002, 231400, 231500]",41783.23,3.6,28.4,0.0,1.58,0.0,0.76,0.25,65.4
794,375,2020,"[222002, 231302, 231400, 231500, 234002]",57706.0,3.47,24.4,0.0,1.97,0.0,2.17,0.58,67.41
795,375,2021,"[222002, 231302, 231400, 231500, 234002]",56459.9,3.64,23.0,0.0,1.82,0.14,0.71,1.23,69.47
796,375,2022,"[222002, 231302, 231400, 231500, 234002]",58986.13,2.7,17.91,0.0,1.85,0.29,0.71,1.46,75.08
797,376,2017,"[222002, 222500, 231210, 231400, 231500]",39003.41,2.18,21.82,0.05,3.12,0.0,0.93,2.45,69.46
798,376,2018,"[222002, 222500, 231210, 231400, 231500]",41441.41,3.55,22.83,0.04,2.11,0.11,0.74,1.15,69.46
799,376,2019,"[222002, 222500, 231210, 231400, 231500]",54431.75,3.2,21.68,0.04,3.03,0.12,0.98,1.06,69.88
800,376,2020,"[222002, 222500, 231210, 231301, 231302, 231400, 231500]",60793.89,3.93,18.38,0.0,2.15,0.0,0.0,2.48,73.06
801,376,2021,"[222002, 222500, 231210, 231301, 231302, 231400, 231500]",67809.96,4.72,18.43,0.0,1.72,0.0,0.0,2.27,72.86
802,376,2022,"[222002, 222500, 231210, 231301, 231302, 231400, 231500]",57210.38,6.98,16.4,0.0,1.74,0.0,0.0,2.47,72.4
803,377,2017,"[222500, 222600, 231210, 231220]",28635.05,0.23,18.8,0.88,0.89,0.0,0.86,1.37,76.96
804,377,2018,"[222500, 222600, 231210, 231220]",27605.34,0.82,18.47,0.68,0.96,0.0,0.79,0.91,77.37
805,377,2019,"[222500, 222600, 231210, 231220]",32245.92,1.77,11.49,0.67,0.84,0.0,0.67,0.8,83.76
806,377,2020,"[222500, 222600, 231210, 231220, 231301]",32470.23,1.88,15.39,0.7,0.06,2.53,0.7,0.26,78.47
807,377,2021,"[222500, 222600, 231210, 231220, 231301]",38775.6,0.95,16.78,0.0,0.06,1.97,0.46,0.31,79.46
808,377,2022,"[222500, 222600, 231210, 231220, 231301]",41022.64,6.79,22.58,0.0,1.73,1.88,0.01,1.81,65.21
809,378,2017,"[222600, 222700, 231100, 231220, 231710]",25460.21,4.83,17.02,0.0,3.55,0.0,0.65,0.44,73.51
810,378,2018,"[222600, 222700, 231100, 231220, 231710]",28062.23,5.28,21.67,0.0,5.04,0.0,0.0,0.44,67.57
811,378,2019,"[222600, 222700, 231100, 231220, 231710]",29689.61,1.82,22.7,0.0,6.02,0.0,0.0,1.06,68.4
812,378,2020,"[222600, 231100, 231220, 231710]",29461.39,1.32,25.95,0.0,7.12,0.0,0.18,1.32,64.12
813,378,2021,"[222600, 231100, 231220, 231710]",32191.95,1.74,27.03,0.0,6.79,0.0,0.21,1.31,62.92
814,378,2022,"[222600, 231100, 231220, 231710]",33459.75,2.05,20.01,0.0,10.61,0.0,0.3,2.71,64.32
815,379,2017,"[222600, 231210, 231220, 231710]",25511.91,4.74,17.06,0.0,3.5,0.0,0.65,0.43,73.61
816,379,2018,"[222600, 231210, 231220, 231710]",28108.0,5.19,21.71,0.0,5.0,0.0,0.0,0.43,67.67
817,379,2019,"[222600, 231210, 231220, 231710]",29738.1,1.74,22.72,0.0,5.99,0.0,0.0,1.06,68.49
818,379,2020,"[222600, 231210, 231220, 231603, 231710]",29475.71,1.34,25.91,0.0,7.15,0.0,0.18,1.32,64.1
819,379,2021,"[222600, 231210, 231220, 231603, 231710]",32216.57,1.76,26.99,0.0,6.83,0.0,0.22,1.32,62.89
820,379,2022,"[222600, 231210, 231220, 231603, 231710]",33491.31,2.07,19.99,0.0,10.65,0.0,0.3,2.71,64.28
821,391,2017,"[236204, 236400, 703100]",53604.38,7.98,79.04,0.0,0.6,0.78,2.49,0.0,9.12
822,391,2018,"[236204, 236400, 703100]",64626.96,7.24,79.53,0.22,0.94,0.0,1.84,0.36,9.87
823,391,2019,"[236204, 236400, 703100]",66349.18,9.46,82.15,0.3,1.75,0.0,2.87,0.66,2.82
824,391,2020,"[236001, 236102, 236204, 236205, 236206, 236400, 703100]",89906.86,9.28,78.27,0.66,2.04,0.0,0.32,1.76,7.67
825,391,2021,"[236001, 236102, 236204, 236205, 236206, 236400, 703100]",93051.61,9.82,77.64,0.73,2.88,0.0,0.0,1.78,7.15
826,391,2022,"[236001, 236102, 236204, 236205, 236206, 236400, 703100]",103470.22,9.14,71.29,0.46,2.68,0.0,0.0,4.56,11.88
827,392,2017,"[234501, 234502, 234600, 703200]",32145.42,3.02,55.9,0.0,0.3,0.0,1.55,1.93,37.31
828,392,2018,"[234501, 234502, 234600, 703200]",35700.72,3.78,57.1,0.0,0.64,0.0,0.65,2.21,35.61
829,392,2019,"[234501, 234502, 234600, 703200]",45735.71,3.9,57.24,0.0,1.04,0.0,0.54,1.86,35.42
830,392,2020,"[232402, 234001, 234002, 234301, 234302, 234501, 234502, 234600, 703200]",54955.47,4.42,58.97,0.0,1.45,0.0,1.12,2.82,31.22
831,392,2021,"[232402, 234001, 234002, 234301, 234302, 234501, 234502, 234600, 703200]",61378.03,4.51,59.24,0.0,1.89,0.0,0.45,1.4,32.51
832,392,2022,"[232402, 234001, 234002, 234301, 234302, 234501, 234502, 234600, 703200]",67002.48,5.03,60.48,0.0,2.4,0.0,0.36,2.08,29.65
833,393,2017,"[234200, 234502, 703200]",62042.9,7.0,76.53,0.0,6.52,0.37,0.43,3.55,5.6
834,393,2018,"[234200, 234502, 703200]",65454.16,9.86,69.79,0.0,7.15,0.33,0.46,3.18,9.23
835,393,2019,"[234200, 234502, 703200]",77229.59,11.79,70.26,0.0,7.42,0.4,0.03,3.32,6.78
836,393,2020,"[234001, 234200, 234301, 234302, 234502, 236101, 236102, 703200]",55352.31,6.1,73.97,0.0,5.13,0.0,0.0,4.06,10.74
837,393,2021,"[234001, 234200, 234301, 234302, 234502, 236101, 236102, 703200]",56436.16,6.57,81.47,0.0,0.48,0.0,0.0,2.26,9.21
838,393,2022,"[234001, 234200, 234301, 234302, 234502, 236101, 236102, 703200]",43519.47,6.24,83.58,0.52,0.02,0.17,0.0,3.13,6.33
839,394,2017,[231500],47596.0,0.42,37.13,0.0,2.15,0.0,0.42,1.97,57.91
840,394,2018,[231500],46472.0,0.2,36.78,0.0,3.24,0.0,0.69,1.53,57.57
841,394,2019,[231500],48912.0,0.7,32.02,0.0,4.45,0.0,0.2,1.26,61.36
842,394,2020,"[231500, 234001, 234002, 234302]",61866.49,5.7,51.4,0.0,0.37,0.0,0.0,1.34,41.2
843,394,2021,"[231500, 234001, 234002, 234302]",58443.56,5.81,52.82,0.0,0.35,0.0,0.93,1.03,39.06
844,394,2022,"[231500, 234001, 234002, 234302]",65199.3,6.2,53.84,0.0,0.92,0.0,1.05,1.87,36.12
845,395,2017,"[231400, 231500]",47595.17,0.42,37.12,0.0,2.15,0.0,0.42,1.97,57.91
846,395,2018,"[231400, 231500]",46471.2,0.2,36.78,0.0,3.24,0.0,0.69,1.53,57.57
847,395,2019,"[231400, 231500]",48911.29,0.7,32.02,0.0,4.45,0.0,0.2,1.26,61.36
848,395,2020,"[231302, 231400, 231500, 231601, 234002]",52954.0,0.61,32.0,0.0,5.05,0.0,0.19,1.31,60.83
849,395,2021,"[231302, 231400, 231500, 231601, 234002]",62599.73,0.64,31.45,0.0,5.95,0.0,0.16,0.85,60.95
850,395,2022,"[231302, 231400, 231500, 231601, 234002]",77069.16,0.88,31.81,0.0,8.05,0.0,2.96,0.64,55.65
851,396,2017,"[231220, 231710, 231720]",26176.96,0.49,11.59,0.0,0.05,0.0,2.1,0.0,85.76
852,396,2018,"[231220, 231710, 231720]",31098.61,0.43,11.31,0.23,0.05,0.0,1.74,0.0,86.23
853,396,2019,"[231220, 231710, 231720]",26449.24,0.63,15.42,0.17,0.0,0.0,1.63,0.0,82.15
854,396,2020,"[231220, 231603, 231710, 231720]",32305.13,0.68,10.39,0.24,0.05,0.0,1.28,0.0,87.36
855,396,2021,"[231220, 231603, 231710, 231720]",36113.5,0.46,14.8,0.17,0.05,0.0,0.94,0.0,83.58
856,396,2022,"[231220, 231603, 231710, 231720]",44342.49,0.72,12.76,0.14,0.22,0.0,0.0,0.0,86.16
857,397,2017,"[231210, 231220, 231500, 231710]",26926.32,2.18,16.93,0.37,1.85,0.0,0.96,0.76,76.95
858,397,2018,"[231210, 231220, 231500, 231710]",28367.82,2.61,18.74,0.32,2.51,0.0,0.6,0.56,74.64
859,397,2019,"[231210, 231220, 231500, 231710]",30284.66,1.57,16.9,0.3,2.88,0.0,0.53,0.78,77.04
860,397,2020,"[231210, 231220, 231302, 231500, 231601, 231602, 231603, 231710]",49277.03,3.38,25.58,0.0,0.87,0.0,1.44,1.42,67.3
861,397,2021,"[231210, 231220, 231302, 231500, 231601, 231602, 231603, 231710]",59769.58,3.33,20.84,0.0,0.8,0.0,0.7,2.37,71.96
862,397,2022,"[231210, 231220, 231302, 231500, 231601, 231602, 231603, 231710]",68358.1,3.05,19.45,0.07,0.76,0.0,1.05,3.34,72.28
863,398,2017,"[231100, 231220, 231710, 231720]",29912.34,1.87,18.52,0.0,2.2,0.0,0.34,0.36,76.72
864,398,2018,"[231100, 231220, 231710, 231720]",34426.49,1.28,18.55,0.0,1.48,0.0,0.53,0.3,77.86
865,398,2019,"[231100, 231220, 231710, 231720]",36513.08,2.13,16.36,0.0,1.91,0.0,0.37,1.11,78.12
866,398,2020,"[231100, 231220, 231710, 231720]",45804.83,1.53,11.66,0.0,1.62,0.0,0.0,1.0,84.19
867,398,2021,"[231100, 231220, 231710, 231720]",47287.92,1.6,7.64,0.0,2.48,0.0,0.0,1.06,87.22
868,398,2022,"[231100, 231220, 231710, 231720]",46994.86,1.94,5.01,0.0,2.16,0.0,0.0,1.03,89.87
869,399,2017,"[231100, 231720]",29906.48,1.88,18.56,0.0,2.2,0.0,0.34,0.36,76.67
870,399,2018,"[231100, 231720]",34416.39,1.3,18.56,0.0,1.48,0.0,0.52,0.31,77.84
871,399,2019,"[231100, 231720]",36509.05,2.15,16.36,0.0,1.91,0.0,0.36,1.12,78.11
872,399,2020,"[231100, 231720]",45778.18,1.56,11.66,0.0,1.61,0.0,0.0,1.0,84.17
873,399,2021,"[231100, 231720]",47273.86,1.63,7.64,0.0,2.47,0.0,0.0,1.06,87.21
874,399,2022,"[231100, 231720]",46993.09,1.97,5.02,0.0,2.15,0.0,0.0,1.03,89.83
875,401,2017,"[199300, 199400]",40447.67,4.67,1.61,0.0,17.13,0.36,0.0,1.16,75.06
876,401,2018,"[199300, 199400]",47116.72,4.2,4.22,0.0,19.67,0.0,0.0,2.9,69.01
877,401,2019,"[199300, 199400]",44807.33,3.97,4.4,0.0,19.03,0.0,0.0,2.22,70.38
878,401,2020,"[185101, 199002, 199300, 199400]",49696.68,4.07,4.02,0.0,24.6,0.0,0.0,1.58,65.72
879,401,2021,"[185101, 199002, 199300, 199400]",52510.1,5.06,4.2,0.0,24.09,0.0,0.0,1.19,65.46
880,401,2022,"[185101, 199002, 199300, 199400]",56201.33,6.03,5.36,0.0,28.76,0.0,0.0,1.12,58.72
881,402,2017,"[183702, 199110, 199202, 199300, 199400, 201301, 201302]",56769.35,28.72,1.28,0.41,11.53,0.44,0.0,0.53,57.08
882,402,2018,"[183702, 199110, 199202, 199300, 199400, 201301, 201302]",65053.15,26.63,1.13,0.4,12.4,0.32,0.0,0.73,58.39
883,402,2019,"[183702, 199110, 199202, 199300, 199400, 201301, 201302]",80757.22,25.58,1.42,0.49,12.3,0.0,0.0,0.7,59.5
884,402,2020,"[183702, 199110, 199202, 199300, 199400, 201301, 201302]",101296.69,20.02,1.05,1.03,20.12,0.0,0.0,0.55,57.23
885,402,2021,"[183702, 199110, 199202, 199300, 199400, 201301, 201302]",115119.71,17.74,1.37,0.6,20.78,0.0,0.0,1.61,57.91
886,402,2022,"[183702, 199110, 199202, 199300, 199400, 201301, 201302]",99147.72,19.38,1.34,0.6,21.96,0.0,0.0,3.43,53.28
887,403,2017,"[183701, 183702, 183820, 199300, 199400]",56420.48,28.19,1.43,0.41,11.74,0.43,0.0,0.71,57.09
888,403,2018,"[183701, 183702, 183820, 199300, 199400]",64584.84,26.24,1.31,0.39,12.47,0.31,0.0,0.89,58.38
889,403,2019,"[183701, 183702, 183820, 199300, 199400]",79807.65,25.31,1.58,0.48,12.29,0.0,0.0,0.89,59.45
890,403,2020,"[183701, 183702, 183820, 185101, 199300, 199400]",100380.8,20.25,1.18,0.99,19.89,0.0,0.0,0.89,56.79
891,403,2021,"[183701, 183702, 183820, 185101, 199300, 199400]",113865.17,18.26,1.46,0.57,20.48,0.0,0.0,1.84,57.39
892,403,2022,"[183701, 183702, 183820, 185101, 199300, 199400]",98746.16,19.57,1.34,0.57,21.73,0.0,0.0,3.55,53.24
893,404,2017,"[183103, 183701, 183702, 199300, 201302, 480702]",52236.51,14.0,5.43,0.0,18.8,0.01,0.03,5.6,56.13
894,404,2018,"[183103, 183701, 183702, 199300, 201302, 480702]",55597.83,16.05,5.27,0.0,14.47,0.01,0.02,4.82,59.36
895,404,2019,"[183103, 183701, 183702, 199300, 201302, 480702]",63625.47,17.78,5.47,0.01,12.89,0.0,0.02,5.36,58.47
896,404,2020,"[183103, 183701, 183702, 199300, 201302, 480702]",87395.12,24.92,3.37,0.0,13.98,0.0,0.01,10.41,47.3
897,404,2021,"[183103, 183701, 183702, 199300, 201302, 480702]",98190.22,32.53,2.5,0.0,15.91,0.0,0.0,8.03,41.02
898,404,2022,"[183103, 183701, 183702, 199300, 201302, 480702]",108703.63,24.6,1.9,0.0,17.91,0.0,0.0,7.05,48.52
899,405,2017,"[183103, 183701, 183702, 480702]",56512.75,11.66,2.1,0.0,13.29,0.0,0.44,1.87,70.63
900,405,2018,"[183103, 183701, 183702, 480702]",62235.64,12.47,5.62,1.75,10.61,0.0,0.36,2.33,66.85
901,405,2019,"[183103, 183701, 183702, 480702]",64905.2,14.01,6.08,1.72,10.3,0.0,0.41,2.41,65.05
902,405,2020,"[183103, 183701, 183702, 480602, 480702]",73043.37,24.23,5.05,1.38,8.02,0.0,0.93,4.71,55.69
903,405,2021,"[183103, 183701, 183702, 480602, 480702]",84715.46,23.73,5.07,1.5,8.9,0.0,0.99,5.31,54.51
904,405,2022,"[183103, 183701, 183702, 480602, 480702]",86725.5,21.74,4.59,1.56,10.48,0.0,0.63,5.59,55.41
905,406,2017,"[183702, 199300, 201110, 201301, 201302, 480702]",74572.45,18.86,10.1,0.0,38.32,0.0,1.98,3.37,27.37
906,406,2018,"[183702, 199300, 201110, 201301, 201302, 480702]",79933.43,20.21,5.99,0.0,40.66,0.0,1.86,4.41,26.87
907,406,2019,"[183702, 199300, 201110, 201301, 201302, 480702]",91178.03,20.95,5.53,0.0,41.97,0.0,1.79,3.5,26.26
908,406,2020,"[183702, 199300, 201110, 201301, 201302, 480702]",102602.98,18.04,7.66,0.0,47.52,0.0,0.85,5.52,20.41
909,406,2021,"[183702, 199300, 201110, 201301, 201302, 480702]",105346.99,19.42,4.66,0.0,47.14,0.0,0.93,5.16,22.71
910,406,2022,"[183702, 199300, 201110, 201301, 201302, 480702]",110665.95,19.55,7.29,0.0,44.25,0.0,0.42,7.72,20.78
911,407,2017,"[199110, 199300, 201200, 201301, 201302, 201401]",43074.99,4.7,0.3,0.01,10.75,0.0,0.0,0.01,84.23
912,407,2018,"[199110, 199300, 201200, 201301, 201302, 201401]",46335.52,4.65,0.21,0.0,11.37,0.0,0.08,0.01,83.68
913,407,2019,"[199110, 199300, 201200, 201301, 201302, 201401]",60003.74,5.06,2.27,0.01,15.8,0.0,0.07,0.01,76.78
914,407,2020,"[199110, 199300, 201200, 201301, 201302, 201401]",66712.75,3.6,1.76,0.01,15.39,0.0,0.07,0.02,79.16
915,407,2021,"[199110, 199300, 201200, 201301, 201302, 201401]",80301.21,6.78,2.49,0.08,20.93,0.0,0.17,0.02,69.54
916,407,2022,"[199110, 199300, 201200, 201301, 201302, 201401]",87572.87,7.9,6.5,0.12,23.49,0.0,0.17,0.03,61.8
917,408,2017,"[201110, 201200, 201301, 201401, 201501, 201503]",41293.83,5.41,0.01,0.01,7.09,0.0,0.0,0.01,87.47
918,408,2018,"[201110, 201200, 201301, 201401, 201501, 201503]",44321.25,5.76,0.01,0.01,10.89,0.0,0.0,0.23,83.1
919,408,2019,"[201110, 201200, 201301, 201401, 201501, 201503]",47063.46,7.14,0.02,0.02,10.72,0.0,0.0,0.66,81.44
920,408,2020,"[201110, 201200, 201301, 201401, 201501, 201503]",49556.92,9.23,0.02,0.01,11.28,0.0,0.0,0.6,78.87
921,408,2021,"[201110, 201200, 201301, 201401, 201501, 201503]",55904.3,10.22,0.01,0.0,10.32,0.0,0.18,0.65,78.62
922,408,2022,"[201110, 201200, 201301, 201401, 201501, 201503]",80672.06,9.11,0.02,0.0,9.85,0.0,0.18,0.67,80.16
923,409,2017,"[201110, 201120, 201501, 480702, 480803, 480804]",44457.86,6.65,1.42,0.01,7.39,0.0,0.0,0.28,84.25
924,409,2018,"[201110, 201120, 201501, 480702, 480803, 480804]",51091.91,8.19,1.56,0.0,9.01,0.0,0.15,0.99,80.09
925,409,2019,"[201110, 201120, 201501, 480702, 480803, 480804]",68227.54,9.05,1.2,0.0,8.61,0.0,0.19,1.23,79.72
926,409,2020,"[201110, 201120, 201501, 480702, 480803, 480804]",76527.94,8.8,1.93,0.0,9.91,0.0,0.6,1.11,77.64
927,409,2021,"[201110, 201120, 201501, 480702, 480803, 480804]",75196.42,9.09,1.29,0.39,7.45,0.0,0.56,1.3,79.94
928,409,2022,"[201110, 201120, 201501, 480702, 480803, 480804]",86530.13,10.48,2.9,0.25,8.11,0.0,0.47,1.53,76.24
929,411,2017,"[199700, 206010, 980010]",14414.48,29.09,2.15,0.0,20.22,0.05,0.0,0.04,48.45
930,411,2018,"[199700, 206010]",36484.6,15.52,1.01,0.0,13.61,0.6,0.16,0.3,68.8
931,411,2019,"[199700, 206010, 980010]",21698.68,24.42,1.01,0.0,36.4,0.06,0.02,0.06,38.02
932,411,2020,"[199002, 199700, 206010, 980010]",62177.78,15.53,2.1,0.0,23.51,0.01,0.0,0.76,58.1
933,411,2021,"[199002, 199700, 206010, 980010]",63923.42,16.84,1.98,0.0,22.84,0.01,0.0,0.87,57.47
934,411,2022,"[199002, 199700, 206010]",67266.16,18.08,1.69,0.0,26.7,0.0,0.0,0.84,52.69
935,412,2017,"[199201, 199400, 199700]",38007.33,6.75,0.87,0.0,21.11,0.27,0.53,0.44,70.04
936,412,2018,"[199201, 199400, 199700]",38463.96,7.17,1.5,0.0,20.79,0.21,0.05,0.89,69.38
937,412,2019,"[199201, 199400, 199700]",39950.21,7.74,1.44,0.0,21.88,0.2,0.07,0.79,67.89
938,412,2020,"[199001, 199002, 199201, 199400, 199700, 199802]",58410.41,11.2,1.4,0.0,28.32,0.0,0.0,0.51,58.58
939,412,2021,"[199001, 199002, 199201, 199400, 199700, 199802]",54563.89,11.79,1.32,0.0,28.8,0.0,0.0,0.56,57.53
940,412,2022,"[199001, 199002, 199201, 199400, 199700, 199802]",62185.73,11.96,1.12,0.0,31.96,0.0,0.0,0.65,54.31
941,413,2017,"[199201, 199300, 199400]",40425.51,4.64,1.61,0.0,17.14,0.36,0.0,1.16,75.08
942,413,2018,"[199201, 199300, 199400]",47092.19,4.17,4.22,0.0,19.68,0.0,0.0,2.9,69.03
943,413,2019,"[199201, 199300, 199400]",44758.69,3.94,4.4,0.0,19.04,0.0,0.0,2.22,70.4
944,413,2020,"[199002, 199201, 199300, 199400]",49645.06,4.07,4.02,0.0,24.61,0.0,0.0,1.58,65.72
945,413,2021,"[199002, 199201, 199300, 199400]",52442.16,5.06,4.2,0.0,24.09,0.0,0.0,1.19,65.46
946,413,2022,"[199002, 199201, 199300, 199400]",56159.8,6.02,5.36,0.0,28.77,0.0,0.0,1.12,58.72
947,414,2017,"[199201, 199202, 199300, 199400]",56857.5,27.77,1.23,0.39,11.54,0.42,0.0,0.65,58.0
948,414,2018,"[199201, 199202, 199300, 199400]",64795.96,25.65,1.12,0.38,12.35,0.3,0.0,0.8,59.4
949,414,2019,"[199201, 199202, 199300, 199400]",80160.14,24.88,1.38,0.46,12.22,0.0,0.0,0.77,60.3
950,414,2020,"[199201, 199202, 199300, 199400]",98667.5,20.23,1.06,0.98,19.57,0.0,0.0,0.65,57.53
951,414,2021,"[199201, 199202, 199300, 199400]",112442.85,18.01,1.35,0.56,20.2,0.0,0.0,1.58,58.31
952,414,2022,"[199201, 199202, 199300, 199400]",98643.69,19.67,1.21,0.57,21.25,0.0,0.0,3.31,54.0
953,415,2017,"[199201, 199202, 199300, 199400]",39112.23,1.14,0.0,0.0,30.97,0.0,1.36,0.01,66.52
954,415,2018,"[199201, 199202, 199300, 199400]",34367.48,1.85,0.01,0.0,28.24,0.0,0.0,0.01,69.89
955,415,2019,"[199201, 199202, 199300, 199400]",34499.3,1.73,0.01,0.0,29.88,0.0,0.0,0.01,68.38
956,415,2020,"[199001, 199201, 199202, 199300, 199400, 199802]",51277.8,1.59,0.01,0.0,37.23,0.0,0.0,0.01,61.16
957,415,2021,"[199001, 199201, 199202, 199300, 199400, 199802]",54465.06,2.44,0.01,0.0,31.89,0.0,0.0,0.25,65.41
958,415,2022,"[199001, 199201, 199202, 199300, 199400, 199802]",54922.55,2.78,0.6,0.0,34.91,0.0,0.0,0.32,61.4
959,416,2017,"[199110, 199120, 199201, 199202, 199300]",54677.94,9.51,0.31,0.0,11.54,0.0,0.0,2.13,76.52
960,416,2018,"[199110, 199120, 199201, 199202, 199300]",56864.77,7.46,0.73,0.0,11.43,0.0,0.0,1.67,78.71
961,416,2019,"[199110, 199120, 199201, 199202, 199300]",67232.17,10.68,1.01,0.0,11.96,0.0,0.0,1.42,74.92
962,416,2020,"[199110, 199120, 199201, 199202, 199300]",55829.81,18.94,1.41,0.0,11.15,0.0,0.0,1.89,66.61
963,416,2021,"[199110, 199120, 199201, 199202, 199300]",68899.98,19.03,1.25,0.0,12.7,0.0,0.0,0.86,66.17
964,416,2022,"[199110, 199120, 199201, 199202, 199300]",89339.84,20.75,0.73,0.0,12.24,0.0,0.0,0.93,65.35
965,417,2017,"[199110, 199120, 199202, 199300, 201301, 201401]",56189.89,5.94,2.02,0.61,3.15,0.0,0.0,0.0,88.28
966,417,2018,"[199110, 199120, 199202, 199300, 201301, 201401]",60358.37,6.39,0.64,0.49,3.71,0.0,0.0,0.23,88.53
967,417,2019,"[199110, 199120, 199202, 199300, 201301, 201401]",59367.73,6.21,0.38,0.0,4.81,0.0,0.0,0.19,88.41
968,417,2020,"[199110, 199120, 199202, 199300, 201301, 201401]",62790.74,4.15,0.33,0.0,3.66,0.0,0.0,0.75,91.1
969,417,2021,"[199110, 199120, 199202, 199300, 201301, 201401]",78013.95,6.06,0.4,0.0,3.59,0.0,0.0,1.83,88.11
970,417,2022,"[199110, 199120, 199202, 199300, 201301, 201401]",73740.17,6.74,0.22,0.0,5.8,0.0,0.2,2.32,84.71
971,418,2017,"[201110, 201200, 201301, 201302, 201501, 480702]",50625.87,7.69,0.34,0.0,9.66,0.0,0.0,0.0,82.3
972,418,2018,"[201110, 201200, 201301, 201302, 201501, 480702]",56505.84,8.99,0.9,0.0,13.1,0.0,0.0,0.0,77.01
973,418,2019,"[201110, 201200, 201301, 201302, 201501, 480702]",67054.69,10.81,0.65,0.0,12.53,0.0,0.0,0.0,76.01
974,418,2020,"[201110, 201200, 201301, 201302, 201501, 480702]",65011.92,11.03,3.04,0.0,15.02,0.0,0.0,0.0,70.91
975,418,2021,"[201110, 201200, 201301, 201302, 201501, 480702]",93959.98,11.62,2.7,0.0,11.89,0.0,0.0,0.22,73.57
976,418,2022,"[201110, 201200, 201301, 201302, 201501, 480702]",91317.49,12.47,2.51,0.0,10.51,0.0,0.0,0.21,74.3
977,421,2017,"[199700, 199900, 203500, 206010]",34973.58,14.84,1.26,0.0,13.07,0.5,0.0,0.35,69.99
978,421,2018,"[199700, 199900, 203500, 206010]",36451.8,15.6,1.02,0.0,13.24,0.61,0.16,0.29,69.08
979,421,2019,"[199700, 199900, 203500, 206010]",42609.34,17.6,0.69,0.0,15.06,0.58,0.19,0.52,65.34
980,421,2020,"[199002, 199700, 199801, 199802, 199900, 203500, 206010]",38905.64,13.32,3.72,0.0,14.24,0.0,0.36,0.43,67.93
981,421,2021,"[199002, 199700, 199801, 199802, 199900, 203500, 206010]",39701.76,13.28,4.38,0.0,15.37,0.0,0.81,3.11,63.05
982,421,2022,"[199002, 199700, 199801, 199802, 199900, 203500, 206010]",50607.27,12.42,4.18,0.0,16.54,0.0,1.15,2.6,63.1
983,422,2017,"[199120, 199201, 199202, 199700]",35372.63,9.15,0.59,0.0,17.57,0.22,0.05,0.5,71.92
984,422,2018,"[199120, 199201, 199202, 199700]",38081.39,9.06,0.83,0.0,17.09,0.27,0.07,0.51,72.15
985,422,2019,"[199120, 199201, 199202, 199700]",43188.88,10.25,1.32,0.0,17.11,0.26,0.09,0.99,69.98
986,422,2020,"[199120, 199201, 199202, 199700, 199801, 199802]",41717.81,1.34,0.27,0.0,41.15,0.0,0.0,0.0,57.25
987,422,2021,"[199120, 199201, 199202, 199700, 199801, 199802]",50718.7,2.01,0.23,1.49,43.1,0.0,0.0,0.0,53.17
988,422,2022,"[199120, 199201, 199202, 199700, 199801, 199802]",59173.4,2.47,0.24,1.48,36.84,1.34,0.0,0.27,57.34
989,423,2017,"[199120, 199700, 199900, 203300, 203500]",33420.81,2.15,1.54,0.0,12.25,0.0,0.0,0.75,83.31
990,423,2018,"[199120, 199700, 199900, 203300, 203500]",36413.25,2.01,1.42,0.0,15.11,0.0,0.0,0.0,81.46
991,423,2019,"[199120, 199700, 199900, 203300, 203500]",39204.25,1.93,1.57,0.0,14.16,0.0,0.0,0.0,82.34
992,423,2020,"[199120, 199700, 199801, 199900, 203300, 203500]",37265.49,1.57,0.28,0.0,16.31,0.0,0.0,0.0,81.84
993,423,2021,"[199120, 199700, 199801, 199900, 203300, 203500]",38159.4,1.59,0.03,0.0,16.68,0.0,0.0,0.0,81.7
994,423,2022,"[199120, 199700, 199801, 199900, 203300, 203500]",49616.48,1.78,0.02,0.0,14.75,0.0,0.47,0.0,82.97
995,424,2017,"[199110, 199120, 199202, 199900, 201401, 201402, 203100, 203300]",31012.59,3.68,0.03,0.0,22.55,0.0,0.01,0.35,73.38
996,424,2018,"[199110, 199120, 199202, 199900, 201401, 201402, 203100, 203300]",35865.59,3.07,0.76,0.0,21.54,0.0,0.01,0.54,74.08
997,424,2019,"[199110, 199120, 199202, 199900, 201401, 201402, 203100, 203300]",39052.16,3.02,2.21,0.0,19.34,0.0,0.0,1.49,73.93
998,424,2020,"[199110, 199120, 199202, 199802, 199900, 201401, 201402, 203100, 203300]",33880.28,3.26,3.24,0.0,22.42,0.0,0.0,0.14,70.94
999,424,2021,"[199110, 199120, 199202, 199802, 199900, 201401, 201402, 203100, 203300]",40921.05,3.02,3.55,0.0,24.72,0.0,0.0,0.37,68.34
1000,424,2022,"[199110, 199120, 199202, 199802, 199900, 201401, 201402, 203100, 203300]",46772.9,4.63,4.05,0.0,23.24,0.0,0.0,0.48,67.6
1001,426,2017,"[201401, 201501, 201503, 201504]",35664.17,3.87,0.99,0.0,5.16,0.0,0.0,0.12,89.85
1002,426,2018,"[201401, 201501, 201503, 201504]",40255.75,3.53,0.96,0.0,5.4,0.0,0.0,0.01,90.1
1003,426,2019,"[201401, 201501, 201503, 201504]",51439.68,5.3,1.07,0.01,7.17,0.0,0.0,0.01,86.45
1004,426,2020,"[201401, 201501, 201503, 201504]",50367.75,5.09,1.08,0.0,6.14,0.0,0.0,0.01,87.69
1005,426,2021,"[201401, 201501, 201503, 201504]",55756.64,4.6,0.32,0.0,6.98,0.0,0.0,0.01,88.1
1006,426,2022,"[201401, 201501, 201503, 201504]",60415.75,5.19,0.43,0.0,5.72,0.0,0.18,0.01,88.47
1007,427,2017,"[199110, 199120, 201200, 201301, 201401, 201402, 201503, 201504, 201601]",47631.5,7.66,0.21,2.62,7.29,0.0,0.0,1.03,81.2
1008,427,2018,"[199110, 199120, 201200, 201301, 201401, 201402, 201503, 201504, 201601]",43685.03,6.83,0.77,2.24,6.43,0.0,0.0,1.62,82.12
1009,427,2019,"[199110, 199120, 201200, 201301, 201401, 201402, 201503, 201504, 201601]",51208.86,6.92,1.0,3.23,10.02,0.0,0.0,3.17,75.65
1010,427,2020,"[199110, 199120, 201200, 201301, 201401, 201402, 201503, 201504, 201601]",53046.16,7.97,0.77,2.47,7.73,0.0,0.0,3.15,77.91
1011,427,2021,"[199110, 199120, 201200, 201301, 201401, 201402, 201503, 201504, 201601]",56903.33,7.34,1.34,0.11,7.03,0.0,0.0,3.45,80.73
1012,427,2022,"[199110, 199120, 201200, 201301, 201401, 201402, 201503, 201504, 201601]",67417.5,8.33,1.29,0.11,8.1,0.0,0.0,2.98,79.19
1013,428,2017,"[201401, 201501, 201503, 201504, 201601, 201602]",48927.45,7.61,0.52,0.0,5.6,0.0,0.0,3.24,83.03
1014,428,2018,"[201401, 201501, 201503, 201504, 201601, 201602]",51939.94,11.66,0.8,0.0,6.79,0.0,0.0,3.56,77.2
1015,428,2019,"[201401, 201501, 201503, 201504, 201601, 201602]",53754.65,10.49,1.0,0.0,5.44,0.0,0.0,3.64,79.42
1016,428,2020,"[201401, 201501, 201503, 201504, 201601, 201602]",59175.7,7.43,0.0,0.0,12.82,0.0,0.0,3.53,76.22
1017,428,2021,"[201401, 201501, 201503, 201504, 201601, 201602]",71049.99,8.53,0.0,0.0,10.63,0.0,0.0,2.03,78.81
1018,428,2022,"[201401, 201501, 201503, 201504, 201601, 201602]",73912.43,6.43,0.0,0.0,9.66,0.0,0.0,0.0,83.9
1019,429,2017,"[201501, 201503, 201504, 201602, 480803]",44760.29,7.12,0.26,0.3,6.98,0.0,0.0,0.14,85.19
1020,429,2018,"[201501, 201503, 201504, 201602, 480803]",53992.08,9.03,0.43,0.0,7.08,0.0,0.28,0.15,83.03
1021,429,2019,"[201501, 201503, 201504, 201602, 480803]",60082.22,9.35,1.02,0.0,6.34,0.0,0.34,0.19,82.77
1022,429,2020,"[201501, 201503, 201504, 201602, 480803]",69140.55,9.78,1.13,0.0,7.14,0.0,0.31,0.22,81.42
1023,429,2021,"[201501, 201503, 201504, 201602, 480803]",72645.96,8.36,1.01,0.0,9.5,0.0,0.26,0.19,80.69
1024,429,2022,"[201501, 201503, 201504, 201602, 480803]",87535.39,8.58,1.09,0.86,15.46,0.0,0.38,0.16,73.48
1025,437,2017,"[199120, 201401, 201402, 201601, 201700, 203100, 530700]",54563.98,6.98,0.22,0.01,19.69,0.0,1.44,0.14,71.53
1026,437,2018,"[199120, 201401, 201402, 201601, 201700, 203100, 530700]",56582.07,5.98,0.74,0.01,18.15,0.0,1.46,0.59,73.07
1027,437,2019,"[199120, 201401, 201402, 201601, 201700, 203100, 530700]",55291.67,3.82,0.85,0.02,18.92,0.0,1.05,0.95,74.39
1028,437,2020,"[199120, 201401, 201402, 201601, 201700, 203100, 530700]",54088.73,6.35,0.53,0.01,15.03,0.0,0.91,1.03,76.13
1029,437,2021,"[199120, 201401, 201402, 201601, 201700, 203100, 530700]",59606.13,6.58,0.66,0.0,16.64,0.0,0.0,1.58,74.54
1030,437,2022,"[199120, 201401, 201402, 201601, 201700, 203100, 530700]",75284.15,7.62,0.51,0.0,13.9,0.0,0.0,1.89,76.07
1031,438,2017,"[201401, 201402, 201501, 201504, 201601, 201602, 201700, 480802, 481901]",60712.61,4.74,1.63,0.0,9.81,0.0,0.0,0.3,83.52
1032,438,2018,"[201401, 201402, 201501, 201504, 201601, 201602, 201700, 480802, 481901]",60191.64,3.82,1.12,0.0,11.62,0.0,0.0,0.94,82.49
1033,438,2019,"[201401, 201402, 201501, 201504, 201601, 201602, 201700, 480802, 481901]",55876.99,3.9,0.92,0.56,10.61,0.0,0.25,1.45,82.31
1034,438,2020,"[201401, 201402, 201501, 201504, 201601, 201602, 201700, 480802, 481901]",59516.95,3.47,2.36,0.58,10.86,0.0,0.26,1.25,81.22
1035,438,2021,"[201401, 201402, 201501, 201504, 201601, 201602, 201700, 480802, 481901]",65474.53,4.09,1.91,0.43,12.52,0.0,0.21,1.08,79.76
1036,438,2022,"[201401, 201402, 201501, 201504, 201601, 201602, 201700, 480802, 481901]",67868.19,6.37,1.93,0.61,14.67,0.0,0.35,0.93,75.14
1037,439,2017,"[201402, 201601, 201602, 201700, 481901, 482001, 530700]",58880.85,15.76,5.24,0.0,14.12,0.76,0.42,2.14,61.55
1038,439,2018,"[201402, 201601, 201602, 201700, 481901, 482001, 530700]",58722.14,13.47,5.04,0.0,15.97,0.1,0.47,2.16,62.78
1039,439,2019,"[201402, 201601, 201602, 201700, 481901, 482001, 530700]",64757.73,14.22,5.43,0.0,13.97,0.13,0.49,2.1,63.67
1040,439,2020,"[201402, 201601, 201602, 201700, 481901, 482001, 530700]",64842.53,11.86,7.57,0.0,18.36,0.13,0.52,2.02,59.53
1041,439,2021,"[201402, 201601, 201602, 201700, 481901, 482001, 530700]",66168.35,11.48,7.12,0.14,19.88,0.0,0.18,2.94,58.26
1042,439,2022,"[201402, 201601, 201602, 201700, 481901, 482001, 530700]",76502.65,14.41,5.76,0.08,18.5,0.0,0.0,3.16,58.08
1043,441,2017,"[199700, 203500, 206020]",34955.98,4.34,0.48,0.0,15.28,0.17,0.0,0.01,79.73
1044,441,2018,"[199700, 203500, 206020]",37949.37,6.49,0.46,0.0,14.76,0.2,0.0,0.01,78.07
1045,441,2019,"[199700, 203500, 206020]",41722.76,4.95,3.4,0.0,14.29,0.28,0.0,0.01,77.06
1046,441,2020,"[199700, 203500, 206020]",40829.99,6.52,2.31,0.0,18.73,0.0,0.0,0.01,72.42
1047,441,2021,"[199700, 203500, 206020]",43289.23,7.95,2.54,0.0,20.55,0.0,0.01,0.01,68.93
1048,441,2022,"[199700, 203500, 206020]",48524.31,9.47,2.17,0.0,18.15,0.0,0.25,0.01,69.95
1049,442,2017,"[199900, 203300, 203500]",33472.82,3.77,4.51,0.0,14.22,0.22,0.0,2.22,75.05
1050,442,2018,"[199900, 203300, 203500]",36645.98,5.05,5.13,0.0,12.71,0.24,0.0,2.16,74.72
1051,442,2019,"[199900, 203300, 203500]",40859.1,4.18,5.75,0.0,11.71,0.27,0.0,1.45,76.65
1052,442,2020,"[199900, 203300, 203500]",40774.6,4.96,4.83,0.0,14.71,0.0,0.0,1.42,74.07
1053,442,2021,"[199900, 203300, 203500]",47435.6,6.16,4.63,0.0,15.72,0.0,0.0,1.63,71.87
1054,442,2022,"[199900, 203300, 203500]",39922.43,8.15,3.68,0.0,15.04,0.0,0.46,0.7,71.97
1055,443,2017,"[199120, 199900, 203100, 203300]",31216.64,2.84,12.4,0.0,12.11,0.32,0.0,6.41,65.92
1056,443,2018,"[199120, 199900, 203100, 203300]",34635.05,2.42,14.23,0.0,8.75,0.3,0.0,6.23,68.07
1057,443,2019,"[199120, 199900, 203100, 203300]",39744.85,2.85,10.42,0.0,6.72,0.25,0.0,4.18,75.58
1058,443,2020,"[199120, 199900, 203100, 203300]",41235.98,2.1,9.86,0.0,6.98,0.0,0.0,4.09,76.96
1059,443,2021,"[199120, 199900, 203100, 203300]",55886.26,2.84,8.82,0.0,6.42,0.0,0.0,4.71,77.21
1060,443,2022,"[199120, 199900, 203100, 203300]",24331.51,5.69,6.79,0.0,9.04,0.0,0.87,2.03,75.59
1061,445,2017,"[203100, 203300]",31211.82,2.84,12.44,0.0,12.12,0.33,0.0,6.43,65.84
1062,445,2018,"[203100, 203300]",34631.81,2.42,14.28,0.0,8.73,0.3,0.0,6.26,68.01
1063,445,2019,"[203100, 203300]",39749.76,2.85,10.45,0.0,6.7,0.25,0.0,4.2,75.55
1064,445,2020,"[203100, 203300]",41249.93,2.11,9.9,0.0,6.95,0.0,0.0,4.11,76.94
1065,445,2021,"[203100, 203300]",55949.58,2.84,8.86,0.0,6.39,0.0,0.0,4.72,77.19
1066,445,2022,"[203100, 203300]",24236.95,5.7,6.81,0.0,9.02,0.0,0.87,2.04,75.55
1067,448,2017,"[203100, 203300, 530700]",26308.87,1.77,0.03,0.0,0.43,0.0,0.32,0.0,97.44
1068,448,2018,"[203100, 203300, 530700]",29301.97,0.93,1.18,0.0,2.1,0.0,0.27,0.23,95.29
1069,448,2019,"[203100, 203300, 530700]",33182.64,0.89,1.29,0.0,2.11,0.0,0.33,0.65,94.72
1070,448,2020,"[203100, 203300, 530700]",39330.41,0.91,1.33,0.0,2.47,0.0,0.19,0.74,94.36
1071,448,2021,"[203100, 203300, 530700]",44381.2,1.22,1.88,0.0,3.3,0.0,0.26,0.68,92.65
1072,448,2022,"[203100, 203300, 530700]",50502.83,1.36,2.02,0.0,3.15,0.0,0.0,0.57,92.9
1073,449,2017,"[203100, 203200, 203710, 203800, 530801]",45287.29,1.52,1.19,0.21,0.36,0.31,0.01,0.27,96.12
1074,449,2018,"[203100, 203200, 203710, 203800, 530801]",46255.29,1.91,1.46,0.17,0.39,0.45,0.01,0.34,95.26
1075,449,2019,"[203100, 203200, 203710, 203800, 530801]",55573.36,2.93,0.94,0.19,0.41,0.0,0.01,0.58,94.94
1076,449,2020,"[203100, 203200, 203601, 203710, 203800, 530801]",56586.15,3.4,1.68,0.0,0.41,0.0,0.0,0.19,94.32
1077,449,2021,"[203100, 203200, 203601, 203710, 203800, 530801]",63966.94,3.13,0.63,0.0,0.83,0.0,0.01,0.45,94.94
1078,449,2022,"[203100, 203200, 203601, 203710, 203800, 530801]",63420.33,3.18,0.86,0.0,1.55,0.0,0.0,0.36,94.05
1079,451,2017,"[203500, 206020]",35810.67,4.54,0.92,0.01,15.1,0.17,0.02,0.03,79.22
1080,451,2018,"[203500, 206020]",38661.13,6.65,0.91,0.01,14.6,0.21,0.02,0.04,77.57
1081,451,2019,"[203500, 206020]",42540.03,5.14,3.78,0.01,14.15,0.28,0.01,0.03,76.6
1082,451,2020,"[203500, 206020, 206053, 206054]",39655.61,2.73,1.55,0.0,19.54,0.88,0.0,0.0,75.3
1083,451,2021,"[203500, 206020, 206053, 206054]",55179.86,0.59,0.81,0.0,17.66,0.0,0.0,0.0,80.94
1084,451,2022,"[203500, 206020, 206053, 206054]",41894.68,0.26,2.12,0.0,19.42,0.0,0.0,1.01,77.19
1085,452,2017,[203500],34665.0,4.27,0.33,0.0,15.34,0.16,0.0,0.0,79.91
1086,452,2018,[203500],37708.0,6.43,0.3,0.0,14.81,0.2,0.0,0.0,78.25
1087,452,2019,[203500],41444.0,4.88,3.27,0.0,14.34,0.28,0.0,0.0,77.23
1088,452,2020,"[203500, 206053, 206054]",39704.9,2.96,1.59,0.0,19.49,0.83,0.0,0.0,75.13
1089,452,2021,"[203500, 206053, 206054]",54396.93,1.05,0.9,0.0,17.85,0.0,0.0,0.0,80.19
1090,452,2022,"[203500, 206053, 206054]",42288.0,0.84,2.11,0.0,19.34,0.0,0.02,0.95,76.74
1091,453,2017,"[203300, 203500, 204410]",34651.56,4.26,0.37,0.0,15.32,0.16,0.0,0.02,79.87
1092,453,2018,"[203300, 203500, 204410]",37699.06,6.42,0.35,0.0,14.78,0.2,0.0,0.02,78.22
1093,453,2019,"[203300, 203500, 204410]",41440.76,4.88,3.29,0.0,14.31,0.27,0.0,0.02,77.23
1094,453,2020,"[203300, 203500, 203601, 203602, 204410, 206053, 206054]",41056.92,6.11,2.09,0.0,17.76,0.0,0.0,0.01,74.03
1095,453,2021,"[203300, 203500, 203601, 203602, 204410, 206053, 206054]",43020.74,7.49,2.31,0.0,19.48,0.0,0.0,0.02,70.7
1096,453,2022,"[203300, 203500, 203601, 203602, 206053, 206054]",48003.38,8.94,1.98,0.0,17.22,0.0,0.23,0.01,71.63
1097,454,2017,"[203500, 204410, 206050]",32840.26,2.3,0.25,0.0,4.62,0.46,0.0,0.0,92.36
1098,454,2018,"[203500, 204410, 206050]",41016.08,2.63,0.25,0.0,4.4,0.35,0.0,0.0,92.36
1099,454,2019,"[203500, 204410, 206050]",45983.67,2.09,0.83,0.0,4.5,0.06,0.0,0.0,92.52
1100,454,2020,"[203500, 204410, 206050, 206053, 206054]",28735.91,7.56,3.65,0.99,13.53,0.0,1.23,0.37,72.69
1101,454,2021,"[203500, 204410, 206050, 206053, 206054]",34152.2,7.76,4.57,0.64,10.72,0.0,1.31,0.0,75.0
1102,454,2022,"[203500, 206050, 206053, 206054]",36837.12,5.25,3.86,0.0,9.85,0.0,1.33,0.37,79.35
1103,455,2017,"[203100, 203200, 203300, 203500, 203710, 203720, 204410, 204420]",32094.25,2.93,8.9,0.0,11.41,0.26,0.0,4.51,71.99
1104,455,2018,"[203100, 203200, 203300, 203500, 203710, 203720, 204410, 204420]",35475.25,3.04,10.19,0.0,8.94,0.25,0.0,4.39,73.18
1105,455,2019,"[203100, 203200, 203300, 203500, 203710, 203720, 204410, 204420]",40275.78,3.05,8.04,0.0,7.42,0.23,0.0,2.96,78.29
1106,455,2020,"[203100, 203200, 203300, 203500, 203601, 203602, 203710, 203720, 204410, 204420]",51427.49,1.2,1.31,0.0,1.34,0.0,0.0,0.06,96.09
1107,455,2021,"[203100, 203200, 203300, 203500, 203601, 203602, 203710, 203720, 204410, 204420]",51039.08,1.38,1.46,0.0,1.47,0.0,0.0,0.07,95.62
1108,455,2022,"[203100, 203200, 203300, 203500, 203601, 203602, 203710, 203720, 204420]",55855.12,1.21,1.77,0.0,0.83,0.0,0.01,0.03,96.14
1109,456,2017,"[203200, 203710, 203720, 203800]",37963.95,1.23,0.36,0.0,0.8,0.0,0.0,0.0,97.61
1110,456,2018,"[203200, 203710, 203720, 203800]",40643.9,1.17,0.82,0.0,0.67,0.0,0.0,0.0,97.34
1111,456,2019,"[203200, 203710, 203720, 203800]",46839.76,1.1,0.52,0.0,0.67,0.0,0.0,0.0,97.7
1112,456,2020,"[203200, 203710, 203720, 203800]",60954.62,1.18,0.39,0.0,0.44,0.0,0.0,0.0,97.99
1113,456,2021,"[203200, 203710, 203720, 203800]",66933.83,2.19,0.43,0.0,0.43,0.0,0.0,0.0,96.96
1114,456,2022,"[203200, 203710, 203720, 203800]",70493.3,1.25,0.78,0.41,0.47,0.0,0.0,0.0,97.1
1115,457,2017,"[203710, 203720, 203800, 204200, 204420]",29190.7,0.68,0.87,0.0,0.97,0.0,0.0,0.0,97.48
1116,457,2018,"[203710, 203720, 203800, 204200, 204420]",35112.31,1.56,0.0,0.0,0.52,0.0,0.0,0.0,97.92
1117,457,2019,"[203710, 203720, 203800, 204200, 204420]",37924.41,1.52,0.0,0.0,0.54,0.0,0.0,0.2,97.74
1118,457,2020,"[203601, 203710, 203720, 203800, 204200, 204420]",48685.15,1.2,0.0,0.0,0.35,0.0,0.0,0.17,98.28
1119,457,2021,"[203601, 203710, 203720, 203800, 204200, 204420]",51500.83,1.19,0.0,0.0,1.03,0.0,0.0,0.18,97.6
1120,457,2022,"[203601, 203710, 203720, 203800, 204200, 204420]",68973.35,2.05,0.0,0.0,0.98,0.0,0.0,1.02,95.94
1121,459,2017,"[203200, 203720, 203800, 203900, 530801, 530901, 531101]",39008.43,1.89,0.19,0.0,1.82,0.0,0.49,0.4,95.2
1122,459,2018,"[203200, 203720, 203800, 203900, 530801, 530901, 531101]",43267.76,1.88,0.18,0.0,1.63,0.0,0.0,0.18,96.13
1123,459,2019,"[203200, 203720, 203800, 203900, 530801, 530901, 531101]",45152.31,0.98,0.21,0.0,1.57,0.0,0.0,0.12,97.13
1124,459,2020,"[203200, 203720, 203800, 203900, 530801, 530901, 531101]",45057.26,0.57,0.21,0.0,1.82,0.0,0.0,0.0,97.4
1125,459,2021,"[203200, 203720, 203800, 203900, 530801, 530901, 531101]",45038.17,1.1,0.54,0.0,0.84,0.0,0.0,0.0,97.52
1126,459,2022,"[203200, 203720, 203800, 203900, 530801, 530901, 531101]",53944.87,2.03,0.76,0.0,1.05,0.0,0.0,0.0,96.16
1127,461,2017,[206050],22121.0,6.28,3.67,0.28,10.28,0.0,0.55,1.1,77.84
1128,461,2018,[206050],23007.0,6.32,5.57,0.3,9.1,0.0,0.65,0.95,77.11
1129,461,2019,[206050],23380.0,6.35,4.23,0.25,7.78,0.0,0.64,1.13,79.62
1130,461,2020,"[206050, 206053, 206054]",28701.08,7.56,3.65,0.99,13.53,0.0,1.23,0.37,72.67
1131,461,2021,"[206050, 206053, 206054]",34128.92,7.77,4.57,0.64,10.73,0.0,1.31,0.0,74.98
1132,461,2022,"[206050, 206053, 206054]",36842.34,5.25,3.86,0.0,9.84,0.0,1.33,0.37,79.35
1133,462,2017,"[204600, 206050]",22550.13,6.18,3.6,0.27,9.97,0.0,0.54,1.07,78.37
1134,462,2018,"[204600, 206050]",23260.46,6.21,5.45,0.29,8.87,0.0,0.63,0.92,77.63
1135,462,2019,"[204600, 206050]",23645.16,6.28,4.17,0.24,7.6,0.0,0.63,1.11,79.98
1136,462,2020,"[204600, 206050, 206053]",35724.39,4.32,4.26,0.04,5.32,0.0,0.67,1.34,84.05
1137,462,2021,"[204600, 206050, 206053]",41831.75,4.75,2.34,0.04,5.53,0.0,0.9,0.45,86.0
1138,462,2022,"[204600, 206050, 206053]",47364.13,5.44,1.36,1.09,6.12,0.0,0.63,0.24,85.13
1139,463,2017,"[203500, 204410, 204420, 204600, 206050]",32401.23,1.79,0.23,0.0,1.88,0.53,0.0,0.0,95.56
1140,463,2018,"[203500, 204410, 204420, 204600, 206050]",41881.93,1.65,0.23,0.0,1.74,0.39,0.0,0.0,95.99
1141,463,2019,"[203500, 204410, 204420, 204600, 206050]",47168.18,1.36,0.21,0.0,1.99,0.0,0.0,0.0,96.44
1142,463,2020,"[203500, 203602, 204410, 204420, 204600, 206050, 206053]",63064.82,1.2,0.2,0.0,1.13,0.0,0.0,1.54,95.93
1143,463,2021,"[203500, 203602, 204410, 204420, 204600, 206050, 206053]",59618.47,1.27,0.02,0.0,0.85,0.0,0.0,2.19,95.66
1144,463,2022,"[203500, 203602, 204420, 204600, 206050, 206053]",44618.93,3.64,2.76,0.1,4.39,0.0,0.38,0.8,87.93
1145,464,2017,"[204200, 204300, 204410, 204420]",25750.14,2.63,3.5,0.0,2.35,0.0,0.0,0.52,91.0
1146,464,2018,"[204200, 204300, 204410, 204420]",27897.12,1.78,4.19,0.0,3.32,0.0,0.0,0.55,90.16
1147,464,2019,"[204200, 204300, 204410, 204420]",29769.31,1.24,4.8,0.0,2.53,0.0,0.0,0.63,90.79
1148,464,2020,"[204200, 204300, 204410, 204420]",33056.72,2.44,5.37,0.0,1.49,0.0,0.0,0.41,90.29
1149,464,2021,"[204200, 204300, 204410, 204420]",41954.8,2.1,3.81,0.0,0.36,0.0,0.0,0.62,93.11
1150,464,2022,"[204200, 204300, 204420]",46517.86,1.82,3.14,0.0,0.52,0.0,0.0,1.2,93.33
1151,465,2017,"[203900, 204110, 204120, 204300, 204810]",41110.04,3.3,0.04,0.0,0.0,0.0,0.0,0.0,96.67
1152,465,2018,"[203900, 204110, 204120, 204300, 204810]",46960.77,3.3,0.0,0.34,1.11,0.0,0.0,0.2,95.04
1153,465,2019,"[203900, 204110, 204120, 204300, 204810]",52803.89,3.06,1.11,0.34,0.84,0.0,0.94,0.27,93.45
1154,465,2020,"[203900, 204110, 204120, 204300, 204810]",60411.91,4.74,0.96,0.27,0.58,0.0,0.72,0.31,92.42
1155,465,2021,"[203900, 204110, 204120, 204300, 204810]",62435.41,2.08,0.95,0.23,0.61,0.0,0.65,0.27,95.23
1156,465,2022,"[203900, 204110, 204120, 204300, 204810]",78887.46,2.03,0.96,0.23,0.65,0.0,0.85,0.27,95.01
1157,466,2017,"[203720, 203800, 204110, 204200, 204300, 204420]",29977.72,0.68,0.0,0.0,1.95,0.0,0.0,0.0,97.37
1158,466,2018,"[203720, 203800, 204110, 204200, 204300, 204420]",32388.72,1.12,0.33,0.0,1.79,0.0,0.0,0.0,96.77
1159,466,2019,"[203720, 203800, 204110, 204200, 204300, 204420]",32964.35,1.04,0.33,0.0,1.72,0.0,0.0,0.0,96.91
1160,466,2020,"[203720, 203800, 204110, 204200, 204300, 204420]",38935.69,1.05,0.41,0.0,1.9,0.0,0.0,0.0,96.63
1161,466,2021,"[203720, 203800, 204110, 204200, 204300, 204420]",42183.86,0.84,0.38,0.0,3.67,0.0,0.0,0.0,95.11
1162,466,2022,"[203720, 203800, 204110, 204200, 204300, 204420]",45681.11,1.34,1.34,0.0,3.09,0.44,0.0,0.0,93.79
1163,467,2017,"[204110, 204120, 204200, 204300, 204700, 204810]",31040.73,3.01,0.46,0.46,0.79,0.0,0.0,0.0,95.29
1164,467,2018,"[204110, 204120, 204200, 204300, 204700, 204810]",37186.73,3.13,0.4,0.16,1.24,0.0,0.0,0.0,95.07
1165,467,2019,"[204110, 204120, 204200, 204300, 204700, 204810]",41920.94,2.52,0.4,0.0,1.38,0.0,0.0,0.15,95.56
1166,467,2020,"[204110, 204120, 204200, 204300, 204700, 204810]",51363.1,2.26,0.4,0.0,1.31,0.0,0.0,0.16,95.87
1167,467,2021,"[204110, 204120, 204200, 204300, 204700, 204810]",55449.29,2.26,0.36,0.0,1.51,0.0,0.0,0.15,95.72
1168,467,2022,"[204110, 204120, 204200, 204300, 204700, 204810]",53439.61,2.27,0.3,0.0,1.98,0.0,0.0,0.21,95.24
1169,468,2017,"[203800, 203900, 204110, 204120, 204200, 204300]",38472.27,3.1,0.15,0.0,0.39,0.0,0.0,0.0,96.35
1170,468,2018,"[203800, 203900, 204110, 204120, 204200, 204300]",46876.28,2.94,0.0,0.0,0.33,0.0,0.0,0.0,96.73
1171,468,2019,"[203800, 203900, 204110, 204120, 204200, 204300]",57401.4,3.62,0.0,0.0,0.0,0.0,0.0,0.0,96.38
1172,468,2020,"[203800, 203900, 204110, 204120, 204200, 204300]",59052.98,4.0,0.57,0.06,0.01,0.0,0.0,0.0,95.36
1173,468,2021,"[203800, 203900, 204110, 204120, 204200, 204300]",69990.02,2.99,0.95,0.06,0.48,0.0,0.0,0.89,94.64
1174,468,2022,"[203800, 203900, 204110, 204120, 204200, 204300]",70903.41,1.68,1.03,0.06,0.65,0.0,0.0,1.0,95.58
1175,469,2017,"[203900, 204110, 204120, 204810, 204910, 530901, 531101, 531201]",42296.98,1.51,0.77,0.0,0.01,0.0,0.0,0.0,97.7
1176,469,2018,"[203900, 204110, 204120, 204810, 204910, 530901, 531101, 531201]",49579.95,1.61,0.81,0.01,0.02,0.0,0.0,0.01,97.55
1177,469,2019,"[203900, 204110, 204120, 204810, 204910, 530901, 531101, 531201]",56788.01,2.05,0.8,0.01,0.01,0.0,0.0,0.01,97.11
1178,469,2020,"[203900, 204110, 204120, 204810, 204910, 530901, 531101, 531201]",59227.97,2.33,0.48,0.01,1.46,0.0,0.05,0.01,95.66
1179,469,2021,"[203900, 204110, 204120, 204810, 204910, 530901, 531101, 531201]",65911.94,3.07,0.02,0.0,1.53,0.0,0.04,0.01,95.31
1180,469,2022,"[203900, 204110, 204120, 204810, 204910, 530901, 531101, 531201]",90381.63,3.39,0.03,0.0,1.58,0.0,0.04,0.01,94.95
1181,471,2017,"[204600, 206050]",22122.0,6.28,3.67,0.28,10.27,0.0,0.55,1.1,77.85
1182,471,2018,"[204600, 206050]",23007.59,6.32,5.57,0.3,9.1,0.0,0.65,0.95,77.12
1183,471,2019,"[204600, 206050]",23380.62,6.35,4.23,0.25,7.78,0.0,0.64,1.13,79.62
1184,471,2020,"[204600, 206050, 206053]",35794.3,4.33,4.33,0.05,5.43,0.0,0.68,1.37,83.8
1185,471,2021,"[204600, 206050, 206053]",41749.62,4.79,2.37,0.05,5.61,0.0,0.91,0.46,85.82
1186,471,2022,"[204600, 206050, 206053]",47430.05,5.48,1.38,1.12,6.21,0.0,0.65,0.22,84.94
1187,473,2017,"[204300, 204410, 204420, 204600, 204700, 206050]",35718.23,2.9,1.5,0.0,0.73,0.0,0.22,0.0,94.66
1188,473,2018,"[204300, 204410, 204420, 204600, 204700, 206050]",31062.48,2.89,1.7,0.0,1.7,0.0,0.24,0.0,93.46
1189,473,2019,"[204300, 204410, 204420, 204600, 204700, 206050]",31809.07,3.94,2.23,0.0,2.14,0.0,0.27,0.34,91.08
1190,473,2020,"[204300, 204410, 204420, 204600, 204700, 206050]",33629.09,3.93,1.87,0.0,2.08,0.0,0.26,0.33,91.53
1191,473,2021,"[204300, 204410, 204420, 204600, 204700, 206050]",44395.2,3.49,1.37,0.0,3.03,0.0,0.39,0.37,91.35
1192,473,2022,"[204300, 204420, 204600, 204700, 206050]",45388.95,4.3,0.68,0.0,3.21,0.0,0.0,0.85,90.96
1193,477,2017,"[204300, 204600, 204700, 204810, 204820]",50430.66,3.75,0.0,0.0,1.46,0.0,0.0,0.0,94.79
1194,477,2018,"[204300, 204600, 204700, 204810, 204820]",55733.75,2.38,0.46,0.0,1.14,0.0,0.0,0.0,96.02
1195,477,2019,"[204300, 204600, 204700, 204810, 204820]",54783.59,1.27,1.07,0.0,1.14,0.0,0.0,0.6,95.92
1196,477,2020,"[204300, 204600, 204700, 204810, 204820]",59704.15,1.98,0.67,0.09,0.23,0.0,0.0,0.53,96.5
1197,477,2021,"[204300, 204600, 204700, 204810, 204820]",58610.73,2.31,0.9,0.1,0.67,0.0,0.0,0.44,95.58
1198,477,2022,"[204300, 204600, 204700, 204810, 204820]",69822.45,3.5,0.85,0.1,0.5,0.0,0.0,0.35,94.7
1199,478,2017,"[204120, 204810, 204820, 204910]",41012.45,0.19,1.1,0.17,0.58,0.0,0.0,0.0,97.96
1200,478,2018,"[204120, 204810, 204820, 204910]",44786.08,0.03,2.14,0.16,0.54,0.0,0.0,0.47,96.65
1201,478,2019,"[204120, 204810, 204820, 204910]",46341.35,0.04,2.2,0.17,0.53,0.0,0.0,0.45,96.62
1202,478,2020,"[204120, 204810, 204820, 204910]",46989.86,0.06,1.1,0.22,0.14,0.0,2.24,0.48,95.75
1203,478,2021,"[204120, 204810, 204820, 204910]",49030.87,0.03,1.02,0.0,0.17,0.0,2.09,0.44,96.24
1204,478,2022,"[204120, 204810, 204820, 204910]",54080.02,0.41,1.26,0.0,0.14,0.0,2.04,0.48,95.67
1205,479,2017,"[203900, 204810, 204820, 204910, 204920, 531201, 531202, 531301]",37238.02,2.09,0.27,0.0,0.28,0.0,0.0,0.17,97.18
1206,479,2018,"[203900, 204810, 204820, 204910, 204920, 531201, 531202, 531301]",37199.45,1.7,0.71,0.0,0.27,0.0,0.0,0.18,97.14
1207,479,2019,"[203900, 204810, 204820, 204910, 204920, 531201, 531202, 531301]",38554.78,2.47,0.87,0.0,0.24,0.0,0.0,0.24,96.19
1208,479,2020,"[203900, 204810, 204820, 204910, 204920, 531201, 531202, 531301]",40619.88,3.43,0.74,0.0,0.17,0.0,0.0,0.23,95.43
1209,479,2021,"[203900, 204810, 204820, 204910, 204920, 531201, 531202, 531301]",44123.13,4.14,0.35,0.0,0.13,0.0,0.0,0.0,95.38
1210,479,2022,"[203900, 204810, 204820, 204910, 204920, 531201, 531202, 531301]",47350.92,5.39,0.5,0.0,0.0,0.0,0.0,0.2,93.91
1211,483,2017,"[204600, 204700, 206050]",34753.5,3.14,1.65,0.02,1.41,0.0,0.24,0.08,93.47
1212,483,2018,"[204600, 204700, 206050]",30469.01,3.13,1.98,0.02,2.23,0.0,0.27,0.07,92.3
1213,483,2019,"[204600, 204700, 206050]",31186.41,4.12,2.37,0.02,2.54,0.0,0.3,0.4,90.26
1214,483,2020,"[204600, 204700, 206050]",33746.12,3.96,2.05,0.0,2.32,0.0,0.29,0.4,90.97
1215,483,2021,"[204600, 204700, 206050]",44188.12,3.59,1.44,0.0,3.21,0.0,0.43,0.37,90.95
1216,483,2022,"[204600, 204700, 206050]",45506.46,4.39,0.73,0.08,3.43,0.0,0.05,0.8,90.53
1217,487,2017,"[204600, 204700, 204820, 205110, 206050]",50298.59,3.76,0.02,0.0,1.49,0.0,0.0,0.0,94.74
1218,487,2018,"[204600, 204700, 204820, 205110, 206050]",55545.93,2.39,0.48,0.0,1.17,0.0,0.0,0.0,95.95
1219,487,2019,"[204600, 204700, 204820, 205110, 206050]",54606.78,1.3,1.08,0.0,1.17,0.0,0.0,0.6,95.85
1220,487,2020,"[204600, 204700, 204820, 205110, 206050]",59538.99,1.99,0.69,0.09,0.26,0.0,0.0,0.53,96.44
1221,487,2021,"[204600, 204700, 204820, 205110, 206050]",58510.78,2.33,0.91,0.1,0.69,0.0,0.0,0.44,95.54
1222,487,2022,"[204600, 204700, 204820, 205110, 206050]",69665.97,3.51,0.85,0.11,0.52,0.0,0.0,0.35,94.66
1223,488,2017,"[204700, 204820, 204920, 205110, 205120]",39604.57,2.71,0.0,0.0,0.0,0.0,0.0,0.0,97.29
1224,488,2018,"[204700, 204820, 204920, 205110, 205120]",39913.65,2.33,2.0,0.0,0.05,0.0,0.0,0.0,95.62
1225,488,2019,"[204700, 204820, 204920, 205110, 205120]",40005.95,2.59,2.27,0.0,0.22,0.0,0.0,0.0,94.92
1226,488,2020,"[204700, 204820, 204920, 205110, 205120]",49396.88,4.1,2.7,0.0,0.28,0.0,0.0,0.0,92.91
1227,488,2021,"[204700, 204820, 204920, 205110, 205120]",54451.45,2.14,1.69,0.0,0.93,0.0,0.0,0.0,95.23
1228,488,2022,"[204700, 204820, 204920, 205110, 205120]",61188.11,1.85,1.57,0.0,1.12,0.0,0.0,0.0,95.46
1229,489,2017,"[204700, 204820, 205110, 205120, 206050]",42997.01,1.69,0.29,0.0,3.23,0.0,0.0,0.0,94.79
1230,489,2018,"[204700, 204820, 205110, 205120, 206050]",44402.94,2.04,0.73,0.0,3.14,0.0,0.0,0.0,94.08
1231,489,2019,"[204700, 204820, 205110, 205120, 206050]",47120.95,1.51,0.47,0.0,2.22,0.0,0.0,0.0,95.8
1232,489,2020,"[204700, 204820, 205110, 205120, 206050]",47125.89,0.73,0.58,0.0,2.9,0.0,0.0,0.0,95.79
1233,489,2021,"[204700, 204820, 205110, 205120, 206050]",49676.18,1.15,0.73,0.54,1.23,0.0,0.0,0.0,96.35
1234,489,2022,"[204700, 204820, 205110, 205120, 206050]",51315.98,1.13,0.7,0.46,0.3,0.0,0.0,0.0,97.41
1235,491,2017,"[204700, 205110, 205120, 206050]",22139.11,6.27,3.67,0.27,10.26,0.0,0.55,1.1,77.88
1236,491,2018,"[204700, 205110, 205120, 206050]",23025.48,6.31,5.56,0.3,9.09,0.0,0.65,0.94,77.15
1237,491,2019,"[204700, 205110, 205120, 206050]",23394.25,6.34,4.23,0.25,7.77,0.0,0.64,1.13,79.65
1238,491,2020,"[204700, 205110, 205120, 206050, 980016]",35791.54,4.33,4.33,0.05,5.42,0.0,0.68,1.37,83.83
1239,491,2021,"[204700, 205110, 205120, 206050, 980016]",41737.91,4.78,2.37,0.05,5.6,0.0,0.91,0.45,85.85
1240,491,2022,"[204700, 205110, 205120, 206050, 980016]",47406.07,5.47,1.38,1.12,6.2,0.0,0.65,0.22,84.96
1241,497,2017,"[204820, 204920, 205110, 205120, 206050]",28580.12,1.05,3.09,0.0,1.43,0.0,0.0,0.0,94.43
1242,497,2018,"[204820, 204920, 205110, 205120, 206050]",29526.12,1.28,2.24,0.0,0.99,0.0,0.0,0.0,95.48
1243,497,2019,"[204820, 204920, 205110, 205120, 206050]",26871.58,0.68,2.03,0.0,1.04,0.0,0.0,0.0,96.25
1244,497,2020,"[204820, 204920, 205110, 205120, 206050, 980016]",29915.45,0.34,1.82,0.0,0.11,0.0,0.0,0.0,97.72
1245,497,2021,"[204820, 204920, 205110, 205120, 206050, 980016]",31575.87,0.4,2.31,0.0,0.14,0.0,0.0,0.0,97.15
1246,497,2022,"[204820, 204920, 205110, 205120, 206050, 980016]",30094.57,0.43,0.56,0.0,1.48,0.0,0.0,0.0,97.53
1247,499,2017,"[204820, 204920, 532302]",40871.83,2.94,0.59,0.0,0.0,0.0,0.0,0.0,96.47
1248,499,2018,"[204820, 204920, 532302]",40274.7,2.58,1.02,0.0,0.0,0.0,0.0,0.0,96.4
1249,499,2019,"[204820, 204920, 532302]",39905.96,1.71,0.84,0.0,0.0,0.0,0.0,0.18,97.27
1250,499,2020,"[204820, 204920, 532302, 980016]",59343.82,1.29,0.54,0.0,0.0,0.0,0.0,0.18,98.0
1251,499,2021,"[204820, 204920, 532302, 980016]",69122.69,2.21,0.55,0.0,0.0,0.0,0.0,0.24,97.0
1252,499,2022,"[204820, 204920, 532302, 980016]",67082.26,1.75,1.26,0.0,0.0,0.0,0.0,0.57,96.42
1253,501,2017,"[291220, 291300, 543400, 543501, 603102, 603200, 650101, 650200]",74214.47,18.75,7.24,0.15,45.47,0.78,1.57,1.42,24.62
1254,501,2018,"[291220, 291300, 543400, 543501, 603102, 603200, 650101, 650200]",78820.87,18.61,6.84,0.21,43.57,0.49,1.79,3.52,24.98
1255,501,2019,"[291220, 291300, 543400, 543501, 603102, 603200, 650101, 650200]",81058.9,14.58,9.5,0.23,43.06,0.51,1.24,5.76,25.12
1256,501,2020,"[291220, 291300, 292001, 541003, 543400, 543501, 603102, 603200, 650101, 650200]",88006.07,11.42,8.88,0.24,41.96,0.41,1.22,10.64,25.24
1257,501,2021,"[291220, 291300, 292001, 541003, 543400, 543501, 603102, 603200, 650101, 650200]",94022.77,8.72,10.07,0.25,44.38,0.25,0.02,9.24,27.06
1258,501,2022,"[291220, 291300, 292001, 541003, 543400, 543501, 603102, 603200, 650101, 650200]",104783.21,9.16,11.06,0.0,42.57,0.32,0.03,8.28,28.59
1259,502,2017,"[291300, 603200]",74342.15,18.91,7.25,0.15,45.76,0.78,1.59,1.41,24.16
1260,502,2018,"[291300, 603200]",79003.45,18.77,6.85,0.21,43.84,0.49,1.8,3.54,24.51
1261,502,2019,"[291300, 603200]",81292.38,14.71,9.53,0.23,43.3,0.49,1.25,5.81,24.67
1262,502,2020,"[291300, 603200]",88661.95,11.52,8.67,0.25,42.46,0.4,1.23,10.84,24.64
1263,502,2021,"[291300, 603200]",94726.68,8.78,9.86,0.25,44.91,0.25,0.03,9.38,26.53
1264,502,2022,"[291300, 603200]",105618.92,9.23,10.89,0.0,43.06,0.32,0.03,8.4,28.07
1265,503,2017,"[294302, 294410, 294421, 980015]",44466.68,10.67,24.3,0.0,15.47,4.71,0.0,5.78,39.07
1266,503,2018,"[294302, 294410, 294421, 980015]",46087.14,9.87,22.08,0.0,18.86,7.16,0.0,3.52,38.5
1267,503,2019,"[294302, 294410, 294421, 980015]",50921.9,8.52,24.74,0.0,19.95,7.08,0.0,1.3,38.4
1268,503,2020,"[294302, 294410, 294421, 980015]",47025.79,8.95,18.12,0.0,16.97,2.24,0.0,1.24,52.49
1269,503,2021,"[294302, 294410, 294421, 980015]",64125.01,12.07,16.96,0.0,15.73,3.42,0.0,1.02,50.8
1270,503,2022,"[294302, 294410, 294421, 980015]",69806.65,10.33,20.51,0.0,16.42,1.05,0.0,1.57,50.13
1271,504,2017,"[543502, 650200, 650901]",65130.09,17.89,2.63,0.81,27.71,0.01,0.0,1.7,49.25
1272,504,2018,"[543502, 650200, 650901]",67763.58,15.98,2.63,0.54,26.39,0.01,0.0,1.58,52.85
1273,504,2019,"[543502, 650200, 650901]",83854.91,13.95,3.03,0.25,28.13,0.02,0.75,1.69,52.19
1274,504,2020,"[292001, 292002, 293203, 543502, 650200, 650901]",54509.6,9.45,9.31,0.0,22.08,0.09,3.02,3.75,52.31
1275,504,2021,"[292001, 292002, 293203, 543502, 650200, 650901]",54446.49,9.04,9.06,0.0,24.14,0.0,0.0,4.72,53.04
1276,504,2022,"[292001, 292002, 293203, 543502, 650200, 650901]",62084.21,9.82,9.05,0.0,21.08,0.0,0.0,2.28,57.76
1277,505,2017,"[291300, 543501]",74329.0,18.91,7.23,0.15,45.78,0.78,1.59,1.41,24.15
1278,505,2018,"[291300, 543501]",78976.01,18.75,6.82,0.21,43.85,0.5,1.8,3.55,24.52
1279,505,2019,"[291300, 543501]",81251.27,14.69,9.5,0.23,43.36,0.51,1.25,5.82,24.64
1280,505,2020,"[291300, 292001, 543501]",41096.63,5.84,10.78,0.0,22.1,0.0,3.74,4.18,53.36
1281,505,2021,"[291300, 292001, 543501]",43073.51,5.66,10.65,0.0,25.85,0.0,0.0,5.51,52.32
1282,505,2022,"[291300, 292001, 543501]",50563.51,5.84,10.34,0.0,24.21,0.0,0.0,2.58,57.04
1283,506,2017,"[543502, 543503, 650901]",70011.26,20.21,9.77,0.05,32.29,0.63,0.28,3.1,33.68
1284,506,2018,"[543502, 543503, 650901]",74789.17,21.49,8.65,0.06,37.42,0.72,0.53,3.42,27.7
1285,506,2019,"[543502, 543503, 650901]",76558.42,20.13,7.25,0.0,36.49,0.13,0.42,2.83,32.75
1286,506,2020,"[292002, 293203, 293204, 543502, 543503, 650901]",70260.53,12.21,6.0,0.0,18.92,0.0,0.0,0.62,62.23
1287,506,2021,"[292002, 293203, 293204, 543502, 543503, 650901]",89800.51,9.27,5.04,0.0,19.53,0.0,0.01,0.95,65.2
1288,506,2022,"[292002, 293203, 293204, 543502, 543503, 650901]",94242.71,13.35,4.37,0.0,22.77,0.0,0.01,1.1,58.41
1289,507,2017,"[293301, 543503]",72593.86,20.28,8.65,0.0,37.18,0.57,0.44,2.9,29.97
1290,507,2018,"[293301, 543503]",76120.72,20.29,7.52,0.0,41.65,0.66,0.7,3.53,25.64
1291,507,2019,"[293301, 543503]",76977.49,19.15,6.48,0.0,42.46,0.11,0.62,3.39,27.78
1292,507,2020,"[293204, 293205, 293206, 293301, 543503, 543605, 543606]",50577.31,3.88,6.88,0.0,16.61,0.0,0.0,1.76,70.87
1293,507,2021,"[293204, 293205, 293206, 293301, 543503, 543605, 543606]",56868.07,5.74,7.8,0.0,15.6,0.0,0.0,2.01,68.85
1294,507,2022,"[293204, 293205, 293206, 293301, 543503, 543605, 543606]",62721.34,6.76,10.12,0.0,18.35,0.0,0.44,2.95,61.38
1295,508,2017,"[293301, 293302, 651001]",79860.85,31.77,1.02,0.0,42.02,0.01,0.66,3.44,21.09
1296,508,2018,"[293301, 293302, 651001]",81384.61,30.03,0.98,0.0,46.76,0.01,0.79,4.9,16.52
1297,508,2019,"[293301, 293302, 651001]",83801.42,28.22,1.38,0.0,49.11,0.01,0.87,6.35,14.06
1298,508,2020,"[293205, 293301, 293302, 543605, 651001]",87428.63,20.88,1.75,0.0,52.69,0.01,0.77,6.47,17.42
1299,508,2021,"[293205, 293301, 293302, 543605, 651001]",107883.93,21.97,2.14,0.35,47.93,0.0,0.71,6.33,20.58
1300,508,2022,"[293205, 293301, 293302, 543605, 651001]",105837.27,22.26,3.6,0.55,47.43,0.0,0.0,4.79,21.37
1301,509,2017,"[293301, 293302, 543603, 651001, 670001, 670002]",66130.28,17.81,11.66,0.0,25.77,3.43,0.0,2.18,39.14
1302,509,2018,"[293301, 293302, 543603, 651001, 670001, 670002]",67531.7,22.75,12.16,0.0,17.79,3.6,0.0,1.89,41.82
1303,509,2019,"[293301, 293302, 543603, 651001, 670001, 670002]",83923.34,25.51,13.76,0.0,25.67,2.9,0.0,1.8,30.35
1304,509,2020,"[293301, 293302, 543603, 651001, 670001, 670002]",90173.78,19.03,12.11,0.0,27.71,4.29,0.0,0.98,35.88
1305,509,2021,"[293301, 293302, 543603, 651001, 670001, 670002]",93838.42,21.24,9.7,0.0,30.1,0.25,0.2,0.77,37.74
1306,509,2022,"[293301, 293302, 543603, 651001, 670001, 670002]",100989.09,21.13,11.51,0.0,25.16,0.0,0.86,2.83,38.51
1307,511,2017,"[293302, 293304, 294421, 670002]",54783.55,13.36,5.97,0.0,13.32,0.01,0.0,1.77,65.56
1308,511,2018,"[293302, 293304, 294421, 670002]",60792.3,12.02,6.38,0.0,14.21,0.01,0.0,3.38,64.0
1309,511,2019,"[293302, 293304, 294421, 670002]",63221.71,11.11,6.81,0.0,11.08,0.01,0.0,3.06,67.93
1310,511,2020,"[293302, 293304, 294421, 670002]",68383.74,19.04,5.88,0.0,13.37,0.01,0.0,2.83,58.86
1311,511,2021,"[293302, 293304, 294421, 670002]",65616.6,17.13,7.43,0.0,13.18,0.0,0.0,2.49,59.77
1312,511,2022,"[293302, 293304, 294421, 670002]",68867.13,16.73,4.59,0.0,13.93,0.0,0.0,4.96,59.79
1313,512,2017,"[293306, 293307, 294421]",84214.19,32.55,9.75,0.0,10.9,0.0,0.0,2.65,44.14
1314,512,2018,"[293306, 293307, 294421]",85807.85,35.5,6.77,0.0,9.96,0.0,0.0,3.1,44.67
1315,512,2019,"[293306, 293307, 294421]",100138.26,34.25,5.05,0.0,13.06,0.0,0.0,3.0,44.65
1316,512,2020,"[293306, 293307, 294421, 670101]",101432.75,31.84,5.19,0.0,21.08,0.0,0.0,3.18,38.71
1317,512,2021,"[293306, 293307, 294421, 670101]",104682.71,33.7,5.04,0.0,22.49,0.0,0.0,2.39,36.38
1318,512,2022,"[293306, 293307, 294421, 670101]",114762.05,38.83,5.56,0.0,20.81,0.0,0.0,2.05,32.75
1319,513,2017,"[293302, 293304, 293306, 293307, 294302, 294410, 294421, 543603, 980015]",41832.55,12.19,29.33,0.01,8.97,3.47,0.09,6.73,39.19
1320,513,2018,"[293302, 293304, 293306, 293307, 294302, 294410, 294421, 543603, 980015]",50578.3,12.77,29.62,0.01,12.29,2.48,0.01,6.38,36.44
1321,513,2019,"[293302, 293304, 293306, 293307, 294302, 294410, 294421, 543603, 980015]",60611.46,8.97,25.75,0.01,16.7,0.12,0.01,5.16,43.28
1322,513,2020,"[293302, 293304, 293306, 293307, 294302, 294410, 294421, 543603, 980015]",42940.04,7.79,26.99,0.01,12.53,0.07,0.01,3.38,49.22
1323,513,2021,"[293302, 293304, 293306, 293307, 294302, 294410, 294421, 543603, 980015]",46566.37,5.67,32.07,0.0,11.93,0.0,0.01,3.59,46.73
1324,513,2022,"[293302, 293304, 293306, 293307, 294302, 294410, 294421, 543603, 980015]",62149.01,8.83,26.35,0.0,11.15,0.0,0.01,3.45,50.2
1325,514,2017,"[294200, 294301, 294302, 294410, 294810]",57920.65,7.4,1.33,0.14,4.91,0.12,0.22,0.45,85.42
1326,514,2018,"[294200, 294301, 294302, 294410, 294810]",59623.98,6.12,1.56,0.15,5.0,0.14,0.37,0.34,86.32
1327,514,2019,"[294200, 294301, 294302, 294410, 294810]",60410.23,6.08,3.05,0.15,6.0,0.17,0.31,0.48,83.77
1328,514,2020,"[294200, 294301, 294302, 294410, 294810]",67067.56,5.06,2.64,0.16,5.79,0.02,0.13,0.82,85.39
1329,514,2021,"[294200, 294301, 294302, 294410, 294810]",75339.49,4.71,2.03,0.0,4.29,0.02,0.15,1.22,87.58
1330,514,2022,"[294200, 294301, 294302, 294410, 294810]",89311.08,4.41,2.02,0.0,4.04,0.01,0.1,1.15,88.28
1331,515,2017,"[294110, 294200, 294301, 543703]",61335.97,7.33,0.0,0.35,4.04,0.0,0.0,0.01,88.27
1332,515,2018,"[294110, 294200, 294301, 543703]",62115.96,4.19,1.53,0.32,4.08,0.0,0.0,0.01,89.87
1333,515,2019,"[294110, 294200, 294301, 543703]",70304.61,5.36,2.46,0.39,3.51,0.39,0.0,0.3,87.59
1334,515,2020,"[294110, 294200, 294301, 543703]",72924.63,4.17,2.38,0.21,4.85,0.27,0.0,0.29,87.83
1335,515,2021,"[294110, 294200, 294301, 543703]",69126.35,3.66,2.73,0.0,4.48,0.29,0.0,0.31,88.53
1336,515,2022,"[294110, 294200, 294301, 543703]",71507.29,4.18,2.32,0.0,3.26,0.3,0.0,0.56,89.38
1337,516,2017,"[294110, 294200, 294510, 294520, 294610]",48141.82,3.63,0.05,0.0,0.73,0.0,0.0,0.0,95.59
1338,516,2018,"[294110, 294200, 294510, 294520, 294610]",49207.35,3.28,1.72,0.0,1.04,0.0,0.0,0.0,93.96
1339,516,2019,"[294110, 294200, 294510, 294520, 294610]",50761.68,3.53,2.16,0.24,0.65,0.0,0.0,0.0,93.42
1340,516,2020,"[294110, 294200, 294510, 294520, 294610]",50395.29,2.65,1.74,0.18,0.55,0.0,0.0,0.0,94.87
1341,516,2021,"[294110, 294200, 294510, 294520, 294610]",51957.42,2.88,1.28,0.19,0.7,0.0,0.0,0.0,94.94
1342,516,2022,"[294110, 294200, 294510, 294520, 294610]",54795.0,2.39,1.61,0.14,1.31,0.0,0.0,0.08,94.46
1343,517,2017,"[294110, 294120, 294520, 294610, 294620, 294701]",40991.74,1.61,1.81,0.0,4.13,0.0,0.0,0.18,92.26
1344,517,2018,"[294110, 294120, 294520, 294610, 294620, 294701]",43963.45,2.7,1.1,0.0,4.47,0.0,0.0,0.21,91.52
1345,517,2019,"[294110, 294120, 294520, 294610, 294620, 294701]",49773.2,3.36,1.04,0.0,5.34,0.0,0.0,0.0,90.26
1346,517,2020,"[294110, 294120, 294520, 294610, 294620, 294701]",51017.45,3.3,0.59,0.0,5.31,0.12,0.0,0.64,90.05
1347,517,2021,"[294110, 294120, 294520, 294610, 294620, 294701]",63325.1,2.7,0.54,0.0,5.13,0.14,0.0,0.59,90.9
1348,517,2022,"[294110, 294120, 294520, 294610, 294620, 294701]",59902.28,3.14,0.01,0.0,7.25,0.12,0.0,0.62,88.86
1349,518,2017,"[294110, 294120, 294200, 543703, 543905]",52191.28,13.85,0.0,1.89,3.04,0.16,0.0,0.7,80.35
1350,518,2018,"[294110, 294120, 294200, 543703, 543905]",50999.56,11.32,0.0,0.0,2.21,0.53,0.0,1.89,84.05
1351,518,2019,"[294110, 294120, 294200, 543703, 543905]",51036.19,9.51,0.0,0.0,2.96,0.56,0.0,2.25,84.71
1352,518,2020,"[294110, 294120, 294200, 543703, 543905]",43745.08,12.96,0.0,0.0,1.52,0.54,0.0,2.62,82.36
1353,518,2021,"[294110, 294120, 294200, 543703, 543905]",58971.32,13.32,0.0,0.0,2.23,0.0,0.0,0.28,84.17
1354,518,2022,"[294110, 294120, 294200, 543703, 543905]",64169.22,8.75,0.26,0.0,2.07,0.0,0.0,0.46,88.46
1355,519,2017,"[294110, 294120, 294620, 294701, 544002, 572301, 572600]",41135.53,6.26,5.33,0.0,1.26,0.0,0.0,3.31,83.83
1356,519,2018,"[294110, 294120, 294620, 294701, 544002, 572301, 572600]",42039.94,2.79,4.95,0.0,2.09,0.0,0.0,3.06,87.11
1357,519,2019,"[294110, 294120, 294620, 294701, 544002, 572301, 572600]",57153.04,2.05,3.24,0.0,1.86,0.0,0.0,0.34,92.51
1358,519,2020,"[294110, 294120, 294620, 294701, 544002, 572301, 572600, 578000, 980011]",39989.78,0.38,1.65,0.0,2.09,0.0,0.0,0.71,95.17
1359,519,2021,"[294110, 294120, 294620, 294701, 544002, 572301, 572600, 578000]",61975.2,0.3,1.94,0.0,3.35,0.0,0.0,0.68,93.73
1360,519,2022,"[294110, 294120, 294620, 294701, 544002, 572301, 572600, 578000, 980011]",73763.97,0.54,4.84,0.0,3.67,0.0,0.0,0.0,90.95
1361,521,2017,"[293306, 294302, 294421, 294900, 295103, 296300, 670701, 980015]",60882.91,29.98,27.16,0.0,8.26,3.59,0.0,6.89,24.12
1362,521,2018,"[293306, 294302, 294421, 294900, 295103, 296300, 670701, 980015]",75301.01,28.71,27.61,0.0,12.69,2.69,0.0,6.91,21.39
1363,521,2019,"[293306, 294302, 294421, 294900, 295103, 296300, 670701, 980015]",85861.48,22.25,24.27,0.1,18.05,0.51,0.11,5.1,29.62
1364,521,2020,"[293306, 294302, 294421, 294900, 295103, 296300, 670101, 670701, 980015]",68381.07,21.39,24.59,0.06,12.42,0.29,0.18,3.51,37.55
1365,521,2021,"[293306, 294302, 294421, 294900, 295103, 296300, 670101, 670701, 980015]",70533.34,18.65,28.44,0.07,11.98,0.17,0.15,4.13,36.4
1366,521,2022,"[293306, 294302, 294421, 294900, 295103, 296300, 670101, 670701, 980015]",85830.79,22.28,22.89,0.08,11.28,0.01,0.19,4.81,38.46
1367,522,2017,"[294302, 294510, 294810, 294820, 294900]",40923.29,2.71,1.92,0.0,1.87,0.0,0.0,0.0,93.49
1368,522,2018,"[294302, 294510, 294810, 294820, 294900]",46667.61,2.34,2.24,0.0,1.73,1.28,0.0,0.84,91.56
1369,522,2019,"[294302, 294510, 294810, 294820, 294900]",49943.5,2.45,2.52,0.0,2.05,1.33,0.0,0.84,90.8
1370,522,2020,"[294302, 294510, 294810, 294820, 294900]",50435.53,2.8,1.5,0.0,2.24,1.57,0.0,1.91,89.97
1371,522,2021,"[294302, 294510, 294810, 294820, 294900]",48268.54,1.7,2.11,0.0,2.31,1.44,1.08,2.13,89.23
1372,522,2022,"[294302, 294510, 294810, 294820, 294900]",49155.35,1.13,2.19,0.0,0.37,2.05,1.01,2.59,90.66
1373,523,2017,"[294302, 294900, 295103, 980015, 980031]",104589.65,33.92,22.02,1.39,3.98,0.69,0.0,3.88,34.11
1374,523,2018,"[294302, 294900, 295103, 980015, 980031]",65152.12,34.41,17.99,0.95,3.86,0.89,0.87,4.85,36.19
1375,523,2019,"[294302, 294900, 295103, 980015]",75003.09,20.57,5.06,0.11,8.59,0.73,0.12,2.24,62.58
1376,523,2020,"[294302, 294900, 295103, 980015]",69978.97,20.35,5.84,0.07,6.59,0.96,0.2,2.01,63.99
1377,523,2021,"[294302, 294900, 295103, 980015]",68643.97,19.25,6.48,0.08,6.52,0.71,0.17,1.54,65.25
1378,523,2022,"[294302, 294900, 295103, 980015]",72265.46,19.28,7.45,0.09,6.34,0.64,0.22,2.61,63.36
1379,524,2017,"[294302, 294830, 294900, 980031]",39011.88,3.64,1.02,0.0,1.26,0.0,0.0,2.93,91.16
1380,524,2018,"[294302, 294830, 294900, 980031]",39735.08,3.83,1.27,0.0,0.34,0.41,0.0,3.02,91.14
1381,524,2019,"[294302, 294830, 294900]",42172.67,3.61,3.25,0.0,2.95,0.47,0.0,2.07,87.65
1382,524,2020,"[294302, 294830, 294900]",38015.64,3.06,5.19,0.0,3.02,1.25,0.0,1.93,85.55
1383,524,2021,"[294302, 294830, 294900]",37189.87,2.28,6.16,0.0,3.12,0.92,0.0,0.0,87.51
1384,524,2022,"[294302, 294830, 294900]",35466.09,1.71,8.82,0.0,2.12,1.12,0.0,0.0,86.23
1385,525,2017,"[294810, 294820, 294830, 294900]",35008.7,0.49,1.4,0.0,2.32,0.0,0.13,0.18,95.48
1386,525,2018,"[294810, 294820, 294830, 294900]",36386.49,0.13,1.13,0.0,1.9,0.0,0.08,0.87,95.89
1387,525,2019,"[294810, 294820, 294830, 294900]",44528.28,0.78,3.41,0.0,0.8,0.0,0.12,1.35,93.54
1388,525,2020,"[294810, 294820, 294830, 294900]",51538.39,3.45,3.22,0.0,0.69,0.0,0.14,1.59,90.91
1389,525,2021,"[294810, 294820, 294830, 294900]",54233.55,3.51,2.87,0.0,0.9,0.0,0.0,1.55,91.16
1390,525,2022,"[294810, 294820, 294830, 294900]",63250.55,4.1,3.76,0.36,0.67,0.0,0.0,1.63,89.47
1391,526,2017,"[294510, 294520, 294810, 294820]",36765.23,0.93,1.0,0.0,1.48,0.0,0.0,0.45,96.14
1392,526,2018,"[294510, 294520, 294810, 294820]",38973.81,0.26,0.8,0.0,1.49,0.0,0.0,0.0,97.46
1393,526,2019,"[294510, 294520, 294810, 294820]",39427.4,0.75,0.9,0.0,1.67,0.0,0.0,0.0,96.68
1394,526,2020,"[294510, 294520, 294810, 294820]",37255.23,0.67,0.41,0.0,2.47,0.0,0.0,0.0,96.46
1395,526,2021,"[294510, 294520, 294810, 294820]",36788.91,1.09,0.24,0.0,2.96,0.0,0.0,0.0,95.71
1396,526,2022,"[294510, 294520, 294810, 294820]",35265.05,1.31,0.25,0.0,2.1,0.0,0.0,0.0,96.35
1397,527,2017,"[294701, 294830, 294900, 980031]",105255.03,32.71,23.0,1.48,3.77,0.66,0.01,3.71,34.66
1398,527,2018,"[294701, 294830, 294900, 980031]",62586.45,33.42,18.67,1.0,3.48,0.84,0.93,4.75,36.92
1399,527,2019,"[294701, 294830, 294900]",44514.98,0.78,3.41,0.0,0.8,0.0,0.12,1.36,93.52
1400,527,2020,"[294701, 294830, 294900]",51508.79,3.46,3.23,0.0,0.69,0.0,0.14,1.59,90.89
1401,527,2021,"[294701, 294830, 294900]",54199.09,3.51,2.89,0.0,0.9,0.0,0.0,1.55,91.15
1402,527,2022,"[294701, 294830, 294900]",63204.48,4.1,3.78,0.36,0.68,0.0,0.0,1.63,89.46
1403,528,2017,"[294120, 294610, 294620, 294701]",40938.93,2.63,1.84,0.0,0.14,0.0,0.0,0.42,94.97
1404,528,2018,"[294120, 294610, 294620, 294701]",42826.99,3.51,1.58,0.0,0.19,0.0,0.0,0.38,94.33
1405,528,2019,"[294120, 294610, 294620, 294701]",44174.54,3.33,1.54,0.0,0.01,1.43,0.0,0.47,93.23
1406,528,2020,"[294120, 294610, 294620, 294701]",49856.39,2.18,0.49,0.0,0.66,1.47,0.0,0.0,95.2
1407,528,2021,"[294120, 294610, 294620, 294701]",54096.42,1.97,0.5,0.0,0.68,1.87,0.0,0.0,94.98
1408,528,2022,"[294120, 294610, 294620, 294701]",67041.56,2.2,4.49,0.0,0.74,2.17,0.0,0.0,90.4
1409,529,2017,"[294520, 294610, 294620, 294701, 294820, 294830, 980031]",33244.05,3.83,4.91,0.67,0.62,0.26,0.0,0.77,88.95
1410,529,2018,"[294520, 294610, 294620, 294701, 294820, 294830, 980031]",40478.91,3.93,4.73,0.02,0.62,0.32,0.02,0.79,89.57
1411,529,2019,"[294520, 294610, 294620, 294701, 294820, 294830]",36748.67,2.78,4.89,0.0,0.58,0.0,0.0,1.45,90.3
1412,529,2020,"[294520, 294610, 294620, 294701, 294820, 294830, 980011]",36057.1,4.41,5.34,0.0,1.17,0.0,0.0,1.39,87.68
1413,529,2021,"[294520, 294610, 294620, 294701, 294820, 294830]",32360.85,3.89,5.59,0.0,1.18,0.0,0.0,1.17,88.17
1414,529,2022,"[294520, 294610, 294620, 294701, 294820, 294830, 980011]",34442.72,4.48,4.8,0.0,1.3,0.0,0.0,0.68,88.75
1415,531,2017,"[293304, 293306, 293307, 294421, 670002]",59858.93,17.7,8.74,0.0,13.63,0.0,0.0,3.03,56.9
1416,531,2018,"[293304, 293306, 293307, 294421, 670002]",62653.59,17.79,6.18,0.0,12.26,0.0,0.0,2.69,61.08
1417,531,2019,"[293304, 293306, 293307, 294421, 670002]",67941.25,19.11,7.01,0.0,15.87,0.0,0.0,2.81,55.21
1418,531,2020,"[293304, 293306, 293307, 294421, 670002, 670101]",67225.65,17.62,6.51,0.0,18.25,0.0,0.0,3.04,54.58
1419,531,2021,"[293304, 293306, 293307, 294421, 670002, 670101]",69266.49,18.2,5.36,0.0,13.3,0.0,0.0,2.81,60.34
1420,531,2022,"[293304, 293306, 293307, 294421, 670002, 670101]",78754.56,21.69,6.24,0.0,13.94,0.0,0.0,2.16,55.96
1421,532,2017,"[294200, 294301, 294302, 294510, 294520]",43604.4,6.38,0.0,0.0,0.22,0.0,0.0,0.17,93.23
1422,532,2018,"[294200, 294301, 294302, 294510, 294520]",49529.57,3.06,0.18,0.0,0.16,0.0,0.0,0.14,96.46
1423,532,2019,"[294200, 294301, 294302, 294510, 294520]",50016.93,1.94,0.21,0.0,0.16,0.0,0.0,0.16,97.53
1424,532,2020,"[294200, 294301, 294302, 294510, 294520]",56343.19,2.36,0.24,0.0,2.07,0.0,0.0,0.0,95.33
1425,532,2021,"[294200, 294301, 294302, 294510, 294520]",62866.66,1.96,0.23,0.0,4.86,0.0,0.0,0.0,92.94
1426,532,2022,"[294200, 294301, 294302, 294510, 294520]",59050.17,3.22,0.86,0.0,5.56,0.0,0.0,0.0,90.35
1427,541,2017,"[295103, 296300, 296402, 296500, 670701, 980031]",83310.87,38.76,6.36,0.01,18.9,0.01,0.0,2.86,33.1
1428,541,2018,"[295103, 296300, 296402, 296500, 670701, 980031]",80082.97,38.65,8.65,0.01,21.51,0.01,0.01,2.67,28.5
1429,541,2019,"[295103, 296300, 296402, 296500, 670701]",80935.74,41.41,9.08,0.0,24.68,0.0,0.0,1.41,23.41
1430,541,2020,"[295103, 296300, 296402, 296500, 670701]",85954.6,39.44,4.65,0.0,29.54,0.0,0.0,2.13,24.24
1431,541,2021,"[295103, 296300, 296402, 296500, 670701]",86797.81,40.18,5.98,0.0,24.83,0.0,0.0,2.17,26.84
1432,541,2022,"[295103, 296300, 296402, 296500, 670701]",95022.89,38.36,3.43,0.0,21.74,0.0,1.55,4.65,30.27
1433,551,2017,"[296300, 296401, 296402, 296500, 609900, 670701, 670702]",87804.68,47.14,4.25,0.16,9.01,0.0,0.35,4.73,34.35
1434,551,2018,"[296300, 296401, 296402, 296500, 609900, 670701, 670702]",93797.03,46.25,4.14,0.15,10.24,0.0,0.39,5.15,33.68
1435,551,2019,"[296300, 296401, 296402, 296500, 609900, 670701, 670702]",100642.48,44.69,4.15,0.0,9.76,0.0,0.39,1.88,39.13
1436,551,2020,"[296300, 296401, 296402, 296500, 297001, 609900, 670701, 670702]",105249.66,42.47,5.19,0.06,11.94,0.0,0.15,0.6,39.59
1437,551,2021,"[296300, 296401, 296402, 296500, 297001, 609900, 670701, 670702]",119741.09,42.45,4.44,0.07,11.72,0.38,0.13,1.45,39.35
1438,551,2022,"[296300, 296401, 296402, 296500, 297001, 609900, 670701, 670702]",127493.1,43.26,5.11,0.08,9.95,0.3,0.02,2.0,39.28
1439,555,2017,"[296210, 296300, 296402, 296500, 296600, 609900, 980031]",36713.58,5.48,8.64,0.4,5.32,0.0,0.55,2.57,77.03
1440,555,2018,"[296210, 296300, 296402, 296500, 296600, 609900, 980031]",38572.03,6.17,8.08,0.44,5.34,0.0,0.54,3.62,75.8
1441,555,2019,"[296210, 296300, 296402, 296500, 296600, 609900]",35931.85,9.35,11.54,0.29,4.37,0.0,0.64,2.7,71.13
1442,555,2020,"[296210, 296300, 296402, 296500, 296600, 609900]",37380.75,17.38,3.87,0.36,5.13,0.0,1.13,3.2,68.94
1443,555,2021,"[296210, 296300, 296402, 296500, 296600, 609900]",48769.64,16.25,3.27,0.0,6.32,0.0,0.54,2.21,71.41
1444,555,2022,"[296210, 296300, 296402, 296500, 296600, 609900]",65215.39,15.86,1.9,0.0,0.13,0.81,0.54,1.98,78.77
1445,557,2017,"[296210, 296220, 296500, 296600, 609900]",33492.62,18.66,5.97,0.0,0.93,0.0,0.5,4.02,69.92
1446,557,2018,"[296210, 296220, 296500, 296600, 609900]",36812.16,18.33,6.54,0.1,0.92,0.0,0.52,1.2,72.4
1447,557,2019,"[296210, 296220, 296500, 296600, 609900]",40915.36,14.94,5.82,0.09,2.2,0.0,0.57,1.06,75.31
1448,557,2020,"[296210, 296220, 296500, 296600, 609900]",41362.64,19.53,6.93,0.11,2.21,0.0,0.01,0.83,70.38
1449,557,2021,"[296210, 296220, 296500, 296600, 609900]",44017.27,17.09,7.37,0.11,2.59,2.16,0.01,1.49,69.18
1450,557,2022,"[296210, 296220, 296500, 296600, 609900]",48233.94,16.09,6.42,0.17,4.17,1.91,0.01,2.54,68.68
1451,558,2017,"[296210, 296220, 296500, 980031]",89149.69,26.9,20.52,1.16,3.05,0.52,0.12,3.24,44.5
1452,558,2018,"[296210, 296220, 296500, 980031]",57335.04,27.67,16.61,0.79,2.75,0.66,0.72,4.65,46.14
1453,558,2019,"[296210, 296220, 296500]",40088.28,5.93,6.04,0.0,0.37,0.0,0.0,0.75,86.91
1454,558,2020,"[296210, 296220, 296500]",40242.51,4.22,3.62,0.0,1.08,0.0,0.0,1.59,89.48
1455,558,2021,"[296210, 296220, 296500]",48013.76,4.07,3.1,0.15,1.01,0.0,0.0,2.34,89.34
1456,558,2022,"[296210, 296220, 296500]",54729.31,5.44,4.58,0.25,1.53,0.0,0.0,4.0,84.2
1457,559,2017,[980031],110385.0,35.07,24.58,1.59,3.88,0.7,0.0,3.96,30.22
1458,559,2018,[980031],64500.0,35.85,19.95,1.08,3.59,0.9,0.99,5.03,32.61
1459,561,2017,"[296401, 609900, 670702, 297400]",91246.95,63.68,2.32,0.0,5.19,0.0,0.0,2.32,26.49
1460,561,2018,"[296401, 609900, 670702, 297400]",86294.07,67.92,2.05,0.0,4.76,0.0,0.01,1.71,23.55
1461,561,2019,"[296401, 609900, 670702, 297400]",83445.24,67.2,2.43,0.0,5.14,0.0,0.01,2.38,22.84
1462,561,2020,"[296401, 297001, 297002, 609900, 670702, 297400]",160871.26,60.76,7.95,0.0,2.61,0.0,0.0,5.4,23.28
1463,561,2021,"[296401, 297001, 297002, 609900, 670702, 297400]",137628.85,56.94,7.54,0.0,2.97,0.0,0.0,9.12,23.43
1464,561,2022,"[296401, 297001, 297002, 609900, 670702, 297400]",166017.66,55.69,2.53,0.0,4.35,0.0,0.0,10.2,27.22
1465,562,2017,"[296901, 296902]",43746.73,21.45,3.3,0.15,3.35,1.18,0.0,5.88,64.69
1466,562,2018,"[296901, 296902]",46151.93,25.49,5.45,0.13,3.79,0.0,0.0,6.51,58.62
1467,562,2019,"[296901, 296902]",47400.69,24.47,6.28,0.28,3.03,0.0,0.0,4.38,61.56
1468,562,2020,"[296901, 296902, 297001, 297002]",102763.93,50.62,1.2,0.0,10.23,0.0,2.75,4.69,30.51
1469,562,2021,"[296901, 296902, 297001, 297002]",120027.29,41.46,1.55,2.21,12.61,0.0,2.69,5.43,34.04
1470,562,2022,"[296901, 296902, 297001, 297002]",113378.28,42.12,1.44,1.89,6.37,0.0,2.67,7.29,38.2
1471,563,2017,"[296600, 296901, 296902, 297110, 297120, 297201, 609900]",43474.53,20.56,3.61,0.19,3.35,1.47,0.0,6.14,64.67
1472,563,2018,"[296600, 296901, 296902, 297110, 297120, 297201, 609900]",45575.66,23.68,6.1,0.16,3.73,0.0,0.0,6.43,59.88
1473,563,2019,"[296600, 296901, 296902, 297110, 297120, 297201, 609900]",46067.08,23.24,6.88,0.26,3.19,0.0,0.0,4.35,62.08
1474,563,2020,"[296600, 296901, 296902, 297002, 297110, 297120, 297201, 609900]",50271.12,20.99,6.44,0.29,3.19,0.07,0.0,3.36,65.65
1475,563,2021,"[296600, 296901, 296902, 297002, 297110, 297120, 297201, 609900]",55169.93,20.15,6.16,0.29,3.17,0.0,0.86,3.75,65.61
1476,563,2022,"[296600, 296901, 296902, 297002, 297110, 297120, 297201, 609900]",59501.3,18.91,6.08,0.11,3.5,0.0,1.39,3.21,66.8
1477,564,2017,"[296210, 296220, 296600, 297110, 980031]",26572.79,7.94,18.5,0.0,7.06,0.0,0.16,2.35,63.98
1478,564,2018,"[296210, 296220, 296600, 297110, 980031]",27123.65,8.61,16.93,0.0,6.56,0.0,0.16,1.55,66.19
1479,564,2019,"[296210, 296220, 296600, 297110]",30056.06,9.25,12.75,0.0,9.46,0.47,0.11,2.62,65.33
1480,564,2020,"[296210, 296220, 296600, 297110]",33257.3,9.64,19.85,0.0,8.42,0.53,0.43,1.94,59.2
1481,564,2021,"[296210, 296220, 296600, 297110]",34940.19,11.63,12.72,0.0,10.07,0.51,0.0,0.49,64.57
1482,564,2022,"[296210, 296220, 296600, 297110]",42449.75,13.86,12.61,0.0,8.83,0.5,0.0,2.03,62.16
1483,565,2017,"[296600, 296902, 297110, 609900]",33142.39,18.61,5.99,0.0,0.87,0.0,0.5,4.02,70.01
1484,565,2018,"[296600, 296902, 297110, 609900]",36540.37,18.32,6.58,0.1,0.85,0.0,0.52,1.17,72.47
1485,565,2019,"[296600, 296902, 297110, 609900]",40633.86,14.87,5.84,0.09,2.15,0.0,0.58,1.02,75.46
1486,565,2020,"[296600, 296902, 297110, 609900]",41016.67,19.5,6.97,0.12,2.17,0.0,0.0,0.77,70.47
1487,565,2021,"[296600, 296902, 297110, 609900]",43655.59,17.08,7.4,0.11,2.53,2.18,0.0,1.45,69.25
1488,565,2022,"[296600, 296902, 297110, 609900]",47843.44,16.03,6.41,0.17,4.15,1.93,0.01,2.54,68.77
1489,566,2017,"[296220, 296600, 296901, 296902, 297110, 297120, 980031]",34783.7,15.98,15.26,0.22,7.29,0.26,0.58,3.09,57.31
1490,566,2018,"[296220, 296600, 296901, 296902, 297110, 297120, 980031]",37536.26,14.27,13.32,0.22,3.8,0.43,0.41,3.43,64.12
1491,566,2019,"[296220, 296600, 296901, 296902, 297110, 297120]",39984.67,16.29,11.08,0.0,5.41,0.39,0.43,2.13,64.27
1492,566,2020,"[296220, 296600, 296901, 296902, 297110, 297120]",42664.1,16.61,7.56,0.0,5.44,0.47,0.28,3.19,66.45
1493,566,2021,"[296220, 296600, 296901, 296902, 297110, 297120]",47156.42,13.75,6.22,0.0,4.64,1.19,0.26,4.02,69.93
1494,566,2022,"[296220, 296600, 296901, 296902, 297110, 297120]",50129.39,15.93,5.71,0.0,3.17,0.37,1.7,4.59,68.53
1495,567,2017,"[296901, 297110, 297120, 297201, 297601, 980031]",52619.1,21.63,3.65,0.16,2.38,0.37,0.0,1.19,70.63
1496,567,2018,"[296901, 297110, 297120, 297201, 297601, 980031]",40255.87,23.62,3.84,0.11,1.58,0.09,0.1,1.39,69.27
1497,567,2019,"[296901, 297110, 297120, 297201, 297601]",49240.18,17.18,5.61,0.0,9.38,0.0,0.0,0.03,67.8
1498,567,2020,"[296901, 297110, 297120, 297201, 297601]",52010.83,17.68,7.18,0.0,7.89,0.0,0.0,0.03,67.22
1499,567,2021,"[296901, 297110, 297120, 297201, 297601]",54674.36,16.94,6.66,0.0,8.16,0.0,0.0,0.02,68.22
1500,567,2022,"[296901, 297110, 297120, 297201, 297601]",59441.77,17.93,8.97,0.0,7.49,1.84,0.0,0.42,63.36
1501,569,2017,"[297120, 980031]",110046.46,34.99,24.46,1.58,3.87,0.7,0.0,3.95,30.46
1502,569,2018,"[297120, 980031]",64357.71,35.78,19.85,1.07,3.58,0.89,0.98,5.01,32.83
1503,569,2019,[297120],49229.0,17.13,5.6,0.0,9.4,0.0,0.0,0.0,67.87
1504,569,2020,[297120],52000.0,17.64,7.18,0.0,7.9,0.0,0.0,0.0,67.28
1505,569,2021,[297120],54628.0,16.9,6.66,0.0,8.17,0.0,0.0,0.0,68.27
1506,569,2022,[297120],59398.0,17.89,8.98,0.0,7.51,1.84,0.0,0.4,63.39
1507,581,2017,"[670702, 297300, 297400]",91161.61,63.68,2.32,0.0,5.13,0.0,0.0,2.27,26.59
1508,581,2018,"[670702, 297300, 297400]",85877.44,67.97,2.05,0.0,4.67,0.0,0.0,1.65,23.67
1509,581,2019,"[670702, 297300, 297400]",82968.1,67.28,2.41,0.0,5.07,0.0,0.0,2.36,22.89
1510,581,2020,"[670702, 297300, 297400, 670604]",70758.93,72.35,1.67,0.0,4.68,0.0,0.0,2.95,18.35
1511,581,2021,"[670702, 297300, 297400, 670604]",105290.07,67.49,0.29,0.0,6.72,0.0,0.0,8.18,17.33
1512,581,2022,"[670702, 297300, 297400, 670604]",94440.45,65.6,2.16,0.0,5.27,0.0,0.0,10.16,16.82
1513,583,2017,"[297202, 297300, 297400]",79640.39,51.57,3.83,0.0,3.64,0.66,0.79,7.6,31.91
1514,583,2018,"[297202, 297300, 297400]",77616.07,53.4,3.78,0.0,3.05,0.5,0.63,5.88,32.76
1515,583,2019,"[297202, 297300, 297400]",101998.56,52.96,6.08,0.0,4.38,1.13,0.27,4.63,30.54
1516,583,2020,"[297001, 297002, 297202, 297502, 297300, 297400, 297501]",126399.01,54.32,5.27,0.0,3.92,0.77,0.27,3.97,31.48
1517,583,2021,"[297001, 297002, 297202, 297502, 297300, 297400, 297501]",113398.52,50.49,3.98,0.0,4.02,0.66,0.0,4.55,36.3
1518,583,2022,"[297001, 297002, 297202, 297502, 297300, 297400, 297501]",120945.45,51.42,3.09,0.1,4.08,0.38,0.0,5.22,35.71
1519,584,2017,"[297602, 297300, 297601]",71913.38,51.32,5.0,0.01,3.5,0.48,0.55,8.74,30.39
1520,584,2018,"[297602, 297300, 297601]",71007.56,52.49,4.55,0.02,3.16,0.38,0.44,7.74,31.23
1521,584,2019,"[297602, 297300, 297601]",88330.25,49.69,6.34,0.08,4.38,0.82,0.19,6.67,31.83
1522,584,2020,"[297502, 297602, 297300, 297501, 297601]",100394.43,56.93,2.55,0.0,4.14,0.0,0.0,2.74,33.63
1523,584,2021,"[297502, 297602, 297300, 297501, 297601]",92784.23,54.68,0.88,0.0,5.13,0.0,0.0,4.62,34.69
1524,584,2022,"[297502, 297602, 297300, 297501, 297601]",126031.16,48.63,0.83,0.3,7.45,0.0,0.0,5.75,37.04
1525,585,2017,"[296901, 297120, 297201, 297202, 297602, 297300]",63575.37,36.2,3.33,0.07,8.86,0.04,0.0,1.79,49.7
1526,585,2018,"[296901, 297120, 297201, 297202, 297602, 297300]",66724.23,35.01,4.17,0.09,5.71,0.03,0.0,0.84,54.15
1527,585,2019,"[296901, 297120, 297201, 297202, 297602, 297300]",66578.46,35.81,4.19,0.2,3.33,0.0,0.0,2.23,54.24
1528,585,2020,"[296901, 297002, 297120, 297201, 297202, 297502, 297602, 297300, 297501]",69703.96,38.97,2.7,0.29,4.23,0.0,0.07,2.35,51.38
1529,585,2021,"[296901, 297002, 297120, 297201, 297202, 297502, 297602, 297300, 297501]",67419.11,37.8,1.62,0.24,5.3,0.0,0.18,3.11,51.74
1530,585,2022,"[296901, 297002, 297120, 297201, 297202, 297502, 297602, 297300, 297501]",77691.39,36.2,1.92,0.28,6.31,0.0,0.2,3.33,51.76
1531,587,2017,"[297201, 297602, 297601]",62397.4,46.14,6.37,0.18,7.58,0.31,0.0,5.18,34.23
1532,587,2018,"[297201, 297602, 297601]",62669.0,45.82,4.11,0.2,6.7,0.38,0.04,5.99,36.76
1533,587,2019,"[297201, 297602, 297601]",62380.32,43.68,4.5,0.25,7.49,0.4,0.04,6.19,37.44
1534,587,2020,"[297201, 297502, 297602, 297501, 297601]",73294.47,42.2,3.6,0.36,6.18,0.44,0.32,5.92,40.99
1535,587,2021,"[297201, 297502, 297602, 297501, 297601]",81225.62,41.44,2.9,0.15,5.3,0.45,0.28,4.95,44.53
1536,587,2022,"[297201, 297502, 297602, 297501, 297601]",88147.71,43.28,4.53,0.11,4.68,0.41,0.28,3.92,42.78
1537,589,2017,"[297120, 297201, 297602, 297601, 980031]",81251.06,43.56,16.31,0.8,2.8,0.36,0.0,8.53,27.64
1538,589,2018,"[297120, 297201, 297602, 297601, 980031]",59125.32,43.84,13.46,0.54,2.95,0.45,0.5,9.36,28.91
1539,589,2019,"[297120, 297201, 297602, 297601]",55163.28,41.75,7.64,0.28,3.4,0.0,0.0,12.8,34.14
1540,589,2020,"[297120, 297201, 297602, 297601]",58955.53,41.14,4.25,0.55,2.7,0.0,0.0,12.53,38.81
1541,589,2021,"[297120, 297201, 297602, 297601]",84469.25,40.92,5.65,0.57,1.64,0.0,0.0,9.59,41.62
1542,589,2022,"[297120, 297201, 297602, 297601]",88361.25,37.93,6.08,0.43,0.77,1.6,0.0,8.16,45.03
1543,599,2017,[980031],110385.0,35.07,24.58,1.59,3.88,0.7,0.0,3.96,30.22
1544,599,2018,[980031],64500.0,35.85,19.95,1.08,3.59,0.9,0.99,5.03,32.61
1545,615,2017,"[143700, 189400, 189600, 189702]",117985.04,77.92,3.73,0.0,5.89,0.02,0.19,4.8,7.45
1546,615,2018,"[143700, 189400, 189600, 189702]",149341.69,75.83,5.9,0.02,5.09,0.02,0.02,5.4,7.71
1547,615,2019,"[143700, 189400, 189600, 189702]",147222.65,75.44,5.63,0.03,4.39,0.02,0.02,6.19,8.29
1548,615,2020,"[143700, 189400, 189600, 189702, 189703, 189704]",111212.45,67.94,14.08,0.0,6.48,0.0,0.0,2.33,9.17
1549,615,2021,"[143700, 189400, 189600, 189702, 189703, 189704]",112368.16,63.57,13.81,0.0,11.62,0.0,0.01,1.79,9.21
1550,615,2022,"[143700, 189400, 189600, 189702, 189703, 189704]",103474.27,62.01,13.4,0.01,13.15,0.0,0.01,1.84,9.59
1551,621,2017,"[143901, 194102, 194200, 194300, 700600]",184316.33,80.25,1.97,0.0,1.88,0.0,0.5,4.78,10.61
1552,621,2018,"[143901, 194102, 194200, 194300, 700600]",191239.94,81.49,2.47,0.0,2.85,0.0,0.0,2.94,10.24
1553,621,2019,"[143901, 194102, 194200, 194300, 700600]",177507.13,75.58,2.55,0.0,3.66,0.0,0.0,2.59,15.62
1554,621,2020,"[143802, 143901, 194102, 194200, 194300, 261103, 700600]",206018.07,83.05,2.63,0.0,2.96,0.0,0.0,3.2,8.17
1555,621,2021,"[143802, 143901, 194102, 194200, 194300, 261103, 700600]",236171.52,79.69,2.27,0.0,4.84,0.07,0.05,4.99,8.08
1556,621,2022,"[143802, 143901, 194102, 194200, 194300, 261103, 700600]",225000.0,78.9,2.58,0.0,6.11,0.08,0.35,5.15,6.82
1557,622,2017,"[143700, 189702, 189905, 194101, 194102, 194200]",106380.36,75.68,7.61,0.0,8.22,0.17,0.15,2.09,6.09
1558,622,2018,"[143700, 189702, 189905, 194101, 194102, 194200]",108439.07,72.04,7.49,0.0,9.59,0.19,0.16,2.59,7.95
1559,622,2019,"[143700, 189702, 189905, 194101, 194102, 194200]",107522.92,72.6,8.43,0.0,6.24,0.0,0.16,4.65,7.92
1560,622,2020,"[143700, 143802, 189702, 189905, 194101, 194102, 194200, 261103]",97186.39,71.67,9.48,0.0,7.13,0.0,0.23,4.28,7.22
1561,622,2021,"[143700, 143802, 189702, 189905, 194101, 194102, 194200, 261103]",100350.29,69.16,8.72,0.0,10.52,0.0,0.0,4.05,7.54
1562,622,2022,"[143700, 143802, 189702, 189905, 194101, 194102, 194200, 261103]",116593.55,70.65,3.07,0.0,11.02,0.0,0.12,4.19,10.95
1563,625,2017,"[143700, 189600, 189702, 190202, 194101]",78808.68,73.83,5.66,0.0,6.66,0.0,0.0,5.61,8.23
1564,625,2018,"[143700, 189600, 189702, 190202, 194101]",84597.82,75.05,7.26,0.0,4.98,0.0,0.0,4.45,8.24
1565,625,2019,"[143700, 189600, 189702, 190202, 194101]",96774.79,78.94,6.04,0.0,2.02,0.0,0.54,3.87,8.59
1566,625,2020,"[143700, 189600, 189702, 189703, 190202, 194101]",79607.03,78.78,5.33,0.0,1.7,0.0,0.41,4.44,9.34
1567,625,2021,"[143700, 189600, 189702, 189703, 190202, 194101]",83619.25,77.95,5.27,0.0,1.62,0.0,0.33,4.95,9.87
1568,625,2022,"[143700, 189600, 189702, 189703, 190202, 194101]",89798.24,79.81,4.2,0.0,0.03,0.0,0.35,4.99,10.62
1569,626,2017,"[189400, 189600]",69859.68,67.88,5.02,0.0,3.24,0.0,0.0,6.76,17.1
1570,626,2018,"[189400, 189600]",70746.27,66.17,4.16,0.34,4.73,0.0,0.0,6.46,18.14
1571,626,2019,"[189400, 189600]",75339.55,71.47,3.09,0.35,4.92,0.0,0.0,5.46,14.7
1572,626,2020,"[189400, 189502, 189600, 189703]",69082.22,67.62,2.76,0.38,5.2,0.0,0.03,5.18,18.83
1573,626,2021,"[189400, 189502, 189600, 189703]",76157.98,68.53,2.59,0.41,3.66,0.0,0.8,5.49,18.51
1574,626,2022,"[189400, 189502, 189600, 189703]",83128.11,68.6,3.93,0.78,4.39,0.0,0.74,4.95,16.61
1575,627,2017,"[189300, 189400, 189600]",123516.73,78.95,3.57,0.0,6.01,0.0,0.2,4.55,6.73
1576,627,2018,"[189300, 189400, 189600]",159578.18,76.68,6.1,0.0,5.02,0.0,0.0,5.33,6.87
1577,627,2019,"[189300, 189400, 189600]",156128.75,75.54,5.94,0.0,4.4,0.0,0.0,6.32,7.81
1578,627,2020,"[189300, 189400, 189501, 189502, 189600]",156065.22,73.77,8.99,0.0,5.09,0.0,0.0,6.35,5.8
1579,627,2021,"[189300, 189400, 189501, 189502, 189600]",139560.0,68.65,9.75,0.0,4.66,0.0,0.0,7.97,8.96
1580,627,2022,"[189300, 189400, 189501, 189502, 189600]",135242.41,70.96,11.56,0.0,2.86,0.0,0.0,4.51,10.11
1581,628,2017,"[189300, 189400, 189600]",122961.33,77.37,3.59,0.0,6.48,0.0,0.16,4.47,7.93
1582,628,2018,"[189300, 189400, 189600]",151246.68,75.45,5.63,0.04,5.6,0.0,0.0,5.08,8.2
1583,628,2019,"[189300, 189400, 189600]",148904.22,75.28,5.38,0.04,5.03,0.0,0.0,5.83,8.45
1584,628,2020,"[189300, 189400, 189501, 189502, 189600]",62180.47,68.12,5.97,0.0,6.52,0.08,1.93,2.76,14.62
1585,628,2021,"[189300, 189400, 189501, 189502, 189600]",68421.44,68.7,6.85,0.0,5.98,0.17,2.11,2.66,13.53
1586,628,2022,"[189300, 189400, 189501, 189502, 189600]",68078.34,68.34,7.87,0.0,4.94,0.38,2.51,3.18,12.79
1587,629,2017,"[189300, 189400]",185997.62,74.45,1.93,0.0,15.11,0.0,0.0,0.84,7.68
1588,629,2018,"[189300, 189400]",174942.42,75.56,3.07,0.0,12.2,0.0,0.0,0.99,8.18
1589,629,2019,"[189300, 189400]",174292.31,77.67,2.98,0.0,11.2,0.0,0.0,1.6,6.54
1590,629,2020,"[189300, 189400, 189501]",156809.05,77.83,1.62,0.0,13.07,0.0,2.02,2.74,2.71
1591,629,2021,"[189300, 189400, 189501]",163627.6,79.79,2.35,0.82,9.52,0.0,2.78,2.92,1.82
1592,629,2022,"[189300, 189400, 189501]",175832.95,70.62,2.63,0.24,17.16,0.0,3.14,4.16,2.05
1593,631,2017,"[194200, 194300, 700501, 700502, 700600]",185012.51,80.14,1.98,0.0,1.79,0.0,0.51,4.83,10.75
1594,631,2018,"[194200, 194300, 700501, 700502, 700600]",191379.61,81.58,2.48,0.0,2.73,0.0,0.0,2.95,10.26
1595,631,2019,"[194200, 194300, 700501, 700502, 700600]",177292.76,75.51,2.55,0.0,3.62,0.0,0.0,2.56,15.76
1596,631,2020,"[194200, 194300, 700501, 700502, 700600]",228601.75,84.56,2.48,0.0,3.48,0.0,0.0,2.23,7.24
1597,631,2021,"[194200, 194300, 700501, 700502, 700600]",201134.18,83.55,0.43,0.0,2.86,0.5,0.36,2.76,9.54
1598,631,2022,"[194200, 194300, 700501, 700502, 700600]",247917.38,80.51,1.2,0.0,3.11,0.54,0.44,3.87,10.33
1599,632,2017,"[194102, 194200, 194300, 700200, 700300, 700502]",138889.96,82.53,2.39,0.45,1.61,0.0,0.07,6.5,6.45
1600,632,2018,"[194102, 194200, 194300, 700200, 700300, 700502]",144567.48,77.23,2.79,0.45,2.99,0.0,0.0,9.91,6.63
1601,632,2019,"[194102, 194200, 194300, 700200, 700300, 700502]",169324.31,75.07,2.86,0.47,3.64,0.0,0.0,11.69,6.29
1602,632,2020,"[189801, 194102, 194200, 194300, 261103, 700200, 700300, 700502]",189503.16,76.57,1.65,0.49,5.6,0.0,0.0,10.81,4.88
1603,632,2021,"[189801, 194102, 194200, 194300, 261103, 700200, 700300, 700502]",191885.23,75.88,1.74,0.08,5.49,0.06,0.28,11.02,5.46
1604,632,2022,"[189801, 194102, 194200, 194300, 261103, 700200, 700300, 700502]",173163.92,78.01,0.38,0.08,8.91,0.07,0.44,6.91,5.21
1605,635,2017,"[189600, 189702]",69490.59,67.81,5.03,0.0,3.23,0.0,0.0,6.77,17.16
1606,635,2018,"[189600, 189702]",70133.32,66.11,4.15,0.34,4.73,0.0,0.0,6.47,18.2
1607,635,2019,"[189600, 189702]",74797.03,71.45,3.08,0.35,4.92,0.0,0.0,5.46,14.74
1608,635,2020,"[189600, 189702, 189703]",67452.74,67.65,2.33,0.39,5.14,0.0,0.03,5.28,19.17
1609,635,2021,"[189600, 189702, 189703]",74787.49,68.75,2.17,0.43,3.38,0.0,0.83,5.6,18.85
1610,635,2022,"[189600, 189702, 189703]",82460.62,68.88,3.55,0.81,4.08,0.0,0.76,5.06,16.86
1611,636,2017,"[189600, 189702, 190201, 190202, 191000]",29667.36,52.45,7.19,0.65,5.18,0.0,1.28,3.74,29.51
1612,636,2018,"[189600, 189702, 190201, 190202, 191000]",34116.66,49.76,9.46,0.83,4.29,0.0,1.89,3.68,30.09
1613,636,2019,"[189600, 189702, 190201, 190202, 191000]",31575.85,45.27,10.52,0.72,6.65,0.0,2.27,4.85,29.72
1614,636,2020,"[189600, 189702, 190201, 190202, 191000]",36196.68,39.87,13.21,0.71,7.24,0.0,1.4,5.17,32.39
1615,636,2021,"[189600, 189702, 190201, 190202, 191000]",39035.22,39.45,12.95,0.73,8.05,0.0,1.72,4.08,33.02
1616,636,2022,"[189600, 189702, 190201, 190202, 191000]",40324.0,38.17,14.34,0.82,10.68,0.0,1.52,5.22,29.25
1617,637,2017,"[189600, 191000]",42140.65,37.18,13.74,0.0,6.81,0.0,0.0,1.04,41.23
1618,637,2018,"[189600, 191000]",54026.68,37.62,14.26,0.0,8.83,0.0,0.0,2.14,37.15
1619,637,2019,"[189600, 191000]",64819.51,40.54,10.77,0.0,7.41,0.0,0.43,2.49,38.36
1620,637,2020,"[189600, 190302, 191000]",71401.64,39.63,6.5,0.0,14.27,0.0,0.94,4.3,34.37
1621,637,2021,"[189600, 190302, 191000]",58921.88,43.92,5.44,1.28,18.47,0.0,0.98,4.51,25.41
1622,637,2022,"[189600, 190302, 191000]",63530.11,35.51,6.38,1.03,20.77,0.0,2.96,7.07,26.28
1623,638,2017,"[189300, 189600, 190402]",124035.82,69.47,3.51,0.0,12.28,0.0,0.06,2.56,12.12
1624,638,2018,"[189300, 189600, 190402]",119231.21,69.76,3.97,0.09,10.84,0.0,0.04,2.7,12.6
1625,638,2019,"[189300, 189600, 190402]",121273.08,72.58,3.58,0.09,10.77,0.0,0.0,2.61,10.37
1626,638,2020,"[189300, 189501, 189502, 189600, 190302, 190303, 190402]",54769.52,49.53,9.27,0.13,11.4,0.0,0.43,3.68,25.55
1627,638,2021,"[189300, 189501, 189502, 189600, 190302, 190303, 190402]",59576.0,53.89,6.86,0.13,12.35,0.0,1.37,3.87,21.53
1628,638,2022,"[189300, 189501, 189502, 189600, 190302, 190303, 190402]",51492.07,57.48,2.69,0.9,14.57,0.0,3.25,3.04,18.07
1629,639,2017,"[189201, 189300, 190401, 190402]",35622.19,62.46,3.81,0.0,13.97,0.42,0.14,2.2,17.01
1630,639,2018,"[189201, 189300, 190401, 190402]",39708.96,58.21,3.43,0.0,14.24,0.47,0.1,4.04,19.51
1631,639,2019,"[189201, 189300, 190401, 190402]",44572.49,58.73,3.18,0.0,14.14,0.0,0.0,2.93,21.03
1632,639,2020,"[189201, 189300, 190303, 190401, 190402]",47793.63,56.01,4.56,0.0,13.31,0.0,0.01,2.5,23.61
1633,639,2021,"[189201, 189300, 190303, 190401, 190402]",52307.61,57.12,3.56,0.0,10.95,0.0,0.22,3.71,24.45
1634,639,2022,"[189201, 189300, 190303, 190401, 190402]",62430.12,59.51,5.49,0.0,8.83,0.0,0.24,5.02,20.9
1635,642,2017,"[189905, 194101, 194102, 700200]",89700.89,75.4,7.08,0.0,7.0,0.09,0.13,2.87,7.42
1636,642,2018,"[189905, 194101, 194102, 700200]",90598.7,73.04,6.93,0.0,7.39,0.1,0.23,3.44,8.88
1637,642,2019,"[189905, 194101, 194102, 700200]",92266.07,73.13,7.36,0.14,5.7,0.0,0.13,4.81,8.74
1638,642,2020,"[189801, 189802, 189905, 189907, 194101, 194102, 700200]",71579.24,74.15,5.81,0.57,2.79,0.0,0.0,5.12,11.56
1639,642,2021,"[189801, 189802, 189905, 189907, 194101, 194102, 700200]",74839.09,70.59,8.78,0.66,4.72,0.0,0.0,3.66,11.58
1640,642,2022,"[189801, 189802, 189905, 189907, 194101, 194102, 700200]",72942.79,69.92,6.1,0.63,4.14,0.0,0.0,4.66,14.54
1641,643,2017,"[189903, 189904, 189905, 194101]",54200.28,70.81,6.1,0.0,8.98,0.01,0.0,3.62,10.47
1642,643,2018,"[189903, 189904, 189905, 194101]",59682.29,70.93,6.09,0.0,7.24,0.01,0.19,3.66,11.88
1643,643,2019,"[189903, 189904, 189905, 194101]",64343.39,71.74,5.95,0.0,5.41,0.01,0.17,2.64,14.08
1644,643,2020,"[189903, 189904, 189905, 190101, 190102, 194101]",70354.2,65.36,4.99,0.0,4.91,0.0,0.16,1.74,22.84
1645,643,2021,"[189903, 189904, 189905, 190101, 190102, 194101]",71713.41,62.38,5.34,0.0,5.64,0.0,0.15,3.98,22.51
1646,643,2022,"[189903, 189904, 189905, 190101, 190102, 194101]",79190.89,62.88,5.85,0.0,5.37,0.0,0.24,5.2,20.47
1647,644,2017,"[189904, 189905]",51520.68,68.88,6.41,0.0,9.51,0.02,0.0,3.42,11.76
1648,644,2018,"[189904, 189905]",56421.18,68.58,7.18,0.0,6.45,0.02,0.15,3.98,13.63
1649,644,2019,"[189904, 189905]",59211.16,68.5,7.08,0.0,4.89,0.02,0.13,3.82,15.55
1650,644,2020,"[189904, 189905, 189906, 189907, 190102]",70225.17,69.99,2.5,0.0,12.16,0.0,0.0,2.0,13.35
1651,644,2021,"[189904, 189905, 189906, 189907, 190102]",77032.41,64.22,5.01,0.0,12.89,0.0,0.44,1.97,15.48
1652,644,2022,"[189904, 189905, 189906, 189907, 190102]",92708.32,57.3,9.0,0.0,15.18,0.0,0.38,2.85,15.29
1653,645,2017,"[189702, 189903, 189904, 190202, 194101, 700101]",78551.38,73.75,5.7,0.0,6.67,0.0,0.0,5.6,8.28
1654,645,2018,"[189702, 189903, 189904, 190202, 194101, 700101]",84356.74,74.97,7.3,0.0,4.99,0.0,0.01,4.45,8.28
1655,645,2019,"[189702, 189903, 189904, 190202, 194101, 700101]",96464.23,78.81,6.08,0.0,2.04,0.0,0.55,3.88,8.64
1656,645,2020,"[189702, 189903, 189904, 189906, 190101, 190102, 190202, 190701, 190702, 194101, 700101]",55548.59,55.6,8.08,0.39,8.18,0.0,1.18,6.52,20.05
1657,645,2021,"[189702, 189903, 189904, 189906, 190101, 190102, 190202, 190701, 190702, 194101, 700101]",57499.05,54.43,6.56,1.1,7.51,0.0,2.37,8.84,19.19
1658,645,2022,"[189702, 189903, 189904, 189906, 190101, 190102, 190202, 190701, 190702, 194101, 700101]",72368.93,54.92,8.14,1.04,7.21,0.0,2.15,4.32,22.21
1659,646,2017,"[190201, 190202, 190802, 191000]",33109.24,47.97,8.45,0.39,5.57,0.0,0.98,3.72,32.93
1660,646,2018,"[190201, 190202, 190802, 191000]",38646.04,46.25,10.31,0.49,5.39,0.0,1.56,3.99,32.01
1661,646,2019,"[190201, 190202, 190802, 191000]",39060.87,43.38,10.7,0.43,7.17,0.0,1.84,5.22,31.26
1662,646,2020,"[190102, 190201, 190202, 190701, 190702, 190802, 191000]",43634.28,46.64,5.14,0.29,17.09,0.0,0.0,8.64,22.2
1663,646,2021,"[190102, 190201, 190202, 190701, 190702, 190802, 191000]",50742.76,48.85,5.31,0.45,14.17,0.0,0.0,4.46,26.76
1664,646,2022,"[190102, 190201, 190202, 190701, 190702, 190802, 191000]",55441.13,46.21,5.54,0.63,13.54,0.0,0.0,7.79,26.28
1665,647,2017,"[190510, 191000]",42025.46,37.12,13.65,0.0,6.97,0.0,0.01,1.03,41.22
1666,647,2018,"[190510, 191000]",53892.65,37.57,14.16,0.0,8.98,0.0,0.01,2.13,37.14
1667,647,2019,"[190510, 191000]",64577.1,40.48,10.73,0.0,7.5,0.0,0.42,2.48,38.38
1668,647,2020,"[190302, 190510, 191000]",71365.52,39.29,6.48,0.0,14.29,0.0,0.97,4.25,34.72
1669,647,2021,"[190302, 190510, 191000]",58349.71,43.58,5.49,1.31,18.48,0.0,0.96,4.5,25.69
1670,647,2022,"[190302, 190510, 191000]",63506.01,34.9,6.55,1.06,20.81,0.0,2.87,7.12,26.7
1671,648,2017,"[190402, 190510, 190520]",32026.91,32.34,4.68,0.0,21.89,0.24,0.57,0.99,39.29
1672,648,2018,"[190402, 190510, 190520]",41729.75,33.97,4.55,0.0,23.6,0.28,0.85,1.16,35.59
1673,648,2019,"[190402, 190510, 190520]",41948.81,35.72,6.19,0.0,16.42,0.25,0.07,1.63,39.72
1674,648,2020,"[190302, 190303, 190402, 190510, 190520]",47177.48,34.7,6.76,0.0,16.51,0.0,0.13,2.07,39.82
1675,648,2021,"[190302, 190303, 190402, 190510, 190520]",52508.91,31.31,6.79,0.0,15.12,0.0,0.86,2.7,43.23
1676,648,2022,"[190302, 190303, 190402, 190510, 190520]",58090.88,31.27,7.52,0.0,14.94,0.0,0.0,1.81,44.45
1677,649,2017,"[189201, 190401, 190402, 190510, 190520, 191201]",30173.94,36.37,3.24,0.0,19.03,0.0,0.43,1.45,39.48
1678,649,2018,"[189201, 190401, 190402, 190510, 190520, 191201]",35955.66,33.97,2.71,0.0,19.07,0.0,0.39,0.84,43.03
1679,649,2019,"[189201, 190401, 190402, 190510, 190520, 191201]",41024.26,32.11,2.16,0.0,21.61,0.0,0.0,1.19,42.92
1680,649,2020,"[189201, 190401, 190402, 190510, 190520, 191201]",43697.93,35.33,1.17,0.0,17.41,0.0,0.0,2.1,43.99
1681,649,2021,"[189201, 190401, 190402, 190510, 190520, 191201]",46350.37,37.26,4.11,0.0,17.04,0.0,0.0,2.72,38.87
1682,649,2022,"[189201, 190401, 190402, 190510, 190520, 191201]",51724.13,37.05,6.96,0.0,12.51,0.0,0.0,2.0,41.47
1683,656,2017,"[190801, 190802, 190902, 191710, 191810]",42808.98,24.57,4.97,0.0,4.81,0.0,0.0,1.06,64.59
1684,656,2018,"[190801, 190802, 190902, 191710, 191810]",47287.06,25.82,4.31,0.0,2.01,0.0,0.62,1.7,65.54
1685,656,2019,"[190801, 190802, 190902, 191710, 191810]",49444.95,22.47,6.24,0.0,1.21,0.0,0.59,1.85,67.63
1686,656,2020,"[190801, 190802, 190902, 191710, 191810]",48555.01,16.52,9.74,0.0,1.93,0.0,0.63,0.87,70.3
1687,656,2021,"[190801, 190802, 190902, 191710, 191810]",50237.82,17.32,9.88,0.0,0.93,0.0,1.24,2.36,68.28
1688,656,2022,"[190801, 190802, 190902, 191710, 191810]",55965.54,16.11,13.08,0.43,2.01,0.57,1.14,1.9,64.77
1689,657,2017,"[190901, 191120, 191610, 191710, 191720]",31173.7,18.47,2.84,0.0,3.19,0.0,0.68,0.01,74.82
1690,657,2018,"[190901, 191120, 191610, 191710, 191720]",27141.89,14.17,4.63,0.0,4.14,0.0,0.2,0.27,76.59
1691,657,2019,"[190901, 191120, 191610, 191710, 191720]",32410.57,15.11,4.72,0.0,8.32,0.0,0.25,1.06,70.54
1692,657,2020,"[190901, 191120, 191610, 191710, 191720]",33159.36,11.63,5.94,0.0,8.61,0.0,0.24,1.08,72.5
1693,657,2021,"[190901, 191120, 191610, 191710, 191720]",35453.69,10.63,7.51,0.0,5.73,0.0,0.26,0.93,74.94
1694,657,2022,"[190901, 191120, 191610, 191710, 191720]",39498.64,9.5,8.4,0.0,5.95,0.0,0.46,1.23,74.46
1695,659,2017,"[190510, 190520, 190901, 191110, 191201]",36458.1,53.45,4.53,0.0,12.85,0.0,0.48,2.02,26.67
1696,659,2018,"[190510, 190520, 190901, 191110, 191201]",36669.25,55.7,3.48,0.0,13.62,0.0,0.46,1.98,24.75
1697,659,2019,"[190510, 190520, 190901, 191110, 191201]",37708.09,54.46,2.96,0.0,11.46,0.0,0.2,2.13,28.79
1698,659,2020,"[190510, 190520, 190901, 191110, 191201]",41216.62,53.56,1.87,0.0,9.12,0.0,0.19,2.23,33.02
1699,659,2021,"[190510, 190520, 190901, 191110, 191201]",41635.95,59.0,1.33,0.0,6.88,0.0,0.0,2.58,30.21
1700,659,2022,"[190510, 190520, 190901, 191110, 191201]",46919.2,61.41,1.71,0.0,5.73,0.0,0.25,2.54,28.35
1701,663,2017,"[190802, 191810, 191901, 192001, 700101, 700102]",54022.37,59.06,3.97,0.28,6.22,0.0,0.0,3.35,27.12
1702,663,2018,"[190802, 191810, 191901, 192001, 700101, 700102]",53173.56,53.73,4.93,0.49,7.49,0.0,0.0,2.15,31.21
1703,663,2019,"[190802, 191810, 191901, 192001, 700101, 700102]",57000.38,56.58,7.64,0.0,4.8,0.0,0.0,4.41,26.57
1704,663,2020,"[190102, 190702, 190802, 191810, 191901, 192001, 700101, 700102]",51425.96,56.57,9.42,0.0,6.9,0.0,0.0,8.44,18.65
1705,663,2021,"[190102, 190702, 190802, 191810, 191901, 192001, 700101, 700102]",52515.41,55.19,11.15,0.0,6.73,0.5,0.36,10.62,15.45
1706,663,2022,"[190102, 190702, 190802, 191810, 191901, 192001, 700101, 700102]",64538.56,51.38,10.34,0.0,4.67,0.71,0.31,10.68,21.92
1707,666,2017,"[190801, 190802, 190902, 191000, 191901]",30466.79,32.94,6.07,0.0,6.82,0.0,0.0,3.99,50.17
1708,666,2018,"[190801, 190802, 190902, 191000, 191901]",34161.05,33.91,7.44,0.21,6.86,0.0,0.13,4.53,46.92
1709,666,2019,"[190801, 190802, 190902, 191000, 191901]",40474.53,32.71,9.07,0.24,6.46,0.0,0.16,7.22,44.14
1710,666,2020,"[190701, 190702, 190801, 190802, 190902, 191000, 191901]",47577.94,38.94,7.5,0.33,6.72,0.0,0.41,11.43,34.68
1711,666,2021,"[190701, 190702, 190801, 190802, 190902, 191000, 191901]",49550.5,38.92,9.35,0.43,7.52,0.0,0.43,7.25,36.1
1712,666,2022,"[190701, 190702, 190801, 190802, 190902, 191000, 191901]",62809.27,38.73,8.37,0.53,8.53,0.0,0.51,5.55,37.78
1713,667,2017,"[190801, 190901, 190902, 191000]",30936.26,28.55,5.24,0.0,4.63,0.0,1.1,3.14,57.34
1714,667,2018,"[190801, 190901, 190902, 191000]",35798.0,29.09,4.95,0.0,2.44,0.0,1.27,2.84,59.41
1715,667,2019,"[190801, 190901, 190902, 191000]",46403.12,31.24,5.36,0.0,3.28,0.0,0.85,1.91,57.37
1716,667,2020,"[190801, 190901, 190902, 191000]",50411.03,30.99,5.09,0.0,2.87,0.0,0.79,1.67,58.6
1717,667,2021,"[190801, 190901, 190902, 191000]",57063.26,27.63,5.5,0.0,2.72,0.78,0.0,1.43,61.94
1718,667,2022,"[190801, 190901, 190902, 191000]",64238.23,27.65,7.61,0.0,2.69,0.5,0.0,1.47,60.07
1719,668,2017,"[190510, 190901, 191000, 191110, 191120]",33213.3,13.64,8.14,0.0,4.46,0.0,0.13,2.78,70.85
1720,668,2018,"[190510, 190901, 191000, 191110, 191120]",32235.77,12.9,8.8,0.0,5.21,0.0,0.23,3.74,69.12
1721,668,2019,"[190510, 190901, 191000, 191110, 191120]",38153.22,9.38,6.89,0.0,3.58,0.0,0.0,2.46,77.69
1722,668,2020,"[190510, 190901, 191000, 191110, 191120]",39452.25,13.49,4.31,0.0,4.15,0.0,0.0,2.5,75.54
1723,668,2021,"[190510, 190901, 191000, 191110, 191120]",41333.31,18.61,4.82,0.0,4.01,0.0,0.0,1.66,70.9
1724,668,2022,"[190510, 190901, 191000, 191110, 191120]",41285.05,18.05,4.46,0.0,3.05,0.0,0.0,1.66,72.78
1725,669,2017,"[190901, 191110, 191120, 191201, 191204]",36143.11,33.11,2.31,0.0,14.71,0.94,0.26,0.52,48.14
1726,669,2018,"[190901, 191110, 191120, 191201, 191204]",38200.48,34.55,2.22,0.0,17.54,0.76,0.27,0.03,44.64
1727,669,2019,"[190901, 191110, 191120, 191201, 191204]",40066.68,32.24,1.44,0.87,16.99,0.64,0.33,0.64,46.85
1728,669,2020,"[190901, 191110, 191120, 191201, 191204]",34204.11,34.33,2.04,0.29,12.29,0.91,0.37,1.48,48.29
1729,669,2021,"[190901, 191110, 191120, 191201, 191204]",37051.02,29.69,1.93,0.71,10.35,0.66,0.32,1.67,54.66
1730,669,2022,"[190901, 191110, 191120, 191201, 191204]",46431.77,28.65,1.16,0.26,11.88,0.0,0.41,1.8,55.83
1731,676,2017,"[191710, 191810, 191820, 192410]",54784.09,39.25,8.06,0.0,5.16,0.0,0.36,3.65,43.53
1732,676,2018,"[191710, 191810, 191820, 192410]",64045.02,35.38,8.41,0.0,6.57,0.0,0.42,6.62,42.6
1733,676,2019,"[191710, 191810, 191820, 192410]",56932.43,38.81,7.95,0.31,5.52,0.0,0.44,4.39,42.57
1734,676,2020,"[191710, 191810, 191820, 192410]",65344.58,38.31,7.34,0.22,14.06,0.0,0.01,6.82,33.24
1735,676,2021,"[191710, 191810, 191820, 192410]",65228.04,41.68,6.95,0.23,13.77,0.0,0.01,6.79,30.58
1736,676,2022,"[191710, 191810, 191820, 192410]",71221.35,41.22,5.87,0.19,12.82,0.0,0.01,6.57,33.32
1737,677,2017,"[190901, 190902, 191610, 191710, 191720, 192410]",24842.22,20.26,6.96,0.0,7.45,0.0,2.35,0.9,62.08
1738,677,2018,"[190901, 190902, 191610, 191710, 191720, 192410]",28478.83,22.88,5.41,0.0,7.97,0.0,1.86,0.4,61.47
1739,677,2019,"[190901, 190902, 191610, 191710, 191720, 192410]",30109.91,19.92,5.82,0.0,6.99,0.0,1.77,0.78,64.72
1740,677,2020,"[190901, 190902, 191610, 191710, 191720, 192410]",27288.48,17.55,5.51,0.0,5.63,0.0,2.31,0.8,68.19
1741,677,2021,"[190901, 190902, 191610, 191710, 191720, 192410]",26599.07,12.62,1.46,0.0,7.33,0.0,0.0,0.87,77.72
1742,677,2022,"[190901, 190902, 191610, 191710, 191720, 192410]",28793.89,10.91,1.25,0.0,3.76,0.0,0.0,0.45,83.62
1743,678,2017,"[191120, 191500, 191610, 191620, 192610]",44250.57,15.87,2.51,0.0,13.19,0.0,0.0,0.84,67.59
1744,678,2018,"[191120, 191500, 191610, 191620, 192610]",44450.05,16.34,2.93,0.0,14.76,0.0,0.0,0.95,65.02
1745,678,2019,"[191120, 191500, 191610, 191620, 192610]",48337.75,19.44,5.92,0.0,15.91,0.0,0.0,1.23,57.51
1746,678,2020,"[191120, 191500, 191610, 191620, 192610]",48370.17,19.99,7.48,0.0,15.08,0.0,0.0,1.27,56.17
1747,678,2021,"[191120, 191500, 191610, 191620, 192610]",52443.7,18.38,7.94,0.0,14.31,0.0,0.0,1.67,57.69
1748,678,2022,"[191120, 191500, 191610, 191620, 192610]",48550.36,20.43,5.89,0.0,18.71,0.0,0.0,1.72,53.26
1749,679,2017,"[191120, 191204, 191500, 191620]",28059.16,16.29,7.06,0.0,13.27,0.0,0.0,0.58,62.8
1750,679,2018,"[191120, 191204, 191500, 191620]",28259.32,15.16,9.09,0.0,11.2,0.0,0.0,0.0,64.55
1751,679,2019,"[191120, 191204, 191500, 191620]",27343.25,16.34,9.26,0.0,11.12,0.0,0.0,0.0,63.28
1752,679,2020,"[191120, 191204, 191500, 191620]",30077.79,14.16,8.29,0.0,24.78,0.0,0.0,0.01,52.76
1753,679,2021,"[191120, 191204, 191500, 191620]",39097.1,15.33,6.67,0.0,22.86,0.0,0.0,0.01,55.13
1754,679,2022,"[191120, 191204, 191500, 191620]",52042.54,16.28,2.96,0.0,24.03,0.0,0.0,0.01,56.72
1755,701,2017,"[192002, 194401, 194402, 194500, 214400, 700102, 700200, 700300, 700400]",90690.65,74.42,2.98,0.15,9.2,0.0,0.71,2.56,9.98
1756,701,2018,"[192002, 194401, 194402, 194500, 214400, 700102, 700200, 700300, 700400]",92112.26,72.48,3.3,0.54,9.85,0.0,0.56,2.21,11.05
1757,701,2019,"[192002, 194401, 194402, 194500, 214400, 700102, 700200, 700300, 700400]",94423.87,75.86,3.64,0.2,8.58,0.0,0.26,2.72,8.74
1758,701,2020,"[192002, 194401, 194402, 194500, 214400, 700102, 700200, 700300, 700400]",86186.36,74.52,3.02,0.19,10.62,0.0,0.26,2.13,9.26
1759,701,2021,"[192002, 194401, 194402, 194500, 214400, 700102, 700200, 700300, 700400]",98802.05,70.3,2.6,0.09,11.87,0.0,0.23,2.26,12.66
1760,701,2022,"[192002, 194401, 194402, 194500, 214400, 700102, 700200, 700300, 700400]",104759.16,68.45,3.07,0.1,11.75,0.0,0.78,2.79,13.07
1761,702,2017,"[192001, 192002, 194401, 214400, 700102, 700200]",98440.81,72.05,5.5,0.12,5.74,1.18,0.03,6.15,9.23
1762,702,2018,"[192001, 192002, 194401, 214400, 700102, 700200]",100958.03,71.98,4.57,0.12,5.93,1.21,0.03,7.16,9.01
1763,702,2019,"[192001, 192002, 194401, 214400, 700102, 700200]",106290.36,72.13,3.27,0.15,7.14,0.97,0.04,8.95,7.35
1764,702,2020,"[192001, 192002, 194401, 214400, 700102, 700200]",114343.83,76.26,2.9,0.17,7.65,0.0,0.0,7.97,5.05
1765,702,2021,"[192001, 192002, 194401, 214400, 700102, 700200]",118679.56,77.14,3.31,0.18,6.07,0.0,0.0,6.22,7.08
1766,702,2022,"[192001, 192002, 194401, 214400, 700102, 700200]",109142.47,74.48,3.81,0.02,6.86,0.24,0.07,6.17,8.37
1767,705,2017,"[191902, 192001, 700102]",60325.99,71.36,8.06,0.93,7.89,0.0,0.21,3.14,8.4
1768,705,2018,"[191902, 192001, 700102]",65249.83,71.33,8.92,0.95,8.59,0.0,0.21,1.66,8.34
1769,705,2019,"[191902, 192001, 700102]",74062.74,71.35,6.58,1.18,8.86,0.0,0.3,2.62,9.11
1770,705,2020,"[191902, 192001, 700102]",73321.59,65.5,6.16,1.36,10.82,0.0,0.0,3.17,12.99
1771,705,2021,"[191902, 192001, 700102]",85776.29,64.26,8.07,1.46,10.2,0.0,0.0,4.25,11.76
1772,705,2022,"[191902, 192001, 700102]",93605.29,64.43,10.28,0.14,10.04,0.0,0.47,3.14,11.5
1773,706,2017,"[191810, 191820, 191901, 191902, 192001, 192300]",91460.1,74.14,2.31,0.0,4.15,0.0,0.31,2.93,16.16
1774,706,2018,"[191810, 191820, 191901, 191902, 192001, 192300]",90137.03,79.65,1.21,0.0,4.91,0.0,0.34,4.38,9.52
1775,706,2019,"[191810, 191820, 191901, 191902, 192001, 192300]",94346.57,78.86,0.66,0.04,6.42,0.0,0.43,4.41,9.19
1776,706,2020,"[191810, 191820, 191901, 191902, 192001, 192300]",89500.99,81.57,0.96,0.07,6.16,0.0,0.0,3.65,7.59
1777,706,2021,"[191810, 191820, 191901, 191902, 192001, 192300]",88724.03,75.08,0.92,0.07,8.39,0.0,0.0,6.02,9.52
1778,706,2022,"[191810, 191820, 191901, 191902, 192001, 192300]",88522.22,70.02,1.57,0.11,11.27,0.0,0.0,5.72,11.31
1779,711,2017,"[194401, 194402, 194500, 214400, 214902, 700400]",98686.65,77.99,4.53,0.0,6.08,0.0,0.0,4.42,6.97
1780,711,2018,"[194401, 194402, 194500, 214400, 214902, 700400]",109069.8,77.17,4.42,0.0,5.9,0.0,0.0,4.61,7.9
1781,711,2019,"[194401, 194402, 194500, 214400, 214902, 700400]",113464.33,79.07,4.66,0.0,7.03,0.0,0.0,2.63,6.61
1782,711,2020,"[194401, 194402, 194500, 214400, 214902, 700400]",105871.32,70.64,7.47,0.0,10.24,0.0,0.0,4.0,7.65
1783,711,2021,"[194401, 194402, 194500, 214400, 214902, 700400]",107772.15,69.54,7.62,0.0,8.91,0.0,0.0,2.83,11.1
1784,711,2022,"[194401, 194402, 194500, 214400, 214902, 700400]",119679.07,76.58,4.32,0.0,9.01,0.0,0.0,5.56,4.53
1785,713,2017,"[192002, 214000, 214400]",70306.91,78.82,2.61,0.31,5.54,0.0,0.0,3.4,9.33
1786,713,2018,"[192002, 214000, 214400]",81180.31,77.78,2.18,0.0,4.45,0.0,0.0,4.72,10.86
1787,713,2019,"[192002, 214000, 214400]",77844.23,79.81,2.5,0.0,5.22,0.0,0.0,1.09,11.37
1788,713,2020,"[192002, 214000, 214400]",83475.08,76.66,2.84,0.0,7.74,0.0,0.86,2.55,9.35
1789,713,2021,"[192002, 214000, 214400]",91636.01,74.15,1.11,0.0,7.79,0.0,0.88,3.24,12.83
1790,713,2022,"[192002, 214000, 214400]",95965.44,73.78,1.14,0.0,8.18,0.0,0.89,3.38,12.61
1791,714,2017,"[192001, 192002, 214000]",104732.85,82.88,0.41,0.0,3.99,0.47,0.68,3.78,7.79
1792,714,2018,"[192001, 192002, 214000]",107745.18,82.31,0.34,0.0,4.21,0.63,0.6,2.96,8.94
1793,714,2019,"[192001, 192002, 214000]",120594.44,85.9,0.36,0.0,3.1,0.0,1.28,2.04,7.32
1794,714,2020,"[192001, 192002, 214000]",146838.16,86.32,0.11,0.0,3.41,0.0,1.08,1.93,7.15
1795,714,2021,"[192001, 192002, 214000]",150902.28,86.11,0.06,0.0,3.57,0.0,1.54,2.11,6.6
1796,714,2022,"[192001, 192002, 214000]",148726.3,85.61,0.01,0.0,1.91,0.32,1.13,4.15,6.86
1797,715,2017,"[192001, 214000]",104604.34,82.88,0.42,0.0,3.99,0.47,0.68,3.77,7.78
1798,715,2018,"[192001, 214000]",107624.96,82.31,0.35,0.0,4.22,0.63,0.6,2.94,8.94
1799,715,2019,"[192001, 214000]",120488.01,85.91,0.37,0.0,3.1,0.0,1.28,2.01,7.32
1800,715,2020,"[192001, 214000]",146706.45,86.29,0.12,0.0,3.42,0.0,1.08,1.91,7.18
1801,715,2021,"[192001, 214000]",150798.13,86.07,0.07,0.0,3.59,0.0,1.54,2.11,6.62
1802,715,2022,"[192001, 214000]",148683.47,85.58,0.03,0.0,1.92,0.32,1.14,4.14,6.87
1803,717,2017,"[191902, 192001, 192300, 214000, 214100]",89218.56,85.18,0.87,0.0,5.98,0.0,0.0,1.77,6.2
1804,717,2018,"[191902, 192001, 192300, 214000, 214100]",101694.15,82.14,1.17,0.0,8.2,0.18,0.0,1.54,6.77
1805,717,2019,"[191902, 192001, 192300, 214000, 214100]",100818.44,84.44,1.6,0.0,3.75,0.11,0.0,1.27,8.83
1806,717,2020,"[191902, 192001, 192300, 214000, 214100]",103888.43,82.08,1.33,0.0,5.44,0.11,0.0,2.35,8.69
1807,717,2021,"[191902, 192001, 192300, 214000, 214100]",110502.8,81.49,2.01,0.0,6.09,0.11,0.0,2.93,7.37
1808,717,2022,"[191902, 192001, 192300, 214000, 214100]",137964.88,79.63,2.13,0.0,6.71,0.03,0.0,2.28,9.22
1809,719,2017,"[191820, 191902, 192300, 192410, 214100]",99955.68,64.11,0.01,0.0,23.46,0.0,0.63,1.76,10.03
1810,719,2018,"[191820, 191902, 192300, 192410, 214100]",100902.08,57.97,0.77,0.0,26.72,0.0,0.69,4.89,8.96
1811,719,2019,"[191820, 191902, 192300, 192410, 214100]",88966.81,61.06,1.1,0.0,18.7,0.0,0.73,7.34,11.07
1812,719,2020,"[191820, 191902, 192300, 192410, 214100]",84918.48,61.16,1.08,0.0,15.36,0.0,0.7,3.46,18.25
1813,719,2021,"[191820, 191902, 192300, 192410, 214100]",84429.54,53.74,4.24,0.0,18.13,0.0,1.0,6.63,16.27
1814,719,2022,"[191820, 191902, 192300, 192410, 214100]",92067.95,54.44,4.16,0.0,16.8,0.0,0.27,6.13,18.2
1815,721,2017,"[194500, 214800, 214902, 700400, 700801, 700802]",70842.88,68.17,3.02,0.0,13.94,0.0,0.0,6.02,8.84
1816,721,2018,"[194500, 214800, 214902, 700400, 700801, 700802]",80068.05,70.57,5.02,0.0,11.28,0.0,0.0,6.16,6.97
1817,721,2019,"[194500, 214800, 214902, 700400, 700801, 700802]",84900.6,68.57,4.95,0.0,13.94,0.0,0.0,7.78,4.76
1818,721,2020,"[194500, 214800, 214902, 214903, 214904, 700400, 700801, 700802]",87811.49,71.53,5.08,0.0,9.51,0.0,0.0,8.55,5.34
1819,721,2021,"[194500, 214800, 214902, 214903, 214904, 700400, 700801, 700802]",93769.38,75.38,3.54,0.0,7.63,0.0,0.14,5.06,8.24
1820,721,2022,"[194500, 214800, 214902, 214904, 700400, 700801, 700802]",113921.16,79.98,3.1,0.0,5.96,0.0,0.88,4.45,5.63
1821,722,2017,"[194500, 214600, 214700, 214800, 214902, 700802]",97192.43,77.02,6.35,0.0,7.31,0.0,0.0,1.95,7.37
1822,722,2018,"[194500, 214600, 214700, 214800, 214902, 700802]",106083.57,79.22,5.36,0.24,5.7,0.0,0.0,3.54,5.94
1823,722,2019,"[194500, 214600, 214700, 214800, 214902, 700802]",108640.67,78.63,4.98,0.28,5.84,0.0,0.0,4.08,6.19
1824,722,2020,"[194500, 214600, 214700, 214800, 214902, 700802]",100582.09,75.22,5.71,0.18,8.21,0.0,0.0,3.88,6.8
1825,722,2021,"[194500, 214600, 214700, 214800, 214902, 700802]",107263.41,77.47,6.9,0.19,6.72,0.0,0.83,4.44,3.46
1826,722,2022,"[194500, 214600, 214700, 214800, 214902, 700802]",123300.9,67.54,6.03,0.21,6.68,0.0,3.16,11.97,4.41
1827,723,2017,"[194500, 214400, 214501, 214600, 214700, 214800]",102866.69,68.67,1.35,0.0,8.12,0.0,0.79,5.42,15.66
1828,723,2018,"[194500, 214400, 214501, 214600, 214700, 214800]",96899.86,76.76,1.04,0.0,4.46,0.0,0.63,4.29,12.8
1829,723,2019,"[194500, 214400, 214501, 214600, 214700, 214800]",102874.25,73.85,0.81,0.0,4.55,0.0,0.59,5.78,14.41
1830,723,2020,"[194500, 214400, 214501, 214600, 214700, 214800]",113477.05,75.91,2.98,0.0,2.94,0.0,0.0,6.99,11.19
1831,723,2021,"[194500, 214400, 214501, 214600, 214700, 214800]",118756.1,75.23,4.76,0.0,4.75,0.0,0.0,5.67,9.59
1832,723,2022,"[194500, 214400, 214501, 214600, 214700, 214800]",115330.5,70.65,7.51,0.0,7.02,0.0,0.0,5.56,9.25
1833,724,2017,"[214000, 214400, 214501]",86419.96,46.92,3.18,0.91,34.3,0.0,2.58,5.07,7.03
1834,724,2018,"[214000, 214400, 214501]",94061.57,50.17,5.91,1.21,23.96,0.0,2.1,5.84,10.8
1835,724,2019,"[214000, 214400, 214501]",87353.63,53.25,7.4,0.0,23.04,0.0,0.96,4.25,11.1
1836,724,2020,"[214000, 214400, 214501, 214505]",95847.44,36.02,3.8,0.0,46.79,0.0,0.76,1.77,10.86
1837,724,2021,"[214000, 214400, 214501, 214505]",100442.45,34.35,5.65,0.0,45.62,0.0,0.91,2.58,10.89
1838,724,2022,"[214000, 214400, 214501, 214505]",107712.12,33.59,7.63,0.0,41.49,0.0,0.84,3.91,12.53
1839,725,2017,"[214000, 214501]",104719.23,82.89,0.4,0.0,4.01,0.47,0.68,3.77,7.78
1840,725,2018,"[214000, 214501]",107738.21,82.32,0.33,0.0,4.22,0.63,0.61,2.95,8.94
1841,725,2019,"[214000, 214501]",120596.33,85.92,0.36,0.0,3.1,0.0,1.29,2.01,7.32
1842,725,2020,"[214000, 214501]",146878.98,86.3,0.11,0.0,3.44,0.0,1.08,1.91,7.16
1843,725,2021,"[214000, 214501]",150946.43,86.09,0.06,0.0,3.6,0.0,1.54,2.1,6.61
1844,725,2022,"[214000, 214501]",148810.55,85.6,0.01,0.0,1.93,0.32,1.14,4.14,6.86
1845,726,2017,"[214000, 214100]",104728.87,82.92,0.39,0.0,3.98,0.47,0.68,3.77,7.78
1846,726,2018,"[214000, 214100]",107747.62,82.35,0.33,0.0,4.21,0.63,0.6,2.95,8.94
1847,726,2019,"[214000, 214100]",120617.19,85.95,0.35,0.0,3.09,0.0,1.29,2.01,7.32
1848,726,2020,"[214000, 214100]",146906.02,86.35,0.1,0.0,3.4,0.0,1.08,1.91,7.16
1849,726,2021,"[214000, 214100]",150974.04,86.14,0.05,0.0,3.57,0.0,1.54,2.1,6.6
1850,726,2022,"[214000, 214100]",148841.77,85.64,0.0,0.0,1.9,0.32,1.14,4.14,6.85
1851,727,2017,"[192300, 211000, 214000, 214100]",89206.43,85.22,0.87,0.0,5.98,0.0,0.0,1.76,6.16
1852,727,2018,"[192300, 211000, 214000, 214100]",101732.71,82.14,1.17,0.0,8.21,0.18,0.0,1.53,6.76
1853,727,2019,"[192300, 211000, 214000, 214100]",100833.64,84.46,1.61,0.0,3.74,0.11,0.0,1.25,8.83
1854,727,2020,"[192300, 211000, 214000, 214100]",103918.96,82.08,1.33,0.0,5.44,0.11,0.0,2.35,8.69
1855,727,2021,"[192300, 211000, 214000, 214100]",110559.68,81.51,2.01,0.0,6.09,0.11,0.0,2.92,7.36
1856,727,2022,"[192300, 211000, 214000, 214100]",138130.44,79.66,2.13,0.0,6.7,0.03,0.0,2.27,9.22
1857,729,2017,"[192300, 192410, 211000, 211500, 214100]",133859.31,54.72,2.34,0.04,28.3,0.0,1.55,5.6,7.46
1858,729,2018,"[192300, 192410, 211000, 211500, 214100]",133352.08,61.12,2.0,0.04,18.38,0.0,1.72,8.49,8.26
1859,729,2019,"[192300, 192410, 211000, 211500, 214100]",127056.32,54.05,3.23,0.04,28.32,0.0,1.6,4.48,8.29
1860,729,2020,"[192300, 192410, 211000, 211500, 214100]",135440.28,51.53,2.74,0.04,29.46,0.0,0.18,1.9,14.16
1861,729,2021,"[192300, 192410, 211000, 211500, 214100]",138569.69,52.33,6.26,0.04,27.17,0.0,0.52,2.22,11.46
1862,729,2022,"[192300, 192410, 211000, 211500, 214100]",154928.78,51.27,6.06,0.0,27.87,0.0,0.53,2.76,11.52
1863,732,2017,"[214501, 214600, 214700, 214800, 215101]",95665.45,75.57,2.74,0.3,6.09,0.46,0.0,4.38,10.45
1864,732,2018,"[214501, 214600, 214700, 214800, 215101]",105477.05,74.24,4.13,0.35,6.86,0.51,0.0,5.19,8.71
1865,732,2019,"[214501, 214600, 214700, 214800, 215101]",96569.76,70.33,7.03,0.45,6.52,0.54,0.0,3.69,11.44
1866,732,2020,"[214501, 214600, 214700, 214800, 215101]",107672.04,72.61,6.77,0.0,6.05,0.46,0.0,4.88,9.23
1867,732,2021,"[214501, 214600, 214700, 214800, 215101]",133430.51,77.45,2.91,0.0,6.71,0.0,0.0,4.47,8.46
1868,732,2022,"[214501, 214600, 214700, 214800, 215101]",115035.24,74.6,6.3,0.0,7.36,0.0,0.0,2.12,9.62
1869,733,2017,"[214501, 214503, 214700, 215101]",61827.82,55.76,7.36,0.01,14.93,1.01,2.66,1.98,16.3
1870,733,2018,"[214501, 214503, 214700, 215101]",64520.43,54.27,9.98,0.01,14.21,1.07,2.5,2.14,15.82
1871,733,2019,"[214501, 214503, 214700, 215101]",68055.29,57.88,9.99,0.0,13.92,1.08,2.62,3.0,11.51
1872,733,2020,"[214501, 214503, 214700, 215101]",68373.27,49.52,9.46,0.0,16.7,0.0,0.45,5.97,17.91
1873,733,2021,"[214501, 214503, 214700, 215101]",75817.13,50.63,5.51,0.0,14.94,0.0,0.82,5.7,22.4
1874,733,2022,"[214501, 214503, 214700, 215101]",80285.18,50.23,5.56,0.0,16.49,0.0,1.99,6.02,19.7
1875,734,2017,"[214000, 214501, 214503, 215102]",80482.21,46.03,3.63,0.6,36.22,0.0,2.73,4.57,6.24
1876,734,2018,"[214000, 214501, 214503, 215102]",85950.74,49.19,5.35,0.74,26.51,0.0,3.47,5.17,9.58
1877,734,2019,"[214000, 214501, 214503, 215102]",82355.86,50.01,7.76,0.01,26.76,0.0,2.97,3.95,8.54
1878,734,2020,"[214000, 214501, 214503, 214504, 214505, 215102]",80453.17,43.58,6.83,0.09,36.48,0.0,1.88,3.36,7.78
1879,734,2021,"[214000, 214501, 214503, 214504, 214505, 215102]",83723.84,42.42,6.29,0.08,37.62,0.0,1.6,3.28,8.71
1880,734,2022,"[214000, 214501, 214503, 214504, 214505, 215102]",96749.49,41.65,7.43,0.07,32.71,0.0,1.22,5.09,11.82
1881,735,2017,"[211000, 214503, 215101, 215102]",61616.35,60.48,3.48,0.0,18.19,0.48,1.36,1.7,14.31
1882,735,2018,"[211000, 214503, 215101, 215102]",64784.81,59.1,5.65,0.0,14.75,0.51,1.3,2.14,16.54
1883,735,2019,"[211000, 214503, 215101, 215102]",69099.69,60.83,6.02,0.0,12.11,0.51,1.33,3.21,15.99
1884,735,2020,"[211000, 214503, 214504, 215101, 215102, 216201]",72565.01,56.61,5.79,0.0,11.66,0.0,0.25,6.01,19.67
1885,735,2021,"[211000, 214503, 214504, 215101, 215102, 216201]",75114.82,55.05,5.38,0.0,11.38,0.0,0.39,5.85,21.95
1886,735,2022,"[211000, 214503, 214504, 215101, 215102, 216201]",86537.57,50.12,10.13,0.0,12.6,0.0,0.94,7.02,19.18
1887,736,2017,"[211000, 214000, 214100, 215102]",61653.05,64.72,0.0,0.0,21.11,0.0,0.2,1.48,12.48
1888,736,2018,"[211000, 214000, 214100, 215102]",65276.85,63.45,1.78,0.0,15.23,0.0,0.24,2.16,17.14
1889,736,2019,"[211000, 214000, 214100, 215102]",70274.36,63.54,2.48,0.0,10.49,0.0,0.17,3.4,19.94
1890,736,2020,"[211000, 214000, 214100, 214504, 215102]",76605.23,63.05,2.46,0.0,7.19,0.0,0.07,6.03,21.21
1891,736,2021,"[211000, 214000, 214100, 214504, 215102]",74824.28,59.11,5.22,0.0,8.21,0.0,0.01,5.96,21.5
1892,736,2022,"[211000, 214000, 214100, 214504, 215102]",92274.55,50.15,14.16,0.0,9.11,0.0,0.01,7.9,18.67
1893,737,2017,"[211000, 214100, 215102]",133908.98,54.75,2.34,0.04,28.28,0.0,1.55,5.6,7.44
1894,737,2018,"[211000, 214100, 215102]",133419.83,61.17,2.0,0.04,18.34,0.0,1.72,8.49,8.25
1895,737,2019,"[211000, 214100, 215102]",127142.87,54.08,3.24,0.04,28.31,0.0,1.6,4.46,8.28
1896,737,2020,"[211000, 214100, 215102]",135547.27,51.55,2.74,0.04,29.46,0.0,0.18,1.89,14.14
1897,737,2021,"[211000, 214100, 215102]",138691.98,52.36,6.26,0.04,27.17,0.0,0.52,2.21,11.45
1898,737,2022,"[211000, 214100, 215102]",155086.1,51.3,6.05,0.0,27.87,0.0,0.53,2.75,11.5
1899,738,2017,"[211000, 212702, 214100]",133960.36,54.72,2.34,0.04,28.31,0.0,1.55,5.6,7.44
1900,738,2018,"[211000, 212702, 214100]",133456.61,61.14,2.0,0.04,18.35,0.0,1.72,8.5,8.25
1901,738,2019,"[211000, 212702, 214100]",127173.36,54.05,3.24,0.04,28.34,0.0,1.6,4.47,8.28
1902,738,2020,"[211000, 212702, 214100]",135583.89,51.51,2.74,0.04,29.49,0.0,0.18,1.89,14.15
1903,738,2021,"[211000, 212702, 214100]",138724.69,52.33,6.26,0.04,27.19,0.0,0.52,2.21,11.45
1904,738,2022,"[211000, 212702, 214100]",155106.27,51.27,6.06,0.0,27.9,0.0,0.53,2.75,11.5
1905,739,2017,"[211000, 211701, 212702]",133988.04,54.69,2.35,0.04,28.33,0.0,1.55,5.61,7.44
1906,739,2018,"[211000, 211701, 212702]",133473.74,61.12,2.0,0.04,18.36,0.0,1.72,8.51,8.25
1907,739,2019,"[211000, 211701, 212702]",127188.66,54.02,3.24,0.04,28.36,0.0,1.6,4.47,8.27
1908,739,2020,"[211000, 211701, 212702]",135601.36,51.48,2.74,0.04,29.51,0.0,0.18,1.89,14.15
1909,739,2021,"[211000, 211701, 212702]",138741.64,52.3,6.26,0.04,27.21,0.0,0.52,2.21,11.45
1910,739,2022,"[211000, 211701, 212702]",155112.58,51.25,6.06,0.0,27.92,0.0,0.53,2.75,11.5
1911,742,2017,"[214700, 214800, 216401, 216800, 700802, 700901]",93615.92,75.91,3.03,0.23,6.93,0.35,0.0,3.89,9.66
1912,742,2018,"[214700, 214800, 216401, 216800, 700802, 700901]",103344.52,74.98,3.96,0.3,7.5,0.39,0.07,4.66,8.13
1913,742,2019,"[214700, 214800, 216401, 216800, 700802, 700901]",97078.54,71.79,6.15,0.38,7.08,0.41,0.08,3.84,10.26
1914,742,2020,"[214700, 214800, 216302, 216401, 216800, 700802, 700901]",103483.43,71.47,6.15,0.04,8.33,0.39,0.14,4.64,8.83
1915,742,2021,"[214700, 214800, 216301, 216302, 216401, 216800, 700802, 700901]",116471.27,79.65,3.16,0.0,4.88,0.0,0.0,9.86,2.45
1916,742,2022,"[214700, 214800, 216302, 216401, 216800, 700802, 700901]",114825.41,72.04,5.82,0.03,8.59,0.0,0.59,3.77,9.17
1917,743,2017,"[214700, 215101]",61646.88,55.89,7.4,0.0,14.67,1.02,2.66,1.95,16.41
1918,743,2018,"[214700, 215101]",64314.87,54.35,10.03,0.0,14.06,1.09,2.49,2.11,15.88
1919,743,2019,"[214700, 215101]",67919.9,57.99,10.01,0.0,13.76,1.09,2.62,2.99,11.54
1920,743,2020,"[214700, 215101, 216201, 216202, 216302]",83257.92,52.13,11.06,0.5,15.44,1.62,0.0,6.12,13.13
1921,743,2021,"[214700, 215101, 216201, 216202, 216301, 216302]",86784.12,56.03,10.28,0.0,11.66,0.0,0.99,5.52,15.52
1922,743,2022,"[214700, 215101, 216201, 216202, 216302]",98001.8,52.06,10.56,0.0,10.34,0.0,1.01,6.77,19.26
1923,745,2017,"[211000, 215101, 215102, 216100, 217200]",71187.31,56.66,6.16,0.03,17.51,0.62,1.86,2.36,14.8
1924,745,2018,"[211000, 215101, 215102, 216100, 217200]",73720.33,56.1,8.04,0.03,14.88,0.66,1.76,2.91,15.62
1925,745,2019,"[211000, 215101, 215102, 216100, 217200]",76607.65,57.46,8.15,0.03,14.71,0.66,1.8,3.25,13.94
1926,745,2020,"[211000, 215101, 215102, 216100, 216201, 216202, 216302, 217200]",96482.37,49.09,11.6,0.0,19.99,0.0,0.0,3.82,15.5
1927,745,2021,"[211000, 215101, 215102, 216100, 216201, 216202, 216302, 217200]",104806.54,48.24,11.35,0.0,19.72,0.0,0.0,4.94,15.75
1928,745,2022,"[211000, 215101, 215102, 216100, 216201, 216202, 216302, 217200]",94074.57,45.28,14.27,0.0,20.21,0.0,0.22,3.74,16.29
1929,747,2017,"[211000, 216100, 217200]",98185.78,54.0,17.22,0.0,17.24,0.0,0.91,2.27,8.36
1930,747,2018,"[211000, 216100, 217200]",100857.32,51.81,16.51,0.0,19.68,0.0,0.45,3.33,8.23
1931,747,2019,"[211000, 216100, 217200]",104656.73,48.78,13.64,0.0,19.22,0.0,0.0,3.3,15.05
1932,747,2020,"[211000, 216100, 216201, 216202, 217200]",120536.57,49.28,14.4,0.0,17.29,0.0,0.0,3.3,15.72
1933,747,2021,"[211000, 216100, 216201, 216202, 217200]",133779.25,47.29,13.76,0.0,19.54,0.05,0.0,3.64,15.72
1934,747,2022,"[211000, 216100, 216201, 216202, 217200]",139553.39,45.38,14.54,0.0,12.1,0.51,0.0,6.44,21.03
1935,749,2017,"[211000, 211701, 212701, 212702, 212800, 216100]",68826.25,20.19,6.61,0.0,53.89,0.0,2.14,1.49,15.69
1936,749,2018,"[211000, 211701, 212701, 212702, 212800, 216100]",72343.24,20.75,8.22,0.14,53.09,0.0,1.3,2.34,14.15
1937,749,2019,"[211000, 211701, 212701, 212702, 212800, 216100]",73101.83,22.85,8.5,0.14,48.25,0.0,2.58,2.07,15.6
1938,749,2020,"[211000, 211701, 212701, 212702, 212800, 216100]",86805.96,29.1,8.04,0.14,44.05,0.0,0.0,2.98,15.7
1939,749,2021,"[211000, 211701, 212701, 212702, 212800, 216100]",79838.66,20.36,5.66,0.14,50.88,0.0,0.0,3.04,19.92
1940,749,2022,"[211000, 211701, 212701, 212702, 212800, 216100]",95029.49,24.04,6.23,0.18,48.93,0.0,0.0,2.47,18.15
1941,752,2017,"[216401, 216800, 700901]",84253.48,68.31,6.35,0.0,3.52,0.42,0.26,6.32,14.82
1942,752,2018,"[216401, 216800, 700901]",86887.09,61.11,6.89,0.0,9.34,0.41,0.31,7.52,14.41
1943,752,2019,"[216401, 216800, 700901]",91817.5,57.76,7.02,0.0,8.3,0.31,0.0,6.74,19.85
1944,752,2020,"[216302, 216401, 216800, 216902, 700901]",111922.87,60.2,7.65,0.0,7.88,0.32,0.0,6.17,17.78
1945,752,2021,"[216301, 216302, 216401, 216800, 216902, 700901]",116790.11,58.89,7.17,0.0,7.74,0.31,0.0,5.68,20.2
1946,752,2022,"[216302, 216401, 216800, 216902, 700901]",125232.72,54.72,8.15,0.27,8.12,0.0,1.68,5.18,21.87
1947,753,2017,[216800],84261.0,68.31,6.35,0.0,3.52,0.42,0.26,6.32,14.82
1948,753,2018,[216800],86895.0,61.11,6.89,0.0,9.34,0.41,0.31,7.52,14.42
1949,753,2019,[216800],91821.0,57.76,7.02,0.0,8.3,0.31,0.0,6.74,19.86
1950,753,2020,"[216302, 216800, 216901, 216902, 217102]",92938.01,47.23,19.13,0.28,2.46,0.03,0.0,18.06,12.81
1951,753,2021,"[216302, 216800, 216901, 216902, 217102]",84835.06,48.81,19.21,0.26,2.77,0.1,2.55,16.23,10.07
1952,753,2022,"[216302, 216800, 216901, 216902, 217102]",75452.24,34.77,17.38,0.64,3.66,0.07,2.52,17.73,23.22
1953,755,2017,[217200],61131.0,20.49,24.43,0.88,7.72,0.0,0.0,6.29,40.19
1954,755,2018,[217200],64222.0,22.24,23.79,0.95,6.84,0.0,0.03,3.63,42.52
1955,755,2019,[217200],69817.0,24.59,22.59,0.87,5.37,0.0,0.31,3.01,43.26
1956,755,2020,"[216202, 216302, 216901, 216902, 217102, 217200]",67742.69,50.47,22.86,0.0,8.73,0.01,0.0,4.68,13.25
1957,755,2021,"[216202, 216302, 216901, 216902, 217102, 217200]",72028.93,44.0,34.29,0.0,5.09,0.0,0.01,4.56,12.06
1958,755,2022,"[216202, 216302, 216901, 216902, 217102, 217200]",99689.54,37.03,30.29,0.0,7.8,0.0,0.01,8.52,16.33
1959,758,2017,"[212701, 212702, 212800, 212900, 216100, 217200]",47691.28,15.43,8.89,0.17,21.22,0.0,0.5,3.5,50.28
1960,758,2018,"[212701, 212702, 212800, 212900, 216100, 217200]",48212.08,15.36,12.28,0.29,23.56,0.0,0.32,5.23,42.96
1961,758,2019,"[212701, 212702, 212800, 212900, 216100, 217200]",49954.27,19.47,14.1,0.34,27.32,0.0,0.32,6.45,32.0
1962,758,2020,"[212701, 212702, 212800, 212900, 216100, 217200]",50173.74,19.68,13.11,0.0,32.35,0.0,0.0,8.82,26.04
1963,758,2021,"[212701, 212702, 212800, 212900, 216100, 217200]",54330.55,15.55,9.3,0.0,43.27,0.0,0.0,4.94,26.94
1964,758,2022,"[212701, 212702, 212800, 212900, 216100, 217200]",73555.72,18.51,8.32,0.0,43.42,0.0,0.0,4.18,25.56
1965,759,2017,"[212701, 212800, 212900]",40328.45,6.36,5.32,0.37,25.09,0.0,0.0,1.77,61.1
1966,759,2018,"[212701, 212800, 212900]",43269.75,6.32,6.31,0.39,27.05,0.0,0.0,1.77,58.15
1967,759,2019,"[212701, 212800, 212900]",43182.01,9.59,11.28,0.47,25.65,0.0,0.0,1.77,51.24
1968,759,2020,"[212701, 212800, 212900]",43838.75,9.09,11.56,0.36,27.17,0.0,0.0,1.98,49.83
1969,759,2021,"[212701, 212800, 212900]",55574.56,10.21,9.09,0.0,25.54,0.0,0.0,0.69,54.47
1970,759,2022,"[212701, 212800, 212900]",52018.89,12.23,10.49,0.0,24.25,0.0,0.0,1.02,52.01
1971,762,2017,"[216401, 216700, 216800, 217002]",65295.48,34.2,26.93,0.0,8.2,0.0,0.0,6.46,24.21
1972,762,2018,"[216401, 216700, 216800, 217002]",69804.08,34.81,27.89,0.0,8.66,0.0,0.64,5.18,22.81
1973,762,2019,"[216401, 216700, 216800, 217002]",79772.18,33.83,28.64,0.0,8.71,0.0,0.55,5.97,22.3
1974,762,2020,"[216401, 216700, 216800, 216901, 217002]",105455.5,39.58,25.69,0.0,8.12,0.0,1.28,6.61,18.71
1975,762,2021,"[216401, 216700, 216800, 216901, 217002]",96266.97,38.3,26.51,0.0,8.72,0.0,1.95,4.46,20.06
1976,762,2022,"[216401, 216700, 216800, 216901, 217002]",105010.8,41.09,26.41,0.0,8.74,0.0,2.35,3.61,17.79
1977,763,2017,"[216700, 216800, 218300, 270300]",56535.53,13.72,29.34,0.03,5.57,0.0,1.69,1.95,47.7
1978,763,2018,"[216700, 216800, 218300, 270300]",60514.24,13.45,30.8,0.02,5.91,0.0,0.84,2.65,46.33
1979,763,2019,"[216700, 216800, 218300, 270300]",62546.45,11.63,30.08,0.03,7.19,0.0,4.21,2.39,44.46
1980,763,2020,"[216700, 216800, 216901, 216902, 217101, 217102, 218300, 270300]",83892.11,30.04,39.42,0.0,3.17,0.0,0.03,6.06,21.28
1981,763,2021,"[216700, 216800, 216901, 216902, 217101, 217102, 218300, 270300]",93282.92,31.13,43.11,0.0,4.17,0.49,0.03,5.21,15.84
1982,763,2022,"[216700, 216800, 216901, 216902, 217101, 217102, 218300, 270300]",111206.03,30.2,43.63,0.0,3.06,0.33,0.03,11.76,10.99
1983,764,2017,"[217200, 218300]",45046.56,11.36,27.2,0.01,3.81,0.0,0.0,1.08,56.53
1984,764,2018,"[217200, 218300]",51104.56,9.0,29.06,0.01,3.89,0.0,0.0,2.33,55.72
1985,764,2019,"[217200, 218300]",53756.36,8.38,26.45,0.01,4.84,0.0,7.28,1.37,51.67
1986,764,2020,"[216901, 217101, 217102, 217200, 218300]",84460.13,15.52,7.47,0.0,3.51,0.0,15.97,1.83,55.7
1987,764,2021,"[216901, 217101, 217102, 217200, 218300]",66754.69,12.2,12.81,0.02,3.05,0.0,0.13,1.48,70.32
1988,764,2022,"[216901, 217101, 217102, 217200, 218300]",82681.02,18.41,11.02,0.01,3.21,0.0,0.1,1.47,65.78
1989,765,2017,"[212800, 216100, 217200, 218210, 218220, 218300]",60914.45,20.41,24.41,0.86,7.71,0.0,0.0,6.21,40.39
1990,765,2018,"[212800, 216100, 217200, 218210, 218220, 218300]",64023.26,22.13,23.79,0.94,6.85,0.0,0.03,3.6,42.66
1991,765,2019,"[212800, 216100, 217200, 218210, 218220, 218300]",69565.87,24.47,22.57,0.85,5.4,0.0,0.34,2.98,43.38
1992,765,2020,"[212800, 216100, 216202, 217101, 217102, 217200, 218210, 218220, 218300]",60346.81,25.61,25.23,0.0,5.39,0.82,2.79,1.9,38.26
1993,765,2021,"[212800, 216100, 216202, 217101, 217102, 217200, 218210, 218220, 218300]",71737.35,24.8,29.21,0.0,7.36,0.56,2.9,2.44,32.73
1994,765,2022,"[212800, 216100, 216202, 217101, 217102, 217200, 218210, 218220, 218300]",78918.92,23.07,26.17,0.0,8.12,0.51,2.86,2.69,36.58
1995,766,2017,"[212800, 217200, 218110, 218220]",42101.22,4.86,19.98,0.01,21.46,0.0,0.01,0.54,53.14
1996,766,2018,"[212800, 217200, 218110, 218220]",43355.8,4.28,20.9,0.48,20.24,0.0,0.01,1.79,52.3
1997,766,2019,"[212800, 217200, 218110, 218220]",44352.04,7.07,18.74,0.53,15.0,0.0,0.01,1.29,57.37
1998,766,2020,"[212800, 217200, 218110, 218220]",40111.2,9.87,23.05,0.99,13.31,0.01,0.04,1.77,50.97
1999,766,2021,"[212800, 217200, 218110, 218220]",42574.5,9.84,16.42,0.3,10.53,0.0,0.41,0.98,61.52
2000,766,2022,"[212800, 217200, 218110, 218220]",44848.25,11.23,24.19,0.58,11.0,0.0,0.63,1.18,51.2
2001,767,2017,"[212800, 212900, 218110, 218120, 218220]",41885.24,4.56,19.84,0.0,21.83,0.0,0.0,0.45,53.32
2002,767,2018,"[212800, 212900, 218110, 218120, 218220]",43061.95,3.91,20.74,0.48,20.55,0.0,0.0,1.76,52.55
2003,767,2019,"[212800, 212900, 218110, 218120, 218220]",43991.68,6.66,18.63,0.53,15.16,0.0,0.0,1.25,57.77
2004,767,2020,"[212800, 212900, 218110, 218120, 218220]",39331.05,9.5,23.03,1.02,13.39,0.0,0.0,1.73,51.34
2005,767,2021,"[212800, 212900, 218110, 218120, 218220]",41926.68,9.56,16.29,0.31,10.42,0.0,0.39,0.93,62.1
2006,767,2022,"[212800, 212900, 218110, 218120, 218220]",44017.63,10.98,24.21,0.59,10.88,0.0,0.62,1.11,51.61
2007,769,2017,"[212900, 218110, 218120, 221304]",37610.87,3.73,11.16,0.0,18.59,0.0,0.0,1.44,65.08
2008,769,2018,"[212900, 218110, 218120, 221304]",37702.65,1.97,12.29,0.0,18.42,0.24,0.0,2.02,65.07
2009,769,2019,"[212900, 218110, 218120, 221304]",36504.04,2.21,11.09,0.0,12.68,0.24,0.0,2.11,71.67
2010,769,2020,"[212900, 218110, 218120, 221304]",33923.09,2.58,11.08,0.0,14.25,1.18,0.0,2.83,68.08
2011,769,2021,"[212900, 218110, 218120, 221304]",43645.79,3.56,13.6,0.0,12.32,1.49,0.0,2.02,67.01
2012,769,2022,"[212900, 218110, 218120, 221304]",50605.21,3.22,13.63,0.0,12.7,1.33,0.0,1.52,67.61
2013,773,2017,"[218300, 270300]",44971.15,11.3,27.24,0.0,3.79,0.0,0.01,1.04,56.62
2014,773,2018,"[218300, 270300]",51043.1,8.91,29.11,0.0,3.88,0.0,0.0,2.32,55.78
2015,773,2019,"[218300, 270300]",53666.42,8.26,26.5,0.0,4.85,0.0,7.32,1.37,51.7
2016,773,2020,"[218300, 270300]",59149.39,17.46,26.88,0.0,6.12,0.0,5.93,1.52,42.09
2017,773,2021,"[218300, 270300]",63334.89,17.34,21.42,0.71,4.97,0.0,4.63,1.73,49.2
2018,773,2022,"[218300, 270300]",63976.93,19.96,23.23,0.4,6.31,0.0,3.3,2.8,44.0
2019,774,2017,"[218210, 218300]",44903.96,11.29,27.22,0.0,3.78,0.0,0.0,1.04,56.67
2020,774,2018,"[218210, 218300]",50984.22,8.89,29.09,0.0,3.87,0.0,0.0,2.31,55.84
2021,774,2019,"[218210, 218300]",53610.23,8.24,26.48,0.0,4.84,0.0,7.33,1.36,51.75
2022,774,2020,"[218210, 218300]",59136.6,17.46,26.86,0.0,6.12,0.0,5.94,1.51,42.11
2023,774,2021,"[218210, 218300]",63326.15,17.33,21.4,0.72,4.96,0.0,4.64,1.72,49.24
2024,774,2022,"[218210, 218300]",63966.05,19.96,23.22,0.41,6.3,0.0,3.3,2.8,44.01
2025,775,2017,"[218210, 218220, 218300]",33057.49,10.02,15.6,0.0,5.05,0.0,0.0,0.0,69.32
2026,775,2018,"[218210, 218220, 218300]",34518.06,10.31,12.5,0.0,4.74,0.0,0.0,0.0,72.45
2027,775,2019,"[218210, 218220, 218300]",35471.87,11.75,14.4,0.0,5.16,0.0,0.01,0.0,68.68
2028,775,2020,"[218210, 218220, 218300]",38276.65,11.64,11.85,0.0,5.44,0.0,0.42,0.0,70.64
2029,775,2021,"[218210, 218220, 218300]",40016.9,13.45,10.1,0.0,5.72,0.0,0.39,0.41,69.93
2030,775,2022,"[218210, 218220, 218300]",55640.82,11.92,9.06,0.0,3.0,0.0,1.03,0.28,74.72
2031,776,2017,"[218210, 218220, 218300]",42210.42,11.56,27.37,0.05,5.89,0.0,0.3,2.52,52.32
2032,776,2018,"[218210, 218220, 218300]",47506.19,13.07,29.2,0.05,8.07,0.0,0.3,1.63,47.68
2033,776,2019,"[218210, 218220, 218300]",49423.82,17.97,23.19,0.0,6.66,0.0,0.28,0.64,51.26
2034,776,2020,"[218210, 218220, 218300]",72937.39,19.38,23.68,0.0,7.86,0.0,0.77,1.98,46.33
2035,776,2021,"[218210, 218220, 218300]",63717.23,16.0,18.35,0.0,9.48,0.0,0.42,1.77,53.98
2036,776,2022,"[218210, 218220, 218300]",68831.03,16.75,24.19,0.0,10.11,0.0,0.02,3.53,45.41
2037,777,2017,[218220],42347.0,11.58,27.54,0.05,5.91,0.0,0.3,2.56,52.06
2038,777,2018,[218220],47700.0,13.11,29.45,0.05,8.12,0.0,0.31,1.65,47.31
2039,777,2019,[218220],49632.0,18.06,23.32,0.0,6.69,0.0,0.29,0.65,51.0
2040,777,2020,[218220],73455.0,19.5,23.86,0.0,7.89,0.0,0.77,2.01,45.96
2041,777,2021,[218220],64071.0,16.03,18.48,0.0,9.54,0.0,0.42,1.79,53.74
2042,777,2022,[218220],69028.0,16.82,24.42,0.0,10.21,0.0,0.0,3.58,44.97
2043,778,2017,"[218110, 218120, 218220]",41897.62,4.57,19.9,0.0,21.81,0.0,0.0,0.45,53.28
2044,778,2018,"[218110, 218120, 218220]",43081.14,3.93,20.8,0.48,20.52,0.0,0.0,1.76,52.51
2045,778,2019,"[218110, 218120, 218220]",44018.85,6.69,18.66,0.53,15.13,0.0,0.0,1.25,57.73
2046,778,2020,"[218110, 218120, 218220]",39396.65,9.53,23.08,1.02,13.35,0.0,0.0,1.73,51.29
2047,778,2021,"[218110, 218120, 218220]",41940.3,9.58,16.31,0.31,10.39,0.0,0.39,0.93,62.09
2048,778,2022,"[218110, 218120, 218220]",44035.73,11.0,24.25,0.6,10.85,0.0,0.62,1.11,51.57
2049,779,2017,"[218110, 218120]",37605.06,3.72,11.17,0.0,18.58,0.0,0.0,1.44,65.09
2050,779,2018,"[218110, 218120]",37691.34,1.96,12.3,0.0,18.4,0.24,0.0,2.02,65.09
2051,779,2019,"[218110, 218120]",36489.87,2.2,11.08,0.0,12.66,0.24,0.0,2.11,71.71
2052,779,2020,"[218110, 218120]",33903.35,2.57,11.08,0.0,14.23,1.18,0.0,2.83,68.12
2053,779,2021,"[218110, 218120]",43624.57,3.55,13.6,0.0,12.3,1.49,0.0,2.03,67.03
2054,779,2022,"[218110, 218120]",50604.36,3.2,13.63,0.0,12.68,1.33,0.0,1.52,67.64
2055,782,2017,"[216700, 217002, 218300, 219902, 269601, 269700, 270200, 270300, 702400]",70358.67,16.69,27.06,0.06,7.43,0.07,4.06,3.02,41.6
2056,782,2018,"[216700, 217002, 218300, 219902, 269601, 269700, 270200, 270300, 702400]",71664.4,19.91,28.01,0.03,9.07,0.0,1.64,3.02,38.31
2057,782,2019,"[216700, 217002, 218300, 219902, 269601, 269700, 270200, 270300, 702400]",72909.15,17.72,29.42,0.06,10.37,0.0,0.18,3.62,38.62
2058,782,2020,"[216700, 216901, 217002, 218300, 219902, 269601, 269700, 270200, 270300, 702400]",61249.6,19.03,26.65,0.12,9.24,0.0,0.47,2.96,41.53
2059,782,2021,"[216700, 216901, 217002, 218300, 219902, 269601, 269700, 270200, 270300, 702400]",63189.83,22.57,26.51,0.4,8.82,0.0,0.6,3.0,38.11
2060,782,2022,"[216700, 216901, 217002, 218300, 219902, 269601, 269700, 270200, 270300, 702400]",69295.39,18.86,20.33,0.19,9.68,0.0,1.87,2.75,46.32
2061,783,2017,"[218300, 218400, 218500, 270300]",45244.09,7.8,21.3,0.0,0.57,0.0,1.16,1.22,67.95
2062,783,2018,"[218300, 218400, 218500, 270300]",58460.51,9.66,20.0,0.0,1.69,0.0,0.92,1.45,66.27
2063,783,2019,"[218300, 218400, 218500, 270300]",64010.48,13.75,18.97,0.0,2.77,0.0,1.07,1.1,62.33
2064,783,2020,"[218300, 218400, 218500, 270300]",67383.39,14.32,12.98,0.0,3.28,0.0,1.1,1.13,67.2
2065,783,2021,"[218300, 218400, 218500, 270300]",69251.84,11.79,17.23,0.0,3.22,0.0,0.01,1.09,66.66
2066,783,2022,"[218300, 218400, 218500, 270300]",85897.77,12.88,12.56,0.0,5.33,0.0,0.01,3.06,66.16
2067,784,2017,"[218210, 218300, 218400, 218500, 218600]",41419.13,7.32,35.12,0.0,3.78,0.0,0.67,3.25,49.86
2068,784,2018,"[218210, 218300, 218400, 218500, 218600]",42878.17,10.24,27.21,0.0,3.67,0.0,0.7,3.83,54.35
2069,784,2019,"[218210, 218300, 218400, 218500, 218600]",44911.2,8.45,24.53,0.0,4.01,0.0,2.88,2.98,57.14
2070,784,2020,"[218210, 218300, 218400, 218500, 218600]",43217.58,8.12,22.36,0.0,3.73,0.0,4.18,5.75,55.85
2071,784,2021,"[218210, 218300, 218400, 218500, 218600]",46953.04,8.98,22.01,0.0,4.4,0.0,3.39,5.7,55.51
2072,784,2022,"[218210, 218300, 218400, 218500, 218600]",66508.14,10.98,22.61,0.0,2.63,0.0,3.05,5.56,55.17
2073,785,2017,"[218210, 218220, 218500, 218600, 218701]",47604.79,7.47,28.39,0.0,4.28,0.0,0.01,1.68,58.17
2074,785,2018,"[218210, 218220, 218500, 218600, 218701]",55804.37,10.78,28.32,0.0,5.58,0.0,0.59,2.79,51.94
2075,785,2019,"[218210, 218220, 218500, 218600, 218701]",51208.5,10.52,27.02,0.0,4.49,0.0,0.71,3.39,53.88
2076,785,2020,"[218210, 218220, 218500, 218600, 218701]",61189.09,15.39,20.84,0.0,8.35,0.0,1.06,3.23,51.12
2077,785,2021,"[218210, 218220, 218500, 218600, 218701]",62220.48,14.96,23.67,0.0,7.79,0.0,0.92,5.54,47.11
2078,785,2022,"[218210, 218220, 218500, 218600, 218701]",72986.59,15.54,17.92,0.0,11.68,0.0,0.86,6.79,47.21
2079,787,2017,"[218220, 218701]",55126.51,9.25,39.63,0.0,19.8,0.0,0.0,1.65,29.66
2080,787,2018,"[218220, 218701]",55247.76,11.44,37.08,0.0,21.54,0.0,0.0,2.2,27.74
2081,787,2019,"[218220, 218701]",49316.68,9.31,36.16,0.0,20.62,0.0,0.0,2.45,31.45
2082,787,2020,"[218220, 218701]",58033.18,8.23,37.2,0.0,11.4,0.0,0.33,2.27,40.58
2083,787,2021,"[218220, 218701]",54665.24,11.25,35.06,0.0,14.59,0.0,0.38,2.83,35.89
2084,787,2022,"[218220, 218701]",54966.25,6.28,32.88,0.0,5.45,0.0,0.43,1.5,53.47
2085,788,2017,"[218110, 218220, 218701, 218800]",55124.06,9.23,39.62,0.0,19.83,0.0,0.0,1.65,29.67
2086,788,2018,"[218110, 218220, 218701, 218800]",55236.83,11.42,37.05,0.0,21.57,0.0,0.0,2.2,27.75
2087,788,2019,"[218110, 218220, 218701, 218800]",49304.05,9.29,36.15,0.0,20.64,0.0,0.0,2.45,31.47
2088,788,2020,"[218110, 218220, 218701, 218800]",57957.95,8.21,37.2,0.0,11.41,0.0,0.32,2.27,40.59
2089,788,2021,"[218110, 218220, 218701, 218800]",54616.38,11.24,35.05,0.0,14.59,0.0,0.38,2.83,35.91
2090,788,2022,"[218110, 218220, 218701, 218800]",54911.6,6.26,32.88,0.0,5.45,0.0,0.43,1.49,53.48
2091,789,2017,"[218110, 218120, 218701, 218800]",46945.26,4.98,22.45,0.0,9.43,0.0,0.73,2.1,60.31
2092,789,2018,"[218110, 218120, 218701, 218800]",50909.6,5.66,22.4,0.0,17.1,0.0,0.31,1.93,52.6
2093,789,2019,"[218110, 218120, 218701, 218800]",46134.68,4.48,23.57,0.0,15.64,0.0,0.0,1.96,54.35
2094,789,2020,"[218110, 218120, 218701, 218800]",45896.97,7.78,24.91,0.0,20.5,0.0,0.0,1.49,45.31
2095,789,2021,"[218110, 218120, 218701, 218800]",47306.32,7.23,22.95,0.0,14.28,0.0,0.0,4.93,50.62
2096,789,2022,"[218110, 218120, 218701, 218800]",50023.01,5.82,21.99,0.0,15.65,0.0,0.0,5.16,51.38
2097,801,2017,"[137504, 139802, 262601, 980019, 262604, 800506]",201114.2,82.2,0.16,0.0,15.61,0.0,0.03,1.05,0.95
2098,801,2018,"[137504, 139802, 262601, 980019, 262604, 800506]",224214.28,81.52,0.21,0.0,14.05,2.29,0.04,1.32,0.56
2099,801,2019,"[137504, 139802, 262601, 980019, 262604, 800506]",228689.42,81.1,0.17,0.0,13.76,2.51,0.08,1.63,0.76
2100,801,2020,"[137504, 139802, 262601, 800103, 800104, 980019, 262604, 800506]",243386.21,90.76,0.15,0.0,7.16,0.0,0.18,1.22,0.53
2101,801,2021,"[137504, 139802, 262601, 800103, 800104, 980019, 262604, 800506]",246294.72,96.56,0.29,0.0,1.57,0.0,0.17,0.64,0.77
2102,801,2022,"[137504, 139802, 262601, 800103, 800104, 980019, 262604, 800506]",127185.16,96.08,0.07,0.0,1.82,0.0,0.25,0.93,0.85
2103,802,2017,"[139703, 139802, 262400, 262501, 262601, 980019, 262604, 262706, 262802]",199780.91,83.61,0.0,0.02,15.69,0.0,0.0,0.22,0.46
2104,802,2018,"[139703, 139802, 262400, 262501, 262601, 980019, 262604, 262706, 262802]",222189.01,83.06,0.02,0.02,13.77,2.44,0.0,0.23,0.46
2105,802,2019,"[139703, 139802, 262400, 262501, 262601, 980019, 262604, 262706, 262802]",230873.68,82.94,0.02,0.02,13.7,2.67,0.0,0.32,0.34
2106,802,2020,"[139703, 139704, 139802, 262400, 262501, 262601, 980019, 262604, 262706, 262802]",249696.89,92.87,0.02,0.02,6.55,0.0,0.0,0.36,0.19
2107,802,2021,"[139703, 139704, 139802, 262400, 262501, 262601, 980019, 262604, 262706, 262802]",249139.87,99.12,0.03,0.0,0.43,0.0,0.01,0.23,0.17
2108,802,2022,"[139703, 139704, 139802, 262400, 262501, 262601, 980019, 262604, 262706, 262802]",119300.69,98.96,0.05,0.0,0.49,0.0,0.01,0.35,0.14
2109,803,2017,"[262301, 262303, 262400, 980019, 262802]",238734.26,82.87,0.12,0.28,9.74,0.0,0.0,3.86,3.13
2110,803,2018,"[262301, 262303, 262400, 980019, 262802]",244847.27,84.04,2.1,0.3,7.82,0.58,0.0,2.56,2.6
2111,803,2019,"[262301, 262303, 262400, 980019, 262802]",245530.25,86.47,2.14,0.28,6.91,0.63,0.0,1.61,1.96
2112,803,2020,"[139704, 262301, 262303, 262400, 980019, 262802]",249774.4,86.82,1.97,0.25,4.11,0.0,0.0,2.7,4.14
2113,803,2021,"[139704, 262301, 262303, 262400, 980019, 262802]",236021.82,84.95,3.58,0.35,1.79,0.0,0.95,2.74,5.65
2114,803,2022,"[139704, 262301, 262303, 262400, 980019, 262802]",218989.47,85.19,3.49,0.0,2.02,0.0,1.07,2.35,5.89
2115,804,2017,"[141500, 262200, 262301, 262302, 262303, 262400]",217421.18,74.67,1.83,0.0,10.44,0.0,0.0,3.29,9.77
2116,804,2018,"[141500, 262200, 262301, 262302, 262303, 262400]",246397.99,72.42,2.26,0.0,12.02,0.0,0.0,2.68,10.62
2117,804,2019,"[141500, 262200, 262301, 262302, 262303, 262400]",214442.39,72.31,2.43,0.0,13.01,0.0,0.0,1.66,10.59
2118,804,2020,"[139704, 139705, 141500, 262200, 262301, 262302, 262303, 262400]",230441.34,68.55,2.79,0.0,15.64,0.0,0.0,2.67,10.35
2119,804,2021,"[139704, 139705, 141500, 262200, 262301, 262302, 262303, 262400]",242134.06,66.21,4.33,0.0,13.5,0.0,0.0,4.88,11.08
2120,804,2022,"[139704, 139705, 141500, 262200, 262301, 262302, 262303, 262400]",248824.92,70.06,2.83,0.0,12.28,0.0,0.66,5.49,8.67
2121,805,2017,"[141500, 141600, 262100, 262200, 262301, 262302, 265410, 265420]",175485.32,73.28,3.94,0.0,8.93,0.0,0.46,5.14,8.25
2122,805,2018,"[141500, 141600, 262100, 262200, 262301, 262302, 265410, 265420]",210282.41,73.03,3.48,0.0,9.14,0.0,0.62,7.14,6.57
2123,805,2019,"[141500, 141600, 262100, 262200, 262301, 262302, 265410, 265420]",183984.28,77.8,4.32,0.0,6.91,0.0,0.0,7.88,3.09
2124,805,2020,"[141500, 141600, 262100, 262200, 262301, 262302, 265410, 265420]",173651.29,76.29,2.28,0.0,9.76,0.0,0.11,9.88,1.68
2125,805,2021,"[141500, 141600, 262100, 262200, 262301, 262302, 265410, 265420]",166642.84,73.43,2.34,0.0,6.86,0.0,0.14,10.62,6.62
2126,805,2022,"[141500, 141600, 262100, 262200, 262301, 262302, 265410, 265420]",185871.86,71.84,4.23,0.0,11.12,0.0,0.64,6.53,5.64
2127,806,2017,"[141600, 261200, 262100, 262200, 265100, 700700]",184056.86,77.94,1.7,0.0,11.39,0.0,0.0,3.2,5.78
2128,806,2018,"[141600, 261200, 262100, 262200, 265100, 700700]",176921.13,77.83,0.74,0.0,12.82,0.0,0.0,3.76,4.85
2129,806,2019,"[141600, 261200, 262100, 262200, 265100, 700700]",217374.24,75.49,0.67,0.0,13.73,0.0,0.0,4.92,5.18
2130,806,2020,"[141600, 261200, 262100, 262200, 265100, 700700]",249779.41,81.01,0.66,0.0,9.19,0.0,0.0,3.71,5.43
2131,806,2021,"[141600, 261200, 262100, 262200, 265100, 700700]",228675.7,82.39,0.0,0.0,9.72,0.0,0.0,4.46,3.43
2132,806,2022,"[141600, 261200, 262100, 262200, 265100, 700700]",215578.09,87.66,0.01,0.0,6.03,0.0,0.0,3.75,2.55
2133,807,2017,"[141600, 141700, 261102, 261200, 262100, 700700]",165158.61,83.61,0.21,0.0,10.69,0.0,0.0,1.29,4.19
2134,807,2018,"[141600, 141700, 261102, 261200, 262100, 700700]",191001.71,85.24,0.22,0.0,9.64,0.0,0.0,1.26,3.64
2135,807,2019,"[141600, 141700, 261102, 261200, 262100, 700700]",188812.26,85.36,0.49,0.0,9.17,0.0,0.0,2.36,2.63
2136,807,2020,"[141600, 141700, 261102, 261200, 262100, 700700]",179738.63,78.77,0.77,0.0,6.7,0.0,0.0,4.2,9.56
2137,807,2021,"[141600, 141700, 261102, 261200, 262100, 700700]",175479.43,75.8,1.17,0.0,8.11,0.0,0.0,5.58,9.34
2138,807,2022,"[141600, 141700, 261102, 261200, 262100, 700700]",187225.05,70.45,1.57,0.0,9.91,0.0,0.0,7.23,10.84
2139,808,2017,"[141700, 143901, 143902, 261102, 261200, 700700]",174975.53,80.75,1.75,0.0,6.49,0.0,0.0,5.79,5.22
2140,808,2018,"[141700, 143901, 143902, 261102, 261200, 700700]",154086.26,88.27,2.41,0.0,5.66,0.0,0.0,1.71,1.96
2141,808,2019,"[141700, 143901, 143902, 261102, 261200, 700700]",159586.4,88.74,2.61,0.0,4.86,0.0,0.0,2.16,1.63
2142,808,2020,"[141700, 143901, 143902, 261102, 261104, 261200, 700700]",164312.55,87.35,3.28,0.0,3.07,0.0,0.0,1.91,4.39
2143,808,2021,"[141700, 143901, 143902, 261102, 261104, 261200, 700700]",167228.87,84.18,3.13,0.0,3.99,0.0,0.0,3.96,4.74
2144,808,2022,"[141700, 143901, 143902, 261102, 261104, 261200, 700700]",220204.22,85.46,1.86,0.0,3.55,0.0,0.0,3.95,5.18
2145,809,2017,"[143901, 194300, 261102, 700600, 700700]",184121.96,85.19,1.04,0.02,4.78,0.0,0.0,4.27,4.7
2146,809,2018,"[143901, 194300, 261102, 700600, 700700]",190311.19,84.44,1.14,0.06,4.8,0.0,0.0,3.46,6.1
2147,809,2019,"[143901, 194300, 261102, 700600, 700700]",190522.13,84.41,1.22,0.07,3.99,0.0,0.0,3.89,6.43
2148,809,2020,"[143901, 194300, 261102, 261103, 261104, 700600, 700700]",215659.85,75.74,7.04,0.0,5.47,0.0,0.0,6.41,5.35
2149,809,2021,"[143901, 194300, 261102, 261103, 261104, 700600, 700700]",222417.64,73.17,8.09,0.0,3.2,0.0,0.97,7.95,6.63
2150,809,2022,"[143901, 194300, 261102, 261103, 261104, 700600, 700700]",237138.02,74.65,4.56,0.0,6.76,0.0,1.88,7.55,4.61
2151,811,2017,"[262501, 262601, 980019, 262604, 262704, 800506]",195387.35,82.33,0.27,0.0,10.94,0.0,0.02,4.49,1.95
2152,811,2018,"[262501, 262601, 980019, 262604, 262704, 800506]",212382.26,82.34,0.16,0.0,10.45,0.89,0.03,4.29,1.83
2153,811,2019,"[262501, 262601, 980019, 262604, 262704, 800506]",212122.81,83.47,0.13,0.0,8.96,0.97,0.06,3.96,2.44
2154,811,2020,"[262501, 262601, 980019, 262604, 262704, 800506]",209896.51,88.83,0.12,0.0,6.27,0.04,0.14,1.62,2.98
2155,811,2021,"[262501, 262601, 980019, 262604, 262704, 800506]",230536.21,90.09,0.23,0.0,4.05,0.04,0.13,2.65,2.81
2156,811,2022,"[262501, 262601, 980019, 262604, 262704, 800506]",197900.85,85.34,1.11,0.0,4.38,0.02,0.19,5.76,3.19
2157,812,2017,"[262301, 262302, 262303, 262400, 264000, 262802]",221571.49,88.78,0.01,0.0,2.55,0.0,0.0,4.72,3.95
2158,812,2018,"[262301, 262302, 262303, 262400, 264000, 262802]",249900.01,84.63,0.01,1.28,4.94,0.0,0.0,5.32,3.82
2159,812,2019,"[262301, 262302, 262303, 262400, 264000, 262802]",249810.7,85.38,0.01,1.31,6.07,0.0,0.0,4.53,2.69
2160,812,2020,"[262301, 262302, 262303, 262400, 264000, 262802]",249895.35,82.39,0.01,0.72,8.2,0.0,0.0,3.4,5.27
2161,812,2021,"[262301, 262302, 262303, 262400, 264000, 262802]",249913.9,84.48,0.54,0.92,5.09,0.0,0.0,3.8,5.16
2162,812,2022,"[262301, 262302, 262303, 262400, 264000, 262802]",249941.09,81.53,0.88,0.43,6.67,0.0,0.0,4.52,5.97
2163,813,2017,"[262301, 262302, 262303, 264000, 265410]",161730.44,82.51,0.77,0.0,7.23,0.0,0.0,2.57,6.93
2164,813,2018,"[262301, 262302, 262303, 264000, 265410]",168236.1,80.9,0.81,0.0,6.89,0.0,0.0,3.76,7.63
2165,813,2019,"[262301, 262302, 262303, 264000, 265410]",158660.91,82.41,0.46,0.0,6.55,0.0,0.0,2.5,8.09
2166,813,2020,"[262301, 262302, 262303, 264000, 265410]",200801.33,82.75,0.44,0.0,4.88,0.0,0.0,3.01,8.92
2167,813,2021,"[262301, 262302, 262303, 264000, 265410]",199685.46,85.74,0.57,0.0,3.38,0.0,0.0,4.64,5.67
2168,813,2022,"[262301, 262302, 262303, 264000, 265410]",201768.17,82.58,0.53,0.0,3.26,0.0,0.0,8.59,5.04
2169,814,2017,"[262302, 264102, 265410]",133684.95,72.16,5.21,0.0,13.69,0.0,0.59,1.63,6.72
2170,814,2018,"[262302, 264102, 265410]",116640.04,76.65,2.8,0.0,10.37,0.0,0.78,2.42,6.98
2171,814,2019,"[262302, 264102, 265410]",117895.97,79.6,0.0,0.0,9.7,0.0,1.07,3.14,6.49
2172,814,2020,"[262302, 264102, 265410, 980017]",105663.25,85.77,0.01,0.0,8.28,0.0,0.0,2.2,3.74
2173,814,2021,"[262302, 264102, 265410]",134384.66,89.01,0.0,0.0,6.09,0.0,0.0,2.31,2.59
2174,814,2022,"[262302, 264102, 265410]",151267.39,85.04,0.0,0.0,10.54,0.0,0.0,2.39,2.03
2175,815,2017,"[262200, 265303, 265410, 265420]",170139.55,77.97,6.38,0.0,12.33,0.0,0.01,2.02,1.29
2176,815,2018,"[262200, 265303, 265410, 265420]",206075.36,75.85,6.66,0.0,12.27,0.66,0.02,2.78,1.76
2177,815,2019,"[262200, 265303, 265410, 265420]",196633.48,77.73,5.58,0.0,10.37,0.64,0.02,4.07,1.59
2178,815,2020,"[262200, 265303, 265410, 265420, 980017]",192185.49,76.38,2.75,0.0,9.6,0.59,0.0,4.43,6.25
2179,815,2021,"[262200, 265303, 265410, 265420]",197659.51,71.91,2.08,0.0,8.01,0.32,0.0,11.3,6.37
2180,815,2022,"[262200, 265303, 265410, 265420]",247546.39,67.52,1.33,0.0,15.02,0.6,0.0,9.52,6.01
2181,816,2017,"[265303, 265304, 265420]",16335.43,35.61,1.58,0.0,36.07,0.0,0.45,5.18,21.1
2182,816,2018,"[265303, 265304, 265420]",17846.95,33.02,1.69,0.0,37.39,0.0,0.39,4.19,23.32
2183,816,2019,"[265303, 265304, 265420]",21963.85,31.76,3.35,0.0,43.71,0.83,0.5,3.86,15.99
2184,816,2020,"[265303, 265304, 265420, 980017]",30130.09,29.67,4.92,0.0,36.77,0.67,0.42,4.48,23.07
2185,816,2021,"[265303, 265304, 265420]",31609.08,28.61,4.74,0.0,37.91,0.9,0.13,7.76,19.95
2186,816,2022,"[265303, 265304, 265420]",33741.56,29.79,5.85,0.0,37.5,1.1,1.85,6.69,17.23
2187,817,2020,"[265203, 265204, 265306, 265307]",107960.4,52.66,0.04,0.0,37.02,0.0,2.49,1.65,6.14
2188,817,2021,"[265203, 265306, 265307]",39526.13,44.48,10.23,0.0,27.88,0.27,0.52,6.88,9.74
2189,817,2022,"[265203, 265306, 265307]",51231.34,44.89,11.54,0.0,27.21,0.22,0.55,6.39,9.21
2190,818,2017,"[262100, 262200, 265100, 265201, 265303, 265304, 265420]",145653.41,75.62,2.06,0.0,12.19,0.0,0.14,3.52,6.47
2191,818,2018,"[262100, 262200, 265100, 265201, 265303, 265304, 265420]",149755.92,74.99,1.58,0.0,13.03,0.07,0.18,4.16,5.99
2192,818,2019,"[262100, 262200, 265100, 265201, 265303, 265304, 265420]",166674.94,74.28,1.59,0.0,13.16,0.08,0.08,4.68,6.14
2193,818,2020,"[262100, 262200, 265100, 265201, 265204, 265303, 265304, 265306, 265420]",172875.12,73.05,1.75,0.0,12.75,0.07,0.96,4.19,7.23
2194,818,2021,"[262100, 262200, 265100, 265201, 265303, 265304, 265306, 265420]",167732.6,72.87,1.7,0.0,12.51,0.08,1.08,4.95,6.81
2195,818,2022,"[262100, 262200, 265100, 265201, 265303, 265304, 265306, 265420]",165651.45,75.08,2.17,0.0,11.1,0.08,1.15,4.41,6.01
2196,819,2017,"[262100, 265100, 265201, 700700]",105662.07,88.43,1.82,0.0,2.61,0.0,0.5,2.99,3.65
2197,819,2018,"[262100, 265100, 265201, 700700]",108073.82,85.86,1.62,0.0,4.25,0.0,0.51,3.68,4.08
2198,819,2019,"[262100, 265100, 265201, 700700]",112655.53,88.04,1.14,0.0,3.03,0.0,0.28,2.16,5.34
2199,819,2020,"[262100, 265100, 265201, 265701, 265702, 700700]",103972.38,82.26,4.81,0.0,3.05,0.0,5.36,0.36,4.15
2200,819,2021,"[262100, 265100, 265201, 265701, 265702, 700700]",129731.01,80.17,4.54,0.0,5.02,0.0,6.09,1.05,3.13
2201,819,2022,"[262100, 265100, 265201, 265701, 265702, 700700]",119523.42,80.28,5.3,0.0,4.69,0.0,6.04,1.54,2.16
2202,821,2017,[262704],111579.0,78.46,0.91,0.0,7.29,0.06,0.39,3.02,9.87
2203,821,2018,[262704],113672.0,80.08,0.9,0.0,6.78,0.06,0.65,3.65,7.88
2204,821,2019,[262704],122083.0,82.0,0.67,0.0,6.85,0.06,0.65,3.29,6.49
2205,821,2020,[262704],126528.0,79.88,0.52,0.0,7.37,0.0,0.6,8.17,3.47
2206,821,2021,[262704],150046.0,73.63,0.23,0.0,7.52,0.0,0.57,9.33,8.73
2207,821,2022,[262704],154340.0,75.79,0.36,0.0,7.05,0.0,0.25,10.56,5.99
2208,822,2017,"[262604, 262704, 262706]",112004.48,78.49,0.91,0.0,7.29,0.06,0.39,3.04,9.83
2209,822,2018,"[262604, 262704, 262706]",114164.4,80.1,0.9,0.0,6.79,0.06,0.65,3.66,7.86
2210,822,2019,"[262604, 262704, 262706]",122506.42,82.02,0.67,0.0,6.84,0.06,0.64,3.29,6.47
2211,822,2020,"[262604, 262704, 262706]",126853.89,79.93,0.51,0.0,7.35,0.0,0.6,8.13,3.47
2212,822,2021,"[262604, 262704, 262706]",150418.0,73.7,0.22,0.0,7.51,0.0,0.56,9.3,8.71
2213,822,2022,"[262604, 262704, 262706]",154803.1,75.81,0.37,0.0,7.04,0.0,0.25,10.55,5.98
2214,823,2017,"[262501, 262604, 262704, 262706, 262802]",188522.16,84.08,0.26,0.0,0.94,0.0,0.0,7.76,6.96
2215,823,2018,"[262501, 262604, 262704, 262706, 262802]",211071.99,84.48,0.24,0.0,1.19,0.0,0.0,6.71,7.38
2216,823,2019,"[262501, 262604, 262704, 262706, 262802]",188352.64,86.91,0.25,0.0,2.64,0.0,0.0,4.51,5.69
2217,823,2020,"[262501, 262604, 262704, 262706, 262802]",158703.6,86.42,0.22,0.0,6.04,0.0,0.0,2.1,5.22
2218,823,2021,"[262501, 262604, 262704, 262706, 262802]",161429.63,86.06,0.0,0.0,6.36,0.0,0.0,3.33,4.25
2219,823,2022,"[262501, 262604, 262704, 262706, 262802]",160041.2,88.29,0.0,0.0,6.42,0.0,0.0,2.08,3.21
2220,824,2017,"[262303, 262400, 262501, 264000, 701201, 980019, 262706, 262802, 701304]",214083.82,86.33,1.45,0.0,2.45,0.0,0.75,2.41,6.61
2221,824,2018,"[262303, 262400, 262501, 264000, 701201, 980019, 262706, 262802, 701304]",225721.34,83.93,0.31,0.0,2.35,0.0,0.57,3.22,9.6
2222,824,2019,"[262303, 262400, 262501, 264000, 701201, 980019, 262706, 262802, 701304]",217376.72,80.99,0.33,0.0,2.99,0.0,0.0,5.01,10.68
2223,824,2020,"[262303, 262400, 262501, 264000, 701201, 980019, 262706, 262802, 701304]",182329.43,80.68,0.35,0.0,7.04,0.0,0.0,6.14,5.78
2224,824,2021,"[262303, 262400, 262501, 264000, 701201, 980019, 262706, 262802, 701304]",165756.45,80.35,0.33,0.0,8.94,0.0,0.0,5.52,4.85
2225,824,2022,"[262303, 262400, 262501, 264000, 701201, 980019, 262706, 262802, 701304]",166837.2,78.73,0.01,0.0,9.68,0.0,0.0,6.53,5.04
2226,825,2017,"[262303, 264000, 262802]",215574.82,87.47,0.0,0.0,3.12,0.0,0.0,3.61,5.79
2227,825,2018,"[262303, 264000, 262802]",220554.82,89.34,0.0,0.0,1.89,0.0,0.0,3.0,5.77
2228,825,2019,"[262303, 264000, 262802]",220492.51,90.37,0.0,0.0,2.52,0.0,0.0,3.52,3.59
2229,825,2020,"[262303, 264000, 262802]",196380.63,90.26,0.0,0.0,1.64,0.0,0.0,4.1,4.0
2230,825,2021,"[262303, 264000, 262802]",186288.28,87.24,0.0,0.0,2.13,0.0,0.0,4.4,6.23
2231,825,2022,"[262303, 264000, 262802]",199539.84,82.17,0.0,0.0,7.95,0.0,0.0,3.91,5.96
2232,826,2017,"[262302, 262303, 264000, 264102, 264103]",215174.3,87.44,0.0,0.0,3.14,0.0,0.0,3.61,5.8
2233,826,2018,"[262302, 262303, 264000, 264102, 264103]",220112.51,89.32,0.0,0.0,1.9,0.0,0.0,3.0,5.77
2234,826,2019,"[262302, 262303, 264000, 264102, 264103]",220059.01,90.34,0.0,0.0,2.53,0.0,0.0,3.52,3.6
2235,826,2020,"[262302, 262303, 264000, 264102, 264103]",196042.5,90.22,0.0,0.0,1.65,0.0,0.0,4.1,4.03
2236,826,2021,"[262302, 262303, 264000, 264102, 264103]",185986.63,87.2,0.0,0.0,2.15,0.0,0.0,4.41,6.24
2237,826,2022,"[262302, 262303, 264000, 264102, 264103]",199307.68,82.15,0.0,0.0,7.96,0.0,0.0,3.92,5.97
2238,827,2017,"[262302, 264000, 264102, 264103, 265410]",94316.21,80.2,0.93,0.1,8.96,0.0,0.19,4.13,5.48
2239,827,2018,"[262302, 264000, 264102, 264103, 265410]",103523.24,79.98,0.86,0.12,7.71,0.0,0.34,4.32,6.67
2240,827,2019,"[262302, 264000, 264102, 264103, 265410]",107248.56,77.69,1.11,0.16,8.63,0.0,0.39,4.51,7.52
2241,827,2020,"[262302, 264000, 264102, 264103, 265410, 980017]",114056.84,71.72,0.78,0.0,10.55,0.0,0.61,5.08,11.26
2242,827,2021,"[262302, 264000, 264102, 264103, 265410]",120399.13,72.06,0.53,0.0,10.83,0.0,0.48,7.02,9.08
2243,827,2022,"[262302, 264000, 264102, 264103, 265410]",147054.49,72.68,0.38,0.0,10.48,0.0,0.44,5.9,10.12
2244,828,2017,"[265100, 265201, 265602]",66330.89,67.48,1.45,0.0,22.78,0.0,0.0,1.04,7.24
2245,828,2018,"[265100, 265201, 265602]",87391.22,70.13,1.98,0.0,19.19,0.0,0.19,1.76,6.74
2246,828,2019,"[265100, 265201, 265602]",72443.16,65.6,2.3,0.0,19.22,0.0,0.23,2.96,9.69
2247,828,2020,"[265100, 265201, 265203, 265204, 265602, 265702]",92517.58,63.01,1.29,0.0,19.03,0.0,0.27,2.98,13.4
2248,828,2021,"[265100, 265201, 265203, 265602, 265702]",109634.49,67.65,2.21,0.0,16.5,0.0,0.39,3.91,9.34
2249,828,2022,"[265100, 265201, 265203, 265602, 265702]",126277.67,64.67,5.09,0.0,15.75,0.0,0.54,4.91,9.03
2250,829,2017,"[265100, 265601, 265602, 267901, 700700]",105975.61,87.19,1.85,0.0,3.67,0.0,0.48,3.05,3.77
2251,829,2018,"[265100, 265601, 265602, 267901, 700700]",108840.22,84.84,1.62,0.0,5.06,0.0,0.49,3.75,4.24
2252,829,2019,"[265100, 265601, 265602, 267901, 700700]",113059.52,87.13,1.17,0.0,3.79,0.0,0.28,2.34,5.28
2253,829,2020,"[265100, 265601, 265602, 265701, 265702, 267102, 267901, 700700]",94275.37,71.12,1.25,0.0,9.53,0.0,0.01,10.33,7.76
2254,829,2021,"[265100, 265601, 265602, 265701, 265702, 267102, 267901, 700700]",77482.07,71.11,0.99,0.0,9.24,0.0,0.01,8.02,10.63
2255,829,2022,"[265100, 265601, 265602, 265701, 265702, 267102, 267901, 700700]",106117.42,67.16,3.4,0.0,10.77,0.0,0.01,7.54,11.12
2256,831,2017,"[264000, 701601]",213397.63,87.11,0.02,0.02,3.38,0.0,0.0,3.68,5.79
2257,831,2018,"[264000, 701601]",218385.64,88.95,0.02,0.02,2.11,0.0,0.01,3.1,5.79
2258,831,2019,"[264000, 701601]",218360.54,89.94,0.02,0.0,2.77,0.0,0.01,3.61,3.65
2259,831,2020,"[264000, 264303, 264304, 264305, 264306, 267405, 267406, 701601]",89609.82,73.54,0.85,0.0,6.55,0.0,0.0,3.67,15.39
2260,831,2021,"[264000, 264303, 264304, 264305, 264306, 267405, 267406, 701601]",95791.4,74.17,0.98,0.0,5.2,0.0,0.0,4.92,14.72
2261,831,2022,"[264000, 264303, 264304, 264305, 264306, 267405, 267406, 701601]",130277.62,73.47,0.82,0.0,4.61,0.0,0.0,5.25,15.84
2262,832,2017,"[264000, 264103, 267403, 267404]",88582.85,80.13,0.41,0.29,11.17,0.01,0.0,3.97,4.02
2263,832,2018,"[264000, 264103, 267403, 267404]",100377.44,80.64,0.43,0.33,8.33,0.0,0.0,5.6,4.68
2264,832,2019,"[264000, 264103, 267403, 267404]",105644.31,79.87,0.52,0.44,7.55,0.0,0.0,5.8,5.82
2265,832,2020,"[264000, 264103, 264303, 264304, 264305, 264306, 267403, 267404, 980017]",107605.08,73.31,2.39,0.0,10.49,0.0,1.24,5.21,7.36
2266,832,2021,"[264000, 264103, 264303, 264304, 264305, 264306, 267403, 267404]",121528.78,75.51,0.86,0.0,11.15,0.0,1.41,5.22,5.85
2267,832,2022,"[264000, 264103, 264303, 264304, 264305, 264306, 267403, 267404]",137181.88,74.82,2.28,0.0,9.72,0.0,0.55,5.78,6.84
2268,833,2017,"[265601, 265602]",107416.42,69.59,2.16,0.0,18.79,0.0,0.13,3.88,5.44
2269,833,2018,"[265601, 265602]",117546.16,70.45,1.54,0.0,16.88,0.0,0.14,4.56,6.43
2270,833,2019,"[265601, 265602]",118898.46,74.35,1.44,0.0,14.87,0.0,0.22,4.68,4.45
2271,833,2020,"[265203, 265204, 265307, 265521, 265522, 265523, 265524, 265601, 265602, 980017]",68186.45,49.96,2.16,0.77,35.6,0.0,0.01,4.19,7.3
2272,833,2021,"[265203, 265307, 265521, 265522, 265523, 265524, 265601, 265602]",85036.7,49.13,4.17,0.79,35.56,0.0,0.0,3.93,6.41
2273,833,2022,"[265203, 265307, 265521, 265522, 265523, 265524, 265601, 265602]",87025.66,47.31,3.3,0.0,32.47,0.0,0.0,5.25,11.67
2274,834,2017,"[265201, 265601, 265602]",106726.98,69.29,2.1,0.0,19.18,0.0,0.15,3.89,5.39
2275,834,2018,"[265201, 265601, 265602]",116767.67,70.62,1.41,0.0,17.36,0.0,0.17,4.29,6.15
2276,834,2019,"[265201, 265601, 265602]",119054.94,74.42,1.15,0.0,15.29,0.0,0.25,4.5,4.39
2277,834,2020,"[265201, 265203, 265522, 265523, 265601, 265602, 265701, 265702]",94918.82,74.49,0.29,0.0,12.95,0.0,0.21,5.31,6.76
2278,834,2021,"[265201, 265203, 265522, 265523, 265601, 265602, 265701, 265702]",113277.1,73.84,0.41,0.0,13.98,0.0,1.41,5.12,5.25
2279,834,2022,"[265201, 265203, 265522, 265523, 265601, 265602, 265701, 265702]",89284.38,77.62,1.26,0.0,10.85,0.0,1.21,4.98,4.08
2280,835,2017,"[265601, 267800, 267902]",80256.55,69.45,1.32,0.0,20.14,0.0,0.07,3.26,5.76
2281,835,2018,"[265601, 267800, 267902]",84495.69,69.67,0.83,0.0,19.02,0.48,0.07,3.07,6.85
2282,835,2019,"[265601, 267800, 267902]",95634.97,67.89,0.44,0.0,18.79,0.51,0.11,4.46,7.79
2283,835,2020,"[265523, 265524, 265601, 267101, 267201, 267202, 267800, 267902]",102507.5,51.7,3.82,0.0,29.17,0.42,1.45,5.66,7.78
2284,835,2021,"[265523, 265524, 265601, 267101, 267201, 267202, 267800, 267902]",98973.25,52.23,5.07,0.0,28.19,0.0,1.57,6.08,6.86
2285,835,2022,"[265523, 265524, 265601, 267101, 267201, 267202, 267800, 267902]",111910.99,61.35,4.48,0.0,22.37,0.0,1.76,4.4,5.65
2286,836,2017,"[265601, 267902]",105466.48,70.54,3.52,0.0,18.02,0.0,0.15,3.04,4.73
2287,836,2018,"[265601, 267902]",118123.38,71.58,2.96,0.0,17.82,0.0,0.16,2.82,4.66
2288,836,2019,"[265601, 267902]",126725.04,73.64,2.2,0.0,16.2,0.1,0.25,3.49,4.12
2289,836,2020,"[265601, 265701, 267101, 267102, 267202, 267902]",107161.1,63.16,3.7,0.0,16.78,0.0,0.0,6.44,9.92
2290,836,2021,"[265601, 265701, 267101, 267102, 267202, 267902]",107698.45,65.86,1.42,0.0,17.11,0.0,0.23,3.71,11.67
2291,836,2022,"[265601, 265701, 267101, 267102, 267202, 267902]",124708.7,65.14,1.07,0.0,21.0,0.0,0.22,3.0,9.57
2292,837,2017,"[265303, 265304]",18179.22,42.04,0.94,0.0,31.08,0.0,0.0,9.54,16.39
2293,837,2018,"[265303, 265304]",20739.77,37.79,1.47,0.0,33.28,0.73,0.0,8.36,18.37
2294,837,2019,"[265303, 265304]",21228.83,37.4,1.74,0.0,35.29,0.73,0.0,7.46,17.37
2295,837,2020,"[265303, 265304, 265306, 265307]",20365.49,40.69,2.25,0.0,33.88,0.8,0.0,8.94,13.45
2296,837,2021,"[265303, 265304, 265306, 265307]",17369.97,38.61,4.73,0.0,36.68,1.05,0.0,5.69,13.24
2297,837,2022,"[265303, 265304, 265306, 265307]",16784.64,35.91,3.96,0.0,40.26,0.9,0.01,3.77,15.2
2298,838,2017,"[265303, 265304]",17708.64,40.67,1.07,0.0,32.14,0.0,0.1,8.63,17.39
2299,838,2018,"[265303, 265304]",20029.95,36.76,1.51,0.0,34.15,0.58,0.08,7.49,19.42
2300,838,2019,"[265303, 265304]",21286.67,36.2,2.08,0.0,37.08,0.75,0.11,6.7,17.09
2301,838,2020,"[265204, 265303, 265304, 265306, 265307, 980017]",17790.75,28.92,10.21,0.0,37.84,0.21,0.57,9.23,13.02
2302,838,2021,"[265303, 265304, 265306, 265307]",21829.15,32.89,11.82,0.0,33.34,0.32,0.64,7.46,13.53
2303,838,2022,"[265303, 265304, 265306, 265307]",29719.1,37.07,11.16,0.0,31.2,0.26,0.65,7.23,12.42
2304,839,2017,"[267901, 701000]",123888.63,69.93,0.76,0.0,24.16,1.34,1.12,1.34,1.34
2305,839,2018,"[267901, 701000]",129301.4,70.36,1.12,0.0,23.76,0.0,1.08,0.0,3.67
2306,839,2019,"[267901, 701000]",118389.34,74.38,1.44,0.0,18.12,0.0,1.32,1.61,3.13
2307,839,2020,"[265701, 267102, 267901, 701000]",110898.07,70.41,2.24,0.0,19.2,0.0,1.22,1.83,5.1
2308,839,2021,"[265701, 267102, 267901, 701000]",110006.93,71.24,2.26,0.0,18.96,0.0,1.08,1.18,5.28
2309,839,2022,"[265701, 267102, 267901, 701000]",126735.31,68.28,2.3,0.0,18.37,0.0,0.0,4.44,6.61
2310,841,2017,"[267404, 267502, 701601, 701602, 701701]",95568.17,64.78,3.18,0.0,8.63,0.12,0.19,4.25,18.85
2311,841,2018,"[267404, 267502, 701601, 701602, 701701]",96255.82,61.19,4.25,0.0,12.97,0.0,0.18,5.53,15.88
2312,841,2019,"[267404, 267502, 701601, 701602, 701701]",102419.81,59.52,6.33,0.0,12.73,0.0,0.01,5.45,15.96
2313,841,2020,"[264306, 267404, 267405, 267406, 267502, 701601, 701602, 701701]",98708.62,62.08,2.71,0.0,15.88,0.0,3.5,2.25,13.59
2314,841,2021,"[264306, 267404, 267405, 267406, 267502, 701601, 701602, 701701]",92780.75,64.27,2.27,0.0,13.65,0.0,3.69,0.68,15.46
2315,841,2022,"[264306, 267404, 267405, 267406, 267502, 701601, 701602, 701701]",103340.46,59.61,2.77,0.0,13.93,0.0,4.44,1.18,18.07
2316,842,2017,"[267403, 267404]",85109.68,56.75,3.51,0.0,20.07,0.35,0.1,5.28,13.94
2317,842,2018,"[267403, 267404]",79229.38,59.48,3.99,0.0,20.81,0.0,0.14,4.21,11.37
2318,842,2019,"[267403, 267404]",85266.95,59.73,5.34,0.0,19.84,0.0,0.17,5.18,9.74
2319,842,2020,"[264304, 264306, 267403, 267404, 267406, 267503, 267504, 980017]",93357.97,57.7,5.6,0.0,18.34,0.0,0.14,6.97,11.25
2320,842,2021,"[264304, 264306, 267403, 267404, 267406, 267503, 267504]",95950.59,60.92,4.34,0.0,19.65,0.0,0.09,4.77,10.22
2321,842,2022,"[264304, 264306, 267403, 267404, 267406, 267503, 267504]",88363.55,60.75,5.71,0.0,18.67,0.0,1.06,7.05,6.76
2322,843,2017,"[141500, 141600, 262200, 262301]",179838.24,79.98,2.11,0.0,8.09,0.0,0.44,1.1,8.27
2323,843,2018,"[141500, 141600, 262200, 262301]",213696.19,81.08,2.05,0.0,9.62,0.0,0.78,1.47,5.0
2324,843,2019,"[141500, 141600, 262200, 262301]",214064.99,82.14,3.37,0.0,7.62,0.0,1.24,1.25,4.39
2325,843,2020,"[141500, 141600, 262200, 262301]",192027.48,81.61,4.91,0.0,7.58,0.0,1.89,1.93,2.08
2326,843,2021,"[141500, 141600, 262200, 262301]",176957.96,83.21,4.91,0.0,5.26,0.0,1.65,2.1,2.87
2327,843,2022,"[141500, 141600, 262200, 262301]",205604.49,79.21,7.12,0.0,5.14,0.0,2.5,1.79,4.25
2328,847,2017,"[267800, 267902]",107830.83,74.9,6.47,0.0,13.22,0.0,0.0,1.51,3.9
2329,847,2018,"[267800, 267902]",125798.46,72.06,6.56,0.0,15.22,0.0,0.0,2.13,4.04
2330,847,2019,"[267800, 267902]",138735.5,71.74,6.06,0.0,14.83,0.27,0.0,2.97,4.13
2331,847,2020,"[267101, 267102, 267800, 267902]",126039.47,74.32,3.84,0.03,13.27,0.2,0.0,4.91,3.43
2332,847,2021,"[267101, 267102, 267800, 267902]",132092.58,67.91,4.79,0.03,14.91,0.17,0.0,7.35,4.85
2333,847,2022,"[267101, 267102, 267800, 267902]",164767.89,68.68,5.32,0.06,14.38,0.25,0.0,6.27,5.05
2334,848,2017,"[267901, 267902, 701000]",122460.97,70.38,1.27,0.0,23.19,1.22,1.02,1.36,1.57
2335,848,2018,"[267901, 267902, 701000]",128993.47,70.51,1.61,0.0,23.01,0.0,0.98,0.19,3.71
2336,848,2019,"[267901, 267902, 701000]",120202.92,74.15,1.85,0.0,17.83,0.02,1.2,1.73,3.22
2337,848,2020,"[267102, 267901, 267902, 701000]",112611.5,71.13,2.23,0.0,18.97,0.02,1.21,1.79,4.65
2338,848,2021,"[267102, 267901, 267902, 701000]",111851.04,71.26,2.51,0.0,18.62,0.01,1.08,1.55,4.97
2339,848,2022,"[267102, 267901, 267902, 701000]",129680.28,68.78,2.59,0.01,17.68,0.02,0.0,4.72,6.21
2340,849,2017,"[216401, 216402, 216800, 217001, 700901]",58588.88,77.37,2.85,0.0,8.45,0.0,0.0,3.25,8.08
2341,849,2018,"[216401, 216402, 216800, 217001, 700901]",56976.91,74.94,3.9,0.0,10.41,0.0,0.0,4.35,6.4
2342,849,2019,"[216401, 216402, 216800, 217001, 700901]",75410.45,75.0,4.78,0.11,9.26,0.0,0.0,4.05,6.8
2343,849,2020,"[216401, 216402, 216800, 217001, 700901]",84080.49,74.34,3.1,0.09,7.87,0.09,0.0,7.14,7.39
2344,849,2021,"[216301, 216401, 216402, 216800, 217001, 700901]",89328.34,68.14,4.38,0.11,8.78,0.52,0.51,6.44,11.13
2345,849,2022,"[216401, 216402, 216800, 217001, 700901]",96431.14,64.75,3.56,0.34,8.58,0.58,0.37,8.68,13.12
2346,851,2017,"[267502, 267600, 701602, 701701, 701801]",80049.9,53.63,1.81,0.0,17.38,0.0,2.18,4.97,20.02
2347,851,2018,"[267502, 267600, 701602, 701701, 701801]",83088.38,48.93,1.78,0.63,15.96,0.0,2.43,5.56,24.7
2348,851,2019,"[267502, 267600, 701602, 701701, 701801]",86072.21,48.03,1.94,0.55,18.36,0.0,2.31,3.58,25.23
2349,851,2020,"[267405, 267406, 267502, 267504, 267600, 701602, 701701, 701801]",84069.98,46.9,1.43,0.54,19.43,0.0,2.38,4.6,24.71
2350,851,2021,"[267405, 267406, 267502, 267504, 267600, 701602, 701701, 701801]",92725.81,51.04,0.13,0.55,17.69,0.0,1.72,3.56,25.3
2351,851,2022,"[267405, 267406, 267502, 267504, 267600, 701602, 701701, 701801]",78797.3,48.52,0.34,0.41,15.35,0.0,0.02,4.16,31.21
2352,852,2017,"[267300, 267403, 267404, 267502]",75899.06,54.62,3.77,0.0,19.57,0.24,0.22,5.44,16.14
2353,852,2018,"[267300, 267403, 267404, 267502]",75949.99,55.0,3.99,0.05,21.13,0.0,0.26,5.32,14.26
2354,852,2019,"[267300, 267403, 267404, 267502]",78452.64,54.3,5.07,0.05,21.8,0.0,0.25,4.88,13.66
2355,852,2020,"[267300, 267403, 267404, 267406, 267502, 267503, 267504]",119878.01,54.05,1.95,0.0,19.63,0.0,0.0,5.98,18.4
2356,852,2021,"[267300, 267403, 267404, 267406, 267502, 267503, 267504]",126870.6,52.27,1.66,0.0,25.7,0.0,0.0,4.87,15.49
2357,852,2022,"[267300, 267403, 267404, 267406, 267502, 267503, 267504]",124873.12,47.12,0.99,0.0,30.14,0.0,0.0,5.92,15.83
2358,853,2017,"[267300, 267403, 267700]",66936.6,46.76,3.94,0.0,24.88,0.0,0.0,4.97,19.46
2359,853,2018,"[267300, 267403, 267700]",73695.96,47.26,3.48,0.0,26.94,0.0,0.0,6.02,16.3
2360,853,2019,"[267300, 267403, 267700]",75028.39,47.0,4.16,0.0,26.87,0.0,0.0,4.17,17.81
2361,853,2020,"[267300, 267403, 267503, 267700, 980017]",88905.84,46.78,0.73,0.0,28.24,0.0,0.0,5.38,18.87
2362,853,2021,"[267300, 267403, 267503, 267700]",93134.09,41.88,3.21,0.0,27.17,0.0,0.05,5.69,22.0
2363,853,2022,"[267300, 267403, 267503, 267700]",92806.03,42.26,5.23,0.0,24.05,0.0,0.05,8.41,20.01
2364,854,2017,"[267300, 267700]",67897.02,46.23,3.86,0.0,25.23,0.0,0.0,4.99,19.7
2365,854,2018,"[267300, 267700]",74452.78,46.97,3.37,0.0,27.27,0.0,0.0,6.0,16.39
2366,854,2019,"[267300, 267700]",76073.68,46.87,3.98,0.0,27.02,0.0,0.0,4.24,17.89
2367,854,2020,"[265524, 267201, 267300, 267700, 980017]",97631.32,52.29,4.16,0.84,26.54,0.0,0.81,9.78,5.56
2368,854,2021,"[265524, 267201, 267300, 267700]",86523.37,53.58,3.69,0.0,25.27,0.0,0.89,8.23,8.33
2369,854,2022,"[265524, 267201, 267300, 267700]",101467.38,62.46,3.32,0.0,17.69,0.0,1.15,7.45,7.94
2370,855,2017,[265601],104116.0,68.06,1.84,0.0,20.75,0.0,0.24,3.92,5.19
2371,855,2018,[265601],113750.0,71.31,0.92,0.0,19.3,0.0,0.26,3.21,5.01
2372,855,2019,[265601],119886.0,74.72,0.0,0.0,16.98,0.0,0.39,3.79,4.12
2373,855,2020,"[265521, 265522, 265523, 265524, 265601, 267202, 980017]",81689.49,54.12,6.18,1.06,13.0,0.0,0.45,15.11,10.07
2374,855,2021,"[265521, 265522, 265523, 265524, 265601, 267202]",81285.26,56.25,4.82,0.0,16.37,0.0,0.46,12.52,9.59
2375,855,2022,"[265521, 265522, 265523, 265524, 265601, 267202]",92588.73,58.51,3.36,0.0,14.54,0.18,0.45,13.27,9.69
2376,857,2017,"[217001, 269000, 269100, 269500, 700901, 700902]",80985.37,82.77,2.34,0.0,6.13,0.0,0.03,2.29,6.45
2377,857,2018,"[217001, 269000, 269100, 269500, 700901, 700902]",87267.42,82.02,2.03,0.0,5.52,0.0,0.04,2.61,7.77
2378,857,2019,"[217001, 269000, 269100, 269500, 700901, 700902]",88801.13,82.6,1.68,0.0,5.61,0.0,0.03,2.97,7.11
2379,857,2020,"[217001, 269000, 269100, 269500, 700901, 700902]",114430.15,85.84,1.38,0.0,3.62,0.0,0.44,3.05,5.67
2380,857,2021,"[217001, 269000, 269100, 269500, 700901, 700902]",111218.15,82.04,1.42,0.0,6.49,0.0,0.52,3.22,6.3
2381,857,2022,"[217001, 269000, 269100, 269500, 700901, 700902]",93063.02,73.11,0.77,0.0,6.33,0.0,6.16,3.46,10.16
2382,858,2017,"[216401, 217001, 217002, 269500, 269602, 700901]",73589.06,85.89,1.71,0.0,3.87,0.0,0.22,5.37,2.95
2383,858,2018,"[216401, 217001, 217002, 269500, 269602, 700901]",93036.3,85.74,2.13,0.0,3.6,0.0,0.27,5.67,2.58
2384,858,2019,"[216401, 217001, 217002, 269500, 269602, 700901]",87243.63,85.88,2.46,0.0,3.28,0.0,0.22,6.16,2.0
2385,858,2020,"[216401, 217001, 217002, 269500, 269602, 700901]",105508.95,83.43,1.06,0.0,3.34,0.0,0.23,4.19,7.76
2386,858,2021,"[216401, 217001, 217002, 269500, 269602, 700901]",106223.8,81.03,1.24,0.0,3.5,0.0,0.88,4.73,8.62
2387,858,2022,"[216401, 217001, 217002, 269500, 269602, 700901]",123428.6,74.98,1.25,0.0,1.71,0.0,0.87,5.4,15.78
2388,859,2017,"[216401, 217001, 217002, 269601, 269602]",74176.23,63.79,8.73,0.0,9.88,0.0,0.36,2.89,14.36
2389,859,2018,"[216401, 217001, 217002, 269601, 269602]",76754.9,70.96,4.12,0.0,8.32,0.0,1.29,2.02,13.28
2390,859,2019,"[216401, 217001, 217002, 269601, 269602]",87914.61,75.43,1.58,0.0,7.35,0.0,1.05,2.57,12.02
2391,859,2020,"[216401, 217001, 217002, 269601, 269602]",98247.63,76.79,2.0,0.0,4.77,0.0,1.54,2.35,12.55
2392,859,2021,"[216401, 217001, 217002, 269601, 269602]",94869.44,76.97,3.75,0.0,4.13,0.0,2.5,3.53,9.12
2393,859,2022,"[216401, 217001, 217002, 269601, 269602]",110260.15,73.85,5.86,0.0,6.12,0.0,1.95,3.57,8.65
2394,861,2017,"[262604, 262704, 800506]",189138.64,82.99,0.27,0.0,7.95,0.0,0.01,6.51,2.27
2395,861,2018,"[262604, 262704, 800506]",203202.47,83.69,0.01,0.0,7.93,0.0,0.01,5.8,2.56
2396,861,2019,"[262604, 262704, 800506]",199548.02,86.18,0.01,0.0,5.65,0.0,0.01,4.8,3.36
2397,861,2020,"[262604, 262704, 800506]",186664.3,88.83,0.01,0.0,5.2,0.07,0.01,1.31,4.58
2398,861,2021,"[262604, 262704, 800506]",219377.07,86.88,0.0,0.0,5.1,0.07,0.01,3.92,4.02
2399,861,2022,"[262604, 262704, 800506]",240880.49,79.2,1.87,0.0,5.33,0.03,0.0,9.01,4.55
2400,871,2017,"[262704, 262706]",187265.77,83.98,0.28,0.0,1.04,0.0,0.01,7.69,7.01
2401,871,2018,"[262704, 262706]",209561.35,84.41,0.25,0.0,1.27,0.0,0.01,6.66,7.39
2402,871,2019,"[262704, 262706]",187221.13,86.83,0.26,0.0,2.71,0.0,0.01,4.49,5.7
2403,871,2020,"[262704, 262706]",158050.16,86.31,0.22,0.0,6.06,0.0,0.01,2.19,5.2
2404,871,2021,"[262704, 262706]",161130.86,85.85,0.0,0.0,6.38,0.0,0.01,3.43,4.32
2405,871,2022,"[262704, 262706]",159817.12,88.09,0.01,0.0,6.43,0.0,0.0,2.21,3.26
2406,872,2017,"[262706, 262802, 701304]",211732.02,86.13,1.35,0.0,2.3,0.0,0.69,2.88,6.65
2407,872,2018,"[262706, 262802, 701304]",224414.07,83.97,0.3,0.0,2.24,0.0,0.53,3.53,9.43
2408,872,2019,"[262706, 262802, 701304]",214683.91,81.48,0.32,0.0,2.95,0.0,0.0,4.98,10.27
2409,872,2020,"[262706, 262802, 701304]",179937.62,81.16,0.33,0.0,6.97,0.0,0.0,5.8,5.74
2410,872,2021,"[262706, 262802, 701304]",165056.18,80.83,0.29,0.0,8.74,0.0,0.0,5.34,4.8
2411,872,2022,"[262706, 262802, 701304]",165877.02,79.55,0.0,0.0,9.41,0.0,0.0,6.15,4.88
2412,881,2017,"[267300, 267502, 267600, 267700, 271200, 701801]",68498.09,46.03,2.56,0.0,21.16,0.0,1.34,3.12,25.79
2413,881,2018,"[267300, 267502, 267600, 267700, 271200, 701801]",76220.83,43.37,4.65,0.0,27.35,0.0,0.0,4.02,20.59
2414,881,2019,"[267300, 267502, 267600, 267700, 271200, 701801]",70701.97,37.86,5.56,0.0,31.03,0.0,0.0,5.24,20.32
2415,881,2020,"[267300, 267502, 267503, 267504, 267600, 267700, 271200, 701801]",65638.21,34.96,6.28,0.0,37.98,0.0,0.0,4.7,16.07
2416,881,2021,"[267300, 267502, 267503, 267504, 267600, 267700, 271200, 701801]",70193.63,37.3,6.44,0.0,36.0,0.0,0.0,7.14,13.11
2417,881,2022,"[267300, 267502, 267503, 267504, 267600, 267700, 271200, 701801]",79222.06,40.79,2.35,0.0,34.97,0.49,0.0,5.62,15.77
2418,882,2017,"[267600, 267700, 271200]",84597.13,37.41,2.48,0.0,31.33,0.0,0.0,5.32,23.46
2419,882,2018,"[267600, 267700, 271200]",87381.44,42.31,1.5,0.0,32.73,0.0,0.0,5.66,17.81
2420,882,2019,"[267600, 267700, 271200]",94170.25,45.08,1.04,0.0,29.42,0.0,0.0,5.4,19.05
2421,882,2020,"[267600, 267700, 271200]",118308.86,38.44,0.23,0.0,39.56,0.0,0.0,5.61,16.15
2422,882,2021,"[267600, 267700, 271200]",123565.4,39.69,0.41,0.0,41.03,0.0,0.19,6.47,12.21
2423,882,2022,"[267600, 267700, 271200]",124916.07,40.2,1.0,0.0,42.28,0.0,0.21,6.5,9.81
2424,883,2017,"[267700, 267800]",72060.31,67.3,1.22,0.0,20.86,0.0,0.0,3.2,7.42
2425,883,2018,"[267700, 267800]",74226.56,66.84,0.84,0.0,20.05,0.62,0.0,3.24,8.41
2426,883,2019,"[267700, 267800]",86783.06,63.58,0.64,0.0,20.32,0.65,0.0,4.78,10.03
2427,883,2020,"[267201, 267700, 267800]",94558.84,57.45,0.9,0.0,26.75,0.6,0.95,4.88,8.47
2428,883,2021,"[267201, 267700, 267800]",91406.23,54.89,1.12,0.0,26.76,0.9,1.24,4.9,10.19
2429,883,2022,"[267201, 267700, 267800]",99507.8,60.09,0.96,0.0,21.92,0.73,1.4,5.8,9.1
2430,884,2017,"[267700, 267800, 267902, 271100, 271200]",70928.49,69.51,1.18,0.0,20.06,0.0,0.01,3.02,6.23
2431,884,2018,"[267700, 267800, 267902, 271100, 271200]",73038.54,68.66,0.82,0.0,18.95,0.66,0.01,3.05,7.85
2432,884,2019,"[267700, 267800, 267902, 271100, 271200]",85983.8,64.89,0.66,0.0,19.48,0.7,0.0,4.7,9.57
2433,884,2020,"[267201, 267700, 267800, 267902, 271100, 271200]",89286.51,60.71,0.61,0.0,20.47,1.33,1.16,2.06,13.66
2434,884,2021,"[267201, 267700, 267800, 267902, 271100, 271200]",102580.95,57.62,1.07,0.0,22.51,1.99,1.64,3.24,11.94
2435,884,2022,"[267201, 267700, 267800, 267902, 271100, 271200]",103722.07,55.39,1.23,0.0,24.38,1.62,1.45,5.96,9.96
2436,885,2017,"[267800, 267901, 267902, 269000, 269300, 271100]",155821.68,83.78,1.74,0.0,7.46,0.0,0.0,2.79,4.24
2437,885,2018,"[267800, 267901, 267902, 269000, 269300, 271100]",162293.83,81.14,2.5,0.0,8.1,0.0,0.0,5.64,2.62
2438,885,2019,"[267800, 267901, 267902, 269000, 269300, 271100]",165074.48,77.68,1.7,0.0,8.9,0.0,0.0,7.9,3.82
2439,885,2020,"[267800, 267901, 267902, 269000, 269300, 271100]",193548.97,77.01,1.5,0.0,7.35,0.0,0.0,8.2,5.94
2440,885,2021,"[267800, 267901, 267902, 269000, 269300, 271100]",218975.24,76.35,1.37,0.0,6.92,0.0,1.37,8.3,5.69
2441,885,2022,"[267800, 267901, 267902, 269000, 269300, 271100]",237592.0,78.85,1.04,0.0,5.67,0.0,1.11,6.19,7.13
2442,886,2017,"[267901, 269000, 269100, 269300, 269500, 269800, 701000]",116670.7,68.14,2.65,0.0,10.19,0.13,0.0,2.12,16.78
2443,886,2018,"[267901, 269000, 269100, 269300, 269500, 269800, 701000]",124347.11,69.97,2.15,0.0,11.19,0.14,0.0,1.67,14.88
2444,886,2019,"[267901, 269000, 269100, 269300, 269500, 269800, 701000]",127102.23,69.23,1.0,0.0,12.34,0.15,0.0,1.87,15.41
2445,886,2020,"[267901, 269000, 269100, 269300, 269500, 269800, 701000]",146136.84,57.84,0.57,0.0,23.33,0.0,0.0,3.2,15.05
2446,886,2021,"[267901, 269000, 269100, 269300, 269500, 269800, 701000]",155724.46,59.1,1.26,0.0,16.12,0.0,0.01,7.34,16.17
2447,886,2022,"[267901, 269000, 269100, 269300, 269500, 269800, 701000]",181357.52,65.11,1.55,0.0,15.66,0.0,0.3,5.27,12.11
2448,887,2017,"[217001, 269000, 269100, 269500, 269602, 269700, 269800]",165330.57,83.33,1.64,0.0,10.84,0.0,0.0,1.33,2.85
2449,887,2018,"[217001, 269000, 269100, 269500, 269602, 269700, 269800]",166763.04,83.2,1.84,0.0,10.52,0.0,0.0,1.49,2.95
2450,887,2019,"[217001, 269000, 269100, 269500, 269602, 269700, 269800]",189420.75,88.41,0.77,0.0,6.86,0.0,0.0,1.62,2.33
2451,887,2020,"[217001, 269000, 269100, 269500, 269602, 269700, 269800]",202661.33,85.44,0.8,0.0,6.26,0.0,3.18,1.34,2.97
2452,887,2021,"[217001, 269000, 269100, 269500, 269602, 269700, 269800]",223077.0,78.36,1.0,0.0,8.4,0.0,4.75,2.07,5.41
2453,887,2022,"[217001, 269000, 269100, 269500, 269602, 269700, 269800]",247665.85,77.78,0.25,0.0,6.71,0.0,4.36,1.52,9.38
2454,889,2017,"[217002, 269500, 269601, 269602, 270300]",51717.37,24.04,18.43,0.0,4.01,0.0,3.32,3.14,47.07
2455,889,2018,"[217002, 269500, 269601, 269602, 270300]",53129.39,21.82,19.11,0.0,4.38,0.0,4.25,2.43,48.01
2456,889,2019,"[217002, 269500, 269601, 269602, 270300]",56242.64,23.11,17.96,0.0,4.72,0.0,4.21,2.49,47.51
2457,889,2020,"[217002, 269500, 269601, 269602, 270300]",58452.93,20.42,18.61,0.0,5.1,0.0,3.65,2.26,49.95
2458,889,2021,"[217002, 269500, 269601, 269602, 270300]",67995.72,18.03,19.19,0.0,7.14,0.1,3.53,2.16,49.84
2459,889,2022,"[217002, 269500, 269601, 269602, 270300]",77485.81,16.79,20.93,0.0,5.13,0.13,1.07,2.41,53.55
2460,891,2017,"[267600, 271200, 701801, 702300]",67168.03,34.74,5.84,0.0,30.64,0.0,0.44,3.81,24.53
2461,891,2018,"[267600, 271200, 701801, 702300]",68059.42,40.74,3.02,0.0,21.5,0.0,0.54,5.4,28.8
2462,891,2019,"[267600, 271200, 701801, 702300]",71384.92,39.15,4.88,0.0,17.7,0.0,0.0,2.81,35.45
2463,891,2020,"[267600, 271200, 701801, 702300]",88614.74,33.93,2.07,0.0,22.04,0.0,0.0,3.22,38.75
2464,891,2021,"[267600, 271200, 701801, 702300]",83589.65,34.86,2.88,0.0,19.26,0.0,0.39,5.18,37.43
2465,891,2022,"[267600, 271200, 701801, 702300]",87225.18,34.64,3.21,0.0,17.71,0.01,1.39,4.82,38.22
2466,892,2017,"[267600, 267700, 271200]",67167.92,34.61,5.88,0.0,30.76,0.0,0.43,3.81,24.52
2467,892,2018,"[267600, 267700, 271200]",67980.13,40.71,3.0,0.0,21.44,0.0,0.55,5.41,28.88
2468,892,2019,"[267600, 267700, 271200]",71413.64,39.17,4.87,0.0,17.56,0.0,0.0,2.78,35.62
2469,892,2020,"[267600, 267700, 271200]",88914.33,33.92,2.02,0.0,21.87,0.0,0.0,3.2,39.0
2470,892,2021,"[267600, 267700, 271200]",83785.35,34.84,2.84,0.0,19.08,0.0,0.39,5.16,37.69
2471,892,2022,"[267600, 267700, 271200]",87354.66,34.57,3.22,0.0,17.53,0.0,1.41,4.81,38.46
2472,893,2017,"[267800, 269300, 271100, 271200]",89375.47,48.21,2.14,0.0,25.56,0.0,0.93,3.9,19.27
2473,893,2018,"[267800, 269300, 271100, 271200]",91515.77,52.49,1.33,0.0,21.69,0.01,0.56,4.51,19.41
2474,893,2019,"[267800, 269300, 271100, 271200]",89069.44,52.45,2.13,0.0,22.51,0.01,0.52,3.56,18.81
2475,893,2020,"[267800, 269300, 271100, 271200]",104582.73,46.09,1.76,0.0,23.55,0.01,0.17,6.48,21.95
2476,893,2021,"[267800, 269300, 271100, 271200]",102701.44,42.65,1.68,0.04,23.7,0.02,0.14,6.92,24.86
2477,893,2022,"[267800, 269300, 271100, 271200]",112090.08,49.44,0.95,0.04,18.01,0.01,0.18,9.97,21.4
2478,895,2017,"[269000, 269300, 269800]",116656.67,68.13,2.65,0.0,10.18,0.13,0.0,2.12,16.79
2479,895,2018,"[269000, 269300, 269800]",124345.33,69.97,2.15,0.0,11.18,0.14,0.0,1.68,14.89
2480,895,2019,"[269000, 269300, 269800]",127098.97,69.22,1.0,0.0,12.34,0.15,0.0,1.88,15.42
2481,895,2020,"[269000, 269300, 269800]",146175.41,57.82,0.57,0.0,23.33,0.0,0.0,3.21,15.06
2482,895,2021,"[269000, 269300, 269800]",155783.04,59.08,1.26,0.0,16.12,0.0,0.0,7.35,16.18
2483,895,2022,"[269000, 269300, 269800]",181420.25,65.1,1.55,0.0,15.66,0.0,0.3,5.27,12.11
2484,896,2017,"[269000, 269800]",60869.3,49.04,5.4,0.0,22.26,0.31,0.0,4.39,18.61
2485,896,2018,"[269000, 269800]",78937.88,52.29,7.52,0.0,19.57,0.0,0.0,3.2,17.42
2486,896,2019,"[269000, 269800]",84306.99,47.63,7.2,0.0,27.36,0.0,0.0,3.41,14.41
2487,896,2020,"[269000, 269800]",98189.47,46.35,5.65,0.0,23.16,0.0,0.0,3.41,21.43
2488,896,2021,"[269000, 269800]",106721.4,44.58,4.07,0.0,26.34,0.0,0.0,3.89,21.11
2489,896,2022,"[269000, 269800]",116654.29,44.07,5.09,0.0,25.52,0.0,0.01,3.12,22.19
2490,897,2017,"[269000, 269500, 269700, 269800]",59789.53,48.61,5.48,0.0,22.52,0.31,0.0,4.43,18.66
2491,897,2018,"[269000, 269500, 269700, 269800]",78061.56,51.89,7.64,0.0,19.75,0.0,0.0,3.23,17.49
2492,897,2019,"[269000, 269500, 269700, 269800]",83514.4,47.17,7.34,0.0,27.65,0.0,0.0,3.44,14.4
2493,897,2020,"[269000, 269500, 269700, 269800]",97222.62,46.15,5.77,0.0,23.07,0.0,0.01,3.42,21.57
2494,897,2021,"[269000, 269500, 269700, 269800]",105760.31,44.3,4.14,0.0,26.51,0.0,0.02,3.81,21.22
2495,897,2022,"[269000, 269500, 269700, 269800]",115344.22,43.64,5.16,0.0,25.68,0.0,0.01,3.07,22.43
2496,898,2017,"[269500, 269601, 269602, 269700, 270300]",80492.49,33.7,11.4,0.0,16.83,0.59,0.88,1.73,34.87
2497,898,2018,"[269500, 269601, 269602, 269700, 270300]",93187.63,39.06,9.69,0.0,14.96,0.72,1.09,2.63,31.87
2498,898,2019,"[269500, 269601, 269602, 269700, 270300]",89538.13,40.99,8.92,0.0,14.27,0.0,0.97,2.85,32.02
2499,898,2020,"[269500, 269601, 269602, 269700, 270300]",88328.23,45.15,7.39,0.0,9.89,0.0,1.14,5.42,31.0
2500,898,2021,"[269500, 269601, 269602, 269700, 270300]",97632.75,45.24,4.52,0.0,11.89,0.38,1.28,6.13,30.56
2501,898,2022,"[269500, 269601, 269602, 269700, 270300]",110507.87,47.79,4.14,0.21,12.1,0.58,0.01,6.48,28.68
2502,899,2017,"[269700, 270200, 702400]",63404.74,18.5,5.9,0.0,5.69,0.38,3.94,2.88,62.72
2503,899,2018,"[269700, 270200, 702400]",66034.63,24.03,6.95,0.0,11.03,0.02,0.19,3.0,54.77
2504,899,2019,"[269700, 270200, 702400]",68229.52,26.92,6.59,0.0,10.54,0.0,0.9,3.3,51.75
2505,899,2020,"[269700, 270200, 702400]",69295.19,28.18,10.75,0.43,8.3,0.0,1.55,2.79,48.0
2506,899,2021,"[269700, 270200, 702400]",72289.37,27.62,15.19,1.65,11.13,0.01,2.45,3.94,38.0
2507,899,2022,"[269700, 270200, 702400]",80257.26,28.09,13.79,0.95,10.68,0.02,1.65,3.01,41.81
2508,901,2017,"[120010, 127210, 127300, 127400, 127520]",54060.46,24.36,9.81,0.7,12.17,0.19,1.35,1.74,49.68
2509,901,2018,"[120010, 127210, 127300, 127400, 127520]",53379.9,23.31,7.57,0.92,10.03,0.32,2.46,1.5,53.89
2510,901,2019,"[120010, 127210, 127300, 127400, 127520]",49421.45,21.73,4.62,0.91,11.35,0.31,1.01,1.67,58.4
2511,901,2020,"[120010, 127210, 127300, 127400, 127520]",54724.73,23.46,3.72,0.59,9.38,0.29,1.87,3.32,57.36
2512,901,2021,"[120010, 127210, 127300, 127400, 127520]",66779.86,23.48,4.61,0.0,12.31,0.4,1.9,2.75,54.56
2513,901,2022,"[120010, 127210, 127300, 127400, 127520]",71744.86,22.18,5.46,0.0,10.41,0.0,2.09,2.66,57.19
2514,904,2017,"[120010, 120020, 120030, 127102, 127210, 127220]",46812.0,18.92,6.82,0.0,10.0,0.0,0.0,0.82,63.44
2515,904,2018,"[120010, 120020, 120030, 127102, 127210, 127220]",51618.86,19.36,6.85,0.0,8.86,0.0,0.0,0.94,63.99
2516,904,2019,"[120010, 120020, 120030, 127102, 127210, 127220]",55952.04,17.75,10.69,0.0,9.72,0.0,0.0,0.97,60.87
2517,904,2020,"[120010, 120020, 120030, 127102, 127210, 127220]",55576.51,15.46,10.67,0.0,13.42,0.0,0.08,1.21,59.16
2518,904,2021,"[120010, 120020, 120030, 127102, 127210, 127220]",60531.84,17.32,12.06,0.0,14.3,0.0,0.05,3.02,53.25
2519,904,2022,"[120010, 120020, 120030, 127102, 127210, 127220]",63215.59,19.19,5.62,0.0,13.0,0.0,0.07,4.36,57.76
2520,905,2017,"[127102, 127210, 127220]",37588.31,15.49,3.02,0.0,7.73,0.0,0.0,2.03,71.74
2521,905,2018,"[127102, 127210, 127220]",40684.93,17.74,4.14,0.0,9.01,0.0,0.0,1.92,67.19
2522,905,2019,"[127102, 127210, 127220]",39675.65,22.2,5.12,0.0,7.42,0.0,0.0,2.4,62.86
2523,905,2020,"[127102, 127210, 127220]",43214.37,24.15,3.42,0.0,10.1,0.0,0.0,3.26,59.06
2524,905,2021,"[127102, 127210, 127220]",44860.27,15.18,4.46,0.0,6.36,0.0,0.0,3.71,70.28
2525,905,2022,"[127102, 127210, 127220]",44880.42,15.19,3.25,0.0,7.98,0.0,0.19,3.01,70.39
2526,906,2017,"[120300, 127102, 127104, 127210]",41490.43,23.61,4.32,0.0,4.21,0.0,0.33,1.68,65.85
2527,906,2018,"[120300, 127102, 127104, 127210]",43587.43,15.7,3.15,0.0,6.44,0.0,0.58,3.01,71.11
2528,906,2019,"[120300, 127102, 127104, 127210]",44959.26,13.58,5.38,0.0,6.59,0.0,0.0,2.5,71.95
2529,906,2020,"[120300, 127102, 127104, 127210]",50262.89,14.08,8.75,0.0,5.71,0.0,0.0,1.75,69.71
2530,906,2021,"[120300, 127102, 127104, 127210]",50726.73,19.39,7.66,0.0,6.05,0.0,0.0,1.28,65.61
2531,906,2022,"[120300, 127102, 127104, 127210]",50814.43,20.5,8.16,0.0,7.4,0.0,0.0,0.92,63.03
2532,909,2017,"[120300, 120400, 122000, 127102, 127103, 127104]",39115.54,30.0,3.99,0.0,8.07,0.0,0.65,2.0,55.27
2533,909,2018,"[120300, 120400, 122000, 127102, 127103, 127104]",40740.32,28.94,4.66,0.0,8.21,0.0,0.83,3.33,54.03
2534,909,2019,"[120300, 120400, 122000, 127102, 127103, 127104]",42895.0,33.82,3.06,0.0,6.78,0.0,0.0,2.63,53.7
2535,909,2020,"[120300, 120400, 122000, 127102, 127103, 127104]",55828.13,32.39,2.12,0.0,6.96,0.0,0.3,2.33,55.9
2536,909,2021,"[120300, 120400, 122000, 127102, 127103, 127104]",57166.92,28.77,3.7,0.0,5.04,0.0,0.29,2.41,59.8
2537,909,2022,"[120300, 120400, 122000, 127102, 127103, 127104]",61865.83,24.53,4.58,0.0,7.23,0.0,0.26,2.09,61.31
2538,911,2017,"[127210, 127300, 127400, 127603, 127604, 127606, 127711, 127712, 127804, 127805, 127806]",46554.38,28.98,3.93,0.26,7.12,0.0,0.01,0.62,59.07
2539,911,2018,"[127210, 127300, 127400, 127603, 127604, 127606, 127711, 127712, 127804, 127805, 127806]",51727.13,29.2,9.22,0.1,7.34,0.0,0.02,0.95,53.16
2540,911,2019,"[127210, 127300, 127400, 127603, 127604, 127606, 127711, 127712, 127804, 127805, 127806]",53492.44,30.62,8.27,0.01,6.61,0.0,0.01,0.96,53.52
2541,911,2020,"[127210, 127300, 127400, 127603, 127604, 127606, 127711, 127712, 127804, 127805, 127806]",56183.27,26.67,9.54,0.0,5.82,0.0,0.17,1.01,56.79
2542,911,2021,"[127210, 127300, 127400, 127603, 127604, 127606, 127711, 127712, 127804, 127805, 127806]",64144.73,29.31,8.6,0.0,6.69,0.0,0.18,1.54,53.68
2543,911,2022,"[127210, 127300, 127400, 127603, 127604, 127606, 127711, 127712, 127804, 127805, 127806]",77068.72,27.21,8.7,0.0,6.36,0.0,0.16,2.32,55.25
2544,914,2017,"[127102, 127210, 127220, 127803, 127804, 127910]",42008.97,26.09,3.63,0.48,8.68,0.0,1.15,1.36,58.61
2545,914,2018,"[127102, 127210, 127220, 127803, 127804, 127910]",43446.94,26.98,3.3,0.07,9.03,0.0,1.08,1.52,58.02
2546,914,2019,"[127102, 127210, 127220, 127803, 127804, 127910]",48420.92,28.99,4.04,0.38,9.07,0.0,1.05,1.42,55.05
2547,914,2020,"[127102, 127210, 127220, 127803, 127804, 127910]",52411.76,25.28,3.37,0.36,12.99,0.0,1.05,0.95,56.0
2548,914,2021,"[127102, 127210, 127220, 127803, 127804, 127910]",60011.72,22.72,3.5,0.33,13.75,0.0,1.12,0.86,57.72
2549,914,2022,"[127102, 127210, 127220, 127803, 127804, 127910]",66386.45,23.12,3.62,0.93,14.41,0.0,0.15,1.36,56.41
2550,915,2017,"[127102, 127104, 127910, 127920]",39303.35,14.03,8.54,0.0,8.23,0.0,0.08,0.65,68.47
2551,915,2018,"[127102, 127104, 127910, 127920]",41090.25,13.72,6.65,0.0,4.34,0.0,0.08,0.01,75.21
2552,915,2019,"[127102, 127104, 127910, 127920]",46189.32,13.07,4.55,0.0,7.0,0.0,0.06,0.01,75.31
2553,915,2020,"[127102, 127104, 127910, 127920]",45465.27,12.4,2.58,0.0,6.72,0.0,0.08,0.16,78.05
2554,915,2021,"[127102, 127104, 127910, 127920]",52901.49,13.27,2.77,0.0,3.34,0.0,0.0,0.17,80.45
2555,915,2022,"[127102, 127104, 127910, 127920]",53779.65,11.9,2.88,1.44,5.77,0.0,0.0,0.57,77.43
2556,916,2017,"[123510, 127104, 127910, 127920]",50601.71,33.47,2.39,0.0,2.21,0.64,0.0,2.14,59.15
2557,916,2018,"[123510, 127104, 127910, 127920]",53996.77,33.46,1.43,0.0,3.59,0.8,0.01,2.82,57.89
2558,916,2019,"[123510, 127104, 127910, 127920]",56403.42,32.13,1.03,0.0,4.25,0.0,0.01,3.47,59.11
2559,916,2020,"[123510, 127104, 127910, 127920]",49607.93,47.12,1.15,0.0,3.55,0.0,0.0,2.7,45.48
2560,916,2021,"[123510, 127104, 127910, 127920]",63968.57,49.79,0.28,0.0,4.41,0.0,0.0,3.99,41.53
2561,916,2022,"[123510, 127104, 127910, 127920]",69432.07,53.55,0.83,0.0,4.35,0.0,0.0,0.93,40.34
2562,919,2017,"[123410, 123510, 123520, 127103, 127104, 127920]",45223.03,38.73,2.09,1.0,6.0,0.0,0.0,2.08,50.1
2563,919,2018,"[123410, 123510, 123520, 127103, 127104, 127920]",47310.11,38.07,2.5,1.19,4.74,0.0,2.53,2.59,48.36
2564,919,2019,"[123410, 123510, 123520, 127103, 127104, 127920]",45357.64,35.78,3.31,0.31,6.0,0.0,2.41,3.16,49.03
2565,919,2020,"[123410, 123510, 123520, 127103, 127104, 127920]",47793.66,28.93,2.75,0.8,10.61,0.01,1.74,3.99,51.17
2566,919,2021,"[123410, 123510, 123520, 127103, 127104, 127920]",42269.86,28.88,2.37,0.0,11.33,0.0,1.75,4.75,50.93
2567,919,2022,"[123410, 123510, 123520, 127103, 127104, 127920]",47845.65,34.67,2.08,0.0,11.22,0.0,0.47,0.89,50.67
2568,923,2017,"[127711, 127803, 127804, 127805, 127806, 127910, 128102]",36157.98,23.39,4.25,0.0,7.64,0.0,0.01,1.11,63.59
2569,923,2018,"[127711, 127803, 127804, 127805, 127806, 127910, 128102]",39744.51,20.8,5.75,0.0,6.5,0.17,0.0,0.81,65.96
2570,923,2019,"[127711, 127803, 127804, 127805, 127806, 127910, 128102]",46043.23,21.07,6.04,0.0,8.71,0.16,0.0,1.0,63.02
2571,923,2020,"[127711, 127803, 127804, 127805, 127806, 127910, 128102]",48526.5,23.99,6.78,0.0,7.98,0.07,0.26,0.32,60.59
2572,923,2021,"[127711, 127803, 127804, 127805, 127806, 127910, 128102]",55078.87,19.55,8.11,0.0,8.11,0.07,0.94,0.75,62.47
2573,923,2022,"[127711, 127803, 127804, 127805, 127806, 127910, 128102]",64929.07,19.75,8.7,0.0,6.0,0.09,0.91,1.84,62.68
2574,926,2017,"[123510, 123520, 127910, 127920, 128101, 128102]",41437.12,28.78,3.95,0.0,6.68,0.0,1.55,0.9,58.13
2575,926,2018,"[123510, 123520, 127910, 127920, 128101, 128102]",51425.41,28.45,4.57,0.0,6.14,0.0,0.92,1.28,58.64
2576,926,2019,"[123510, 123520, 127910, 127920, 128101, 128102]",51358.84,29.83,5.3,0.11,6.45,0.0,0.71,1.27,56.33
2577,926,2020,"[123510, 123520, 127910, 127920, 128101, 128102]",51595.33,26.22,4.95,0.11,5.33,0.01,0.27,1.53,61.59
2578,926,2021,"[123510, 123520, 127910, 127920, 128101, 128102]",61414.62,29.89,5.89,0.13,4.88,0.0,0.25,2.0,56.96
2579,926,2022,"[123510, 123520, 127910, 127920, 128101, 128102]",69635.87,26.91,6.7,0.12,6.06,0.0,0.23,1.06,58.92
2580,929,2017,"[123410, 123420, 123510, 123520]",50396.19,45.89,2.53,0.01,3.37,0.0,0.11,5.39,42.71
2581,929,2018,"[123410, 123420, 123510, 123520]",53036.89,43.77,2.02,0.01,2.66,0.0,0.15,5.3,46.09
2582,929,2019,"[123410, 123420, 123510, 123520]",45517.79,38.4,0.21,0.0,1.85,0.0,0.19,1.25,58.11
2583,929,2020,"[123410, 123420, 123510, 123520]",48686.45,33.81,0.21,0.0,1.87,5.46,0.01,1.16,57.49
2584,929,2021,"[123410, 123420, 123510, 123520]",55403.52,37.51,0.58,0.0,4.84,0.0,0.01,1.02,56.04
2585,929,2022,"[123410, 123420, 123510, 123520]",57385.54,36.29,1.23,0.0,5.26,0.0,0.0,4.85,52.36
2586,931,2017,"[127606, 127711, 127806, 128302, 128400, 980024]",55414.58,28.31,5.26,0.02,9.03,0.0,0.0,0.37,57.01
2587,931,2018,"[127606, 127711, 127806, 128302, 128400, 980024]",64051.23,30.73,11.14,0.02,9.26,0.0,0.0,0.74,48.1
2588,931,2019,"[127606, 127711, 127806, 128302, 128400, 980024]",64471.6,31.52,8.13,0.01,6.9,0.0,0.0,0.91,52.53
2589,931,2020,"[127606, 127711, 127806, 128302, 128400, 980024]",66836.5,30.71,8.44,0.01,6.57,0.0,0.31,0.89,53.07
2590,931,2021,"[127606, 127711, 127806, 128302, 128400, 980024]",80310.29,33.18,8.52,0.0,7.0,0.0,0.32,1.07,49.9
2591,931,2022,"[127606, 127711, 127806, 128302, 128400]",93563.1,31.34,6.39,0.0,7.9,0.0,0.28,3.14,50.96
2592,932,2017,"[127711, 127806, 128302, 128303]",35708.44,19.91,5.0,0.0,2.4,0.0,0.0,1.74,70.96
2593,932,2018,"[127711, 127806, 128302, 128303]",45483.55,14.84,3.94,0.0,2.66,0.0,0.0,1.53,77.04
2594,932,2019,"[127711, 127806, 128302, 128303]",46403.3,15.08,3.06,0.0,2.6,0.0,0.0,1.38,77.87
2595,932,2020,"[127711, 127806, 128302, 128303]",50580.1,18.06,2.39,0.0,4.51,0.0,0.0,0.45,74.6
2596,932,2021,"[127711, 127806, 128302, 128303]",55005.2,18.64,3.16,0.0,5.09,0.0,0.0,0.56,72.55
2597,932,2022,"[127711, 127806, 128302, 128303]",63079.12,17.53,5.26,0.0,7.91,0.0,0.0,1.07,68.22
2598,933,2017,"[127806, 128102, 128210, 128302, 128303]",29901.94,9.94,2.72,0.0,1.18,0.0,0.0,0.01,86.15
2599,933,2018,"[127806, 128102, 128210, 128302, 128303]",38190.5,9.58,3.14,0.0,1.84,0.0,0.0,0.01,85.42
2600,933,2019,"[127806, 128102, 128210, 128302, 128303]",39429.05,12.73,0.54,0.0,1.73,0.0,0.0,0.02,84.98
2601,933,2020,"[127806, 128102, 128210, 128302, 128303]",38876.64,10.28,1.22,0.0,2.16,0.0,0.0,1.12,85.22
2602,933,2021,"[127806, 128102, 128210, 128302, 128303]",40910.69,11.88,2.18,0.0,2.67,0.0,0.32,1.04,81.91
2603,933,2022,"[127806, 128102, 128210, 128302, 128303]",41534.99,12.18,2.48,0.0,2.79,0.0,0.45,1.13,80.96
2604,935,2017,"[128101, 128102, 128210, 128220]",26407.61,8.56,4.3,0.0,2.99,0.0,0.0,0.42,83.71
2605,935,2018,"[128101, 128102, 128210, 128220]",31270.13,9.19,5.09,0.0,2.4,0.0,0.0,1.01,82.31
2606,935,2019,"[128101, 128102, 128210, 128220]",31221.39,10.21,6.57,0.0,4.07,0.0,0.16,1.38,77.62
2607,935,2020,"[128101, 128102, 128210, 128220]",36006.2,9.42,4.97,0.0,3.52,0.0,0.09,2.36,79.65
2608,935,2021,"[128101, 128102, 128210, 128220]",39468.51,10.82,2.87,0.0,4.39,0.0,0.06,1.86,80.0
2609,935,2022,"[128101, 128102, 128210, 128220]",57685.56,10.05,3.61,0.0,2.35,0.0,0.02,1.83,82.14
2610,937,2017,"[123520, 123602, 128101, 128220]",39557.83,41.98,5.28,0.0,7.24,0.0,0.8,1.41,43.29
2611,937,2018,"[123520, 123602, 128101, 128220]",39060.82,44.23,5.87,0.0,5.68,0.0,0.64,1.0,42.57
2612,937,2019,"[123520, 123602, 128101, 128220]",41665.27,47.63,3.97,0.0,4.53,0.0,0.61,0.97,42.29
2613,937,2020,"[123520, 123602, 128101, 128220]",47642.4,39.62,9.31,0.0,4.25,0.0,0.49,2.52,43.81
2614,937,2021,"[123520, 123602, 128101, 128220]",52742.0,35.95,8.5,0.0,4.53,0.0,0.96,1.54,48.51
2615,937,2022,"[123520, 123602, 128101, 128220]",61431.49,34.37,8.38,0.0,5.29,0.0,0.84,1.75,49.37
2616,938,2017,"[123520, 123601, 123602]",53602.12,60.38,6.26,0.0,3.2,0.0,0.01,1.02,29.13
2617,938,2018,"[123520, 123601, 123602]",55625.99,51.31,9.18,0.0,3.38,0.0,0.01,0.42,35.71
2618,938,2019,"[123520, 123601, 123602]",50702.57,52.42,7.11,0.0,4.35,0.0,0.01,1.59,34.52
2619,938,2020,"[123520, 123601, 123602]",47684.23,49.47,11.75,0.75,6.84,0.01,0.03,2.18,28.97
2620,938,2021,"[123520, 123601, 123602]",58212.76,47.61,10.02,0.0,4.63,0.0,0.03,5.35,32.36
2621,938,2022,"[123520, 123601, 123602]",58775.11,48.86,9.41,0.0,4.05,0.0,0.03,5.79,31.87
2622,939,2017,"[123420, 123520, 123601, 123700, 124400, 124500]",61059.8,55.4,4.87,0.0,3.33,0.0,0.96,1.32,34.12
2623,939,2018,"[123420, 123520, 123601, 123700, 124400, 124500]",54767.26,54.86,4.95,0.0,2.67,0.0,0.54,1.35,35.63
2624,939,2019,"[123420, 123520, 123601, 123700, 124400, 124500]",55838.92,54.15,5.78,0.0,2.5,0.0,0.53,2.1,34.93
2625,939,2020,"[123420, 123520, 123601, 123700, 124400, 124500]",58280.71,56.11,5.27,0.0,3.99,0.0,0.52,2.07,32.03
2626,939,2021,"[123420, 123520, 123601, 123700, 124400, 124500]",59741.6,53.54,4.3,0.0,4.2,0.0,0.19,4.3,33.48
2627,939,2022,"[123420, 123520, 123601, 123700, 124400, 124500]",67070.2,49.71,3.58,0.0,4.18,0.0,0.11,4.36,38.06
2628,941,2017,"[127711, 128210, 128302, 128303, 128400, 128500, 128601, 980024]",65757.28,51.7,3.61,0.04,7.44,0.0,0.12,2.87,34.23
2629,941,2018,"[127711, 128210, 128302, 128303, 128400, 128500, 128601, 980024]",74908.35,46.24,4.56,0.03,8.0,0.0,0.16,3.79,37.22
2630,941,2019,"[127711, 128210, 128302, 128303, 128400, 128500, 128601, 980024]",72703.15,48.26,8.11,0.02,8.2,0.0,0.16,2.45,32.8
2631,941,2020,"[127711, 128210, 128302, 128303, 128400, 128500, 128601, 980024]",97585.25,48.94,10.54,0.02,4.28,0.0,0.37,4.32,31.54
2632,941,2021,"[127711, 128210, 128302, 128303, 128400, 128500, 128601, 980024]",109379.54,47.85,11.87,0.0,4.57,0.0,0.43,5.26,30.02
2633,941,2022,"[127711, 128210, 128302, 128303, 128400, 128500, 128601]",101312.31,50.67,6.22,0.0,6.56,0.0,0.19,6.13,30.22
2634,943,2017,"[128210, 128220, 128500, 128601, 128602]",54626.03,50.25,5.83,0.0,8.61,0.02,0.0,1.68,33.61
2635,943,2018,"[128210, 128220, 128500, 128601, 128602]",56447.79,53.36,5.71,0.0,9.4,0.02,0.14,2.16,29.21
2636,943,2019,"[128210, 128220, 128500, 128601, 128602]",63442.06,50.28,6.34,0.0,8.76,0.02,2.11,3.94,28.55
2637,943,2020,"[128210, 128220, 128500, 128601, 128602]",79291.28,51.66,5.32,0.0,7.45,0.01,1.95,4.46,29.15
2638,943,2021,"[128210, 128220, 128500, 128601, 128602]",86693.16,48.89,5.76,0.0,5.37,0.0,2.9,6.01,31.07
2639,943,2022,"[128210, 128220, 128500, 128601, 128602]",96213.64,47.78,5.89,0.22,4.5,0.0,2.64,5.52,33.46
2640,946,2017,"[123602, 124500, 128220, 128601, 128602]",77428.35,65.5,3.01,0.0,4.18,0.01,0.01,1.89,25.4
2641,946,2018,"[123602, 124500, 128220, 128601, 128602]",75498.29,66.26,1.93,0.0,4.67,0.01,0.01,1.82,25.31
2642,946,2019,"[123602, 124500, 128220, 128601, 128602]",75996.29,66.33,3.5,0.0,4.49,0.01,0.01,2.02,23.64
2643,946,2020,"[123602, 124500, 128220, 128601, 128602]",79711.94,67.45,3.02,0.02,3.48,0.0,1.24,1.89,22.9
2644,946,2021,"[123602, 124500, 128220, 128601, 128602]",80734.65,63.14,4.38,0.03,2.91,0.0,1.43,2.26,25.86
2645,946,2022,"[123602, 124500, 128220, 128601, 128602]",82287.2,59.58,3.67,0.03,4.04,0.0,1.43,4.06,27.19
2646,948,2017,"[123601, 123602, 124500]",87777.01,49.32,3.25,0.0,6.13,0.0,0.01,9.76,31.54
2647,948,2018,"[123601, 123602, 124500]",90200.02,52.35,3.84,0.0,7.57,0.0,0.0,12.64,23.61
2648,948,2019,"[123601, 123602, 124500]",88972.47,59.93,3.2,0.0,5.78,0.0,0.0,12.53,18.56
2649,948,2020,"[123601, 123602, 124500]",87494.9,60.32,2.73,0.03,6.28,0.0,0.24,16.36,14.04
2650,948,2021,"[123601, 123602, 124500]",74529.45,58.24,3.38,0.0,6.05,0.0,0.21,12.25,19.87
2651,948,2022,"[123601, 123602, 124500]",74981.32,60.34,2.88,0.0,7.5,0.0,0.25,10.52,18.52
2652,952,2017,"[128400, 128500, 128801, 128802, 980024]",74153.28,60.63,3.82,0.02,15.53,0.0,0.0,3.15,16.85
2653,952,2018,"[128400, 128500, 128801, 128802, 980024]",79620.42,61.68,3.7,0.02,12.53,0.0,0.0,5.2,16.86
2654,952,2019,"[128400, 128500, 128801, 128802, 980024]",81887.32,58.64,4.96,0.01,14.22,0.0,0.01,5.52,16.63
2655,952,2020,"[128400, 128500, 128801, 128802, 980024]",85762.9,61.24,7.84,0.02,12.05,0.0,0.01,4.09,14.74
2656,952,2021,"[128400, 128500, 128801, 128802, 980024]",92967.19,56.0,8.01,0.0,14.16,0.0,0.02,3.77,18.05
2657,952,2022,"[128400, 128500, 128801, 128802]",100356.3,52.55,11.66,0.29,13.62,0.0,0.01,4.39,17.48
2658,955,2017,"[128500, 128602]",62978.6,57.0,6.85,0.0,9.2,0.0,0.0,1.89,25.06
2659,955,2018,"[128500, 128602]",64688.64,62.36,8.39,0.0,9.46,0.0,0.24,2.33,17.22
2660,955,2019,"[128500, 128602]",74381.57,59.24,6.96,0.0,9.25,0.0,3.58,5.06,15.92
2661,955,2020,"[128500, 128602]",96043.02,61.96,5.37,0.0,9.29,0.0,3.3,4.44,15.62
2662,955,2021,"[128500, 128602]",107092.79,59.65,4.68,0.0,7.52,0.0,4.78,5.93,17.44
2663,955,2022,"[128500, 128602]",118441.86,61.16,6.38,0.37,5.65,0.0,4.36,5.77,16.3
2664,957,2017,"[124500, 124600, 128602]",88779.28,73.61,2.55,0.0,2.97,0.0,0.0,2.04,18.84
2665,957,2018,"[124500, 124600, 128602]",85592.47,74.6,1.92,0.0,3.12,0.0,0.0,1.76,18.61
2666,957,2019,"[124500, 124600, 128602]",85168.42,75.58,2.89,0.0,3.31,0.0,0.0,1.9,16.31
2667,957,2020,"[124500, 124600, 128602]",87633.53,77.38,2.21,0.03,3.02,0.0,1.64,0.99,14.73
2668,957,2021,"[124500, 124600, 128602]",88443.11,72.84,3.35,0.03,3.09,0.0,1.82,1.0,17.87
2669,957,2022,"[124500, 124600, 128602]",88347.2,69.69,3.11,0.03,4.38,0.0,1.84,3.7,17.26
2670,961,2017,"[128910, 980024]",84509.42,70.02,8.62,0.02,4.78,0.39,0.37,7.52,8.27
2671,961,2018,"[128910, 980024]",91315.54,63.8,9.02,0.02,5.34,0.44,0.15,8.26,12.97
2672,961,2019,"[128910, 980024]",104607.56,61.6,7.07,0.01,8.1,0.32,0.19,6.92,15.78
2673,961,2020,"[128910, 980024]",99987.67,60.65,4.63,0.01,8.8,0.0,2.32,7.2,16.38
2674,961,2021,"[128910, 980024]",106059.84,56.66,3.26,0.0,11.15,0.0,2.42,6.38,20.14
2675,961,2022,[128910],108333.0,55.75,2.32,0.0,11.12,0.0,2.36,4.03,24.43
2676,963,2017,"[128500, 128801, 128802, 128910, 980024]",84340.17,70.03,8.6,0.01,4.82,0.39,0.37,7.51,8.28
2677,963,2018,"[128500, 128801, 128802, 128910, 980024]",91157.18,63.81,9.0,0.01,5.37,0.44,0.15,8.27,12.95
2678,963,2019,"[128500, 128801, 128802, 128910, 980024]",104354.18,61.59,7.05,0.0,8.14,0.32,0.19,6.94,15.75
2679,963,2020,"[128500, 128703, 128801, 128802, 128910, 980024]",99687.91,60.69,4.64,0.0,8.81,0.0,2.31,7.2,16.34
2680,963,2021,"[128500, 128703, 128801, 128802, 128910, 980024]",105776.29,56.69,3.28,0.0,11.14,0.0,2.41,6.38,20.11
2681,963,2022,"[128500, 128703, 128801, 128802, 128910]",108245.74,55.73,2.39,0.0,11.11,0.0,2.35,4.04,24.38
2682,964,2017,"[124600, 128500, 128602, 128910]",74673.0,65.94,4.72,0.11,6.54,0.0,0.0,3.87,18.81
2683,964,2018,"[124600, 128500, 128602, 128910]",74148.88,67.61,5.52,0.08,6.54,0.0,0.09,3.99,16.16
2684,964,2019,"[124600, 128500, 128602, 128910]",75624.61,67.37,5.03,0.13,5.52,0.0,1.3,5.53,15.13
2685,964,2020,"[124600, 128500, 128602, 128703, 128704, 128910]",95760.04,70.36,4.7,0.09,3.36,0.0,0.01,3.17,18.31
2686,964,2021,"[124600, 128500, 128602, 128703, 128704, 128910]",95733.72,72.27,6.39,0.11,3.77,0.0,0.01,3.71,13.73
2687,964,2022,"[124600, 128500, 128602, 128703, 128704, 128910]",107332.32,66.29,9.28,0.11,4.46,0.0,0.01,6.54,13.31
2688,966,2017,"[124500, 124600, 124700]",72287.38,67.61,4.55,0.38,7.57,0.0,0.0,8.58,11.31
2689,966,2018,"[124500, 124600, 124700]",72062.74,65.65,6.16,0.29,7.06,0.0,0.0,8.82,12.02
2690,966,2019,"[124500, 124600, 124700]",65118.56,67.73,5.09,0.44,3.42,0.0,0.0,10.6,12.72
2691,966,2020,"[124500, 124600, 124700, 128704]",63812.67,69.5,2.35,0.42,3.64,0.0,0.01,9.52,14.57
2692,966,2021,"[124500, 124600, 124700, 128704]",81238.58,70.81,1.98,0.0,4.44,0.0,0.0,11.87,10.9
2693,966,2022,"[124500, 124600, 124700, 128704]",91271.37,70.49,2.7,0.0,6.04,0.0,0.01,8.42,12.35
2694,969,2017,"[123601, 124000, 124500, 124700]",81015.23,71.42,1.78,0.0,5.43,0.0,0.01,3.22,18.14
2695,969,2018,"[123601, 124000, 124500, 124700]",90498.35,68.18,1.4,0.0,5.26,0.0,0.8,2.93,21.44
2696,969,2019,"[123601, 124000, 124500, 124700]",89399.82,71.84,1.17,0.0,5.22,0.21,0.98,3.28,17.29
2697,969,2020,"[123601, 124000, 124500, 124700, 143402]",101272.92,70.81,5.38,0.0,4.57,0.16,0.83,3.12,15.13
2698,969,2021,"[123601, 124000, 124500, 124700, 143402]",106559.27,69.61,6.39,0.0,6.79,0.15,0.65,2.72,13.69
2699,969,2022,"[123601, 124000, 124500, 124700, 143402]",101400.89,67.84,7.55,0.0,5.99,0.15,0.68,3.54,14.26
2700,971,2017,"[128910, 141303, 141400, 980024]",84694.81,70.99,8.33,0.04,5.1,0.34,0.33,6.9,7.97
2701,971,2018,"[128910, 141303, 141400, 980024]",91184.65,65.26,8.73,0.03,5.6,0.38,0.14,7.41,12.46
2702,971,2019,"[128910, 141303, 141400, 980024]",103437.87,63.2,6.92,0.02,8.04,0.27,0.18,6.41,14.96
2703,971,2020,"[128910, 141303, 141305, 141400, 980024]",107323.33,67.22,3.9,0.11,4.86,0.0,0.08,2.66,21.16
2704,971,2021,"[128910, 141303, 141305, 141400, 980024]",97051.17,75.22,3.35,0.15,5.16,0.0,0.08,3.91,12.13
2705,971,2022,"[128910, 141303, 141305, 141400]",96343.82,50.66,5.04,0.1,5.17,0.0,0.08,6.36,32.59
2706,974,2017,"[128910, 141201, 141202, 141303, 141304]",70790.59,76.8,3.34,0.22,5.66,0.01,0.12,5.02,8.84
2707,974,2018,"[128910, 141201, 141202, 141303, 141304]",78859.32,75.64,2.9,0.1,6.49,0.01,0.12,4.72,10.03
2708,974,2019,"[128910, 141201, 141202, 141303, 141304]",90769.32,74.29,3.21,0.11,5.99,0.01,0.14,4.24,12.01
2709,974,2020,"[128910, 141201, 141202, 141303, 141304]",87382.38,73.57,3.57,0.0,5.64,0.0,1.75,4.2,11.27
2710,974,2021,"[128910, 141201, 141202, 141303, 141304]",91813.06,71.18,2.59,0.0,5.99,0.13,2.03,4.59,13.5
2711,974,2022,"[128910, 141201, 141202, 141303, 141304]",96933.09,72.2,3.11,0.0,6.48,0.36,1.55,4.95,11.35
2712,976,2017,"[124600, 124700, 141101, 143500]",69391.9,62.83,10.3,0.01,8.92,0.0,0.0,4.4,13.54
2713,976,2018,"[124600, 124700, 141101, 143500]",63282.04,59.94,12.87,0.01,7.76,0.0,0.0,3.59,15.82
2714,976,2019,"[124600, 124700, 141101, 143500]",73110.33,61.41,14.61,0.01,5.53,0.0,0.33,3.4,14.71
2715,976,2020,"[124600, 124700, 141101, 143401, 143500]",63944.39,59.64,13.2,0.01,3.53,0.0,0.27,10.46,12.89
2716,976,2021,"[124600, 124700, 141101, 143401, 143500]",80873.78,62.33,4.64,0.0,3.37,0.0,0.61,10.36,18.69
2717,976,2022,"[124600, 124700, 141101, 143401, 143500]",85501.99,61.57,5.45,0.0,1.02,0.0,0.77,11.2,19.99
2718,979,2017,"[124700, 141101]",81112.46,71.67,1.75,0.0,5.45,0.0,0.0,3.19,17.93
2719,979,2018,"[124700, 141101]",90756.15,68.36,1.37,0.0,5.27,0.0,0.81,2.88,21.32
2720,979,2019,"[124700, 141101]",89651.12,72.04,1.14,0.0,5.24,0.22,0.99,3.23,17.15
2721,979,2020,"[124700, 141101, 143401]",116600.33,72.11,2.81,0.84,7.43,0.0,1.63,5.51,9.66
2722,979,2021,"[124700, 141101, 143401]",124536.38,72.4,2.4,0.73,8.87,0.0,1.66,5.11,8.83
2723,979,2022,"[124700, 141101, 143401]",132147.06,69.06,1.78,0.0,10.98,0.0,1.73,6.38,10.07
2724,981,2017,"[141303, 141304, 141400, 141600]",97617.67,79.67,2.67,0.23,5.6,0.0,0.03,3.69,8.11
2725,981,2018,"[141303, 141304, 141400, 141600]",104371.29,79.01,1.6,0.15,5.99,0.0,0.03,4.14,9.07
2726,981,2019,"[141303, 141304, 141400, 141600]",115453.15,77.74,3.08,0.03,5.44,0.0,0.03,3.31,10.36
2727,981,2020,"[141303, 141304, 141305, 141306, 141400, 141600]",87284.45,61.59,5.67,0.0,6.54,0.0,0.0,1.76,24.44
2728,981,2021,"[141303, 141304, 141305, 141306, 141400, 141600]",92646.44,64.57,2.42,0.0,6.07,0.0,0.0,2.11,24.84
2729,981,2022,"[141303, 141304, 141305, 141306, 141400, 141600]",97380.15,63.77,2.03,0.0,9.05,0.0,0.0,3.29,21.86
2730,984,2017,"[141202, 141303, 141304, 141600]",78373.95,80.52,3.11,0.0,4.85,0.0,0.0,3.39,8.13
2731,984,2018,"[141202, 141303, 141304, 141600]",84300.76,80.55,1.46,0.0,5.19,0.0,0.0,3.95,8.85
2732,984,2019,"[141202, 141303, 141304, 141600]",98373.69,79.95,2.71,0.0,4.45,0.0,0.0,2.78,10.12
2733,984,2020,"[141202, 141303, 141304, 141306, 141600]",101431.47,81.98,3.64,0.0,3.96,0.0,0.0,2.71,7.71
2734,984,2021,"[141202, 141303, 141304, 141306, 141600]",101582.22,80.78,3.62,0.0,3.06,0.26,0.01,2.35,9.93
2735,984,2022,"[141202, 141303, 141304, 141306, 141600]",103899.1,81.66,3.65,0.0,3.2,0.23,0.0,2.27,8.98
2736,985,2017,"[128910, 141102, 141201, 141202, 141304, 141600, 141700]",72718.4,70.09,4.67,0.0,5.98,0.0,0.42,4.04,14.81
2737,985,2018,"[128910, 141102, 141201, 141202, 141304, 141600, 141700]",71456.77,70.98,5.46,0.0,5.71,0.0,0.36,3.67,13.83
2738,985,2019,"[128910, 141102, 141201, 141202, 141304, 141600, 141700]",82818.04,68.98,6.2,0.0,5.56,0.0,0.84,4.18,14.23
2739,985,2020,"[128703, 128704, 128910, 141102, 141201, 141202, 141304, 141600, 141700]",88651.91,71.94,4.44,0.0,5.21,0.0,1.07,3.82,13.51
2740,985,2021,"[128703, 128704, 128910, 141102, 141201, 141202, 141304, 141600, 141700]",91712.85,67.9,2.49,0.0,9.65,0.0,1.05,4.16,14.75
2741,985,2022,"[128703, 128704, 128910, 141102, 141201, 141202, 141304, 141600, 141700]",91105.07,65.19,3.4,0.3,9.11,0.45,1.19,6.52,13.85
2742,989,2017,"[124600, 141101, 141102, 141201, 141202, 141700, 143500, 143902]",84993.2,69.25,5.96,0.0,7.16,0.0,0.0,9.0,8.64
2743,989,2018,"[124600, 141101, 141102, 141201, 141202, 141700, 143500, 143902]",84660.3,66.88,7.84,0.0,6.22,0.0,0.0,7.83,11.24
2744,989,2019,"[124600, 141101, 141102, 141201, 141202, 141700, 143500, 143902]",89907.97,68.68,7.52,0.0,6.07,0.0,0.11,6.65,10.97
2745,989,2020,"[124600, 128704, 141101, 141102, 141201, 141202, 141700, 143500, 143902]",87783.89,66.11,7.86,0.0,4.31,0.0,0.09,9.62,12.02
2746,989,2021,"[124600, 128704, 141101, 141102, 141201, 141202, 141700, 143500, 143902]",90164.76,62.81,5.86,0.0,3.67,0.0,0.21,11.6,15.84
2747,989,2022,"[124600, 128704, 141101, 141102, 141201, 141202, 141700, 143500, 143902]",101939.64,60.75,7.15,0.0,3.21,0.0,0.26,12.16,16.46
2748,991,2017,"[141202, 141304, 141600, 141700, 261200, 262100, 262200]",187407.6,80.75,0.45,0.88,7.62,0.0,0.0,3.01,7.29
2749,991,2018,"[141202, 141304, 141600, 141700, 261200, 262100, 262200]",195028.01,78.72,0.24,0.64,7.65,0.0,0.0,4.15,8.59
2750,991,2019,"[141202, 141304, 141600, 141700, 261200, 262100, 262200]",196791.43,75.58,3.94,0.0,7.56,0.0,0.0,3.78,9.13
2751,991,2020,"[141202, 141304, 141306, 141600, 141700, 261200, 262100, 262200]",169303.23,74.15,3.43,0.0,9.85,0.0,0.0,6.14,6.44
2752,991,2021,"[141202, 141304, 141306, 141600, 141700, 261200, 262100, 262200]",189286.49,76.35,2.27,0.0,7.62,0.0,0.0,5.4,8.37
2753,991,2022,"[141202, 141304, 141306, 141600, 141700, 261200, 262100, 262200]",177114.09,73.56,3.11,0.0,7.05,0.0,0.0,6.24,10.04
2754,994,2017,"[141102, 141202, 141600, 141700, 143902, 261102, 261200]",186580.83,79.69,2.93,0.0,7.33,0.93,0.0,3.0,6.13
2755,994,2018,"[141102, 141202, 141600, 141700, 143902, 261102, 261200]",204971.32,82.68,2.19,0.0,7.1,0.0,0.0,2.85,5.18
2756,994,2019,"[141102, 141202, 141600, 141700, 143902, 261102, 261200]",249653.41,82.37,1.52,0.0,6.86,0.0,0.0,3.32,5.93
2757,994,2020,"[141102, 141202, 141600, 141700, 143902, 261102, 261200]",249654.08,85.78,1.29,0.0,5.3,0.0,0.0,2.7,4.92
2758,994,2021,"[141102, 141202, 141600, 141700, 143902, 261102, 261200]",249663.98,85.39,0.51,0.0,4.74,0.0,0.25,2.2,6.9
2759,994,2022,"[141102, 141202, 141600, 141700, 143902, 261102, 261200]",249708.94,86.89,0.01,0.0,3.64,0.0,0.32,1.51,7.63
2760,998,2017,"[141101, 141102, 141700, 143500, 143901, 143902, 261102]",117864.01,80.64,0.92,0.0,8.1,0.24,0.0,0.57,9.54
2761,998,2018,"[141101, 141102, 141700, 143500, 143901, 143902, 261102]",120944.94,76.55,1.46,0.0,9.25,0.0,0.0,2.15,10.59
2762,998,2019,"[141101, 141102, 141700, 143500, 143901, 143902, 261102]",110821.05,79.43,1.5,0.0,6.24,0.0,0.0,2.11,10.72
2763,998,2020,"[141101, 141102, 141700, 143500, 143901, 143902, 261102, 261104]",118712.21,67.73,1.48,0.0,9.05,0.0,0.0,7.25,14.48
2764,998,2021,"[141101, 141102, 141700, 143500, 143901, 143902, 261102, 261104]",116968.89,67.15,1.87,0.0,7.9,0.0,0.0,7.76,15.32
2765,998,2022,"[141101, 141102, 141700, 143500, 143901, 143902, 261102, 261104]",141819.41,65.12,1.61,0.0,7.32,0.0,0.0,8.99,16.96
2766,1001,2017,"[115302, 115404, 131600, 131701, 134101, 134720]",68520.87,30.4,1.02,0.0,11.11,0.0,0.45,1.89,55.12
2767,1001,2018,"[115302, 115404, 131600, 131701, 134101, 134720]",68205.14,25.5,0.53,0.0,13.91,0.0,0.38,1.06,58.62
2768,1001,2019,"[115302, 115404, 131600, 131701, 134101, 134720]",77208.48,25.69,3.0,0.0,12.11,0.0,0.43,2.06,56.71
2769,1001,2020,"[113424, 115302, 115404, 131021, 131022, 131600, 131701, 134101, 134720]",74841.66,21.59,4.45,0.0,10.72,0.0,0.4,3.09,59.74
2770,1001,2021,"[113424, 115302, 115404, 131021, 131022, 131600, 131701, 134101, 134720]",86062.05,21.09,3.96,0.0,12.53,0.0,1.04,3.28,58.09
2771,1001,2022,"[113424, 115302, 115404, 131021, 131022, 131600, 131701, 134101, 134720]",84501.31,13.26,7.58,0.0,13.27,0.0,3.04,4.04,58.81
2772,1003,2017,"[115404, 131400, 131600]",61980.69,27.81,3.45,0.0,12.68,0.37,0.42,1.57,53.7
2773,1003,2018,"[115404, 131400, 131600]",66344.72,24.95,4.16,0.0,14.54,0.47,0.63,1.13,54.14
2774,1003,2019,"[115404, 131400, 131600]",72396.52,25.66,4.51,0.0,14.69,0.45,0.71,1.9,52.07
2775,1003,2020,"[115404, 131021, 131022, 131400, 131600]",54858.48,18.44,4.37,0.09,18.1,1.62,0.0,1.31,56.07
2776,1003,2021,"[115404, 131021, 131022, 131400, 131600]",57846.59,20.89,5.4,0.42,16.28,2.38,0.12,1.25,53.25
2777,1003,2022,"[115404, 131021, 131022, 131400, 131600]",60702.4,20.73,5.87,0.29,15.6,2.32,0.2,2.09,52.91
2778,1004,2017,"[115403, 115404, 131300, 131400]",61110.11,25.09,6.44,0.0,19.11,0.0,0.26,1.78,47.32
2779,1004,2018,"[115403, 115404, 131300, 131400]",65245.78,25.74,5.6,0.0,20.23,0.0,2.1,1.12,45.2
2780,1004,2019,"[115403, 115404, 131300, 131400]",67720.9,28.48,4.41,0.0,20.27,0.31,1.99,1.23,43.3
2781,1004,2020,"[115403, 115404, 131021, 131300, 131400]",74093.86,25.96,3.63,0.0,17.63,0.55,1.75,1.24,49.23
2782,1004,2021,"[115403, 115404, 131021, 131300, 131400]",73406.17,23.59,3.19,0.0,19.18,0.75,1.18,1.71,50.4
2783,1004,2022,"[115403, 115404, 131021, 131300, 131400]",88641.16,25.85,2.01,0.0,18.81,0.74,1.34,3.12,48.12
2784,1005,2017,"[115401, 115403, 131200, 131300, 131400]",65754.4,22.81,2.53,0.0,10.92,0.52,0.0,1.4,61.83
2785,1005,2018,"[115401, 115403, 131200, 131300, 131400]",68070.79,21.32,2.88,0.0,13.44,0.66,0.0,0.68,61.01
2786,1005,2019,"[115401, 115403, 131200, 131300, 131400]",71848.19,19.54,2.51,0.0,13.46,0.76,0.0,1.26,62.47
2787,1005,2020,"[115401, 115403, 131200, 131300, 131400, 131802]",66045.0,16.02,2.11,0.04,16.86,0.7,0.0,1.72,62.55
2788,1005,2021,"[115401, 115403, 131200, 131300, 131400, 131802]",69103.45,16.42,0.36,0.02,15.77,0.0,0.29,1.1,66.05
2789,1005,2022,"[115401, 115403, 131200, 131300, 131400, 131802]",69653.12,15.37,3.07,0.02,16.84,0.0,0.64,0.93,63.12
2790,1006,2017,"[115401, 131100, 131200, 131300, 131900]",65847.05,40.53,3.35,0.0,11.64,1.04,0.28,1.17,42.0
2791,1006,2018,"[115401, 131100, 131200, 131300, 131900]",69241.54,43.7,3.83,0.0,9.94,0.0,0.19,1.5,40.83
2792,1006,2019,"[115401, 131100, 131200, 131300, 131900]",81916.02,45.46,3.92,0.0,6.21,0.0,0.0,1.2,43.21
2793,1006,2020,"[115401, 131100, 131200, 131300, 131900]",89474.1,55.8,3.17,0.0,3.64,0.0,0.0,0.4,37.0
2794,1006,2021,"[115401, 131100, 131200, 131300, 131900]",86528.27,52.25,5.05,0.0,5.41,0.0,0.0,1.81,35.49
2795,1006,2022,"[115401, 131100, 131200, 131300, 131900]",102044.14,51.68,4.79,0.0,4.81,0.0,0.0,1.5,37.21
2796,1007,2017,"[115401, 131100, 131200, 132102, 980008]",64653.3,46.49,1.12,0.0,15.36,0.0,0.43,2.17,34.43
2797,1007,2018,"[115401, 131100, 131200, 132102]",68548.46,41.13,0.6,0.0,12.1,0.0,0.33,1.39,44.46
2798,1007,2019,"[115401, 131100, 131200, 132102]",81606.24,41.41,0.69,0.0,9.73,0.0,2.0,2.03,44.14
2799,1007,2020,"[115401, 131100, 131200, 132102]",91969.38,38.29,0.82,0.0,7.51,0.0,1.76,1.94,49.68
2800,1007,2021,"[115401, 131100, 131200, 132102]",92267.48,38.58,1.04,0.0,7.21,0.0,1.18,2.8,49.19
2801,1007,2022,"[115401, 131100, 131200, 132102]",104721.09,38.26,0.21,0.0,9.26,0.0,1.08,2.78,48.41
2802,1008,2017,"[115401, 117302, 117303, 127400, 127603, 127604, 127605, 131100, 131900, 132101, 132102, 980008, 980024]",48476.86,7.2,1.32,0.05,3.62,0.0,0.45,0.37,87.0
2803,1008,2018,"[115401, 117302, 117303, 127400, 127603, 127604, 127605, 131100, 131900, 132101, 132102, 980024]",50697.46,21.16,4.72,0.09,11.07,0.0,1.37,1.62,59.98
2804,1008,2019,"[115401, 117302, 117303, 127400, 127603, 127604, 127605, 131100, 131900, 132101, 132102, 980024]",52350.86,21.78,4.64,0.21,12.09,0.0,1.35,1.88,58.06
2805,1008,2020,"[115401, 117302, 117303, 127400, 127603, 127604, 127605, 131100, 131900, 132101, 132102, 980024]",54120.56,26.3,8.08,0.3,9.03,0.0,0.11,2.91,53.27
2806,1008,2021,"[115401, 117302, 117303, 127400, 127603, 127604, 127605, 131100, 131900, 132101, 132102, 980024]",61800.82,25.06,7.32,0.32,7.73,0.0,0.02,3.36,56.19
2807,1008,2022,"[115401, 117302, 117303, 127400, 127603, 127604, 127605, 131100, 131900, 132101, 132102]",65982.96,25.39,5.29,0.28,7.14,0.0,0.25,3.45,58.21
2808,1009,2017,"[117303, 117404, 127400, 980008]",43116.86,10.09,2.19,0.0,3.67,0.0,0.39,0.75,82.91
2809,1009,2018,"[117303, 117404, 127400]",48369.34,13.98,2.01,0.0,6.36,0.0,0.61,1.36,75.67
2810,1009,2019,"[117303, 117404, 127400]",53917.39,16.39,1.15,0.24,4.14,0.0,0.46,1.03,76.58
2811,1009,2020,"[117303, 117404, 127400]",62024.7,16.11,0.99,0.22,3.49,0.0,0.47,1.16,77.56
2812,1009,2021,"[117303, 117404, 127400]",60811.82,13.07,1.16,0.35,2.84,0.0,0.0,1.73,80.84
2813,1009,2022,"[117303, 117404, 127400]",66303.08,14.27,2.0,0.32,3.1,0.0,1.33,2.66,76.31
2814,1011,2017,"[131600, 131701, 131702, 134720]",55977.22,29.32,11.37,0.29,10.6,0.0,1.02,3.37,44.04
2815,1011,2018,"[131600, 131701, 131702, 134720]",60624.79,25.82,11.69,1.02,11.85,0.0,0.34,3.28,46.0
2816,1011,2019,"[131600, 131701, 131702, 134720]",69771.96,21.86,10.53,1.18,14.31,0.0,0.0,2.04,50.08
2817,1011,2020,"[131600, 131701, 131702, 134720]",68270.28,27.79,7.93,0.7,18.72,0.0,0.0,1.59,43.27
2818,1011,2021,"[131600, 131701, 131702, 134720]",76148.14,24.72,4.26,0.83,15.66,0.0,0.17,2.35,52.01
2819,1011,2022,"[131600, 131701, 131702, 134720]",83160.83,25.1,4.13,0.83,13.09,0.0,0.28,2.16,54.4
2820,1012,2017,"[131400, 131600, 131702]",61968.56,22.65,12.08,0.0,10.33,0.0,0.0,2.12,52.82
2821,1012,2018,"[131400, 131600, 131702]",67054.84,20.41,13.69,1.34,13.86,0.0,0.0,1.45,49.25
2822,1012,2019,"[131400, 131600, 131702]",68098.19,16.18,15.54,1.61,16.57,0.0,0.0,0.56,49.53
2823,1012,2020,"[131022, 131023, 131400, 131600, 131702, 131801]",60478.78,17.92,4.36,0.01,14.16,0.0,0.0,2.82,60.73
2824,1012,2021,"[131022, 131023, 131400, 131600, 131702, 131801]",67900.13,16.11,4.1,0.01,11.98,0.0,0.0,2.68,65.12
2825,1012,2022,"[131022, 131023, 131400, 131600, 131702, 131801]",77809.17,20.6,4.23,0.01,11.16,0.0,0.0,2.16,61.83
2826,1015,2017,"[131300, 131400, 131900]",63340.28,24.12,4.59,0.0,15.19,0.24,0.14,1.62,54.1
2827,1015,2018,"[131300, 131400, 131900]",66687.34,23.84,4.33,0.0,16.9,0.31,1.11,0.94,52.58
2828,1015,2019,"[131300, 131400, 131900]",69874.58,24.45,3.54,0.0,16.98,0.52,1.06,1.26,52.21
2829,1015,2020,"[131023, 131300, 131400, 131801, 131802, 131900]",68818.55,17.41,9.86,0.0,17.78,0.0,0.11,3.95,50.89
2830,1015,2021,"[131023, 131300, 131400, 131801, 131802, 131900]",72797.39,19.76,5.34,0.0,14.92,0.0,0.5,3.02,56.46
2831,1015,2022,"[131023, 131300, 131400, 131801, 131802, 131900]",76414.5,18.18,6.0,0.0,18.22,0.0,1.03,3.1,53.46
2832,1017,2017,"[131100, 131200, 131300, 131900, 132102]",66471.89,32.59,4.14,0.0,9.42,0.0,0.44,3.09,50.32
2833,1017,2018,"[131100, 131200, 131300, 131900, 132102]",75242.14,38.87,5.24,0.0,5.11,0.0,0.66,2.63,47.49
2834,1017,2019,"[131100, 131200, 131300, 131900, 132102]",86803.21,38.57,5.07,0.0,9.27,0.0,0.98,2.98,43.14
2835,1017,2020,"[131100, 131200, 131300, 131802, 131900, 132102]",108387.84,37.24,3.79,0.0,8.52,0.0,2.29,4.93,43.24
2836,1017,2021,"[131100, 131200, 131300, 131802, 131900, 132102]",104591.55,35.26,4.39,0.0,8.62,0.0,3.69,3.87,44.18
2837,1017,2022,"[131100, 131200, 131300, 131802, 131900, 132102]",126238.94,38.78,0.48,0.0,8.72,0.0,0.7,4.58,46.74
2838,1018,2017,"[127400, 980008]",40721.86,14.32,3.14,0.0,5.2,0.0,0.57,1.07,75.7
2839,1018,2018,[127400],48193.0,13.86,2.01,0.0,6.32,0.0,0.61,1.36,75.83
2840,1018,2019,[127400],53695.0,16.3,1.14,0.24,4.09,0.0,0.46,1.02,76.75
2841,1018,2020,[127400],61806.0,16.04,0.97,0.22,3.45,0.0,0.47,1.15,77.71
2842,1018,2021,[127400],60540.0,13.0,1.13,0.35,2.8,0.0,0.0,1.73,80.99
2843,1018,2022,[127400],66009.0,14.19,1.98,0.32,3.06,0.0,1.33,2.66,76.45
2844,1019,2017,[127400],40705.0,14.35,3.15,0.0,5.21,0.0,0.57,1.08,75.64
2845,1019,2018,[127400],48193.0,13.86,2.01,0.0,6.32,0.0,0.61,1.36,75.83
2846,1019,2019,[127400],53695.0,16.3,1.14,0.24,4.09,0.0,0.46,1.02,76.75
2847,1019,2020,[127400],61806.0,16.04,0.97,0.22,3.45,0.0,0.47,1.15,77.71
2848,1019,2021,[127400],60540.0,13.0,1.13,0.35,2.8,0.0,0.0,1.73,80.99
2849,1019,2022,[127400],66009.0,14.19,1.98,0.32,3.06,0.0,1.33,2.66,76.45
2850,1021,2017,"[131701, 132501, 132502, 133000, 134720, 134901]",70969.95,38.49,3.78,0.01,13.87,0.0,0.91,1.33,41.61
2851,1021,2018,"[131701, 132501, 132502, 133000, 134720, 134901]",67607.37,37.62,2.94,0.01,12.58,0.0,0.54,0.78,45.54
2852,1021,2019,"[131701, 132501, 132502, 133000, 134720, 134901]",72844.96,36.96,0.61,0.01,9.67,0.0,0.41,0.77,51.56
2853,1021,2020,"[131701, 132501, 132502, 133000, 134720, 134802, 134901]",75156.21,29.65,0.52,0.0,8.1,0.0,0.37,1.47,59.89
2854,1021,2021,"[131701, 132501, 132502, 133000, 134720, 134802, 134901]",77571.11,32.8,0.7,0.0,9.14,0.0,0.01,2.1,55.25
2855,1021,2022,"[131701, 132501, 132502, 133000, 134720, 134802, 134901]",86952.63,38.41,1.05,0.0,6.36,0.0,0.01,1.69,52.48
2856,1023,2017,"[131701, 131702, 132501, 132502, 133000]",52725.47,36.97,4.64,0.0,11.18,0.08,0.0,1.59,45.53
2857,1023,2018,"[131701, 131702, 132501, 132502, 133000]",56735.77,38.24,3.83,0.01,8.87,0.11,0.96,1.37,46.6
2858,1023,2019,"[131701, 131702, 132501, 132502, 133000]",56764.92,39.05,3.39,0.01,8.4,0.09,1.17,1.32,46.57
2859,1023,2020,"[131024, 131701, 131702, 132501, 132502, 133000, 133102]",51242.14,38.69,2.65,0.01,7.45,0.09,1.39,2.2,47.51
2860,1023,2021,"[131024, 131701, 131702, 132501, 132502, 133000, 133102]",56989.82,37.67,1.93,0.01,7.03,0.0,2.34,1.76,49.26
2861,1023,2022,"[131024, 131701, 131702, 132501, 132502, 133000, 133102]",67201.47,36.52,1.41,0.01,9.1,0.0,2.03,1.66,49.28
2862,1024,2017,"[131702, 132501, 132502, 132700, 132900]",53462.82,36.76,4.05,0.0,11.19,0.11,0.01,1.49,46.4
2863,1024,2018,"[131702, 132501, 132502, 132700, 132900]",56119.7,36.54,3.31,0.01,8.29,0.13,1.07,1.17,49.48
2864,1024,2019,"[131702, 132501, 132502, 132700, 132900]",58096.43,36.65,2.76,0.01,8.06,0.12,1.37,1.19,49.85
2865,1024,2020,"[131023, 131024, 131702, 131801, 132301, 132302, 132501, 132502, 132700, 132900, 133102]",92779.02,22.69,1.68,0.0,3.47,0.07,0.8,0.92,70.37
2866,1024,2021,"[131023, 131024, 131702, 131801, 132301, 132302, 132501, 132502, 132700, 132900, 133102]",87816.51,21.58,3.48,0.0,5.39,0.0,1.35,2.45,65.74
2867,1024,2022,"[131023, 131024, 131702, 131801, 132301, 132302, 132501, 132502, 132700, 132900, 133102]",93658.66,19.9,5.44,0.0,9.52,0.0,2.29,2.73,60.12
2868,1025,2017,"[132001, 132002, 132700]",61751.66,37.76,0.96,0.0,9.02,0.01,0.64,1.29,50.32
2869,1025,2018,"[132001, 132002, 132700]",70911.92,29.69,1.5,0.0,10.96,0.01,0.82,3.1,53.92
2870,1025,2019,"[132001, 132002, 132700]",70195.98,30.23,1.77,0.0,8.87,0.0,1.18,3.74,54.21
2871,1025,2020,"[131024, 131801, 131802, 132001, 132002, 132301, 132302, 132700]",61718.69,16.16,4.16,0.89,16.72,0.0,0.0,0.83,61.24
2872,1025,2021,"[131024, 131801, 131802, 132001, 132002, 132301, 132302, 132700]",64494.49,14.66,4.96,0.72,19.93,0.0,0.01,2.4,57.33
2873,1025,2022,"[131024, 131801, 131802, 132001, 132002, 132301, 132302, 132700]",73240.68,16.01,5.49,0.0,16.01,0.0,0.02,2.38,60.09
2874,1027,2017,"[131900, 132001, 132002, 132102]",88807.42,42.28,3.28,0.0,5.52,0.34,0.46,3.85,44.27
2875,1027,2018,"[131900, 132001, 132002, 132102]",95527.19,41.68,4.89,0.0,6.7,0.45,1.06,6.44,38.77
2876,1027,2019,"[131900, 132001, 132002, 132102]",102795.64,39.81,5.32,0.0,5.03,0.0,1.1,7.12,41.62
2877,1027,2020,"[131802, 131900, 132001, 132002, 132102, 132301, 132302]",85203.6,33.28,3.37,0.0,5.19,0.0,0.78,7.9,49.47
2878,1027,2021,"[131802, 131900, 132001, 132002, 132102, 132301, 132302]",87072.9,33.55,3.33,0.0,5.63,0.0,0.69,7.55,49.26
2879,1027,2022,"[131802, 131900, 132001, 132002, 132102, 132301, 132302]",95599.32,35.57,3.96,0.0,6.95,0.0,1.1,8.6,43.82
2880,1028,2017,"[131900, 132002, 132101, 132102, 980008, 980024]",60359.28,28.07,6.52,0.31,11.8,0.0,2.43,1.81,49.07
2881,1028,2018,"[131900, 132002, 132101, 132102, 980024]",61778.17,29.56,8.3,0.22,12.31,0.0,2.07,2.33,45.2
2882,1028,2019,"[131900, 132002, 132101, 132102, 980024]",61686.72,27.73,7.53,0.16,13.18,0.0,2.41,2.64,46.35
2883,1028,2020,"[131900, 132002, 132101, 132102, 980024]",56022.7,29.11,9.43,0.0,10.01,0.0,0.1,3.51,47.84
2884,1028,2021,"[131900, 132002, 132101, 132102, 980024]",64585.32,28.69,6.63,0.0,9.83,0.0,0.08,5.08,49.69
2885,1028,2022,"[131900, 132002, 132101, 132102]",68404.15,32.6,4.69,0.0,9.13,0.0,0.0,4.15,49.44
2886,1029,2017,"[127400, 127603, 127604, 980008]",39453.58,19.42,2.24,0.0,9.43,0.02,0.01,1.82,67.07
2887,1029,2018,"[127400, 127603, 127604]",41371.74,20.64,2.83,0.0,7.12,0.09,0.01,1.36,67.95
2888,1029,2019,"[127400, 127603, 127604]",43736.54,19.4,1.22,0.0,5.65,0.11,0.01,1.46,72.14
2889,1029,2020,"[127400, 127603, 127604]",46054.93,23.44,2.76,0.0,4.46,0.31,0.01,2.05,66.96
2890,1029,2021,"[127400, 127603, 127604]",48048.68,20.22,3.86,0.01,4.88,0.3,0.0,2.02,68.71
2891,1029,2022,"[127400, 127603, 127604]",52482.87,20.0,4.74,0.01,5.82,0.33,0.9,1.8,66.41
2892,1031,2017,"[133000, 134901]",68490.86,68.4,3.9,0.0,8.39,0.0,0.84,3.72,14.74
2893,1031,2018,"[133000, 134901]",68371.77,60.33,3.77,0.0,6.93,0.0,0.61,1.97,26.4
2894,1031,2019,"[133000, 134901]",74103.5,58.64,5.17,0.0,8.55,0.0,0.66,1.98,24.98
2895,1031,2020,"[133000, 133101, 134802, 134901]",87652.89,61.07,6.76,0.0,9.96,0.0,0.74,3.02,18.45
2896,1031,2021,"[133000, 133101, 134802, 134901]",71235.58,61.87,1.26,0.0,6.9,0.0,0.0,2.45,27.53
2897,1031,2022,"[133000, 133101, 134802, 134901]",78673.66,54.48,1.05,0.0,5.9,0.0,0.0,2.97,35.61
2898,1033,2017,"[132502, 132900, 133000, 134901]",51143.01,38.26,6.17,0.0,10.8,0.0,0.02,1.91,42.83
2899,1033,2018,"[132502, 132900, 133000, 134901]",60225.92,43.54,5.24,0.0,10.81,0.0,0.58,2.07,37.76
2900,1033,2019,"[132502, 132900, 133000, 134901]",53356.47,46.79,5.23,0.0,9.47,0.0,0.49,1.81,36.21
2901,1033,2020,"[131024, 132502, 132900, 133000, 133101, 133102, 134901]",52291.6,57.04,4.67,0.65,8.94,0.0,0.67,2.19,25.84
2902,1033,2021,"[131024, 132502, 132900, 133000, 133101, 133102, 134901]",63835.95,55.62,3.36,0.64,9.17,0.0,0.6,1.55,29.06
2903,1033,2022,"[131024, 132502, 132900, 133000, 133101, 133102, 134901]",67853.1,54.34,2.29,0.0,8.17,0.0,0.64,1.65,32.91
2904,1034,2017,"[132700, 132900, 980024]",84462.68,62.68,2.71,0.83,8.51,0.0,0.01,3.85,21.4
2905,1034,2018,"[132700, 132900, 980024]",87869.97,59.85,2.96,0.75,9.95,0.0,0.01,3.69,22.8
2906,1034,2019,"[132700, 132900, 980024]",93176.79,58.41,2.68,0.48,9.29,0.0,0.43,4.37,24.33
2907,1034,2020,"[132700, 132900, 133102, 980024]",92129.3,58.57,2.52,0.6,8.23,0.0,0.73,6.76,22.59
2908,1034,2021,"[132700, 132900, 133102, 980024]",96501.01,58.13,2.53,0.04,7.37,0.0,0.74,5.82,25.37
2909,1034,2022,"[132700, 132900, 133102]",96405.3,60.08,1.7,0.06,4.34,0.0,4.03,5.19,24.61
2910,1035,2017,"[132001, 132700, 132900, 980024]",58416.54,32.49,0.32,0.0,7.98,0.0,0.51,0.66,58.04
2911,1035,2018,"[132001, 132700, 132900, 980024]",68553.98,24.37,0.65,0.0,8.84,0.0,0.87,1.11,64.16
2912,1035,2019,"[132001, 132700, 132900, 980024]",64413.46,26.19,0.7,0.0,7.74,0.0,1.27,1.48,62.63
2913,1035,2020,"[131024, 132001, 132302, 132700, 132900, 980024]",75236.44,31.61,0.64,0.0,5.16,0.0,1.41,1.72,59.47
2914,1035,2021,"[131024, 132001, 132302, 132700, 132900, 980024]",69634.03,30.02,3.02,0.0,4.32,0.0,0.68,1.77,60.19
2915,1035,2022,"[131024, 132001, 132302, 132700, 132900]",79903.34,32.61,5.05,0.0,4.74,0.0,0.68,2.08,54.84
2916,1037,2017,"[132001, 132002, 132101, 132102, 132700, 980024]",88952.81,47.58,3.69,0.79,7.7,0.2,0.54,3.84,35.68
2917,1037,2018,"[132001, 132002, 132101, 132102, 132700, 980024]",94943.71,45.36,4.78,0.71,9.25,0.26,0.78,5.9,32.99
2918,1037,2019,"[132001, 132002, 132101, 132102, 132700, 980024]",105582.42,43.6,5.39,0.46,6.99,0.0,0.87,6.66,36.03
2919,1037,2020,"[132001, 132002, 132101, 132102, 132302, 132700, 980024]",93735.15,37.97,4.1,0.51,7.42,0.0,0.66,8.45,40.88
2920,1037,2021,"[132001, 132002, 132101, 132102, 132302, 132700, 980024]",97325.44,39.51,4.64,0.0,8.8,0.0,0.43,7.48,39.13
2921,1037,2022,"[132001, 132002, 132101, 132102, 132302, 132700]",93707.82,36.1,4.4,0.0,10.59,0.0,0.82,8.55,39.54
2922,1039,2017,"[127603, 127605, 127606, 980024]",51927.89,17.96,4.04,0.25,7.23,0.0,1.44,0.75,68.33
2923,1039,2018,"[127603, 127605, 127606, 980024]",54804.82,17.82,3.37,0.21,8.36,0.0,1.47,1.07,67.7
2924,1039,2019,"[127603, 127605, 127606, 980024]",55306.17,17.54,3.99,0.45,9.09,0.0,1.04,1.34,66.55
2925,1039,2020,"[127603, 127605, 127606, 980024]",57714.42,21.98,5.17,0.45,6.91,0.0,0.16,1.89,63.44
2926,1039,2021,"[127603, 127605, 127606, 980024]",56631.29,22.03,3.68,0.44,9.41,0.0,0.33,2.43,61.67
2927,1039,2022,"[127603, 127605, 127606]",62642.96,19.7,3.07,0.37,8.92,0.0,0.22,2.74,64.99
2928,1041,2017,"[134901, 139301, 139302]",98343.4,66.06,4.41,0.0,13.82,0.0,0.01,2.68,13.02
2929,1041,2018,"[134901, 139301, 139302]",104908.48,61.65,5.07,0.0,16.25,0.0,0.0,3.02,14.02
2930,1041,2019,"[134901, 139301, 139302]",125925.67,64.9,7.27,0.0,7.77,0.0,0.01,5.75,14.3
2931,1041,2020,"[133101, 133102, 134901, 139301, 139302]",149677.52,54.75,6.45,0.01,11.52,0.0,0.01,13.63,13.62
2932,1041,2021,"[133101, 133102, 134901, 139301, 139302]",154374.63,58.14,4.93,0.01,6.49,0.0,2.8,12.25,15.38
2933,1041,2022,"[133101, 133102, 134901, 139301, 139302]",173685.94,61.42,2.27,0.0,6.36,0.0,1.99,12.85,15.11
2934,1043,2017,"[132900, 139301, 139302, 139303]",48322.28,44.6,10.52,0.11,7.18,0.0,0.43,6.47,30.69
2935,1043,2018,"[132900, 139301, 139302, 139303]",51193.6,45.51,8.72,0.09,7.45,0.0,0.32,6.18,31.73
2936,1043,2019,"[132900, 139301, 139302, 139303]",46799.92,47.32,7.6,0.1,8.64,0.0,0.48,3.64,32.22
2937,1043,2020,"[132900, 133102, 139301, 139302, 139303]",53335.4,42.19,7.35,0.14,9.69,0.0,0.53,4.91,35.18
2938,1043,2021,"[132900, 133102, 139301, 139302, 139303]",62216.9,45.71,6.05,0.0,10.52,0.0,0.88,7.71,29.13
2939,1043,2022,"[132900, 133102, 139301, 139302, 139303]",79284.24,33.41,5.01,0.0,17.25,0.0,0.61,5.39,38.33
2940,1044,2017,"[132900, 139200, 139302, 139303]",52710.07,58.49,8.59,0.0,5.67,0.0,0.77,3.62,22.87
2941,1044,2018,"[132900, 139200, 139302, 139303]",53987.44,60.0,11.34,0.0,5.3,0.0,0.62,3.76,18.98
2942,1044,2019,"[132900, 139200, 139302, 139303]",55147.87,58.31,14.83,0.0,3.81,0.14,0.63,4.07,18.2
2943,1044,2020,"[132900, 133102, 139200, 139302, 139303]",51284.59,59.08,7.76,0.0,4.3,0.12,0.5,4.9,23.34
2944,1044,2021,"[132900, 133102, 139200, 139302, 139303]",55939.96,55.87,8.38,0.0,5.1,0.13,0.02,4.72,25.78
2945,1044,2022,"[132900, 133102, 139200, 139302, 139303]",57266.41,53.23,7.42,0.0,6.71,0.17,0.11,5.74,26.63
2946,1045,2017,"[132900, 139001, 139200, 139303]",75400.87,57.96,2.75,0.0,12.55,0.0,0.01,1.98,24.75
2947,1045,2018,"[132900, 139001, 139200, 139303]",67568.78,58.71,2.67,0.0,14.26,0.0,0.0,1.63,22.72
2948,1045,2019,"[132900, 139001, 139200, 139303]",70559.75,67.31,1.39,0.0,11.59,0.0,0.01,2.25,17.45
2949,1045,2020,"[132900, 139001, 139200, 139303]",75279.32,69.83,3.12,0.0,10.13,0.0,0.02,2.29,14.6
2950,1045,2021,"[132900, 139001, 139200, 139303]",89932.33,69.88,2.89,0.0,9.6,0.0,0.41,0.99,16.23
2951,1045,2022,"[132900, 139001, 139200, 139303]",94047.49,68.32,2.83,0.0,6.16,0.0,0.57,4.12,18.0
2952,1047,2017,"[132900, 139001, 139200, 980024]",96792.84,64.82,3.96,2.0,7.52,0.0,0.0,4.79,16.9
2953,1047,2018,"[132900, 139001, 139200, 980024]",99050.61,64.53,3.61,1.79,6.15,0.0,0.0,4.12,19.8
2954,1047,2019,"[132900, 139001, 139200, 980024]",113919.98,66.82,3.4,1.16,5.45,0.0,0.0,2.2,20.98
2955,1047,2020,"[132900, 139001, 139200, 980024]",114768.87,63.47,3.54,1.3,7.2,0.0,0.0,3.3,21.19
2956,1047,2021,"[132900, 139001, 139200, 980024]",123455.05,62.88,4.74,0.0,10.18,0.0,0.0,3.15,19.05
2957,1047,2022,"[132900, 139001, 139200]",98909.03,66.44,0.88,0.0,7.78,0.0,0.23,4.34,20.33
2958,1049,2017,"[127605, 127606, 132101, 139001, 980024]",121425.05,57.36,6.98,4.65,7.75,0.0,0.0,5.43,17.84
2959,1049,2018,"[127605, 127606, 132101, 139001, 980024]",124020.99,60.6,6.44,4.17,4.55,0.0,0.0,0.0,24.25
2960,1049,2019,"[127605, 127606, 132101, 139001, 980024]",150225.74,60.98,7.17,2.69,4.93,0.0,0.0,0.0,24.22
2961,1049,2020,"[127605, 127606, 132101, 139001, 980024]",150287.35,52.76,7.54,3.01,8.54,0.0,0.0,3.02,25.13
2962,1049,2021,"[127605, 127606, 132101, 139001, 980024]",154066.13,53.0,10.0,0.0,14.0,0.0,0.0,2.5,20.51
2963,1049,2022,"[127605, 127606, 132101, 139001]",77189.24,40.83,2.31,0.15,6.89,0.0,0.11,4.37,45.33
2964,1061,2017,"[137501, 137504, 139301, 139402, 139802]",102239.26,81.26,4.39,0.02,5.13,0.0,2.35,2.84,4.0
2965,1061,2018,"[137501, 137504, 139301, 139402, 139802]",126435.07,80.75,6.24,0.01,3.26,0.0,2.13,2.41,5.2
2966,1061,2019,"[137501, 137504, 139301, 139402, 139802]",135535.26,79.73,7.65,0.0,2.29,0.0,1.76,1.44,7.12
2967,1061,2020,"[137501, 137504, 139301, 139402, 139802]",145271.44,80.79,3.36,0.0,2.76,0.0,0.1,3.68,9.31
2968,1061,2021,"[137501, 137504, 139301, 139402, 139802]",155934.71,78.91,3.08,0.0,4.09,0.0,0.13,4.16,9.64
2969,1061,2022,"[137501, 137504, 139301, 139402, 139802]",170016.95,73.68,3.54,0.0,4.35,0.0,0.12,9.64,8.67
2970,1063,2017,"[139301, 139302, 139303, 139401, 139402, 139502, 139703, 139801]",83677.0,77.43,3.58,0.0,5.08,0.0,1.47,2.44,10.0
2971,1063,2018,"[139301, 139302, 139303, 139401, 139402, 139502, 139703, 139801]",97209.79,77.78,4.11,0.0,4.36,0.0,1.37,1.76,10.62
2972,1063,2019,"[139301, 139302, 139303, 139401, 139402, 139502, 139703, 139801]",99392.67,75.72,6.63,0.0,3.44,0.0,1.21,1.08,11.92
2973,1063,2020,"[139301, 139302, 139303, 139401, 139402, 139502, 139703, 139801]",108547.64,79.02,4.82,0.0,2.32,0.0,0.06,2.28,11.51
2974,1063,2021,"[139301, 139302, 139303, 139401, 139402, 139502, 139703, 139801]",115562.18,74.26,5.82,0.0,3.48,0.0,0.07,3.51,12.85
2975,1063,2022,"[139301, 139302, 139303, 139401, 139402, 139502, 139703, 139801]",127711.62,69.47,7.57,0.0,3.69,0.0,0.07,7.02,12.18
2976,1065,2017,"[139001, 139200, 139502, 139504, 139600]",48649.12,72.31,3.59,0.0,5.05,0.0,0.28,7.93,10.84
2977,1065,2018,"[139001, 139200, 139502, 139504, 139600]",56526.52,73.35,3.59,0.0,5.44,0.0,0.29,5.57,11.75
2978,1065,2019,"[139001, 139200, 139502, 139504, 139600]",56760.59,74.82,3.71,0.0,5.18,0.0,0.26,4.3,11.73
2979,1065,2020,"[139001, 139200, 139502, 139504, 139505, 139506, 139600]",51947.03,67.68,3.27,0.0,5.73,0.0,0.47,6.28,16.58
2980,1065,2021,"[139001, 139200, 139502, 139504, 139505, 139506, 139600]",56287.3,65.64,3.7,0.0,4.66,0.0,0.52,6.29,19.19
2981,1065,2022,"[139001, 139200, 139502, 139504, 139505, 139506, 139600]",61518.94,65.45,3.1,0.0,5.66,0.0,0.99,6.37,18.42
2982,1067,2017,"[139001, 139504, 139600, 139701]",78018.11,79.24,1.32,0.0,8.08,0.0,0.0,1.51,9.85
2983,1067,2018,"[139001, 139504, 139600, 139701]",79034.45,75.33,2.2,0.0,11.08,0.0,0.0,2.76,8.64
2984,1067,2019,"[139001, 139504, 139600, 139701]",77100.39,76.06,2.18,0.0,11.36,0.0,0.0,2.23,8.17
2985,1067,2020,"[139001, 139504, 139600, 139701]",95805.0,74.86,2.71,0.0,11.35,0.0,0.0,2.25,8.84
2986,1067,2021,"[139001, 139504, 139600, 139701]",95704.67,75.22,2.0,0.0,8.09,0.0,0.2,6.06,8.44
2987,1067,2022,"[139001, 139504, 139600, 139701]",94488.9,76.64,2.67,0.0,6.25,0.0,0.27,8.35,5.82
2988,1068,2017,"[139001, 139600, 139701, 980024]",138189.6,74.97,1.19,0.67,8.4,0.31,0.29,2.68,11.49
2989,1068,2018,"[139001, 139600, 139701, 980024]",143140.53,74.55,2.04,0.67,6.95,0.5,0.25,3.04,12.0
2990,1068,2019,"[139001, 139600, 139701, 980024]",152610.13,71.81,2.46,0.66,5.45,0.35,0.0,7.43,11.83
2991,1068,2020,"[139001, 139600, 139701, 980024]",147601.87,75.43,2.09,0.36,6.13,0.3,0.0,6.77,8.92
2992,1068,2021,"[139001, 139600, 139701, 980024]",147811.93,76.43,2.96,0.18,4.03,0.0,0.0,6.53,9.86
2993,1068,2022,"[139001, 139600, 139701]",153809.06,85.87,3.38,0.0,2.29,0.0,0.0,3.27,5.2
2994,1075,2017,"[139200, 139303, 139401, 139502, 139504, 139600, 139703]",64014.25,71.03,0.18,0.0,11.88,0.0,0.33,3.15,13.44
2995,1075,2018,"[139200, 139303, 139401, 139502, 139504, 139600, 139703]",69048.65,71.32,1.2,0.0,5.46,0.0,0.35,4.54,17.13
2996,1075,2019,"[139200, 139303, 139401, 139502, 139504, 139600, 139703]",79456.44,76.45,0.49,0.0,5.34,0.0,0.24,4.96,12.53
2997,1075,2020,"[139200, 139303, 139401, 139502, 139504, 139505, 139506, 139600, 139703]",95484.0,77.72,0.78,0.0,5.44,0.0,0.0,3.36,12.69
2998,1075,2021,"[139200, 139303, 139401, 139502, 139504, 139505, 139506, 139600, 139703]",109671.67,76.27,0.89,0.0,3.19,0.0,1.28,2.54,15.83
2999,1075,2022,"[139200, 139303, 139401, 139502, 139504, 139505, 139506, 139600, 139703]",119525.92,70.3,1.65,0.0,3.1,0.0,1.28,3.22,20.44
3000,1077,2017,"[139502, 139600, 139701]",78017.52,79.33,1.31,0.0,8.09,0.0,0.0,1.48,9.78
3001,1077,2018,"[139502, 139600, 139701]",79023.83,75.41,2.21,0.0,11.11,0.0,0.0,2.71,8.56
3002,1077,2019,"[139502, 139600, 139701]",77007.72,76.11,2.19,0.0,11.42,0.0,0.0,2.22,8.07
3003,1077,2020,"[139502, 139600, 139701, 139704]",95924.88,74.9,2.73,0.0,11.4,0.0,0.0,2.23,8.74
3004,1077,2021,"[139502, 139600, 139701, 139704]",95681.81,75.28,2.01,0.0,8.09,0.0,0.2,6.09,8.34
3005,1077,2022,"[139502, 139600, 139701, 139704]",94477.72,76.75,2.69,0.0,6.23,0.0,0.27,8.39,5.67
3006,1078,2017,"[139600, 139701, 141400, 980024]",139114.74,75.91,0.89,0.45,8.44,0.32,0.31,2.53,11.15
3007,1078,2018,"[139600, 139701, 141400, 980024]",144194.09,75.3,1.81,0.49,7.07,0.52,0.26,3.21,11.34
3008,1078,2019,"[139600, 139701, 141400, 980024]",152771.49,72.39,2.21,0.56,5.47,0.37,0.0,7.83,11.17
3009,1078,2020,"[139600, 139701, 141400, 980024]",147473.33,76.65,1.8,0.22,5.99,0.32,0.0,6.98,8.05
3010,1078,2021,"[139600, 139701, 141400, 980024]",147494.62,77.68,2.59,0.19,3.49,0.0,0.0,6.75,9.29
3011,1078,2022,"[139600, 139701, 141400]",153830.42,85.86,3.38,0.0,2.29,0.0,0.0,3.27,5.21
3012,1079,2017,"[141400, 980024]",94847.36,77.78,7.92,0.1,7.18,0.0,0.0,2.02,5.0
3013,1079,2018,"[141400, 980024]",97315.1,74.75,8.12,0.09,6.8,0.0,0.0,1.28,8.96
3014,1079,2019,"[141400, 980024]",102350.67,73.86,7.02,0.06,7.71,0.0,0.0,2.5,8.86
3015,1079,2020,"[141400, 980024]",103354.57,71.33,5.28,0.06,7.95,0.0,0.0,6.03,9.34
3016,1079,2021,"[141400, 980024]",107675.95,63.36,4.34,0.0,7.78,0.0,0.0,7.76,16.76
3017,1079,2022,[141400],104877.0,65.65,1.71,0.0,7.41,0.0,0.0,7.29,17.93
3018,1083,2017,"[139402, 139703, 139801, 139802]",140876.59,83.88,0.28,0.0,5.57,0.0,0.01,0.93,9.34
3019,1083,2018,"[139402, 139703, 139801, 139802]",137958.82,83.78,6.04,0.0,2.11,0.0,0.58,0.54,6.96
3020,1083,2019,"[139402, 139703, 139801, 139802]",157506.13,78.4,5.87,0.0,2.39,0.0,0.52,6.76,6.06
3021,1083,2020,"[139402, 139703, 139801, 139802]",142377.89,78.89,5.4,0.0,2.68,0.0,0.52,6.96,5.55
3022,1083,2021,"[139402, 139703, 139801, 139802]",162097.34,80.1,4.79,0.0,3.04,0.0,0.54,6.84,4.68
3023,1083,2022,"[139402, 139703, 139801, 139802]",203250.25,81.73,4.05,0.0,3.22,0.0,1.49,6.71,2.81
3024,1088,2017,"[139600, 139701, 141400]",139137.54,76.01,0.85,0.43,8.44,0.33,0.31,2.52,11.12
3025,1088,2018,"[139600, 139701, 141400]",144224.51,75.37,1.78,0.47,7.09,0.52,0.26,3.22,11.28
3026,1088,2019,"[139600, 139701, 141400]",152702.56,72.45,2.18,0.54,5.48,0.38,0.0,7.87,11.1
3027,1088,2020,"[139600, 139701, 139704, 139705, 141400]",147457.54,76.79,1.77,0.2,5.98,0.32,0.0,6.98,7.96
3028,1088,2021,"[139600, 139701, 139704, 139705, 141400]",147448.82,77.83,2.54,0.19,3.45,0.0,0.0,6.77,9.22
3029,1088,2022,"[139600, 139701, 139704, 139705, 141400]",153810.18,85.86,3.37,0.0,2.29,0.0,0.0,3.28,5.19
3030,1089,2017,"[141400, 141500]",94324.43,78.22,7.94,0.0,7.17,0.0,0.0,1.95,4.72
3031,1089,2018,"[141400, 141500]",96805.85,75.06,8.15,0.0,6.85,0.0,0.0,1.31,8.63
3032,1089,2019,"[141400, 141500]",101389.28,74.14,7.02,0.0,7.77,0.0,0.0,2.55,8.53
3033,1089,2020,"[141306, 141400, 141500]",102151.71,71.57,5.24,0.0,7.92,0.0,0.0,6.02,9.25
3034,1089,2021,"[141306, 141400, 141500]",106491.45,63.6,4.19,0.0,7.62,0.0,0.0,7.78,16.81
3035,1089,2022,"[141306, 141400, 141500]",104808.28,65.63,1.72,0.0,7.44,0.0,0.0,7.22,17.99
3036,1091,2017,"[137504, 139402, 139703, 139801, 139802, 980019]",144476.37,83.74,0.23,0.0,5.38,0.0,0.49,3.99,6.17
3037,1091,2018,"[137504, 139402, 139703, 139801, 139802, 980019]",143883.94,79.21,0.42,0.01,9.1,0.0,1.38,3.17,6.71
3038,1091,2019,"[137504, 139402, 139703, 139801, 139802, 980019]",153337.63,73.41,4.97,0.01,9.82,0.0,1.39,3.6,6.79
3039,1091,2020,"[137504, 139402, 139703, 139801, 139802, 980019]",157201.26,77.69,5.25,0.0,9.62,0.0,0.73,1.01,5.7
3040,1091,2021,"[137504, 139402, 139703, 139801, 139802, 980019]",196743.89,73.56,6.84,0.0,9.35,0.0,1.06,3.02,6.16
3041,1091,2022,"[137504, 139402, 139703, 139801, 139802, 980019]",220590.2,74.91,6.11,0.0,11.65,0.0,1.5,2.44,3.38
3042,1094,2017,"[139402, 139502, 139600, 139703, 139801, 139802, 980019]",120907.2,76.65,0.32,0.59,8.99,0.0,0.03,11.75,1.66
3043,1094,2018,"[139402, 139502, 139600, 139703, 139801, 139802, 980019]",124954.06,77.35,4.25,0.0,7.38,0.0,0.08,9.01,1.92
3044,1094,2019,"[139402, 139502, 139600, 139703, 139801, 139802, 980019]",126572.15,80.16,3.98,0.0,6.63,0.0,0.08,7.8,1.34
3045,1094,2020,"[139402, 139502, 139600, 139703, 139704, 139801, 139802, 980019]",132494.57,84.79,2.84,0.0,5.5,0.0,0.04,5.61,1.22
3046,1094,2021,"[139402, 139502, 139600, 139703, 139704, 139801, 139802, 980019]",147180.14,86.61,3.02,0.0,4.22,0.0,0.1,4.19,1.86
3047,1094,2022,"[139402, 139502, 139600, 139703, 139704, 139801, 139802, 980019]",174680.97,77.27,6.23,0.0,6.62,0.0,0.13,8.12,1.63
3048,1097,2017,"[139600, 139701, 139703, 141400, 141500, 262301, 262400, 980019]",175959.41,76.12,1.54,0.12,9.46,0.08,0.11,2.88,9.68
3049,1097,2018,"[139600, 139701, 139703, 141400, 141500, 262301, 262400, 980019]",195599.05,74.45,2.22,0.11,10.43,0.13,0.13,2.78,9.74
3050,1097,2019,"[139600, 139701, 139703, 141400, 141500, 262301, 262400, 980019]",181121.25,73.89,2.5,0.13,10.43,0.1,0.12,3.23,9.6
3051,1097,2020,"[139600, 139701, 139703, 139704, 139705, 141400, 141500, 262301, 262400, 980019]",174296.0,92.8,0.01,0.0,2.89,0.12,0.0,3.17,1.01
3052,1097,2021,"[139600, 139701, 139703, 139704, 139705, 141400, 141500, 262301, 262400, 980019]",162080.68,91.56,0.35,0.44,2.23,0.14,0.3,3.7,1.29
3053,1097,2022,"[139600, 139701, 139703, 139704, 139705, 141400, 141500, 262301, 262400, 980019]",168993.94,87.62,0.69,0.49,3.59,0.13,0.29,5.01,2.18
3054,1098,2017,"[141500, 262301]",184692.26,80.52,1.77,0.0,8.21,0.0,0.39,0.66,8.44
3055,1098,2018,"[141500, 262301]",217935.5,81.49,1.83,0.0,9.97,0.0,0.72,0.64,5.34
3056,1098,2019,"[141500, 262301]",219276.82,81.8,3.11,0.0,8.33,0.0,1.32,0.17,5.27
3057,1098,2020,"[139705, 141500, 262301]",208298.4,89.82,0.05,0.0,6.51,0.39,0.02,0.32,2.91
3058,1098,2021,"[139705, 141500, 262301]",249415.06,84.59,1.14,1.39,4.37,0.45,0.02,5.27,2.78
3059,1098,2022,"[139705, 141500, 262301]",249669.2,80.9,1.13,1.55,8.29,0.41,0.02,4.99,2.7
3060,1099,2017,"[141400, 141500, 141600]",180634.81,81.23,1.75,0.01,7.93,0.0,0.44,0.37,8.26
3061,1099,2018,"[141400, 141500, 141600]",213984.27,82.55,1.77,0.01,9.68,0.0,0.8,0.45,4.75
3062,1099,2019,"[141400, 141500, 141600]",219324.11,82.87,3.2,0.0,7.74,0.0,1.46,0.05,4.69
3063,1099,2020,"[139705, 141306, 141400, 141500, 141600]",195111.18,82.51,5.38,0.0,7.2,0.0,2.19,0.5,2.21
3064,1099,2021,"[139705, 141306, 141400, 141500, 141600]",178971.63,84.94,5.35,0.0,4.99,0.0,1.9,0.57,2.25
3065,1099,2022,"[139705, 141306, 141400, 141500, 141600]",208861.86,80.51,7.59,0.0,4.05,0.0,2.81,0.97,4.06
3066,1101,2017,"[188202, 189102, 189202, 189300, 301601, 301602, 311700, 311801]",91293.22,64.59,1.45,0.05,11.59,0.14,1.28,2.79,18.11
3067,1101,2018,"[188202, 189102, 189202, 189300, 301601, 301602, 311700, 311801]",95830.64,66.3,1.79,0.07,9.61,0.26,0.74,3.57,17.67
3068,1101,2019,"[188202, 189102, 189202, 189300, 301601, 301602, 311700, 311801]",99575.98,64.39,2.19,0.07,10.46,0.31,0.7,3.69,18.19
3069,1101,2020,"[188202, 189102, 189202, 189300, 301601, 301602, 311601, 311700, 311801]",105253.0,58.71,2.44,0.08,12.27,0.12,0.35,6.2,19.83
3070,1101,2021,"[188202, 189102, 189202, 189300, 301601, 301602, 311601, 311700, 311801]",117873.98,56.47,2.12,0.16,13.01,0.09,0.6,5.89,21.65
3071,1101,2022,"[188202, 189102, 189202, 189300, 301601, 301602, 311601, 311700, 311801]",129464.6,55.4,3.27,0.13,12.96,0.05,0.57,6.94,20.69
3072,1102,2017,"[188100, 188300, 301601, 301702, 302401]",56102.89,26.74,2.03,0.0,8.56,0.0,0.93,5.4,56.35
3073,1102,2018,"[188100, 188300, 301601, 301702, 302401]",59232.69,25.85,1.77,0.01,10.11,0.0,1.18,5.77,55.31
3074,1102,2019,"[188100, 188300, 301601, 301702, 302401]",62445.44,27.78,1.49,0.01,8.02,0.0,1.09,5.26,56.37
3075,1102,2020,"[188100, 188300, 301601, 301702, 302401]",57327.17,31.98,0.78,0.01,8.97,0.0,0.0,5.15,53.12
3076,1102,2021,"[188100, 188300, 301601, 301702, 302401]",60527.51,32.34,0.59,0.01,11.36,0.0,0.0,4.45,51.25
3077,1102,2022,"[188100, 188300, 301601, 301702, 302401]",81050.48,37.36,1.8,0.01,13.71,0.0,0.0,3.09,44.02
3078,1105,2017,"[181000, 181300, 181400, 300902, 301000, 302104]",112687.34,39.08,0.43,0.0,25.56,0.0,0.0,2.98,31.95
3079,1105,2018,"[181000, 181300, 181400, 300902, 301000, 302104]",117197.83,37.7,0.53,0.5,25.23,0.0,0.7,2.98,32.35
3080,1105,2019,"[181000, 181300, 181400, 300902, 301000, 302104]",116840.15,34.86,0.39,0.63,24.51,0.0,0.91,3.49,35.2
3081,1105,2020,"[181000, 181300, 181400, 300902, 301000, 302104]",107640.66,35.98,0.02,0.66,23.18,0.0,0.89,6.17,33.1
3082,1105,2021,"[181000, 181300, 181400, 300902, 301000, 302104]",97439.09,35.67,0.11,0.54,22.72,0.0,0.81,6.39,33.77
3083,1105,2022,"[181000, 181300, 181400, 300902, 301000, 302104]",129307.62,42.67,0.14,0.63,21.67,0.0,0.8,6.18,27.91
3084,1107,2017,"[181400, 181500, 181600, 183101, 183220, 183221, 183222]",60029.36,24.3,1.64,0.24,11.71,0.17,0.21,0.68,61.05
3085,1107,2018,"[181400, 181500, 181600, 183101, 183220, 183221, 183222]",65533.26,24.71,1.4,0.22,13.44,0.0,0.17,1.19,58.86
3086,1107,2019,"[181400, 181500, 181600, 183101, 183220, 183221, 183222]",68638.22,25.04,1.39,0.19,12.83,0.0,0.23,2.44,57.88
3087,1107,2020,"[181400, 181500, 181600, 183101, 183220, 183221, 183222]",89089.01,26.63,0.84,0.18,12.3,0.0,0.0,2.24,57.81
3088,1107,2021,"[181400, 181500, 181600, 183101, 183220, 183221, 183222]",92661.82,26.88,1.83,0.0,11.03,0.0,0.37,2.76,57.14
3089,1107,2022,"[181400, 181500, 181600, 183101, 183220, 183221, 183222]",94062.29,29.2,1.87,0.0,9.42,0.0,0.49,3.33,55.69
3090,1109,2017,"[181000, 181400, 181500, 300902, 460800, 463800]",112810.99,39.11,0.43,0.0,25.54,0.0,0.0,2.97,31.94
3091,1109,2018,"[181000, 181400, 181500, 300902, 460800, 463800]",117316.02,37.73,0.53,0.5,25.22,0.0,0.7,2.98,32.33
3092,1109,2019,"[181000, 181400, 181500, 300902, 460800, 463800]",116924.39,34.89,0.39,0.63,24.49,0.0,0.91,3.49,35.19
3093,1109,2020,"[181000, 181400, 181500, 300902, 460800, 463800]",107736.74,36.01,0.02,0.66,23.17,0.0,0.9,6.17,33.08
3094,1109,2021,"[181000, 181400, 181500, 300902, 460800, 463800]",97529.62,35.69,0.1,0.54,22.71,0.0,0.81,6.39,33.75
3095,1109,2022,"[181000, 181400, 181500, 300902, 460800, 463800]",129407.34,42.69,0.14,0.63,21.66,0.0,0.8,6.18,27.9
3096,1112,2017,"[181300, 186100, 186201, 186202, 186301, 302102]",85466.9,30.97,1.4,0.0,29.45,0.0,1.39,5.04,31.76
3097,1112,2018,"[181300, 186100, 186201, 186202, 186301, 302102]",92880.05,31.11,1.69,0.0,27.85,0.0,0.82,4.88,33.65
3098,1112,2019,"[181300, 186100, 186201, 186202, 186301, 302102]",92829.16,33.22,2.22,0.0,26.93,0.0,0.49,4.38,32.76
3099,1112,2020,"[181300, 186100, 186201, 186202, 186301, 302102]",100213.66,34.1,0.65,0.0,27.71,0.0,1.39,5.99,30.17
3100,1112,2021,"[181300, 186100, 186201, 186202, 186301, 302102]",105901.29,36.53,0.45,0.01,24.34,0.0,1.29,6.96,30.42
3101,1112,2022,"[181300, 186100, 186201, 186202, 186301, 302102]",113716.19,38.61,0.6,0.01,22.56,0.0,1.33,6.51,30.38
3102,1113,2017,"[181000, 181300, 181400, 181600, 183402, 186100, 302102, 302104]",89513.73,33.1,1.04,0.0,29.84,0.0,0.04,3.53,32.45
3103,1113,2018,"[181000, 181300, 181400, 181600, 183402, 186100, 302102, 302104]",106983.0,33.33,1.7,0.0,32.45,0.0,0.02,2.93,29.56
3104,1113,2019,"[181000, 181300, 181400, 181600, 183402, 186100, 302102, 302104]",110041.0,35.92,1.59,0.0,31.08,0.0,0.01,3.57,27.83
3105,1113,2020,"[181000, 181300, 181400, 181600, 183402, 186100, 302102, 302104]",114769.84,37.96,1.59,0.07,26.58,0.0,0.04,7.22,26.55
3106,1113,2021,"[181000, 181300, 181400, 181600, 183402, 186100, 302102, 302104]",129466.47,37.19,1.77,0.08,23.1,0.0,0.03,9.62,28.2
3107,1113,2022,"[181000, 181300, 181400, 181600, 183402, 186100, 302102, 302104]",141523.97,30.83,1.12,0.05,24.21,0.0,0.03,10.66,33.09
3108,1115,2017,"[181000, 181300, 181400, 181500, 181600]",55345.14,24.93,1.26,0.0,33.61,0.0,0.82,1.45,37.93
3109,1115,2018,"[181000, 181300, 181400, 181500, 181600]",57530.35,24.75,2.31,0.0,32.05,0.0,0.64,0.52,39.72
3110,1115,2019,"[181000, 181300, 181400, 181500, 181600]",85292.76,25.41,2.3,0.18,34.89,0.01,0.0,1.21,36.01
3111,1115,2020,"[181000, 181300, 181400, 181500, 181600]",85482.55,25.6,2.32,0.21,33.92,0.01,0.01,1.35,36.59
3112,1115,2021,"[181000, 181300, 181400, 181500, 181600]",91437.37,25.18,1.76,0.27,34.23,0.0,0.01,1.67,36.88
3113,1115,2022,"[181000, 181300, 181400, 181500, 181600]",102952.64,27.98,2.26,0.3,29.95,0.0,0.46,1.8,37.25
3114,1116,2017,"[183300, 183401, 183510, 183520, 183610, 186203]",66607.8,18.01,0.4,0.0,5.89,0.0,0.0,0.54,75.17
3115,1116,2018,"[183300, 183401, 183510, 183520, 183610, 186203]",70341.33,20.63,0.0,0.0,5.6,0.0,0.0,0.69,73.08
3116,1116,2019,"[183300, 183401, 183510, 183520, 183610, 186203]",75470.33,21.3,0.0,0.0,8.3,0.0,0.0,0.55,69.85
3117,1116,2020,"[183300, 183401, 183510, 183520, 183610, 185102, 186203]",77329.38,23.49,0.0,0.0,10.33,0.0,0.0,0.99,65.19
3118,1116,2021,"[183300, 183401, 183510, 183520, 183610, 185102, 186203]",82525.5,22.78,0.0,0.0,9.35,0.0,0.0,1.43,66.45
3119,1116,2022,"[183300, 183401, 183510, 183520, 183610, 185102, 186203]",102786.84,24.65,0.0,0.0,9.42,0.0,0.0,2.18,63.75
3120,1117,2017,"[181300, 181400, 181600, 183222, 183300, 183401, 183402, 186100, 186201]",71450.14,29.1,2.38,0.0,26.29,0.49,0.44,4.36,36.94
3121,1117,2018,"[181300, 181400, 181600, 183222, 183300, 183401, 183402, 186100, 186201]",71804.05,30.09,2.76,0.0,25.72,1.13,0.49,3.66,36.15
3122,1117,2019,"[181300, 181400, 181600, 183222, 183300, 183401, 183402, 186100, 186201]",79459.56,30.83,2.8,0.03,24.46,1.0,0.4,6.42,34.05
3123,1117,2020,"[181300, 181400, 181600, 183222, 183300, 183401, 183402, 186100, 186201]",86012.33,30.57,4.24,0.16,23.3,0.92,0.27,6.69,33.86
3124,1117,2021,"[181300, 181400, 181600, 183222, 183300, 183401, 183402, 186100, 186201]",97398.96,32.51,4.33,0.19,23.31,0.36,0.08,6.53,32.69
3125,1117,2022,"[181300, 181400, 181600, 183222, 183300, 183401, 183402, 186100, 186201]",106013.59,30.23,3.7,0.17,21.08,0.34,0.34,8.64,35.5
3126,1118,2017,"[183220, 183510, 183610, 183620, 183701, 183810]",53978.7,10.64,0.78,0.18,7.48,0.45,0.0,2.06,78.41
3127,1118,2018,"[183220, 183510, 183610, 183620, 183701, 183810]",56560.8,10.26,0.79,0.26,7.9,0.38,0.0,2.47,77.94
3128,1118,2019,"[183220, 183510, 183610, 183620, 183701, 183810]",57724.4,12.21,0.66,0.31,8.9,0.37,0.0,3.48,74.07
3129,1118,2020,"[183220, 183510, 183610, 183620, 183701, 183810]",65742.15,16.97,0.55,0.27,9.79,0.0,0.0,3.87,68.54
3130,1118,2021,"[183220, 183510, 183610, 183620, 183701, 183810]",64952.77,19.05,0.52,0.28,8.32,0.0,0.0,3.13,68.7
3131,1118,2022,"[183220, 183510, 183610, 183620, 183701, 183810]",75426.81,21.15,0.66,0.26,9.02,0.0,0.0,2.4,66.51
3132,1119,2017,"[181000, 181500, 183101, 183221, 183222, 463800]",100321.34,34.16,0.01,0.0,20.82,1.63,0.0,1.49,41.9
3133,1119,2018,"[181000, 181500, 183101, 183221, 183222, 463800]",108215.52,35.4,0.69,0.0,21.19,1.22,0.28,1.36,39.85
3134,1119,2019,"[181000, 181500, 183101, 183221, 183222, 463800]",98266.75,36.09,0.86,0.0,21.13,1.61,0.25,1.43,38.62
3135,1119,2020,"[181000, 181500, 183101, 183221, 183222, 463800]",113950.69,37.65,2.02,0.0,28.19,2.4,2.94,4.2,22.6
3136,1119,2021,"[181000, 181500, 183101, 183221, 183222, 463800]",110021.35,33.93,1.73,0.0,25.39,0.0,3.17,4.16,31.61
3137,1119,2022,"[181000, 181500, 183101, 183221, 183222, 463800]",122453.14,30.09,1.7,0.0,21.05,0.0,3.63,4.73,38.8
3138,1122,2017,"[188201, 188202, 188300]",80450.28,62.47,3.19,0.49,13.92,0.1,0.72,4.75,14.38
3139,1122,2018,"[188201, 188202, 188300]",88029.48,61.62,3.32,0.54,14.35,0.0,0.44,4.55,15.17
3140,1122,2019,"[188201, 188202, 188300]",91849.92,60.57,3.44,2.44,14.51,0.0,0.43,3.82,14.79
3141,1122,2020,"[188201, 188202, 188300]",97677.41,59.82,4.12,2.44,14.07,0.0,0.21,3.14,16.2
3142,1122,2021,"[188201, 188202, 188300]",109454.01,59.87,2.56,2.12,15.73,0.0,0.6,3.51,15.62
3143,1122,2022,"[188201, 188202, 188300]",122674.76,61.64,3.91,1.03,15.32,0.0,0.62,3.02,14.45
3144,1123,2017,"[187101, 188100, 188300, 302401]",93288.29,33.23,0.02,4.04,27.22,0.83,0.0,4.67,30.0
3145,1123,2018,"[187101, 188100, 188300, 302401]",98993.13,33.26,0.29,4.52,24.11,0.0,0.0,4.64,33.18
3146,1123,2019,"[187101, 188100, 188300, 302401]",113607.64,35.19,0.35,3.25,26.42,0.0,0.0,5.02,29.76
3147,1123,2020,"[187101, 188100, 188300, 302401]",110962.99,38.76,0.37,5.45,23.32,0.0,0.01,4.23,27.85
3148,1123,2021,"[187101, 188100, 188300, 302401]",115900.94,39.25,0.39,3.86,24.93,0.0,0.01,4.41,27.15
3149,1123,2022,"[187101, 188100, 188300, 302401]",124429.55,43.25,0.34,0.0,29.25,0.0,0.01,3.6,23.55
3150,1124,2017,"[186301, 186401, 187101, 187102, 302505, 302506]",38444.02,5.25,0.38,0.0,12.97,0.0,0.0,0.37,81.03
3151,1124,2018,"[186301, 186401, 187101, 187102, 302505, 302506]",40950.43,6.56,0.58,0.0,11.43,0.0,0.0,0.53,80.9
3152,1124,2019,"[186301, 186401, 187101, 187102, 302505, 302506]",42836.96,7.53,0.77,0.0,12.97,0.0,0.0,0.47,78.25
3153,1124,2020,"[186301, 186401, 187101, 187102, 302505, 302506]",47984.63,6.07,1.89,0.0,11.6,0.01,0.69,0.77,78.98
3154,1124,2021,"[186301, 186401, 187101, 187102, 302505, 302506]",56878.88,8.09,2.51,0.0,14.21,0.0,0.67,1.16,73.36
3155,1124,2022,"[186301, 186401, 187101, 187102, 302505, 302506]",59692.71,8.64,2.79,0.0,13.99,0.0,0.81,1.29,72.48
3156,1125,2017,"[181600, 183300, 183401, 183402, 183510, 186201, 186203]",60914.8,21.75,1.03,0.0,22.38,0.47,0.23,2.23,51.91
3157,1125,2018,"[181600, 183300, 183401, 183402, 183510, 186201, 186203]",59838.09,24.77,0.83,0.0,21.51,0.45,0.29,2.51,49.64
3158,1125,2019,"[181600, 183300, 183401, 183402, 183510, 186201, 186203]",63149.6,23.0,1.07,0.07,21.77,0.29,0.3,2.98,50.52
3159,1125,2020,"[181600, 183300, 183401, 183402, 183510, 186201, 186203]",66698.8,23.46,1.25,0.06,24.64,0.27,0.29,5.6,44.43
3160,1125,2021,"[181600, 183300, 183401, 183402, 183510, 186201, 186203]",69918.4,23.32,1.39,0.07,25.17,0.0,0.3,4.94,44.8
3161,1125,2022,"[181600, 183300, 183401, 183402, 183510, 186201, 186203]",81321.48,23.08,1.39,0.06,22.59,0.0,0.33,5.34,47.21
3162,1126,2017,"[183220, 183221, 183222, 183300, 183401, 183510, 183610]",68341.12,20.13,1.63,0.0,16.33,0.0,0.0,0.72,61.19
3163,1126,2018,"[183220, 183221, 183222, 183300, 183401, 183510, 183610]",72304.73,23.69,1.43,0.0,20.97,0.0,0.0,1.03,52.88
3164,1126,2019,"[183220, 183221, 183222, 183300, 183401, 183510, 183610]",77011.36,24.45,1.52,0.0,17.99,0.0,0.14,2.22,53.68
3165,1126,2020,"[183220, 183221, 183222, 183300, 183401, 183510, 183610]",82372.91,27.53,1.04,0.0,16.66,0.0,0.28,3.83,50.66
3166,1126,2021,"[183220, 183221, 183222, 183300, 183401, 183510, 183610]",86869.42,24.66,0.92,0.0,16.13,0.0,0.09,4.32,53.88
3167,1126,2022,"[183220, 183221, 183222, 183300, 183401, 183510, 183610]",92505.94,26.56,0.65,0.0,13.65,0.0,0.15,5.18,53.82
3168,1127,2017,"[183101, 183220, 183221, 183620]",52275.98,11.68,0.65,0.12,15.85,0.72,0.55,6.46,63.96
3169,1127,2018,"[183101, 183220, 183221, 183620]",56718.89,16.2,0.89,0.12,11.71,0.72,0.69,3.99,65.67
3170,1127,2019,"[183101, 183220, 183221, 183620]",63861.32,16.27,0.19,0.1,14.02,0.0,0.55,4.34,64.53
3171,1127,2020,"[183101, 183220, 183221, 183620]",80746.29,17.68,0.28,0.11,14.01,0.0,0.72,6.43,60.76
3172,1127,2021,"[183101, 183220, 183221, 183620]",98373.35,21.1,0.27,0.15,16.08,0.0,0.0,7.87,54.54
3173,1127,2022,"[183101, 183220, 183221, 183620]",107573.72,24.22,0.35,0.16,17.0,0.0,0.0,3.97,54.31
3174,1128,2017,"[181500, 183101, 183103, 183104, 183220, 183221, 183701, 463800]",69566.39,22.5,0.01,0.0,7.5,0.0,0.43,2.62,66.93
3175,1128,2018,"[181500, 183101, 183103, 183104, 183220, 183221, 183701, 463800]",57986.41,26.86,0.01,0.0,11.29,0.0,0.3,2.5,59.04
3176,1128,2019,"[181500, 183101, 183103, 183104, 183220, 183221, 183701, 463800]",54662.73,29.59,0.22,0.45,10.87,0.0,0.3,2.11,56.46
3177,1128,2020,"[181500, 183101, 183103, 183104, 183220, 183221, 183701, 463800]",59370.36,35.08,0.3,0.44,6.83,0.0,0.69,2.44,54.22
3178,1128,2021,"[181500, 183101, 183103, 183104, 183220, 183221, 183701, 463800]",92361.53,31.57,0.25,0.41,8.82,0.0,0.0,2.01,56.93
3179,1128,2022,"[181500, 183101, 183103, 183104, 183220, 183221, 183701, 463800]",87055.91,25.12,0.22,0.4,9.2,0.0,0.0,1.36,63.69
3180,1129,2017,"[183101, 183103, 183104, 183701, 463800]",62089.15,18.81,1.3,0.74,14.29,0.12,0.22,1.45,63.07
3181,1129,2018,"[183101, 183103, 183104, 183701, 463800]",67917.86,17.75,3.76,1.65,13.81,0.12,0.18,1.97,60.76
3182,1129,2019,"[183101, 183103, 183104, 183701, 463800]",77916.8,19.91,4.0,0.87,12.68,0.15,0.28,2.1,60.01
3183,1129,2020,"[183101, 183103, 183104, 183701, 463800, 480602]",82110.67,26.27,4.02,1.37,11.27,0.0,0.52,3.2,53.34
3184,1129,2021,"[183101, 183103, 183104, 183701, 463800, 480602]",90554.74,26.44,4.23,0.75,14.88,0.0,0.61,4.72,48.37
3185,1129,2022,"[183101, 183103, 183104, 183701, 463800, 480602]",97624.87,25.45,3.84,0.79,14.85,0.0,0.59,5.84,48.64
3186,1132,2017,"[187101, 187300, 188201, 188202, 188300, 189102, 195100, 195201]",88632.76,66.44,2.99,0.0,13.98,0.0,1.74,4.19,10.67
3187,1132,2018,"[187101, 187300, 188201, 188202, 188300, 189102, 195100, 195201]",94714.41,66.71,3.39,0.0,13.51,0.0,1.06,4.27,11.06
3188,1132,2019,"[187101, 187300, 188201, 188202, 188300, 189102, 195100, 195201]",97214.47,64.22,3.77,1.52,13.43,0.0,1.04,3.64,12.38
3189,1132,2020,"[187101, 187300, 188201, 188202, 188300, 189102, 195100, 195201]",103829.37,61.55,4.76,1.33,14.43,0.0,0.5,3.01,14.42
3190,1132,2021,"[187101, 187300, 188201, 188202, 188300, 189102, 195100, 195201]",122074.4,60.4,2.69,1.23,16.83,0.0,1.07,3.06,14.71
3191,1132,2022,"[187101, 187300, 188201, 188202, 188300, 189102, 195100, 195201]",138584.58,61.27,4.91,0.77,15.59,0.0,1.12,3.25,13.1
3192,1133,2017,"[186401, 187101, 187102, 187200, 302505]",63442.9,25.75,0.37,0.18,22.64,0.61,0.16,2.19,48.09
3193,1133,2018,"[186401, 187101, 187102, 187200, 302505]",63519.87,25.04,1.01,0.2,20.21,0.41,0.16,1.13,51.83
3194,1133,2019,"[186401, 187101, 187102, 187200, 302505]",64280.77,26.02,1.58,0.25,19.47,0.46,0.24,1.63,50.35
3195,1133,2020,"[186401, 187101, 187102, 187200, 302505]",74078.6,25.47,1.38,0.14,24.73,3.44,0.31,3.16,41.38
3196,1133,2021,"[186401, 187101, 187102, 187200, 302505]",73374.14,23.19,1.42,0.0,31.86,0.0,0.22,4.09,39.22
3197,1133,2022,"[186401, 187101, 187102, 187200, 302505]",79383.96,20.69,1.59,0.0,33.21,0.0,0.24,5.49,38.76
3198,1134,2017,"[185203, 186301, 186302, 186401, 186403, 186404, 187102]",54644.38,11.3,0.6,0.03,17.43,0.29,0.03,1.43,68.87
3199,1134,2018,"[185203, 186301, 186302, 186401, 186403, 186404, 187102]",56004.71,11.37,0.8,0.04,19.8,0.08,0.03,0.79,67.09
3200,1134,2019,"[185203, 186301, 186302, 186401, 186403, 186404, 187102]",60204.68,11.71,1.21,0.05,20.87,0.09,0.03,0.63,65.41
3201,1134,2020,"[185203, 186301, 186302, 186401, 186403, 186404, 187102]",63923.95,13.29,0.94,0.03,17.69,0.64,0.03,1.84,65.53
3202,1134,2021,"[185203, 186301, 186302, 186401, 186403, 186404, 187102]",69119.31,12.89,0.94,0.0,16.53,0.0,0.01,4.05,65.57
3203,1134,2022,"[185203, 186301, 186302, 186401, 186403, 186404, 187102]",79235.28,14.76,1.03,0.0,14.16,0.0,0.01,4.7,65.33
3204,1135,2017,"[185203, 185204, 186100, 186202, 186203, 186301, 186302, 186401, 186403, 186404, 302506]",53842.05,21.52,2.81,0.0,13.42,0.0,0.08,2.59,59.57
3205,1135,2018,"[185203, 185204, 186100, 186202, 186203, 186301, 186302, 186401, 186403, 186404, 302506]",63399.3,22.84,2.5,0.0,13.22,0.0,0.08,2.99,58.38
3206,1135,2019,"[185203, 185204, 186100, 186202, 186203, 186301, 186302, 186401, 186403, 186404, 302506]",68690.43,24.24,3.25,0.0,12.34,0.0,0.11,3.43,56.64
3207,1135,2020,"[185102, 185203, 185204, 186100, 186202, 186203, 186301, 186302, 186401, 186403, 186404, 302506]",80521.8,29.2,1.96,0.0,12.36,0.0,0.3,4.28,51.89
3208,1135,2021,"[185102, 185203, 185204, 186100, 186202, 186203, 186301, 186302, 186401, 186403, 186404, 302506]",82137.94,29.37,2.84,0.0,11.55,0.0,0.0,3.19,53.05
3209,1135,2022,"[185102, 185203, 185204, 186100, 186202, 186203, 186301, 186302, 186401, 186403, 186404, 302506]",85660.39,30.93,2.7,0.0,15.94,0.0,0.09,3.51,46.82
3210,1136,2017,"[183401, 183402, 183510, 186100, 186201, 186202, 186203, 186301, 186302]",84231.22,25.78,1.77,0.0,23.52,0.0,0.36,2.7,45.86
3211,1136,2018,"[183401, 183402, 183510, 186100, 186201, 186202, 186203, 186301, 186302]",89042.5,25.5,1.43,0.0,22.74,0.0,0.56,3.7,46.06
3212,1136,2019,"[183401, 183402, 183510, 186100, 186201, 186202, 186203, 186301, 186302]",94438.7,24.64,1.95,0.0,22.01,0.0,1.06,3.46,46.88
3213,1136,2020,"[183401, 183402, 183510, 185102, 186100, 186201, 186202, 186203, 186301, 186302]",95553.4,28.82,1.48,0.0,21.85,0.0,0.65,3.47,43.73
3214,1136,2021,"[183401, 183402, 183510, 185102, 186100, 186201, 186202, 186203, 186301, 186302]",100652.5,30.31,1.4,0.21,21.56,0.0,0.74,4.32,41.46
3215,1136,2022,"[183401, 183402, 183510, 185102, 186100, 186201, 186202, 186203, 186301, 186302]",106440.35,28.78,1.47,0.39,24.3,0.0,0.89,3.44,40.72
3216,1137,2017,"[183510, 183520, 183610, 183810]",39913.9,11.5,4.46,0.0,5.38,0.0,0.0,1.77,76.89
3217,1137,2018,"[183510, 183520, 183610, 183810]",44333.99,11.79,0.27,0.03,1.99,0.0,0.0,3.27,82.66
3218,1137,2019,"[183510, 183520, 183610, 183810]",52287.88,14.72,0.24,0.03,2.04,0.0,0.0,3.53,79.44
3219,1137,2020,"[183510, 183520, 183610, 183810, 185101, 185102]",56217.72,10.81,0.14,0.03,2.79,0.0,0.0,3.04,83.18
3220,1137,2021,"[183510, 183520, 183610, 183810, 185101, 185102]",60154.46,10.49,0.56,0.03,3.39,0.0,0.0,2.91,82.63
3221,1137,2022,"[183510, 183520, 183610, 183810, 185101, 185102]",66179.32,10.63,0.49,0.05,4.69,0.0,0.0,3.53,80.61
3222,1138,2017,"[183101, 183220, 183610, 183620, 183701]",50508.16,16.68,1.54,0.0,11.67,0.0,0.57,1.67,67.87
3223,1138,2018,"[183101, 183220, 183610, 183620, 183701]",56596.8,16.58,2.46,0.62,10.39,0.0,0.52,1.57,67.86
3224,1138,2019,"[183101, 183220, 183610, 183620, 183701]",55910.77,18.71,3.05,0.58,12.98,0.0,0.26,1.83,62.59
3225,1138,2020,"[183101, 183220, 183610, 183620, 183701]",75075.66,26.36,2.2,0.43,6.06,0.0,0.2,2.14,62.6
3226,1138,2021,"[183101, 183220, 183610, 183620, 183701]",84571.13,23.15,1.3,0.37,10.96,0.0,0.0,2.71,61.52
3227,1138,2022,"[183101, 183220, 183610, 183620, 183701]",89783.55,25.28,1.32,0.46,17.9,0.0,0.0,2.3,52.74
3228,1139,2017,"[183101, 183620, 183701, 183810, 183820]",47170.73,11.18,3.51,0.21,6.1,0.68,2.2,0.66,75.47
3229,1139,2018,"[183101, 183620, 183701, 183810, 183820]",49411.42,14.98,2.55,0.39,9.56,0.95,1.63,0.75,69.2
3230,1139,2019,"[183101, 183620, 183701, 183810, 183820]",48676.38,20.51,1.8,0.56,9.74,0.45,1.69,0.84,64.41
3231,1139,2020,"[183101, 183620, 183701, 183810, 183820]",65288.64,20.74,1.18,0.0,10.6,0.21,1.27,1.84,64.16
3232,1139,2021,"[183101, 183620, 183701, 183810, 183820]",70444.14,21.93,1.14,0.0,10.72,0.21,0.18,1.92,63.9
3233,1139,2022,"[183101, 183620, 183701, 183810, 183820]",73666.39,22.51,1.57,0.0,6.77,0.22,0.19,1.98,66.76
3234,1141,2017,"[189101, 189102, 189201, 189202, 189300, 190401, 191201]",90811.89,78.5,1.55,0.0,9.24,0.0,0.24,2.64,7.83
3235,1141,2018,"[189101, 189102, 189201, 189202, 189300, 190401, 191201]",97285.58,79.64,1.36,0.0,6.59,0.0,0.07,4.36,7.97
3236,1141,2019,"[189101, 189102, 189201, 189202, 189300, 190401, 191201]",99798.03,76.97,1.71,0.0,8.22,0.01,0.07,4.47,8.55
3237,1141,2020,"[189101, 189102, 189201, 189202, 189300, 190401, 191201]",104440.5,68.33,1.46,0.0,10.18,0.01,0.18,7.6,12.24
3238,1141,2021,"[189101, 189102, 189201, 189202, 189300, 190401, 191201]",121051.69,67.4,2.04,0.0,9.59,0.0,0.19,6.64,14.13
3239,1141,2022,"[189101, 189102, 189201, 189202, 189300, 190401, 191201]",126839.85,62.82,1.94,0.0,9.84,0.0,0.23,7.84,17.32
3240,1142,2017,"[188202, 189101, 189102, 189201, 189202, 195201, 195202]",73572.59,69.25,1.04,0.0,9.29,0.0,0.0,4.37,16.06
3241,1142,2018,"[188202, 189101, 189102, 189201, 189202, 195201, 195202]",77611.58,70.67,1.02,0.0,9.12,0.16,0.0,3.66,15.37
3242,1142,2019,"[188202, 189101, 189102, 189201, 189202, 195201, 195202]",84125.71,69.44,0.63,0.0,11.11,0.85,0.0,3.99,13.98
3243,1142,2020,"[188202, 189101, 189102, 189201, 189202, 195201, 195202]",94008.48,66.01,0.88,0.03,15.25,0.75,0.0,3.85,13.23
3244,1142,2021,"[188202, 189101, 189102, 189201, 189202, 195201, 195202]",95303.9,65.86,2.23,0.03,14.7,0.6,0.0,3.2,13.38
3245,1142,2022,"[188202, 189101, 189102, 189201, 189202, 195201, 195202]",107348.41,70.25,2.44,0.14,14.33,0.39,0.0,2.85,9.6
3246,1143,2017,"[188201, 189102, 195100, 195201, 195202, 195300]",91930.77,70.42,1.02,0.0,10.59,0.48,0.07,5.43,11.99
3247,1143,2018,"[188201, 189102, 195100, 195201, 195202, 195300]",95924.12,69.49,1.07,0.0,10.86,0.52,0.08,5.56,12.42
3248,1143,2019,"[188201, 189102, 195100, 195201, 195202, 195300]",104367.15,69.55,1.08,0.0,11.37,0.41,0.49,3.08,14.02
3249,1143,2020,"[188201, 189102, 195100, 195201, 195202, 195300]",114309.27,65.17,1.9,0.0,11.13,0.29,1.01,2.58,17.91
3250,1143,2021,"[188201, 189102, 195100, 195201, 195202, 195300]",128331.9,66.2,1.78,0.0,11.42,0.29,0.7,3.2,16.41
3251,1143,2022,"[188201, 189102, 195100, 195201, 195202, 195300]",135305.91,67.59,1.11,0.0,10.24,0.12,0.75,3.45,16.74
3252,1144,2017,"[187300, 188201, 195100, 195201, 195202, 195400, 195500]",126460.66,62.35,1.91,0.32,14.32,0.0,0.0,4.93,16.17
3253,1144,2018,"[187300, 188201, 195100, 195201, 195202, 195400, 195500]",124475.38,60.17,1.86,0.38,13.66,0.0,0.0,5.84,18.09
3254,1144,2019,"[187300, 188201, 195100, 195201, 195202, 195400, 195500]",127720.06,59.75,2.47,0.48,13.9,0.0,0.0,5.18,18.22
3255,1144,2020,"[187300, 188201, 195100, 195201, 195202, 195400, 195500]",131691.87,62.5,0.77,0.44,12.69,0.0,0.0,5.71,17.88
3256,1144,2021,"[187300, 188201, 195100, 195201, 195202, 195400, 195500]",143442.48,64.37,1.61,0.47,12.16,0.0,0.0,5.67,15.71
3257,1144,2022,"[187300, 188201, 195100, 195201, 195202, 195400, 195500]",160727.92,63.19,1.81,0.22,13.66,0.0,0.0,5.33,15.79
3258,1145,2017,"[187101, 187102, 187200, 187300, 188201, 195100, 195500, 197410, 980010]",92196.34,47.34,2.39,0.06,13.43,0.07,0.24,4.56,31.9
3259,1145,2018,"[187101, 187102, 187200, 187300, 188201, 195100, 195500, 197410]",91000.27,46.54,1.77,0.11,14.18,0.14,0.01,4.28,32.96
3260,1145,2019,"[187101, 187102, 187200, 187300, 188201, 195100, 195500, 197410, 980010]",101858.4,47.79,1.16,0.13,13.23,0.15,0.01,4.45,33.09
3261,1145,2020,"[187101, 187102, 187200, 187300, 188201, 195100, 195500, 197410, 980010]",91370.42,49.79,1.33,0.2,12.46,0.31,0.29,4.66,30.95
3262,1145,2021,"[187101, 187102, 187200, 187300, 188201, 195100, 195500, 197410, 980010]",98636.25,49.76,2.37,0.18,13.55,0.06,0.35,4.21,29.52
3263,1145,2022,"[187101, 187102, 187200, 187300, 188201, 195100, 195500, 197410]",102297.79,49.22,2.25,0.25,13.52,0.05,0.34,5.21,29.16
3264,1146,2017,"[187102, 187200, 187300, 197200, 197410, 980010]",58993.61,11.98,1.01,0.01,10.9,0.03,0.41,0.94,74.72
3265,1146,2018,"[187102, 187200, 187300, 197200, 197410]",67044.91,11.64,0.27,0.02,9.84,0.54,0.01,2.24,75.45
3266,1146,2019,"[187102, 187200, 187300, 197200, 197410, 980010]",75559.06,13.25,0.31,0.02,10.03,0.57,0.01,2.49,73.33
3267,1146,2020,"[187102, 187200, 187300, 197200, 197410, 980010]",78883.46,17.38,0.95,0.02,14.05,0.81,0.01,4.8,62.0
3268,1146,2021,"[187102, 187200, 187300, 197200, 197410, 980010]",79858.57,22.47,0.96,0.01,13.33,0.41,0.51,5.57,56.74
3269,1146,2022,"[187102, 187200, 187300, 197200, 197410]",82221.0,24.95,1.0,0.0,14.08,0.32,0.46,5.67,53.51
3270,1147,2017,"[185202, 185203, 185204, 186302, 186404, 187102]",63624.69,21.58,0.77,0.0,20.32,0.01,0.37,2.51,54.45
3271,1147,2018,"[185202, 185203, 185204, 186302, 186404, 187102]",72056.64,23.87,0.91,0.0,20.74,0.01,0.47,3.07,50.92
3272,1147,2019,"[185202, 185203, 185204, 186302, 186404, 187102]",73264.36,23.98,1.3,0.0,21.56,0.01,0.54,3.94,48.66
3273,1147,2020,"[185102, 185202, 185203, 185204, 186302, 186404, 187102]",82821.91,24.0,2.23,0.0,18.6,0.06,0.76,3.35,51.0
3274,1147,2021,"[185102, 185202, 185203, 185204, 186302, 186404, 187102]",88012.91,23.36,2.21,0.0,17.64,0.0,0.83,2.59,53.37
3275,1147,2022,"[185102, 185202, 185203, 185204, 186302, 186404, 187102]",98329.28,27.79,3.07,0.0,18.91,0.0,0.27,3.34,46.61
3276,1148,2017,"[183510, 183520, 183810, 183820, 185202, 185204, 186203, 186302, 199400]",57460.91,16.87,1.53,0.04,18.55,0.16,0.2,2.01,60.64
3277,1148,2018,"[183510, 183520, 183810, 183820, 185202, 185204, 186203, 186302, 199400]",64695.96,17.84,2.57,0.03,19.83,0.0,0.27,3.13,56.33
3278,1148,2019,"[183510, 183520, 183810, 183820, 185202, 185204, 186203, 186302, 199400]",65459.98,17.68,2.9,0.03,20.39,0.0,0.27,3.21,55.52
3279,1148,2020,"[183510, 183520, 183810, 183820, 185101, 185102, 185202, 185204, 186203, 186302, 199400]",126403.8,49.65,2.37,0.0,6.86,0.0,1.26,1.42,38.44
3280,1148,2021,"[183510, 183520, 183810, 183820, 185101, 185102, 185202, 185204, 186203, 186302, 199400]",122882.85,46.98,1.81,0.0,9.7,0.0,1.14,1.99,38.38
3281,1148,2022,"[183510, 183520, 183810, 183820, 185101, 185102, 185202, 185204, 186203, 186302, 199400]",136452.32,51.04,1.82,0.0,10.42,0.0,1.06,2.06,33.61
3282,1149,2017,"[183610, 183701, 183810, 183820]",37428.12,9.81,1.28,0.41,7.38,0.0,0.0,0.37,80.75
3283,1149,2018,"[183610, 183701, 183810, 183820]",47345.18,11.05,1.36,0.34,5.72,0.0,0.0,0.66,80.86
3284,1149,2019,"[183610, 183701, 183810, 183820]",59884.65,13.14,1.49,0.41,3.64,0.0,0.0,0.79,80.52
3285,1149,2020,"[183610, 183701, 183810, 183820]",61251.29,15.33,1.55,0.48,2.46,0.0,0.0,1.5,78.67
3286,1149,2021,"[183610, 183701, 183810, 183820]",72918.55,14.56,0.81,0.25,2.62,0.0,0.0,1.54,80.22
3287,1149,2022,"[183610, 183701, 183810, 183820]",83467.36,21.82,0.85,0.0,2.78,0.0,0.0,2.53,72.01
3288,1151,2017,"[189101, 189201, 191201, 191302, 195300]",42534.41,45.76,1.9,0.0,14.35,0.12,1.83,2.32,33.73
3289,1151,2018,"[189101, 189201, 191201, 191302, 195300]",45767.27,47.12,2.58,0.0,12.98,0.11,1.84,2.3,33.07
3290,1151,2019,"[189101, 189201, 191201, 191302, 195300]",45329.24,47.75,2.49,0.0,14.99,0.11,1.09,2.29,31.27
3291,1151,2020,"[189101, 189201, 191201, 191302, 195300]",41293.77,44.02,3.03,0.1,10.18,0.1,0.92,2.44,39.21
3292,1151,2021,"[189101, 189201, 191201, 191302, 195300]",41112.29,51.4,2.8,0.12,10.1,0.0,1.38,1.82,32.38
3293,1151,2022,"[189101, 189201, 191201, 191302, 195300]",41988.8,54.12,2.95,0.1,9.0,0.0,1.17,2.15,30.51
3294,1152,2017,"[189101, 191302, 195202, 195300]",69211.26,49.2,1.14,0.0,15.32,0.32,0.0,1.15,32.87
3295,1152,2018,"[189101, 191302, 195202, 195300]",68905.58,51.96,0.81,0.0,14.15,0.22,0.0,2.28,30.59
3296,1152,2019,"[189101, 191302, 195202, 195300]",75214.12,56.24,1.55,0.0,9.57,0.0,0.45,1.92,30.26
3297,1152,2020,"[189101, 191302, 195202, 195300]",77664.82,58.94,1.57,0.0,7.79,0.0,0.47,1.61,29.62
3298,1152,2021,"[189101, 191302, 195202, 195300]",81474.28,56.97,2.09,0.0,7.99,0.0,1.62,1.88,29.45
3299,1152,2022,"[189101, 191302, 195202, 195300]",96437.17,60.3,3.99,0.0,8.46,0.0,1.82,2.34,23.09
3300,1153,2017,"[189202, 189300, 190401]",185920.52,74.45,1.93,0.0,15.1,0.0,0.0,0.84,7.68
3301,1153,2018,"[189202, 189300, 190401]",174882.4,75.57,3.06,0.0,12.2,0.0,0.0,0.99,8.18
3302,1153,2019,"[189202, 189300, 190401]",174235.82,77.67,2.98,0.0,11.19,0.0,0.0,1.61,6.55
3303,1153,2020,"[189202, 189300, 190401]",156791.72,77.82,1.62,0.0,13.07,0.0,2.02,2.75,2.72
3304,1153,2021,"[189202, 189300, 190401]",163621.26,79.77,2.35,0.82,9.52,0.0,2.78,2.93,1.83
3305,1153,2022,"[189202, 189300, 190401]",175822.94,70.61,2.63,0.24,17.16,0.0,3.14,4.17,2.06
3306,1157,2017,"[187102, 197200]",54167.04,17.47,0.0,0.3,19.74,0.84,0.27,2.81,58.58
3307,1157,2018,"[187102, 197200]",53333.05,16.55,1.13,0.33,20.22,0.67,0.26,1.23,59.61
3308,1157,2019,"[187102, 197200]",56683.14,19.79,2.14,0.4,19.12,0.75,0.27,1.71,55.82
3309,1157,2020,"[187102, 197200]",67616.77,18.3,1.78,0.23,21.8,5.6,0.21,3.68,48.4
3310,1157,2021,"[187102, 197200]",65494.84,18.59,2.31,0.0,29.14,0.0,0.0,4.9,45.05
3311,1157,2022,"[187102, 197200]",70590.13,15.87,2.59,0.0,32.65,0.0,0.0,5.37,43.52
3312,1158,2017,"[185202, 185203, 185204, 185310, 199400]",62047.25,25.89,3.25,0.0,9.78,0.0,0.0,0.54,60.54
3313,1158,2018,"[185202, 185203, 185204, 185310, 199400]",63560.31,29.27,3.32,0.0,9.78,0.0,0.0,0.67,56.96
3314,1158,2019,"[185202, 185203, 185204, 185310, 199400]",64641.09,32.48,2.48,0.0,10.85,0.0,0.0,0.64,53.54
3315,1158,2020,"[185102, 185202, 185203, 185204, 185310, 199002, 199400]",90580.11,42.0,0.7,0.0,7.78,0.0,0.0,1.71,47.81
3316,1158,2021,"[185102, 185202, 185203, 185204, 185310, 199002, 199400]",87769.05,41.86,0.94,0.0,9.05,0.0,0.0,3.59,44.55
3317,1158,2022,"[185102, 185202, 185203, 185204, 185310, 199002, 199400]",118141.19,42.54,0.3,0.0,7.27,0.0,0.0,4.8,45.08
3318,1159,2017,[183820],32596.0,5.43,1.44,0.59,4.33,0.0,0.0,1.0,87.21
3319,1159,2018,[183820],37857.0,6.66,1.22,0.42,4.23,0.0,0.0,0.6,86.88
3320,1159,2019,[183820],46477.0,9.99,2.73,0.41,9.29,0.0,0.0,1.77,75.82
3321,1159,2020,"[183820, 185101]",88313.31,31.48,2.65,0.0,11.81,0.0,0.0,1.78,52.28
3322,1159,2021,"[183820, 185101]",89424.87,32.53,1.72,0.0,12.68,0.0,0.0,1.54,51.53
3323,1159,2022,"[183820, 185101]",81771.31,32.49,1.12,0.0,16.1,0.0,0.0,1.01,49.28
3324,1161,2017,"[191201, 191203, 191204]",36443.62,31.07,1.14,0.0,13.29,1.95,1.59,1.5,49.46
3325,1161,2018,"[191201, 191203, 191204]",39782.46,30.65,1.21,0.0,14.24,1.48,1.35,1.3,49.77
3326,1161,2019,"[191201, 191203, 191204]",41460.87,30.05,1.63,0.0,17.6,1.91,0.0,1.13,47.67
3327,1161,2020,"[191201, 191203, 191204]",40961.17,29.51,4.87,0.0,17.66,1.23,0.0,1.0,45.73
3328,1161,2021,"[191201, 191203, 191204]",50428.74,29.66,6.99,0.0,18.68,0.0,0.6,0.53,43.53
3329,1161,2022,"[191201, 191203, 191204]",59250.55,28.98,8.7,0.0,16.74,0.0,0.54,0.88,44.15
3330,1162,2017,"[191201, 191203, 191301, 191302, 191410, 195300, 195400, 195901]",42695.75,20.77,3.17,0.0,23.91,0.0,0.0,2.86,49.3
3331,1162,2018,"[191201, 191203, 191301, 191302, 191410, 195300, 195400, 195901]",44537.54,20.6,2.43,0.0,22.54,0.0,0.0,1.33,53.09
3332,1162,2019,"[191201, 191203, 191301, 191302, 191410, 195300, 195400, 195901]",42483.48,23.49,2.63,0.0,18.44,0.0,0.0,1.3,54.13
3333,1162,2020,"[191201, 191203, 191301, 191302, 191410, 195300, 195400, 195901]",50115.17,22.38,2.99,0.0,22.73,0.0,0.0,1.17,50.73
3334,1162,2021,"[191201, 191203, 191301, 191302, 191410, 195300, 195400, 195901]",60357.63,23.75,3.2,0.0,24.84,0.0,0.0,1.48,46.72
3335,1162,2022,"[191201, 191203, 191301, 191302, 191410, 195300, 195400, 195901]",63448.07,31.03,2.63,0.0,24.91,0.0,0.0,2.77,38.66
3336,1163,2017,"[191201, 191203, 191204, 191301, 191410, 191500]",28963.56,26.32,4.47,0.0,28.31,0.0,0.01,1.39,39.49
3337,1163,2018,"[191201, 191203, 191204, 191301, 191410, 191500]",26254.25,20.46,5.26,0.0,28.97,0.0,0.01,4.01,41.3
3338,1163,2019,"[191201, 191203, 191204, 191301, 191410, 191500]",26997.16,21.79,4.23,0.0,28.69,0.0,0.0,2.14,43.14
3339,1163,2020,"[191201, 191203, 191204, 191301, 191410, 191500]",29502.27,17.77,2.93,0.0,24.47,0.0,0.0,1.97,52.85
3340,1163,2021,"[191201, 191203, 191204, 191301, 191410, 191500]",35303.18,19.99,4.3,0.0,22.04,0.0,0.01,1.54,52.12
3341,1163,2022,"[191201, 191203, 191204, 191301, 191410, 191500]",46203.03,27.59,4.97,0.0,26.22,0.0,0.0,2.44,38.76
3342,1169,2017,"[183701, 183810, 183820]",32637.06,5.46,1.44,0.59,4.34,0.0,0.0,1.0,87.17
3343,1169,2018,"[183701, 183810, 183820]",37903.08,6.69,1.22,0.42,4.24,0.0,0.0,0.6,86.83
3344,1169,2019,"[183701, 183810, 183820]",46513.36,10.01,2.72,0.41,9.28,0.0,0.0,1.77,75.81
3345,1169,2020,"[183701, 183810, 183820, 185101]",58136.67,10.36,4.68,0.38,8.85,0.0,0.0,1.82,73.91
3346,1169,2021,"[183701, 183810, 183820, 185101]",67106.32,10.79,5.02,0.0,9.0,0.0,0.0,3.06,72.13
3347,1169,2022,"[183701, 183810, 183820, 185101]",71462.09,8.75,4.34,0.0,11.22,0.0,0.0,1.88,73.81
3348,1171,2017,"[191301, 195100, 195202, 195300, 195400, 195500, 195901, 195902]",93282.99,67.54,2.47,0.0,14.39,0.0,0.0,1.87,13.73
3349,1171,2018,"[191301, 195100, 195202, 195300, 195400, 195500, 195901, 195902]",89740.68,63.13,1.39,0.0,10.28,0.0,0.0,2.6,22.6
3350,1171,2019,"[191301, 195100, 195202, 195300, 195400, 195500, 195901, 195902]",98508.66,60.71,1.42,0.0,10.73,0.0,0.0,2.99,24.15
3351,1171,2020,"[191301, 195100, 195202, 195300, 195400, 195500, 195901, 195902]",101208.57,55.1,1.31,0.0,15.29,0.0,0.0,4.31,23.99
3352,1171,2021,"[191301, 195100, 195202, 195300, 195400, 195500, 195901, 195902]",104938.48,59.33,2.63,0.0,15.1,0.0,0.0,2.53,20.41
3353,1171,2022,"[191301, 195100, 195202, 195300, 195400, 195500, 195901, 195902]",110198.21,64.84,3.88,0.0,8.36,1.98,0.0,3.09,17.85
3354,1172,2017,"[187300, 195100, 195400, 195500, 195600, 195803, 197410, 197420]",79619.41,44.91,1.11,0.0,19.82,0.49,0.0,2.78,30.89
3355,1172,2018,"[187300, 195100, 195400, 195500, 195600, 195803, 197410, 197420]",89832.3,42.78,1.65,0.0,18.34,0.44,0.0,3.22,33.56
3356,1172,2019,"[187300, 195100, 195400, 195500, 195600, 195803, 197410, 197420]",99628.52,44.1,1.55,0.0,19.01,0.43,0.0,3.23,31.68
3357,1172,2020,"[187300, 195100, 195400, 195500, 195600, 195803, 197410, 197420]",97645.56,50.42,0.93,0.0,18.06,0.0,0.0,3.46,27.13
3358,1172,2021,"[187300, 195100, 195400, 195500, 195600, 195803, 197410, 197420]",97194.96,48.56,0.56,0.0,19.93,0.0,0.0,3.55,27.39
3359,1172,2022,"[187300, 195100, 195400, 195500, 195600, 195803, 197410, 197420]",116810.15,47.83,1.1,0.0,15.96,0.0,0.0,6.35,28.75
3360,1173,2017,"[187300, 195500, 197300, 197410, 197420]",100908.81,47.66,2.76,0.21,11.51,0.17,0.04,4.79,32.85
3361,1173,2018,"[187300, 195500, 197300, 197410, 197420]",101336.21,45.96,2.0,0.43,12.37,0.21,0.0,4.49,34.54
3362,1173,2019,"[187300, 195500, 197300, 197410, 197420]",102163.78,48.99,2.0,0.47,11.23,0.2,0.0,4.59,32.51
3363,1173,2020,"[187300, 195500, 197300, 197410, 197420]",88083.59,49.22,2.59,0.79,8.86,0.22,0.07,7.8,30.45
3364,1173,2021,"[187300, 195500, 197300, 197410, 197420]",91430.37,51.5,2.58,0.73,9.35,0.0,0.07,6.96,28.81
3365,1173,2022,"[187300, 195500, 197300, 197410, 197420]",97033.79,52.05,1.76,0.25,9.32,0.0,0.07,8.23,28.32
3366,1174,2017,"[197300, 197410, 980010]",101152.29,45.95,2.75,0.24,11.1,0.2,0.0,4.66,35.09
3367,1174,2018,"[197300, 197410]",102613.26,44.09,1.98,0.5,11.82,0.24,0.0,4.41,36.95
3368,1174,2019,"[197300, 197410, 980010]",100453.64,47.49,2.17,0.55,10.77,0.23,0.0,4.5,34.29
3369,1174,2020,"[197300, 197410, 980010]",86354.85,47.27,2.88,0.92,8.28,0.26,0.0,8.55,31.83
3370,1174,2021,"[197300, 197410, 980010]",88346.16,50.31,2.55,0.86,8.63,0.0,0.0,7.7,29.95
3371,1174,2022,"[197300, 197410]",94601.19,51.35,1.56,0.24,8.62,0.0,0.0,9.02,29.21
3372,1175,2017,"[197300, 197410, 980010]",15883.86,31.5,2.28,0.01,20.61,0.01,0.0,0.21,45.39
3373,1175,2018,"[197300, 197410]",102232.91,44.08,1.99,0.5,11.94,0.24,0.0,4.39,36.87
3374,1175,2019,"[197300, 197410, 980010]",22769.49,26.25,1.1,0.02,37.7,0.01,0.0,0.2,34.72
3375,1175,2020,"[197300, 197410, 980010]",34298.46,13.34,0.93,0.04,23.66,0.81,0.0,0.38,60.84
3376,1175,2021,"[197300, 197410, 980010]",42365.05,12.75,0.11,0.04,22.3,0.88,0.0,4.72,59.19
3377,1175,2022,"[197300, 197410]",94755.27,51.22,1.58,0.24,8.69,0.02,0.0,8.99,29.26
3378,1176,2017,"[187102, 187200, 197200, 980010]",53806.76,11.67,1.6,0.27,30.95,0.03,0.02,0.36,55.09
3379,1176,2018,"[187102, 187200, 197200]",54507.11,12.85,2.7,0.34,25.56,0.03,0.01,0.72,57.79
3380,1176,2019,"[187102, 187200, 197200, 980010]",58619.26,11.63,3.13,0.37,30.18,0.04,0.01,1.13,53.51
3381,1176,2020,"[187102, 187200, 197200, 199002, 980010]",62115.35,12.99,4.38,0.01,33.63,0.25,0.01,1.84,46.89
3382,1176,2021,"[187102, 187200, 197200, 199002, 980010]",61753.3,13.1,1.27,0.0,40.52,0.42,0.01,2.79,41.91
3383,1176,2022,"[187102, 187200, 197200, 199002]",73366.49,11.32,1.46,0.18,48.84,0.35,0.01,2.76,35.09
3384,1177,2017,"[185203, 185310, 185320, 187102, 980010]",44280.06,8.26,0.2,0.09,10.82,0.26,0.08,0.87,79.41
3385,1177,2018,"[185203, 185310, 185320, 187102]",48007.51,10.97,0.79,0.1,10.33,0.21,0.08,0.38,77.14
3386,1177,2019,"[185203, 185310, 185320, 187102, 980010]",46690.62,12.98,1.08,0.12,9.49,0.23,0.08,0.53,75.48
3387,1177,2020,"[185203, 185310, 185320, 187102, 199002, 980010]",56433.68,13.83,1.04,0.07,9.27,1.66,0.06,1.57,72.5
3388,1177,2021,"[185203, 185310, 185320, 187102, 199002, 980010]",56966.45,13.31,1.19,0.0,12.33,0.0,0.0,1.98,71.19
3389,1177,2022,"[185203, 185310, 185320, 187102, 199002]",60789.35,14.6,1.2,0.0,14.61,0.0,0.0,2.16,67.43
3390,1178,2017,"[185202, 185203, 185310, 185320]",50700.86,9.13,0.7,0.0,7.79,0.12,0.0,0.0,82.26
3391,1178,2018,"[185202, 185203, 185310, 185320]",58159.1,3.64,0.39,0.0,10.39,0.1,0.0,0.0,85.48
3392,1178,2019,"[185202, 185203, 185310, 185320]",64594.65,6.04,1.31,0.0,8.68,0.13,0.0,0.01,83.83
3393,1178,2020,"[185202, 185203, 185310, 185320, 199002]",67098.95,6.23,1.19,0.0,6.61,0.0,0.0,0.01,85.95
3394,1178,2021,"[185202, 185203, 185310, 185320, 199002]",69127.75,6.42,1.76,0.0,5.88,0.0,0.0,0.01,85.92
3395,1178,2022,"[185202, 185203, 185310, 185320, 199002]",78548.99,8.17,1.92,0.0,5.17,0.0,0.0,0.03,84.71
3396,1179,2017,"[185202, 199400]",40392.14,4.58,1.62,0.0,17.15,0.36,0.0,1.17,75.13
3397,1179,2018,"[185202, 199400]",47047.87,4.12,4.23,0.0,19.69,0.0,0.0,2.91,69.05
3398,1179,2019,"[185202, 199400]",44657.42,3.9,4.41,0.0,19.05,0.0,0.0,2.23,70.42
3399,1179,2020,"[185101, 185102, 185202, 199002, 199400]",49501.23,4.04,4.03,0.0,24.61,0.0,0.0,1.58,65.74
3400,1179,2021,"[185101, 185102, 185202, 199002, 199400]",52256.75,5.04,4.21,0.0,24.09,0.0,0.0,1.19,65.47
3401,1179,2022,"[185101, 185102, 185202, 199002, 199400]",56069.06,6.01,5.37,0.0,28.77,0.0,0.0,1.12,58.73
3402,1181,2017,"[195500, 195600, 195710, 195720, 195804, 197420, 197500]",67691.58,27.75,1.66,0.01,11.88,0.0,0.0,4.06,54.64
3403,1181,2018,"[195500, 195600, 195710, 195720, 195804, 197420, 197500]",70837.8,33.23,0.69,0.01,10.13,0.0,0.01,4.04,51.9
3404,1181,2019,"[195500, 195600, 195710, 195720, 195804, 197420, 197500]",72049.19,32.91,0.86,0.01,14.02,0.0,0.01,4.22,47.98
3405,1181,2020,"[195500, 195600, 195710, 195720, 195804, 197420, 197500]",53470.13,32.49,2.31,0.0,12.46,0.0,0.01,2.26,50.46
3406,1181,2021,"[195500, 195600, 195710, 195720, 195804, 197420, 197500]",54326.07,32.63,2.44,0.0,11.95,0.0,0.01,4.06,48.93
3407,1181,2022,"[195500, 195600, 195710, 195720, 195804, 197420, 197500]",62162.21,33.25,1.83,0.0,10.15,0.0,0.01,5.09,49.67
3408,1183,2017,"[195500, 195600, 195720, 197300, 197410, 197420, 197500]",52132.56,30.16,4.46,0.93,11.04,0.0,0.44,1.06,51.91
3409,1183,2018,"[195500, 195600, 195720, 197300, 197410, 197420, 197500]",60722.75,31.34,4.05,0.86,10.71,0.0,1.23,1.65,50.16
3410,1183,2019,"[195500, 195600, 195720, 197300, 197410, 197420, 197500]",65505.08,35.43,2.55,0.84,8.97,0.0,1.18,1.07,49.96
3411,1183,2020,"[195500, 195600, 195720, 197300, 197410, 197420, 197500]",83409.63,39.88,3.48,0.0,9.46,0.0,1.36,0.9,44.91
3412,1183,2021,"[195500, 195600, 195720, 197300, 197410, 197420, 197500]",93354.38,34.97,4.32,0.0,7.26,0.0,1.2,3.9,48.35
3413,1183,2022,"[195500, 195600, 195720, 197300, 197410, 197420, 197500]",87160.21,34.61,4.89,0.0,5.92,0.0,1.59,3.02,49.98
3414,1184,2017,"[197300, 197410, 197420, 197500, 197700, 980010]",72592.76,42.15,1.87,0.0,16.88,0.0,0.0,2.82,36.29
3415,1184,2018,"[197300, 197410, 197420, 197500, 197700]",81794.58,43.47,2.6,0.0,18.1,0.0,0.0,3.11,32.72
3416,1184,2019,"[197300, 197410, 197420, 197500, 197700, 980010]",83289.05,44.2,3.36,0.0,16.11,0.68,0.0,2.77,32.88
3417,1184,2020,"[197300, 197410, 197420, 197500, 197700, 980010]",85840.35,43.17,1.86,0.0,16.22,0.75,0.0,4.27,33.73
3418,1184,2021,"[197300, 197410, 197420, 197500, 197700, 980010]",84890.83,43.05,1.89,0.0,13.49,0.96,0.0,5.17,35.44
3419,1184,2022,"[197300, 197410, 197420, 197500, 197700]",103004.0,44.5,2.78,0.0,12.26,0.98,0.0,7.3,32.17
3420,1185,2017,"[197300, 197700, 980010]",12904.67,30.72,2.29,0.02,21.32,0.0,0.0,0.07,45.58
3421,1185,2018,"[197300, 197700]",59809.07,27.91,2.8,1.04,33.29,0.0,0.0,3.34,31.62
3422,1185,2019,"[197300, 197700, 980010]",20324.41,25.42,1.1,0.03,38.77,0.01,0.0,0.09,34.58
3423,1185,2020,"[197300, 197700, 980010]",32710.71,12.23,0.87,0.03,24.57,0.83,0.0,0.11,61.36
3424,1185,2021,"[197300, 197700, 980010]",40896.22,11.47,0.05,0.03,23.11,0.9,0.01,4.58,59.85
3425,1185,2022,"[197300, 197700]",79347.99,30.89,2.3,0.0,31.02,0.4,0.35,4.85,30.19
3426,1186,2017,"[206010, 980010]",12199.46,30.44,2.26,0.0,21.23,0.0,0.0,0.02,46.04
3427,1186,2018,[206010],38734.0,8.83,0.2,0.0,38.17,0.0,0.0,1.01,51.79
3428,1186,2019,"[206010, 980010]",19547.55,24.97,1.05,0.0,38.91,0.0,0.0,0.01,35.06
3429,1186,2020,"[199002, 206010, 980010]",32053.98,11.75,0.86,0.0,24.5,0.83,0.0,0.01,62.06
3430,1186,2021,"[199002, 206010, 980010]",40343.35,11.02,0.04,0.0,23.07,0.9,0.0,4.52,60.45
3431,1186,2022,"[199002, 206010]",58033.47,11.61,1.12,0.0,38.27,0.0,0.1,0.42,48.47
3432,1189,2017,"[185202, 185310, 185320, 199400, 980010]",36833.0,10.19,1.8,0.0,17.32,0.28,0.0,0.92,69.49
3433,1189,2018,"[185202, 185310, 185320, 199400]",48209.13,5.77,4.13,0.0,18.92,0.0,0.0,2.73,68.45
3434,1189,2019,"[185202, 185310, 185320, 199400, 980010]",41565.98,9.08,3.71,0.0,21.85,0.0,0.0,1.74,63.61
3435,1189,2020,"[185202, 185310, 185320, 199002, 199400, 980010]",62348.81,15.53,2.11,0.0,23.51,0.0,0.0,0.76,58.09
3436,1189,2021,"[185202, 185310, 185320, 199002, 199400, 980010]",64057.94,16.85,1.99,0.0,22.84,0.0,0.0,0.85,57.46
3437,1189,2022,"[185202, 185310, 185320, 199002, 199400]",67261.3,18.06,1.69,0.0,26.71,0.0,0.0,0.84,52.7
3438,1195,2017,"[197700, 206010, 980010]",12584.75,30.19,2.3,0.02,21.56,0.0,0.0,0.06,45.86
3439,1195,2018,"[197700, 206010]",41478.83,12.67,1.46,0.8,40.72,0.0,0.0,2.15,42.2
3440,1195,2019,"[197700, 206010, 980010]",20100.36,24.92,1.08,0.03,38.97,0.0,0.0,0.07,34.93
3441,1195,2020,"[197700, 206010, 980010]",32346.2,11.91,0.88,0.03,24.8,0.81,0.0,0.08,61.5
3442,1195,2021,"[197700, 206010, 980010]",40561.34,11.15,0.06,0.03,23.36,0.89,0.02,4.5,59.99
3443,1195,2022,"[197700, 206010]",60138.71,16.02,1.5,0.0,41.11,0.0,0.33,1.67,39.37
3444,1199,2017,"[206010, 980010]",27495.26,8.06,2.67,0.0,31.59,0.0,0.0,1.13,56.55
3445,1199,2018,[206010],38734.0,8.83,0.2,0.0,38.17,0.0,0.0,1.01,51.79
3446,1199,2019,"[206010, 980010]",41810.12,7.89,1.09,0.0,36.88,0.0,0.0,0.43,53.71
3447,1199,2020,"[206010, 980010]",41289.85,10.98,1.88,0.0,31.89,0.01,0.0,0.35,54.9
3448,1199,2021,"[206010, 980010]",46183.48,11.2,2.1,0.0,31.15,0.01,0.2,0.49,54.85
3449,1199,2022,[206010],57653.0,11.34,1.1,0.0,38.75,0.0,0.11,0.4,48.3
3450,1203,2017,"[231500, 232200, 232300, 234501, 234502]",44382.11,0.8,36.89,0.0,1.83,0.03,0.37,1.69,58.39
3451,1203,2018,"[231500, 232200, 232300, 234501, 234502]",44204.65,0.76,35.47,0.0,2.41,0.02,0.54,1.46,59.35
3452,1203,2019,"[231500, 232200, 232300, 234501, 234502]",49064.0,1.01,32.98,0.0,3.24,0.0,0.19,1.16,61.41
3453,1203,2020,"[231500, 231601, 232200, 232300, 232401, 232402, 234002, 234501, 234502]",49999.38,4.47,30.73,0.0,1.71,0.0,2.0,0.61,60.48
3454,1203,2021,"[231500, 231601, 232200, 232300, 232401, 232402, 234002, 234501, 234502]",51444.72,4.24,32.47,0.0,0.65,0.28,3.88,1.03,57.45
3455,1203,2022,"[231500, 231601, 232200, 232300, 232401, 232402, 234002, 234501, 234502]",55560.85,5.64,30.99,0.0,0.39,0.36,2.67,1.19,58.77
3456,1204,2017,"[232110, 232200]",34206.57,1.66,38.47,0.0,1.69,0.0,0.2,0.0,57.98
3457,1204,2018,"[232110, 232200]",34272.81,2.03,33.88,0.0,0.52,0.0,0.15,0.4,63.01
3458,1204,2019,"[232110, 232200]",43910.01,1.15,34.76,0.0,0.49,0.0,0.11,0.34,63.15
3459,1204,2020,"[231601, 231602, 231603, 232110, 232200]",60025.39,1.97,28.91,0.19,0.77,0.0,0.01,0.2,67.95
3460,1204,2021,"[231601, 231602, 231603, 232110, 232200]",66789.27,1.86,28.11,0.0,0.78,0.0,0.0,1.69,67.56
3461,1204,2022,"[231601, 231602, 231603, 232110, 232200]",62307.69,2.15,21.9,0.0,2.17,0.0,0.0,3.79,70.0
3462,1205,2017,"[232110, 232200, 232300]",42813.26,0.15,20.7,0.0,0.36,0.34,0.0,2.56,75.89
3463,1205,2018,"[232110, 232200, 232300]",46620.11,0.31,15.68,0.0,0.27,0.21,0.0,2.49,81.05
3464,1205,2019,"[232110, 232200, 232300]",58533.0,1.05,23.47,0.0,0.02,0.0,0.0,1.16,74.3
3465,1205,2020,"[232110, 232200, 232300, 232701]",63662.98,2.04,26.95,0.0,0.02,0.0,0.0,0.73,70.27
3466,1205,2021,"[232110, 232200, 232300, 232701]",66911.5,2.11,27.83,0.0,0.02,0.0,0.0,3.49,66.55
3467,1205,2022,"[232110, 232200, 232300, 232701]",73987.02,2.14,23.25,0.0,0.03,0.2,0.22,3.98,70.18
3468,1207,2017,"[231710, 232110, 232120, 232200]",29558.32,1.13,20.92,0.3,0.1,0.0,0.01,0.0,77.54
3469,1207,2018,"[231710, 232110, 232120, 232200]",32264.4,1.21,14.94,0.35,0.1,0.0,0.0,0.24,83.15
3470,1207,2019,"[231710, 232110, 232120, 232200]",33186.92,0.23,15.24,0.39,0.66,0.0,0.0,0.3,83.17
3471,1207,2020,"[231603, 231710, 232110, 232120, 232200, 232702]",36415.97,0.28,9.66,0.38,0.62,0.0,0.0,0.27,88.79
3472,1207,2021,"[231603, 231710, 232110, 232120, 232200, 232702]",39944.03,0.35,12.24,0.0,0.6,0.0,0.0,0.25,86.56
3473,1207,2022,"[231603, 231710, 232110, 232120, 232200, 232702]",51856.12,0.5,14.47,0.0,0.62,0.0,0.0,1.27,83.13
3474,1208,2017,"[231710, 231720, 232110, 232120]",33197.92,0.96,15.44,0.27,1.91,0.0,0.0,0.0,81.43
3475,1208,2018,"[231710, 231720, 232110, 232120]",36851.47,1.25,16.8,0.22,2.55,0.0,0.0,0.02,79.16
3476,1208,2019,"[231710, 231720, 232110, 232120]",37550.55,0.65,18.82,0.41,1.74,0.0,0.0,0.02,78.36
3477,1208,2020,"[231710, 231720, 232110, 232120, 232702]",44102.24,0.5,21.81,0.37,1.69,0.0,0.0,0.53,75.11
3478,1208,2021,"[231710, 231720, 232110, 232120, 232702]",47491.24,0.59,23.56,0.0,1.96,0.0,0.0,0.92,72.97
3479,1208,2022,"[231710, 231720, 232110, 232120, 232702]",52156.86,0.59,21.72,0.0,2.37,0.0,0.0,0.91,74.41
3480,1209,2017,"[231720, 232120]",33201.56,0.96,15.43,0.27,1.91,0.0,0.0,0.0,81.44
3481,1209,2018,"[231720, 232120]",36855.46,1.25,16.8,0.22,2.55,0.0,0.0,0.02,79.15
3482,1209,2019,"[231720, 232120]",37553.92,0.65,18.82,0.41,1.74,0.0,0.0,0.02,78.35
3483,1209,2020,"[231720, 232120, 232702]",44106.07,0.5,21.82,0.37,1.69,0.0,0.0,0.53,75.1
3484,1209,2021,"[231720, 232120, 232702]",47495.91,0.59,23.58,0.0,1.96,0.0,0.0,0.92,72.96
3485,1209,2022,"[231720, 232120, 232702]",52160.35,0.59,21.73,0.0,2.37,0.0,0.0,0.9,74.4
3486,1211,2017,"[232500, 234501, 234600, 234700, 703200]",41753.99,2.62,48.5,0.0,1.16,0.0,3.37,1.35,43.0
3487,1211,2018,"[232500, 234501, 234600, 234700, 703200]",53532.76,5.56,47.29,0.0,1.58,0.0,3.35,1.95,40.28
3488,1211,2019,"[232500, 234501, 234600, 234700, 703200]",55889.11,5.46,50.62,0.0,1.79,0.0,4.66,2.26,35.21
3489,1211,2020,"[232500, 234501, 234600, 234700, 703200]",59575.87,5.35,48.72,0.0,1.32,0.0,4.78,3.81,36.02
3490,1211,2021,"[232500, 234501, 234600, 234700, 703200]",71640.03,4.37,51.61,0.0,0.8,0.0,3.61,3.94,35.67
3491,1211,2022,"[232500, 234501, 234600, 234700, 703200]",71438.44,3.91,56.85,0.0,0.74,0.0,2.72,4.42,31.36
3492,1213,2017,"[232300, 232500, 234501, 234600]",34662.32,0.15,36.04,0.0,0.0,0.0,0.11,1.11,62.6
3493,1213,2018,"[232300, 232500, 234501, 234600]",41996.4,0.15,34.43,0.0,0.87,0.0,0.11,1.11,63.33
3494,1213,2019,"[232300, 232500, 234501, 234600]",55841.02,0.12,31.65,0.0,1.01,0.0,0.08,0.91,66.22
3495,1213,2020,"[232300, 232401, 232402, 232500, 232601, 234501, 234600]",49296.75,0.51,33.32,0.0,0.8,0.0,0.34,1.11,63.93
3496,1213,2021,"[232300, 232401, 232402, 232500, 232601, 234501, 234600]",58982.31,0.23,31.12,0.0,0.94,0.0,0.17,3.53,64.01
3497,1213,2022,"[232300, 232401, 232402, 232500, 232601, 234501, 234600]",63726.54,2.12,34.92,0.0,1.48,0.0,0.01,3.88,57.6
3498,1215,2017,"[232300, 232500]",42795.22,0.15,20.74,0.0,0.36,0.33,0.0,2.56,75.86
3499,1215,2018,"[232300, 232500]",46629.61,0.3,15.73,0.0,0.27,0.21,0.0,2.49,81.0
3500,1215,2019,"[232300, 232500]",58561.7,1.04,23.49,0.0,0.02,0.0,0.0,1.16,74.28
3501,1215,2020,"[232300, 232500, 232601, 232602, 232701]",38097.98,0.61,24.39,0.62,1.39,0.0,0.0,0.01,72.98
3502,1215,2021,"[232300, 232500, 232601, 232602, 232701]",57943.72,0.42,21.15,0.7,0.6,0.0,0.0,0.01,77.12
3503,1215,2022,"[232300, 232500, 232601, 232602, 232701]",68420.18,0.33,22.63,0.56,1.01,0.0,0.0,0.01,75.45
3504,1218,2017,"[232110, 232120]",29622.05,1.13,20.86,0.3,0.13,0.0,0.0,0.0,77.58
3505,1218,2018,"[232110, 232120]",32336.73,1.21,14.98,0.34,0.14,0.0,0.0,0.24,83.09
3506,1218,2019,"[232110, 232120]",33270.04,0.24,15.3,0.4,0.68,0.0,0.0,0.29,83.11
3507,1218,2020,"[232110, 232120, 232701, 232702]",43698.8,2.0,14.49,0.0,0.89,0.0,0.45,1.98,80.19
3508,1218,2021,"[232110, 232120, 232701, 232702]",53231.18,1.58,17.07,0.0,0.19,0.0,0.0,1.34,79.82
3509,1218,2022,"[232110, 232120, 232701, 232702]",71669.6,2.07,10.35,0.0,0.23,0.0,0.0,2.08,85.27
3510,1219,2017,[232120],33205.0,0.95,15.43,0.27,1.91,0.0,0.0,0.0,81.44
3511,1219,2018,[232120],36858.0,1.25,16.8,0.22,2.56,0.0,0.0,0.02,79.15
3512,1219,2019,[232120],37555.0,0.65,18.83,0.41,1.74,0.0,0.0,0.02,78.35
3513,1219,2020,"[232120, 232702]",35114.61,1.07,8.11,0.0,1.7,0.0,0.3,0.0,88.81
3514,1219,2021,"[232120, 232702]",41379.41,0.9,10.76,0.0,0.05,0.0,0.0,0.0,88.3
3515,1219,2022,"[232120, 232702]",67436.97,2.8,7.25,0.0,0.06,0.0,0.0,1.75,88.13
3516,1231,2017,"[234700, 234902, 235100, 600911, 600912, 703100, 703200]",70880.06,5.33,72.91,0.0,3.2,0.0,0.2,1.8,16.54
3517,1231,2018,"[234700, 234902, 235100, 600911, 600912, 703100, 703200]",80382.24,9.8,67.95,0.0,4.34,0.0,0.0,2.7,15.21
3518,1231,2019,"[234700, 234902, 235100, 600911, 600912, 703100, 703200]",87227.75,11.61,65.48,0.0,4.0,0.0,0.0,2.59,16.32
3519,1231,2020,"[234700, 234902, 235100, 276102, 600911, 600912, 703100, 703200]",86681.32,10.28,66.56,0.0,3.5,0.0,0.0,2.63,17.04
3520,1231,2021,"[234700, 234902, 235100, 276102, 600911, 600912, 703100, 703200]",90704.53,11.83,64.68,0.0,4.86,0.0,0.0,4.05,14.58
3521,1231,2022,"[234700, 234902, 235100, 276102, 600911, 600912, 703100, 703200]",96094.02,12.83,64.48,0.0,5.99,0.0,0.0,3.02,13.68
3522,1232,2017,"[234600, 234700, 235100, 703200]",38346.92,1.77,35.45,0.0,0.01,0.0,0.02,0.64,62.12
3523,1232,2018,"[234600, 234700, 235100, 703200]",38858.18,1.66,43.65,0.0,0.04,0.0,0.05,0.24,54.37
3524,1232,2019,"[234600, 234700, 235100, 703200]",40461.69,1.54,54.26,0.0,0.04,0.0,0.05,0.58,43.53
3525,1232,2020,"[234600, 234700, 235100, 703200]",46200.14,0.54,51.07,0.0,0.06,0.0,0.05,4.41,43.86
3526,1232,2021,"[234600, 234700, 235100, 703200]",52339.86,0.35,48.71,0.0,0.06,0.0,3.25,4.62,43.01
3527,1232,2022,"[234600, 234700, 235100, 703200]",67949.57,2.66,51.01,0.0,1.35,0.0,3.24,7.9,33.85
3528,1233,2017,"[232500, 234600, 234700, 234800, 237202]",40492.19,2.29,31.25,0.0,0.68,0.0,0.0,0.34,65.44
3529,1233,2018,"[232500, 234600, 234700, 234800, 237202]",35762.69,2.84,32.24,0.0,1.5,0.48,0.0,0.33,62.61
3530,1233,2019,"[232500, 234600, 234700, 234800, 237202]",38505.02,4.15,29.42,0.0,1.56,0.46,0.0,0.38,64.03
3531,1233,2020,"[232500, 232601, 234600, 234700, 234800, 237202]",41826.3,2.18,26.79,0.0,0.98,0.41,0.0,0.01,69.64
3532,1233,2021,"[232500, 232601, 234600, 234700, 234800, 237202]",48515.54,3.15,24.51,0.0,1.22,0.47,0.0,0.14,70.5
3533,1233,2022,"[232500, 232601, 234600, 234700, 234800, 237202]",47990.5,4.1,23.83,0.0,1.2,0.54,0.0,0.15,70.18
3534,1235,2017,"[237101, 237201, 237202]",41504.01,0.74,27.2,0.0,1.19,0.0,0.38,0.92,69.57
3535,1235,2018,"[237101, 237201, 237202]",42767.52,1.36,29.43,0.0,1.4,0.12,0.0,0.77,66.91
3536,1235,2019,"[237101, 237201, 237202]",43272.6,1.89,27.37,0.0,1.84,0.12,0.0,0.43,68.36
3537,1235,2020,"[232601, 232602, 237101, 237201, 237202]",50327.88,1.3,24.34,0.01,1.45,0.1,0.0,0.72,72.08
3538,1235,2021,"[232601, 232602, 237101, 237201, 237202]",49060.68,1.92,21.88,0.01,0.77,0.12,0.0,0.87,74.44
3539,1235,2022,"[232601, 232602, 237101, 237201, 237202]",52831.69,2.17,20.57,0.0,0.31,0.13,0.0,0.84,75.96
3540,1239,2017,"[237101, 237102]",31389.53,0.51,20.21,0.0,0.23,0.0,0.12,0.28,78.64
3541,1239,2018,"[237101, 237102]",32763.95,0.57,20.63,0.0,0.44,0.0,0.18,0.68,77.5
3542,1239,2019,"[237101, 237102]",35436.4,0.84,22.23,0.0,1.47,0.0,0.17,0.51,74.77
3543,1239,2020,"[232602, 232701, 232702, 237101, 237102]",38221.01,0.7,21.74,0.0,1.26,0.0,0.0,0.83,75.47
3544,1239,2021,"[232602, 232701, 232702, 237101, 237102]",44275.79,0.67,23.65,0.0,1.17,0.0,0.0,1.08,73.43
3545,1239,2022,"[232602, 232701, 232702, 237101, 237102]",47860.07,0.44,23.41,0.0,0.99,0.0,0.0,1.08,74.08
3546,1241,2017,"[234700, 234800, 234901, 234902, 235100, 600912]",22099.97,1.12,44.27,0.12,0.71,0.15,1.88,0.45,51.3
3547,1241,2018,"[234700, 234800, 234901, 234902, 235100, 600912]",20857.06,3.05,42.61,0.22,1.09,0.32,1.2,0.93,50.57
3548,1241,2019,"[234700, 234800, 234901, 234902, 235100, 600912]",23707.3,3.11,45.69,0.27,2.01,0.28,0.01,1.32,47.31
3549,1241,2020,"[234700, 234800, 234901, 234902, 235100, 600912]",28503.87,3.19,48.02,0.12,1.37,1.12,0.0,2.11,44.06
3550,1241,2021,"[234700, 234800, 234901, 234902, 235100, 600912]",31312.04,4.5,44.64,0.13,1.76,0.76,0.37,2.77,45.06
3551,1241,2022,"[234700, 234800, 234901, 234902, 235100, 600912]",35177.03,5.5,48.15,0.16,1.6,0.69,0.35,2.7,40.85
3552,1242,2017,"[234700, 234800, 234901, 237202]",52637.89,1.62,56.51,0.0,0.43,0.0,0.0,1.19,40.26
3553,1242,2018,"[234700, 234800, 234901, 237202]",57592.35,3.02,54.23,0.0,0.32,0.0,0.2,1.35,40.89
3554,1242,2019,"[234700, 234800, 234901, 237202]",58685.74,2.8,52.06,0.0,0.0,1.38,0.18,2.05,41.53
3555,1242,2020,"[234700, 234800, 234901, 237202]",61236.28,2.25,50.72,0.0,2.72,0.8,0.21,0.66,42.64
3556,1242,2021,"[234700, 234800, 234901, 237202]",62566.71,2.15,45.54,0.0,2.58,2.06,0.2,0.46,47.01
3557,1242,2022,"[234700, 234800, 234901, 237202]",66681.43,4.44,43.15,0.0,2.57,1.52,0.27,1.12,46.95
3558,1243,2017,"[234800, 235201, 237202, 237300, 237402]",33502.0,2.42,54.48,0.17,2.68,0.0,0.0,0.15,40.1
3559,1243,2018,"[234800, 235201, 237202, 237300, 237402]",34940.48,2.4,51.14,0.16,0.58,0.07,0.0,0.31,45.35
3560,1243,2019,"[234800, 235201, 237202, 237300, 237402]",44088.07,2.95,48.76,0.16,0.26,0.07,0.0,1.18,46.63
3561,1243,2020,"[234800, 235201, 237202, 237300, 237402]",55502.4,2.37,43.35,0.0,0.17,0.06,0.0,1.25,52.79
3562,1243,2021,"[234800, 235201, 237202, 237300, 237402]",75839.04,1.46,41.02,0.37,0.2,0.07,0.0,1.38,55.49
3563,1243,2022,"[234800, 235201, 237202, 237300, 237402]",72486.38,1.97,35.76,0.28,0.88,0.08,0.06,2.7,58.26
3564,1245,2017,"[237101, 237201, 237202, 237401, 237402, 237500]",34579.68,1.13,31.7,0.0,0.1,0.0,0.25,0.26,66.55
3565,1245,2018,"[237101, 237201, 237202, 237401, 237402, 237500]",38948.32,1.2,28.7,0.0,0.11,0.01,0.26,2.95,66.77
3566,1245,2019,"[237101, 237201, 237202, 237401, 237402, 237500]",43398.77,1.71,28.84,0.0,0.21,0.01,0.5,3.12,65.63
3567,1245,2020,"[237101, 237201, 237202, 237401, 237402, 237500]",59513.23,2.61,26.43,0.0,0.16,0.01,0.49,0.85,69.46
3568,1245,2021,"[237101, 237201, 237202, 237401, 237402, 237500]",62080.01,2.47,27.12,0.0,0.11,0.01,0.42,0.71,69.16
3569,1245,2022,"[237101, 237201, 237202, 237401, 237402, 237500]",72801.66,1.86,24.7,0.0,0.14,0.01,0.54,1.03,71.72
3570,1248,2017,"[237101, 237102, 237401, 237500, 237600]",31367.94,0.85,24.57,0.0,0.08,0.0,0.46,0.12,73.92
3571,1248,2018,"[237101, 237102, 237401, 237500, 237600]",32707.52,1.01,24.78,0.0,0.11,0.0,0.0,0.24,73.85
3572,1248,2019,"[237101, 237102, 237401, 237500, 237600]",32447.18,1.42,23.25,0.0,0.45,0.0,0.0,0.24,74.64
3573,1248,2020,"[237101, 237102, 237401, 237500, 237600]",32981.5,1.23,25.02,0.0,0.76,0.0,0.0,0.4,72.59
3574,1248,2021,"[237101, 237102, 237401, 237500, 237600]",38368.9,0.63,20.17,0.0,0.67,0.0,0.0,0.47,78.06
3575,1248,2022,"[237101, 237102, 237401, 237500, 237600]",37217.74,0.93,19.82,0.0,0.85,0.0,0.01,1.92,76.48
3576,1249,2017,"[237102, 237500, 237600]",37253.26,0.57,22.73,0.0,1.16,0.0,0.03,0.26,75.24
3577,1249,2018,"[237102, 237500, 237600]",32733.45,0.77,20.03,0.0,0.98,0.0,0.05,0.23,77.94
3578,1249,2019,"[237102, 237500, 237600]",33049.42,0.95,21.98,0.26,1.68,0.0,0.04,0.25,74.84
3579,1249,2020,"[237102, 237500, 237600]",40682.45,0.56,18.8,0.34,0.6,0.0,0.0,0.25,79.45
3580,1249,2021,"[237102, 237500, 237600]",44244.52,0.38,19.9,0.33,0.07,0.0,1.11,0.02,78.19
3581,1249,2022,"[237102, 237500, 237600]",48569.27,0.5,22.43,0.22,0.06,0.0,0.89,0.0,75.89
3582,1251,2017,"[234901, 234902, 235201, 235202, 600802, 600912]",27658.57,1.6,60.64,0.0,0.19,0.66,1.1,2.22,33.59
3583,1251,2018,"[234901, 234902, 235201, 235202, 600802, 600912]",31558.25,0.83,63.77,0.0,0.14,0.0,1.28,1.79,32.2
3584,1251,2019,"[234901, 234902, 235201, 235202, 600802, 600912]",31917.15,1.08,65.2,0.0,0.15,0.0,1.22,2.49,29.87
3585,1251,2020,"[234901, 234902, 235201, 235202, 600802, 600912]",32272.88,1.34,66.11,0.0,0.01,0.0,0.0,4.23,28.3
3586,1251,2021,"[234901, 234902, 235201, 235202, 600802, 600912]",33245.35,1.03,69.09,0.0,0.0,0.0,0.0,4.19,25.68
3587,1251,2022,"[234901, 234902, 235201, 235202, 600802, 600912]",32390.71,3.0,63.96,0.0,0.0,0.0,0.0,7.02,26.02
3588,1252,2017,"[234800, 234901, 235201, 235202, 237300, 237900, 600801]",41910.98,1.89,62.21,0.0,0.43,0.19,0.43,1.21,33.64
3589,1252,2018,"[234800, 234901, 235201, 235202, 237300, 237900, 600801]",40728.2,1.68,58.6,0.0,0.32,0.16,0.37,1.68,37.19
3590,1252,2019,"[234800, 234901, 235201, 235202, 237300, 237900, 600801]",46076.13,3.1,59.68,0.0,0.24,0.19,0.84,2.53,33.42
3591,1252,2020,"[234800, 234901, 235201, 235202, 237300, 237900, 600801]",69417.62,3.96,51.26,0.0,0.28,0.0,1.63,3.76,39.1
3592,1252,2021,"[234800, 234901, 235201, 235202, 237300, 237900, 600801]",66701.32,5.45,56.39,0.0,0.69,0.0,1.28,6.54,29.65
3593,1252,2022,"[234800, 234901, 235201, 235202, 237300, 237900, 600801]",63158.34,4.48,57.96,0.0,0.21,0.0,0.93,6.7,29.72
3594,1253,2017,"[237300, 237402, 237800, 237900, 238100]",43540.01,2.92,70.55,0.0,1.3,0.0,0.0,1.69,23.53
3595,1253,2018,"[237300, 237402, 237800, 237900, 238100]",57249.84,2.06,69.7,0.0,0.09,0.0,0.0,1.66,26.49
3596,1253,2019,"[237300, 237402, 237800, 237900, 238100]",51598.68,3.09,67.29,0.0,0.0,0.0,0.0,3.45,26.17
3597,1253,2020,"[237300, 237402, 237800, 237900, 238100]",51412.06,3.11,64.28,0.0,0.39,0.0,0.0,3.67,28.54
3598,1253,2021,"[237300, 237402, 237800, 237900, 238100]",53578.84,1.97,67.52,0.0,0.38,0.0,0.0,3.15,26.98
3599,1253,2022,"[237300, 237402, 237800, 237900, 238100]",59556.55,3.91,55.83,0.0,0.44,0.0,0.0,7.83,31.99
3600,1255,2017,"[237401, 237402, 237720, 237800, 238200]",41391.56,1.38,58.39,0.0,0.16,0.0,0.65,2.09,37.33
3601,1255,2018,"[237401, 237402, 237720, 237800, 238200]",46027.16,1.53,54.67,1.47,0.22,0.0,0.9,3.55,37.67
3602,1255,2019,"[237401, 237402, 237720, 237800, 238200]",48910.85,1.63,52.54,1.6,0.21,0.0,0.87,2.43,40.72
3603,1255,2020,"[237401, 237402, 237720, 237800, 238200]",49475.34,0.97,48.62,1.47,0.17,0.0,0.85,2.14,45.77
3604,1255,2021,"[237401, 237402, 237720, 237800, 238200]",65813.73,1.21,47.05,2.16,0.0,0.0,0.88,2.06,46.65
3605,1255,2022,"[237401, 237402, 237720, 237800, 238200]",51212.41,0.49,44.34,1.18,0.0,0.0,0.0,0.13,53.85
3606,1256,2017,"[237401, 237500, 237600, 237710, 237720, 237800, 239310, 239601]",28121.75,0.33,15.83,0.27,0.94,0.0,0.1,4.21,78.3
3607,1256,2018,"[237401, 237500, 237600, 237710, 237720, 237800, 239310, 239601]",35446.35,0.56,15.39,0.31,0.84,0.0,0.11,1.57,81.22
3608,1256,2019,"[237401, 237500, 237600, 237710, 237720, 237800, 239310, 239601]",37353.14,0.52,17.53,0.59,0.05,0.0,0.12,1.57,79.62
3609,1256,2020,"[237401, 237500, 237600, 237710, 237720, 237800, 239310, 239601]",41128.05,0.42,28.98,0.78,0.05,0.0,0.22,5.7,63.85
3610,1256,2021,"[237401, 237500, 237600, 237710, 237720, 237800, 239310, 239601]",45326.8,0.5,24.04,0.16,3.83,0.0,0.2,0.16,71.11
3611,1256,2022,"[237401, 237500, 237600, 237710, 237720, 237800, 239310, 239601]",46418.25,1.45,30.8,0.13,3.93,0.0,0.0,0.14,63.54
3612,1257,2017,"[237710, 237720, 237800, 238200, 238310, 239601, 239602]",31806.34,0.4,22.24,0.11,0.0,0.0,0.0,0.45,76.8
3613,1257,2018,"[237710, 237720, 237800, 238200, 238310, 239601, 239602]",32919.37,1.83,21.5,0.11,0.08,0.0,0.16,0.71,75.62
3614,1257,2019,"[237710, 237720, 237800, 238200, 238310, 239601, 239602]",34755.84,1.85,22.96,0.36,0.08,0.0,0.09,0.71,73.95
3615,1257,2020,"[237710, 237720, 237800, 238200, 238310, 239601, 239602]",35915.64,1.52,19.77,0.34,0.24,0.0,0.15,0.99,76.98
3616,1257,2021,"[237710, 237720, 237800, 238200, 238310, 239601, 239602]",38261.28,1.51,19.13,0.24,0.26,0.0,0.18,1.19,77.49
3617,1257,2022,"[237710, 237720, 237800, 238200, 238310, 239601, 239602]",42864.38,1.66,15.18,0.26,0.27,0.0,0.06,2.08,80.49
3618,1258,2017,"[239310, 239320, 239330, 239501, 239502, 239601, 239602, 239701]",33914.16,0.85,14.95,0.23,0.1,0.0,0.3,0.18,83.39
3619,1258,2018,"[239310, 239320, 239330, 239501, 239502, 239601, 239602, 239701]",36220.62,0.67,18.19,0.25,0.33,0.0,0.31,0.41,79.85
3620,1258,2019,"[239310, 239320, 239330, 239501, 239502, 239601, 239602, 239701]",40865.87,0.49,18.9,0.09,0.33,0.0,0.35,0.68,79.16
3621,1258,2020,"[239310, 239320, 239330, 239501, 239502, 239601, 239602, 239701]",43801.61,0.3,19.24,0.09,0.71,0.0,0.66,0.52,78.49
3622,1258,2021,"[239310, 239320, 239330, 239501, 239502, 239601, 239602, 239701]",53835.32,0.6,17.48,0.07,0.72,0.0,0.57,0.79,79.77
3623,1258,2022,"[239310, 239320, 239330, 239501, 239502, 239601, 239602, 239701]",54116.72,0.66,16.0,0.0,0.6,0.0,0.0,0.77,81.96
3624,1259,2017,"[239330, 239501, 239502, 239701, 239801, 535001, 535101]",33607.68,0.83,20.02,0.0,0.0,0.0,0.0,0.34,78.82
3625,1259,2018,"[239330, 239501, 239502, 239701, 239801, 535001, 535101]",37428.75,1.3,21.22,0.01,0.09,0.0,0.0,0.22,77.16
3626,1259,2019,"[239330, 239501, 239502, 239701, 239801, 535001, 535101]",42640.52,0.86,21.34,0.01,0.2,0.0,0.17,0.19,77.23
3627,1259,2020,"[239330, 239501, 239502, 239701, 239801, 535001, 535101]",45756.64,0.49,23.5,0.01,0.4,0.0,0.15,0.06,75.38
3628,1259,2021,"[239330, 239501, 239502, 239701, 239801, 535001, 535101]",53345.57,0.55,22.52,0.01,0.39,0.74,0.18,0.59,75.02
3629,1259,2022,"[239330, 239501, 239502, 239701, 239801, 535001, 535101]",57442.56,0.69,22.2,0.01,0.94,0.0,0.34,0.78,75.03
3630,1263,2017,"[237800, 237900, 238100, 238200]",44772.26,2.71,69.41,0.0,0.35,0.0,0.39,2.6,24.54
3631,1263,2018,"[237800, 237900, 238100, 238200]",45917.46,3.05,70.39,0.0,0.38,0.0,0.35,2.28,23.55
3632,1263,2019,"[237800, 237900, 238100, 238200]",48038.28,1.51,55.6,0.0,0.6,0.0,0.17,2.5,39.62
3633,1263,2020,"[237800, 237900, 238100, 238200]",49842.31,1.64,61.13,0.0,0.47,0.0,0.0,2.18,34.57
3634,1263,2021,"[237800, 237900, 238100, 238200]",49922.32,2.01,56.98,0.0,0.43,0.0,0.0,2.29,38.29
3635,1263,2022,"[237800, 237900, 238100, 238200]",51424.55,3.29,62.59,0.0,0.54,0.0,0.95,2.7,29.93
3636,1265,2017,"[237800, 238200, 600100]",46858.74,1.52,75.68,0.0,3.01,0.0,0.0,2.17,17.63
3637,1265,2018,"[237800, 238200, 600100]",42354.5,1.34,72.0,0.0,3.31,0.0,0.0,1.47,21.87
3638,1265,2019,"[237800, 238200, 600100]",45085.99,0.4,70.37,0.0,1.99,0.0,0.0,0.69,26.55
3639,1265,2020,"[237800, 238200, 600100]",38588.67,0.08,68.28,0.0,0.92,0.0,0.0,1.36,29.36
3640,1265,2021,"[237800, 238200, 600100]",40863.82,1.56,62.02,0.01,0.96,0.0,0.0,0.71,34.73
3641,1265,2022,"[237800, 238200, 600100]",41438.48,1.58,70.45,0.0,0.02,0.0,0.0,1.03,26.92
3642,1266,2017,"[237720, 238200, 238310, 239602, 239701]",26007.69,0.93,21.41,0.04,0.02,0.12,0.0,0.15,77.31
3643,1266,2018,"[237720, 238200, 238310, 239602, 239701]",24597.89,0.86,23.36,0.0,0.02,0.14,0.0,0.17,75.44
3644,1266,2019,"[237720, 238200, 238310, 239602, 239701]",28352.95,0.84,22.9,0.0,0.01,0.14,0.0,0.2,75.9
3645,1266,2020,"[237720, 238200, 238310, 239602, 239701]",33441.84,0.42,19.66,0.0,0.01,0.15,0.0,0.21,79.55
3646,1266,2021,"[237720, 238200, 238310, 239602, 239701]",46095.45,0.63,20.57,0.0,0.01,0.0,0.0,0.01,78.79
3647,1266,2022,"[237720, 238200, 238310, 239602, 239701]",49656.81,0.87,20.84,0.0,0.22,0.0,0.0,0.01,78.05
3648,1267,2017,"[238200, 238310, 238320, 239701, 239702]",28011.93,0.43,29.33,0.0,1.25,0.0,0.0,0.01,68.97
3649,1267,2018,"[238200, 238310, 238320, 239701, 239702]",33151.99,0.35,30.01,0.0,0.5,0.0,0.0,0.01,69.13
3650,1267,2019,"[238200, 238310, 238320, 239701, 239702]",33646.18,0.87,32.16,0.0,1.12,0.0,0.0,0.01,65.84
3651,1267,2020,"[238200, 238310, 238320, 239701, 239702]",34859.08,1.18,31.39,0.0,0.92,0.0,0.0,0.01,66.5
3652,1267,2021,"[238200, 238310, 238320, 239701, 239702]",37598.42,1.4,32.31,0.0,0.01,0.81,0.0,0.0,65.47
3653,1267,2022,"[238200, 238310, 238320, 239701, 239702]",34157.27,1.24,33.85,0.0,0.0,0.59,0.0,0.01,64.3
3654,1268,2017,"[239502, 239602, 239701, 239702, 239801, 239802]",35850.81,0.25,22.66,0.11,0.0,0.0,0.0,0.0,76.98
3655,1268,2018,"[239502, 239602, 239701, 239702, 239801, 239802]",32672.07,0.19,24.9,0.0,0.0,0.0,0.0,0.0,74.91
3656,1268,2019,"[239502, 239602, 239701, 239702, 239801, 239802]",33491.87,0.18,23.53,0.0,0.0,0.0,0.0,0.0,76.29
3657,1268,2020,"[239502, 239602, 239701, 239702, 239801, 239802]",34898.0,0.18,26.14,0.0,0.0,0.0,0.0,0.0,73.68
3658,1268,2021,"[239502, 239602, 239701, 239702, 239801, 239802]",42092.21,0.1,26.7,0.0,0.0,0.0,0.0,0.0,73.19
3659,1268,2022,"[239502, 239602, 239701, 239702, 239801, 239802]",36833.34,0.03,27.18,0.0,0.0,0.0,0.0,0.0,72.79
3660,1269,2017,"[239502, 239701, 239702, 239801, 239802, 535101]",33857.26,0.44,23.87,0.0,0.89,0.0,0.43,0.03,74.36
3661,1269,2018,"[239502, 239701, 239702, 239801, 239802, 535101]",40167.73,0.75,21.3,0.0,0.92,0.0,0.47,0.48,76.07
3662,1269,2019,"[239502, 239701, 239702, 239801, 239802, 535101]",43930.01,0.71,24.34,0.0,0.34,0.0,0.43,0.66,73.51
3663,1269,2020,"[239502, 239701, 239702, 239801, 239802, 535101]",49877.37,0.71,23.88,0.0,0.17,0.0,0.79,0.77,73.68
3664,1269,2021,"[239502, 239701, 239702, 239801, 239802, 535101]",54339.66,0.76,17.79,0.0,0.54,0.0,0.01,3.49,77.41
3665,1269,2022,"[239502, 239701, 239702, 239801, 239802, 535101]",59843.39,1.08,17.04,0.0,0.79,0.0,0.03,2.19,78.87
3666,1273,2017,"[238100, 238200, 238400, 600100, 600704]",50769.18,0.83,83.33,0.0,0.02,0.0,0.21,2.3,13.3
3667,1273,2018,"[238100, 238200, 238400, 600100, 600704]",51415.02,1.0,78.18,0.0,0.0,0.29,0.23,2.85,17.44
3668,1273,2019,"[238100, 238200, 238400, 600100, 600704]",54739.5,1.96,76.96,1.0,0.0,0.34,0.0,1.87,17.86
3669,1273,2020,"[238100, 238200, 238400, 600100, 600704]",68177.75,1.71,61.07,0.0,0.0,0.39,2.42,8.91,25.5
3670,1273,2021,"[238100, 238200, 238400, 600100, 600704]",69409.17,2.0,60.31,0.0,0.0,0.28,1.18,9.01,27.23
3671,1273,2022,"[238100, 238200, 238400, 600100, 600704]",85895.37,1.53,53.58,0.0,0.0,0.35,2.52,7.82,34.19
3672,1283,2017,"[238000, 238400, 600100, 600201, 600202, 600400, 600702, 600704]",60034.55,0.91,73.6,0.0,0.36,0.93,1.12,0.75,22.34
3673,1283,2018,"[238000, 238400, 600100, 600201, 600202, 600400, 600702, 600704]",63972.13,1.72,68.5,0.0,0.41,1.05,1.1,0.79,26.44
3674,1283,2019,"[238000, 238400, 600100, 600201, 600202, 600400, 600702, 600704]",61792.77,1.56,68.0,0.0,0.39,0.7,0.95,6.82,21.59
3675,1283,2020,"[238000, 238400, 600100, 600201, 600202, 600400, 600702, 600704]",65353.46,1.81,63.11,0.0,0.34,0.76,0.98,10.03,22.97
3676,1283,2021,"[238000, 238400, 600100, 600201, 600202, 600400, 600702, 600704]",78248.78,1.96,60.13,0.0,0.36,1.23,0.96,8.71,26.65
3677,1283,2022,"[238000, 238400, 600100, 600201, 600202, 600400, 600702, 600704]",69916.2,3.05,59.26,0.0,0.39,0.0,0.0,8.74,28.55
3678,1293,2017,"[238000, 600400]",60002.27,0.91,73.59,0.0,0.36,0.93,1.12,0.75,22.34
3679,1293,2018,"[238000, 600400]",63952.74,1.72,68.49,0.0,0.41,1.05,1.11,0.78,26.44
3680,1293,2019,"[238000, 600400]",61775.65,1.56,67.99,0.0,0.39,0.7,0.96,6.83,21.59
3681,1293,2020,"[238000, 600400]",65311.51,1.81,63.12,0.0,0.34,0.75,0.98,10.04,22.96
3682,1293,2021,"[238000, 600400]",78236.69,1.96,60.14,0.0,0.36,1.23,0.96,8.72,26.64
3683,1293,2022,"[238000, 600400]",69861.7,3.06,59.27,0.0,0.39,0.0,0.0,8.75,28.53
3684,1303,2017,[226002],27750.0,27.73,12.56,0.0,5.26,0.0,0.83,5.98,47.65
3685,1303,2018,[226002],27632.0,31.93,12.2,0.0,7.13,0.0,0.0,6.21,42.53
3686,1303,2019,[226002],37643.0,33.46,11.43,0.0,8.3,0.0,0.0,3.24,43.57
3687,1303,2020,"[207902, 226002]",37179.92,28.93,12.03,0.0,8.1,0.0,0.24,2.92,47.77
3688,1303,2021,"[207902, 226002]",38611.66,27.09,12.86,0.0,8.75,0.0,0.26,6.01,45.02
3689,1303,2022,"[207902, 226002]",42866.35,24.75,13.77,0.0,11.54,0.0,0.25,6.48,43.2
3690,1307,2017,[226002],27750.0,27.73,12.56,0.0,5.26,0.0,0.83,5.98,47.65
3691,1307,2018,[226002],27632.0,31.93,12.2,0.0,7.13,0.0,0.0,6.21,42.53
3692,1307,2019,[226002],37643.0,33.46,11.43,0.0,8.3,0.0,0.0,3.24,43.57
3693,1307,2020,"[206051, 206303, 226002]",37176.46,28.95,12.06,0.0,8.09,0.0,0.24,2.92,47.73
3694,1307,2021,"[206051, 226002]",38648.46,27.12,12.86,0.0,8.74,0.0,0.26,6.01,45.02
3695,1307,2022,"[206051, 206303, 226002]",42865.71,24.76,13.8,0.0,11.52,0.0,0.26,6.47,43.18
3696,1309,2017,"[206050, 226001, 226002]",22131.61,6.31,3.68,0.27,10.27,0.0,0.55,1.11,77.81
3697,1309,2018,"[206050, 226001, 226002]",23016.55,6.35,5.58,0.3,9.1,0.0,0.65,0.95,77.07
3698,1309,2019,"[206050, 226001, 226002]",23400.75,6.39,4.25,0.25,7.78,0.0,0.64,1.13,79.57
3699,1309,2020,"[206050, 206051, 226001, 226002, 980016]",118630.46,57.96,2.02,0.0,12.73,0.0,0.01,3.54,23.74
3700,1309,2021,"[206050, 206051, 226001, 226002, 980016]",123136.55,55.79,0.02,0.0,14.11,0.0,0.01,2.82,27.25
3701,1309,2022,"[206050, 206051, 226001, 226002, 980016]",127207.21,55.87,2.93,0.01,11.79,0.0,2.32,3.36,23.72
3702,1311,2017,"[224020, 224410, 224420]",21614.05,5.89,5.63,1.04,2.25,0.0,0.0,0.79,84.4
3703,1311,2018,"[224020, 224410, 224420]",26318.07,6.61,5.65,0.6,2.68,0.0,0.0,0.7,83.76
3704,1311,2019,"[224020, 224410, 224420]",27169.15,6.04,2.99,0.14,2.24,0.0,0.0,0.61,87.98
3705,1311,2020,"[224020, 224410, 224420]",32082.23,4.91,6.13,0.0,1.87,0.0,0.0,7.81,79.28
3706,1311,2021,"[224020, 224410, 224420]",29564.32,5.08,7.1,0.4,1.36,0.0,0.0,8.16,77.9
3707,1311,2022,"[224020, 224410, 224420]",31451.04,4.88,7.15,0.38,1.83,0.0,0.0,8.71,77.05
3708,1313,2017,"[224010, 224020, 226001, 226002, 226410, 226420, 227010]",33299.23,13.99,10.1,0.0,2.64,0.0,0.42,2.99,69.87
3709,1313,2018,"[224010, 224020, 226001, 226002, 226410, 226420, 227010]",34286.71,16.09,10.65,0.2,3.57,0.0,0.0,3.11,66.38
3710,1313,2019,"[224010, 224020, 226001, 226002, 226410, 226420, 227010]",36227.51,16.95,13.49,0.17,4.16,0.0,0.0,1.62,63.6
3711,1313,2020,"[207902, 224010, 224020, 226001, 226002, 226410, 226420, 227010]",35800.16,14.73,12.72,0.22,4.05,0.0,0.12,1.46,66.69
3712,1313,2021,"[207902, 224010, 224020, 226001, 226002, 226410, 226420, 227010]",35468.75,13.79,12.71,0.2,4.47,0.0,0.13,3.01,65.69
3713,1313,2022,"[207902, 224010, 224020, 226001, 226002, 226410, 226420, 227010]",40650.9,12.78,13.54,0.23,6.17,0.0,0.13,3.25,63.91
3714,1317,2017,"[226001, 226002, 227010]",33279.99,14.05,10.1,0.0,2.65,0.0,0.42,3.01,69.77
3715,1317,2018,"[226001, 226002, 227010]",34261.83,16.16,10.65,0.2,3.59,0.0,0.0,3.13,66.27
3716,1317,2019,"[226001, 226002, 227010]",36234.69,17.03,13.48,0.17,4.18,0.0,0.0,1.63,63.51
3717,1317,2020,"[206051, 226001, 226002, 227010]",35897.25,14.85,12.7,0.22,4.08,0.0,0.12,1.47,66.56
3718,1317,2021,"[206051, 226001, 226002, 227010]",35579.53,13.9,12.7,0.2,4.49,0.0,0.13,3.03,65.55
3719,1317,2022,"[206051, 226001, 226002, 227010]",40756.76,12.89,13.53,0.23,6.19,0.0,0.13,3.26,63.77
3720,1321,2017,"[224020, 224420, 226001, 226410]",21628.8,5.9,5.63,1.11,2.04,0.0,0.0,0.77,84.55
3721,1321,2018,"[224020, 224420, 226001, 226410]",26487.01,6.7,5.58,0.64,2.55,0.0,0.0,0.69,83.84
3722,1321,2019,"[224020, 224420, 226001, 226410]",27325.72,6.14,2.76,0.15,2.02,0.0,0.0,0.59,88.35
3723,1321,2020,"[224020, 224420, 226001, 226410]",32684.37,4.92,6.08,0.0,1.61,0.0,0.0,8.28,79.11
3724,1321,2021,"[224020, 224420, 226001, 226410]",29962.31,5.05,7.23,0.41,1.07,0.0,0.0,8.68,77.55
3725,1321,2022,"[224020, 224420, 226001, 226410]",31877.53,4.72,7.29,0.38,1.57,0.0,0.0,9.24,76.81
3726,1322,2017,"[224020, 224600, 226001, 226410]",35545.91,0.23,0.5,0.0,0.85,0.0,0.0,0.0,98.43
3727,1322,2018,"[224020, 224600, 226001, 226410]",36628.4,0.2,0.54,0.0,0.77,0.0,0.0,0.0,98.49
3728,1322,2019,"[224020, 224600, 226001, 226410]",40132.12,0.19,0.96,0.0,0.44,0.11,0.19,0.14,97.97
3729,1322,2020,"[224020, 224600, 226001, 226410, 226702]",38430.66,0.0,1.08,0.0,0.22,0.16,0.19,0.17,98.17
3730,1322,2021,"[224020, 224600, 226001, 226410, 226702]",38941.19,0.0,0.98,0.0,0.0,0.25,0.22,0.2,98.35
3731,1322,2022,"[224020, 224600, 226001, 226410, 226702]",42856.18,0.0,0.98,0.0,0.0,0.14,0.17,0.11,98.59
3732,1323,2017,"[226001, 226410, 226420, 227010]",29605.36,0.89,6.8,0.0,4.2,0.0,0.0,0.0,88.11
3733,1323,2018,"[226001, 226410, 226420, 227010]",31624.43,0.67,5.63,0.0,3.48,0.17,0.0,0.0,90.06
3734,1323,2019,"[226001, 226410, 226420, 227010]",44202.0,0.65,7.16,0.0,4.28,0.6,0.0,0.0,87.32
3735,1323,2020,"[226001, 226410, 226420, 227010]",43455.81,0.45,8.82,0.0,4.3,0.67,0.0,0.0,85.76
3736,1323,2021,"[226001, 226410, 226420, 227010]",35896.02,0.4,6.63,0.0,4.91,0.82,0.0,0.0,87.24
3737,1323,2022,"[226001, 226410, 226420, 227010]",41804.66,0.41,4.01,0.0,4.46,0.7,0.0,0.0,90.41
3738,1324,2017,"[226001, 226420, 227010]",40018.93,0.71,5.9,0.91,0.0,0.0,0.0,0.0,92.48
3739,1324,2018,"[226001, 226420, 227010]",42264.64,0.74,6.22,1.12,0.0,0.0,0.0,0.0,91.93
3740,1324,2019,"[226001, 226420, 227010]",48178.09,0.56,5.35,1.19,0.0,0.0,0.0,0.0,92.9
3741,1324,2020,"[226001, 226420, 227010]",44261.37,1.24,3.37,1.32,0.0,0.0,0.0,0.0,94.08
3742,1324,2021,"[226001, 226420, 227010]",46225.89,1.41,4.42,0.24,0.0,0.0,0.0,0.0,93.93
3743,1324,2022,"[226001, 226420, 227010]",48670.42,1.23,3.88,0.0,0.0,0.0,0.0,0.0,94.88
3744,1325,2017,"[226420, 227010, 227020]",37803.27,0.54,3.69,0.0,0.27,0.0,0.0,0.3,95.19
3745,1325,2018,"[226420, 227010, 227020]",45111.39,0.39,2.81,0.0,0.39,0.0,0.0,0.0,96.42
3746,1325,2019,"[226420, 227010, 227020]",47361.07,0.39,2.58,0.0,0.42,0.0,0.0,0.0,96.62
3747,1325,2020,"[226420, 226702, 227010, 227020]",55862.35,0.14,1.3,0.0,0.11,0.0,0.0,0.0,98.45
3748,1325,2021,"[226420, 226702, 227010, 227020]",55854.56,0.14,0.83,0.0,0.08,0.0,0.0,0.0,98.95
3749,1325,2022,"[226420, 226702, 227010, 227020]",61565.26,0.2,0.07,0.0,0.12,0.0,0.0,0.0,99.61
3750,1326,2017,"[227010, 227020, 228100, 228210]",37812.7,0.54,3.7,0.0,0.27,0.0,0.0,0.3,95.19
3751,1326,2018,"[227010, 227020, 228100, 228210]",45117.84,0.38,2.81,0.0,0.38,0.0,0.0,0.0,96.41
3752,1326,2019,"[227010, 227020, 228100, 228210]",47358.82,0.39,2.58,0.0,0.41,0.0,0.0,0.0,96.62
3753,1326,2020,"[227010, 227020, 228100, 228210]",55875.4,0.14,1.3,0.0,0.11,0.0,0.0,0.0,98.44
3754,1326,2021,"[227010, 227020, 228100, 228210]",55869.43,0.14,0.83,0.0,0.08,0.0,0.0,0.0,98.95
3755,1326,2022,"[227010, 227020, 228100, 228210]",61577.09,0.21,0.07,0.0,0.11,0.0,0.0,0.0,99.61
3756,1327,2017,"[226001, 227010, 227020, 228100]",40130.28,0.68,6.01,0.88,0.0,0.0,0.0,0.0,92.43
3757,1327,2018,"[226001, 227010, 227020, 228100]",42395.58,0.71,6.28,1.08,0.0,0.0,0.0,0.0,91.93
3758,1327,2019,"[226001, 227010, 227020, 228100]",48135.9,0.54,5.38,1.15,0.01,0.0,0.0,0.01,92.91
3759,1327,2020,"[206051, 226001, 227010, 227020, 228100]",44716.12,1.46,3.42,1.27,0.03,0.0,0.03,0.03,93.76
3760,1327,2021,"[206051, 226001, 227010, 227020, 228100]",46467.51,1.6,4.38,0.23,0.04,0.0,0.03,0.03,93.7
3761,1327,2022,"[206051, 226001, 227010, 227020, 228100]",49305.29,1.44,3.78,0.0,0.04,0.0,0.03,0.03,94.67
3762,1331,2017,"[222700, 224020, 224420, 224600, 231100]",39943.45,2.69,7.57,0.0,1.6,0.18,0.0,0.24,87.73
3763,1331,2018,"[222700, 224020, 224420, 224600, 231100]",40588.78,2.44,7.79,0.0,2.38,0.0,0.0,0.12,87.27
3764,1331,2019,"[222700, 224020, 224420, 224600, 231100]",46147.04,2.22,7.38,0.0,2.89,0.0,0.0,0.0,87.5
3765,1331,2020,"[224020, 224420, 224600, 224702, 226701, 226702, 231100]",46196.12,2.29,7.26,0.0,3.05,0.0,0.01,0.05,87.33
3766,1331,2021,"[224020, 224420, 224600, 224702, 226701, 226702, 231100]",48941.37,2.26,7.31,0.0,2.96,0.0,0.0,0.06,87.4
3767,1331,2022,"[224020, 224420, 224600, 224702, 226701, 226702, 231100]",45863.19,4.78,6.41,0.0,2.18,0.0,0.0,0.06,86.57
3768,1333,2017,"[224600, 226410, 226420, 227020, 228310, 228410]",32904.13,0.96,5.38,0.0,2.91,0.02,0.03,0.04,90.65
3769,1333,2018,"[224600, 226410, 226420, 227020, 228310, 228410]",34560.17,0.83,4.77,0.0,2.57,0.1,0.03,0.02,91.68
3770,1333,2019,"[224600, 226410, 226420, 227020, 228310, 228410]",43701.04,0.78,5.77,0.01,3.06,0.38,0.05,0.03,89.92
3771,1333,2020,"[224600, 226410, 226420, 226701, 226702, 227020, 228310, 228410]",53235.78,0.0,1.83,0.0,0.24,0.0,0.0,0.24,97.69
3772,1333,2021,"[224600, 226410, 226420, 226701, 226702, 227020, 228310, 228410]",60866.31,0.54,1.98,0.14,0.27,0.0,0.0,0.25,96.82
3773,1333,2022,"[224600, 226410, 226420, 226701, 226702, 227020, 228310, 228410]",68634.12,0.46,1.39,0.13,0.01,0.0,0.0,0.0,98.01
3774,1341,2017,"[222700, 224600, 231100]",26097.96,6.71,25.31,0.0,1.56,0.01,0.01,1.35,65.05
3775,1341,2018,"[222700, 224600, 231100]",28991.39,7.17,19.05,0.0,1.73,0.01,0.01,1.11,70.93
3776,1341,2019,"[222700, 224600, 231100]",31250.51,7.56,16.24,0.0,2.28,0.01,0.01,2.08,71.82
3777,1341,2020,"[224600, 224702, 231100]",31277.63,7.23,15.56,0.0,1.6,0.0,0.0,2.96,72.65
3778,1341,2021,"[224600, 224702, 231100]",36922.38,6.91,14.06,0.0,0.98,0.0,0.0,2.84,75.21
3779,1341,2022,"[224600, 224702, 231100]",41990.84,10.24,14.91,0.0,1.39,0.24,0.0,2.2,71.02
3780,1342,2017,"[224600, 228410, 231100]",34242.71,3.75,11.29,0.0,0.71,0.0,0.0,0.54,83.71
3781,1342,2018,"[224600, 228410, 231100]",36346.65,4.14,9.1,0.0,0.76,0.2,0.0,0.45,85.36
3782,1342,2019,"[224600, 228410, 231100]",37075.32,4.27,8.79,0.0,1.6,0.2,0.0,0.86,84.29
3783,1342,2020,"[224600, 226701, 228410, 231100]",37777.28,3.44,8.87,0.0,1.28,0.47,0.0,2.38,83.55
3784,1342,2021,"[224600, 226701, 228410, 231100]",41431.6,3.32,8.55,0.0,0.96,0.33,0.0,2.47,84.37
3785,1342,2022,"[224600, 226701, 228410, 231100]",45455.47,4.41,7.79,0.0,1.48,0.44,0.0,2.21,83.67
3786,1343,2017,"[228210, 228310, 228320, 228410, 228420]",41092.48,0.13,2.65,0.09,0.0,0.0,0.51,0.0,96.62
3787,1343,2018,"[228210, 228310, 228320, 228410, 228420]",42174.92,0.84,3.79,0.09,0.0,0.0,0.46,0.0,94.82
3788,1343,2019,"[228210, 228310, 228320, 228410, 228420]",44369.64,0.69,4.71,0.11,0.0,0.0,0.24,0.0,94.25
3789,1343,2020,"[226701, 226702, 228210, 228310, 228320, 228410, 228420]",44121.58,0.9,4.25,0.09,0.0,0.0,0.2,0.0,94.56
3790,1343,2021,"[226701, 226702, 228210, 228310, 228320, 228410, 228420]",41111.37,0.93,4.05,0.0,0.02,0.0,0.0,0.0,94.99
3791,1343,2022,"[226701, 226702, 228210, 228310, 228320, 228410, 228420]",39817.9,1.02,3.64,0.0,0.02,0.0,0.0,0.0,95.32
3792,1344,2017,"[228210, 228310, 228320, 228420]",29377.24,0.0,3.24,0.0,0.0,0.0,0.0,0.0,96.75
3793,1344,2018,"[228210, 228310, 228320, 228420]",30755.17,0.0,4.16,0.0,0.0,0.0,0.0,0.0,95.84
3794,1344,2019,"[228210, 228310, 228320, 228420]",43269.08,0.0,3.31,0.0,0.0,0.0,0.0,0.0,96.69
3795,1344,2020,"[228210, 228310, 228320, 228420]",43770.89,0.0,2.67,0.0,0.0,0.0,0.0,0.0,97.33
3796,1344,2021,"[228210, 228310, 228320, 228420]",46476.54,0.16,3.28,0.0,0.0,0.0,0.0,0.0,96.56
3797,1344,2022,"[228210, 228310, 228320, 228420]",51042.49,0.21,3.61,0.0,0.0,0.0,0.0,0.0,96.18
3798,1345,2017,"[227020, 228100, 228210, 228220, 228310, 228320]",30517.18,0.34,9.67,0.12,1.52,0.24,0.0,0.0,88.1
3799,1345,2018,"[227020, 228100, 228210, 228220, 228310, 228320]",34415.4,0.39,8.74,0.38,1.65,0.0,0.0,0.0,88.84
3800,1345,2019,"[227020, 228100, 228210, 228220, 228310, 228320]",36002.86,0.33,6.16,0.99,1.84,0.0,0.0,0.0,90.68
3801,1345,2020,"[226702, 227020, 228100, 228210, 228220, 228310, 228320]",36268.21,0.26,8.0,0.0,1.56,0.0,0.0,0.0,90.17
3802,1345,2021,"[226702, 227020, 228100, 228210, 228220, 228310, 228320]",40302.0,0.0,6.96,0.0,1.88,0.0,0.0,0.95,90.2
3803,1345,2022,"[226702, 227020, 228100, 228210, 228220, 228310, 228320]",48576.51,0.01,6.42,0.0,1.89,0.0,0.36,1.79,89.54
3804,1346,2017,"[228100, 228210, 228220, 228320, 228600, 228710, 228720, 228800]",35409.47,1.18,11.69,0.24,0.0,0.0,1.29,0.74,84.84
3805,1346,2018,"[228100, 228210, 228220, 228320, 228600, 228710, 228720, 228800]",39631.39,1.64,10.38,0.16,0.0,0.0,0.0,1.11,86.7
3806,1346,2019,"[228100, 228210, 228220, 228320, 228600, 228710, 228720, 228800]",43477.52,0.93,6.81,0.18,0.0,0.0,0.09,1.14,90.84
3807,1346,2020,"[228100, 228210, 228220, 228320, 228600, 228710, 228720, 228800]",45882.84,0.88,6.1,0.0,0.0,0.0,0.18,1.6,91.24
3808,1346,2021,"[228100, 228210, 228220, 228320, 228600, 228710, 228720, 228800]",51380.68,1.07,4.57,0.1,0.0,0.0,0.21,1.73,92.31
3809,1346,2022,"[228100, 228210, 228220, 228320, 228600, 228710, 228720, 228800]",53758.55,1.01,5.34,0.17,0.59,0.0,0.18,1.57,91.14
3810,1347,2017,"[227010, 227020, 228100, 228220, 228800]",43425.06,0.0,9.1,0.0,0.0,0.0,0.0,0.0,90.9
3811,1347,2018,"[227010, 227020, 228100, 228220, 228800]",46274.03,0.0,7.92,0.0,0.0,0.0,0.0,0.0,92.07
3812,1347,2019,"[227010, 227020, 228100, 228220, 228800]",47443.88,0.0,5.92,0.0,0.27,0.0,0.0,0.25,93.55
3813,1347,2020,"[206051, 227010, 227020, 228100, 228220, 228800, 980016]",55359.98,5.44,4.74,0.0,0.45,0.0,0.95,0.63,87.79
3814,1347,2021,"[206051, 227010, 227020, 228100, 228220, 228800, 980016]",50788.49,4.79,3.09,0.0,0.65,0.0,0.81,0.69,89.97
3815,1347,2022,"[206051, 227010, 227020, 228100, 228220, 228800, 980016]",65107.28,5.43,0.28,0.0,0.64,0.0,0.91,0.72,92.02
3816,1351,2017,"[228420, 231100, 231720, 231800]",29897.21,0.03,8.59,0.24,0.19,0.0,0.0,1.26,89.69
3817,1351,2018,"[228420, 231100, 231720, 231800]",33606.29,0.03,7.81,0.23,0.02,0.0,0.2,2.9,88.81
3818,1351,2019,"[228420, 231100, 231720, 231800]",36754.63,0.04,4.54,0.0,0.03,0.0,0.19,2.54,92.67
3819,1351,2020,"[228420, 231100, 231720, 231800]",35446.91,0.03,7.79,0.0,0.02,0.0,0.33,2.95,88.89
3820,1351,2021,"[228420, 231100, 231720, 231800]",38081.67,0.03,9.04,0.0,0.03,0.0,0.33,4.05,86.52
3821,1351,2022,"[228420, 231100, 231720, 231800]",44059.73,0.53,5.17,0.0,0.03,0.0,0.39,1.97,91.92
3822,1352,2017,"[228320, 228420, 228500, 228600, 229300]",30909.32,0.0,18.41,0.0,0.66,0.0,0.39,0.0,80.53
3823,1352,2018,"[228320, 228420, 228500, 228600, 229300]",33265.26,0.0,15.39,0.0,0.63,0.0,0.0,0.0,83.99
3824,1352,2019,"[228320, 228420, 228500, 228600, 229300]",33143.75,0.0,15.34,0.0,0.0,0.0,0.0,0.0,84.65
3825,1352,2020,"[228320, 228420, 228500, 228600, 229300, 231902]",36862.07,0.0,17.38,0.17,0.0,0.0,0.0,0.0,82.45
3826,1352,2021,"[228320, 228420, 228500, 228600, 229300, 231902]",36550.47,0.0,20.08,0.15,0.0,0.0,0.0,0.0,79.78
3827,1352,2022,"[228320, 228420, 228500, 228600, 229300, 231902]",43649.19,0.36,20.15,0.16,0.0,0.0,0.0,0.0,79.34
3828,1353,2017,"[228320, 228600, 229200]",33377.12,0.34,6.15,0.3,0.16,3.85,0.0,0.0,89.19
3829,1353,2018,"[228320, 228600, 229200]",42288.9,0.56,7.06,0.33,0.12,0.0,0.0,0.04,91.89
3830,1353,2019,"[228320, 228600, 229200]",48383.58,0.49,6.39,0.28,0.08,0.0,0.0,0.68,92.08
3831,1353,2020,"[228320, 228600, 229200]",53848.36,0.26,6.46,0.73,0.1,0.0,0.0,1.66,90.79
3832,1353,2021,"[228320, 228600, 229200]",42847.9,0.4,2.39,0.0,0.06,0.0,0.0,1.11,96.04
3833,1353,2022,"[228320, 228600, 229200]",44912.29,0.42,3.02,0.0,0.0,0.0,0.0,1.0,95.56
3834,1354,2017,"[228320, 228410, 228420, 228500, 231100, 231800]",31339.95,0.7,7.25,0.0,1.35,0.0,0.0,0.0,90.71
3835,1354,2018,"[228320, 228410, 228420, 228500, 231100, 231800]",35034.77,0.86,6.77,0.0,0.0,0.0,0.0,0.0,92.37
3836,1354,2019,"[228320, 228410, 228420, 228500, 231100, 231800]",38096.13,0.43,7.32,0.0,0.0,0.0,0.0,0.15,92.1
3837,1354,2020,"[228320, 228410, 228420, 228500, 231100, 231800]",43652.45,0.0,6.47,0.0,0.0,0.0,0.0,0.15,93.37
3838,1354,2021,"[228320, 228410, 228420, 228500, 231100, 231800]",68064.07,0.0,1.85,0.0,0.0,0.0,0.0,0.1,98.04
3839,1354,2022,"[228320, 228410, 228420, 228500, 231100, 231800]",82711.87,0.0,2.31,0.0,0.0,0.0,0.0,0.16,97.52
3840,1361,2017,"[228420, 228500, 229300, 231720, 231800, 232120, 232800]",32695.05,0.81,14.36,0.26,1.64,0.0,0.0,0.19,82.73
3841,1361,2018,"[228420, 228500, 229300, 231720, 231800, 232120, 232800]",36341.48,1.06,15.41,0.22,2.16,0.0,0.03,0.45,80.67
3842,1361,2019,"[228420, 228500, 229300, 231720, 231800, 232120, 232800]",37433.68,0.55,16.61,0.35,1.47,0.0,0.03,0.4,80.57
3843,1361,2020,"[228420, 228500, 229300, 231720, 231800, 231901, 231902, 232120, 232800]",38154.52,0.28,7.66,0.31,0.29,0.0,0.0,1.06,90.38
3844,1361,2021,"[228420, 228500, 229300, 231720, 231800, 231901, 231902, 232120, 232800]",48920.59,0.17,8.69,0.0,1.06,0.0,0.0,0.62,89.46
3845,1361,2022,"[228420, 228500, 229300, 231720, 231800, 231901, 231902, 232120, 232800]",46050.45,0.05,9.86,0.0,0.05,0.0,0.0,0.41,89.63
3846,1362,2017,"[228500, 228600, 229200, 229300, 229420]",30957.99,0.4,10.51,0.0,0.0,0.0,0.43,0.09,88.58
3847,1362,2018,"[228500, 228600, 229200, 229300, 229420]",31726.18,0.73,10.78,0.1,0.0,0.0,0.31,0.29,87.77
3848,1362,2019,"[228500, 228600, 229200, 229300, 229420]",37467.33,0.75,9.68,0.44,0.0,0.12,0.23,1.17,87.61
3849,1362,2020,"[228500, 228600, 229200, 229300, 229420, 231901, 231902]",43178.67,3.93,4.72,0.17,0.0,0.12,0.24,0.77,90.05
3850,1362,2021,"[228500, 228600, 229200, 229300, 229420, 231901, 231902]",50056.05,3.4,4.04,0.58,0.47,0.16,0.21,1.51,89.64
3851,1362,2022,"[228500, 228600, 229200, 229300, 229420, 231901, 231902]",55144.75,3.63,2.5,0.42,0.5,0.25,0.22,1.17,91.31
3852,1363,2017,"[228600, 229200, 229300, 229420]",30571.3,0.43,15.79,0.0,1.03,0.01,0.0,0.0,82.74
3853,1363,2018,"[228600, 229200, 229300, 229420]",37338.25,0.32,15.22,0.0,1.18,0.0,0.0,0.0,83.27
3854,1363,2019,"[228600, 229200, 229300, 229420]",41275.26,0.22,13.52,0.0,1.12,0.0,0.0,0.0,85.14
3855,1363,2020,"[228600, 229200, 229300, 229420]",54475.93,0.18,12.47,0.0,0.91,0.0,0.0,0.01,86.43
3856,1363,2021,"[228600, 229200, 229300, 229420]",48997.41,0.23,9.52,0.0,1.08,0.0,0.0,0.78,88.39
3857,1363,2022,"[228600, 229200, 229300, 229420]",48410.6,0.61,10.25,0.0,1.28,0.0,0.0,1.62,86.23
3858,1364,2017,"[228220, 228600, 228710, 228720, 229200, 229420]",30701.2,0.26,16.03,0.0,0.41,0.0,0.16,0.26,82.88
3859,1364,2018,"[228220, 228600, 228710, 228720, 229200, 229420]",30756.8,0.63,12.42,0.18,0.76,0.0,0.18,1.01,84.82
3860,1364,2019,"[228220, 228600, 228710, 228720, 229200, 229420]",31875.01,0.58,9.4,0.15,0.98,0.0,0.0,0.53,88.37
3861,1364,2020,"[228220, 228600, 228710, 228720, 229200, 229420]",33753.74,1.69,8.16,0.17,0.35,0.0,0.0,0.57,89.06
3862,1364,2021,"[228220, 228600, 228710, 228720, 229200, 229420]",43100.59,1.3,8.84,0.14,0.53,0.0,0.0,0.53,88.65
3863,1364,2022,"[228220, 228600, 228710, 228720, 229200, 229420]",47244.59,1.47,5.27,0.1,0.41,0.0,0.0,1.06,91.7
3864,1365,2017,"[228220, 228710, 228720, 228800, 229100]",36177.51,0.82,9.64,0.0,0.0,0.0,0.0,0.0,89.54
3865,1365,2018,"[228220, 228710, 228720, 228800, 229100]",36597.94,0.6,9.63,0.0,0.0,0.0,0.21,0.0,89.56
3866,1365,2019,"[228220, 228710, 228720, 228800, 229100]",38943.25,0.64,10.87,0.0,0.0,0.0,0.25,0.0,88.24
3867,1365,2020,"[228220, 228710, 228720, 228800, 229100]",49864.48,0.85,9.91,0.0,0.0,0.0,0.22,0.0,89.02
3868,1365,2021,"[228220, 228710, 228720, 228800, 229100]",53089.88,0.24,10.29,0.0,0.0,0.16,0.1,0.0,89.2
3869,1365,2022,"[228220, 228710, 228720, 228800, 229100]",56187.78,0.27,10.21,0.0,0.0,0.15,0.06,0.0,89.31
3870,1367,2017,"[228100, 228720, 228800, 228900, 229100]",32412.86,0.0,9.29,0.0,0.0,0.2,0.0,0.22,90.29
3871,1367,2018,"[228100, 228720, 228800, 228900, 229100]",38963.65,0.0,7.63,0.0,0.0,0.08,0.0,0.12,92.17
3872,1367,2019,"[228100, 228720, 228800, 228900, 229100]",41245.2,0.0,8.31,0.0,0.0,0.13,0.0,0.17,91.39
3873,1367,2020,"[228100, 228720, 228800, 228900, 229100, 980016]",40992.65,0.02,5.54,0.0,0.0,0.17,0.0,0.2,94.07
3874,1367,2021,"[228100, 228720, 228800, 228900, 229100, 980016]",50779.8,0.01,4.91,0.0,1.74,0.09,0.0,0.09,93.15
3875,1367,2022,"[228100, 228720, 228800, 228900, 229100, 980016]",53924.49,0.01,7.88,0.0,2.41,0.0,0.0,0.0,89.7
3876,1371,2017,"[229300, 229410, 232120, 232800]",30638.87,0.5,10.51,0.0,0.0,0.0,0.65,0.25,88.1
3877,1371,2018,"[229300, 229410, 232120, 232800]",33411.97,0.44,8.84,0.1,0.0,0.0,0.49,0.34,89.79
3878,1371,2019,"[229300, 229410, 232120, 232800]",33438.4,0.6,11.69,0.07,0.0,0.0,0.65,0.4,86.59
3879,1371,2020,"[229300, 229410, 231901, 231902, 232120, 232702, 232800]",38853.53,0.4,12.83,0.28,0.02,0.0,0.87,1.1,84.5
3880,1371,2021,"[229300, 229410, 231901, 231902, 232120, 232702, 232800]",41654.86,0.52,12.48,0.38,0.0,0.0,0.13,1.27,85.21
3881,1371,2022,"[229300, 229410, 231901, 231902, 232120, 232702, 232800]",55872.64,0.61,10.74,0.94,0.0,0.0,0.11,1.43,86.18
3882,1372,2017,"[229300, 229410, 229420, 232800]",27074.21,1.15,9.66,0.0,0.0,0.0,0.0,0.0,89.19
3883,1372,2018,"[229300, 229410, 229420, 232800]",30235.55,0.7,8.82,0.0,0.59,0.0,0.0,0.0,89.89
3884,1372,2019,"[229300, 229410, 229420, 232800]",34415.58,0.78,5.23,0.0,0.92,0.0,0.0,0.73,92.33
3885,1372,2020,"[229300, 229410, 229420, 232800]",47396.37,1.37,3.73,0.0,0.25,0.0,0.0,0.53,94.11
3886,1372,2021,"[229300, 229410, 229420, 232800]",52005.51,1.29,3.62,0.0,0.15,0.0,0.4,0.51,94.02
3887,1372,2022,"[229300, 229410, 229420, 232800]",60060.24,1.12,10.74,0.0,0.08,0.0,0.38,0.66,87.02
3888,1373,2017,"[229100, 229200, 229420, 532800]",34860.21,0.34,8.99,0.0,0.2,0.0,0.0,0.16,90.3
3889,1373,2018,"[229100, 229200, 229420, 532800]",36882.78,0.32,8.1,0.0,0.12,0.0,0.0,0.16,91.29
3890,1373,2019,"[229100, 229200, 229420, 532800]",42251.33,0.38,8.05,0.0,0.29,0.0,0.25,0.0,91.02
3891,1373,2020,"[229100, 229200, 229420, 532800]",45872.08,0.59,7.76,0.0,0.32,0.0,0.27,0.0,91.06
3892,1373,2021,"[229100, 229200, 229420, 532800]",48941.44,0.54,6.88,0.0,0.19,0.0,0.17,0.0,92.22
3893,1373,2022,"[229100, 229200, 229420, 532800]",53975.41,0.42,8.15,0.0,0.16,0.0,0.21,0.0,91.06
3894,1375,2017,"[228710, 228720, 228900, 229100, 229420, 532800]",43891.82,1.04,6.56,0.12,0.0,0.0,0.0,0.37,91.91
3895,1375,2018,"[228710, 228720, 228900, 229100, 229420, 532800]",44847.39,0.84,3.64,0.0,0.0,0.0,0.0,0.27,95.25
3896,1375,2019,"[228710, 228720, 228900, 229100, 229420, 532800]",46658.52,0.29,8.26,0.0,0.0,0.0,0.08,0.21,91.16
3897,1375,2020,"[228710, 228720, 228900, 229100, 229420, 532800]",53933.93,1.22,9.69,0.0,0.0,0.0,1.43,0.21,87.44
3898,1375,2021,"[228710, 228720, 228900, 229100, 229420, 532800]",54331.64,1.1,12.73,0.0,0.0,0.0,1.95,0.35,83.87
3899,1375,2022,"[228710, 228720, 228900, 229100, 229420, 532800]",64436.82,1.01,13.45,0.0,0.0,0.0,2.13,0.22,83.18
3900,1377,2017,"[228800, 228900, 229100]",17314.18,0.0,10.61,0.0,1.35,0.0,0.0,0.0,88.04
3901,1377,2018,"[228800, 228900, 229100]",19182.85,0.0,13.41,0.0,0.19,0.0,0.0,0.0,86.41
3902,1377,2019,"[228800, 228900, 229100]",23834.37,0.17,12.52,0.0,0.0,0.0,0.0,0.0,87.31
3903,1377,2020,"[228800, 228900, 229100, 532607, 980016]",28097.36,0.2,8.8,0.0,0.0,0.0,1.41,0.0,89.59
3904,1377,2021,"[228800, 228900, 229100, 532607, 980016]",32367.58,0.21,9.26,0.0,0.01,0.0,1.55,0.0,88.97
3905,1377,2022,"[228800, 228900, 229100, 532607, 980016]",33203.92,0.19,7.33,0.0,0.01,0.0,1.67,0.8,90.0
3906,1381,2017,"[232800, 237102, 239201]",34324.09,0.69,19.62,0.12,0.02,0.0,0.01,0.33,79.2
3907,1381,2018,"[232800, 237102, 239201]",36908.66,0.65,19.59,0.12,0.02,0.0,0.02,0.39,79.2
3908,1381,2019,"[232800, 237102, 239201]",36091.64,0.73,15.03,0.15,0.03,0.0,0.02,0.35,83.7
3909,1381,2020,"[232702, 232800, 237102, 239201]",36729.58,0.61,12.27,0.03,0.03,0.0,0.0,0.21,86.84
3910,1381,2021,"[232702, 232800, 237102, 239201]",49906.67,0.45,9.13,0.0,0.03,0.0,0.37,0.07,89.96
3911,1381,2022,"[232702, 232800, 237102, 239201]",46994.97,0.43,8.56,0.0,0.1,0.0,0.43,0.01,90.46
3912,1383,2017,"[229410, 232800, 239201, 239202]",33053.82,0.48,19.22,0.06,0.01,0.0,0.0,0.53,79.7
3913,1383,2018,"[229410, 232800, 239201, 239202]",36419.89,0.48,16.01,0.45,0.0,0.0,0.0,0.31,82.75
3914,1383,2019,"[229410, 232800, 239201, 239202]",39297.91,0.42,11.01,0.42,0.0,0.0,0.0,0.45,87.7
3915,1383,2020,"[229410, 232800, 239201, 239202]",39518.21,0.35,10.32,0.23,0.0,0.0,0.0,0.37,88.72
3916,1383,2021,"[229410, 232800, 239201, 239202]",48307.12,0.27,9.88,0.31,0.0,0.0,0.19,0.4,88.95
3917,1383,2022,"[229410, 232800, 239201, 239202]",47695.54,0.48,7.7,0.3,0.11,0.0,0.22,0.07,91.12
3918,1385,2017,"[229410, 229420, 239202, 532800, 532900]",31763.67,0.26,18.56,0.0,0.0,0.0,0.0,0.74,80.44
3919,1385,2018,"[229410, 229420, 239202, 532800, 532900]",35899.96,0.3,12.13,0.76,0.0,0.0,0.0,0.24,86.56
3920,1385,2019,"[229410, 229420, 239202, 532800, 532900]",42569.75,0.12,7.03,0.67,0.0,0.0,0.0,0.54,91.62
3921,1385,2020,"[229410, 229420, 239202, 532800, 532900]",42343.74,0.11,8.61,0.43,0.0,0.0,0.0,0.52,90.33
3922,1385,2021,"[229410, 229420, 239202, 532800, 532900]",46372.05,0.09,11.12,0.62,0.01,0.0,0.0,0.74,87.43
3923,1385,2022,"[229410, 229420, 239202, 532800, 532900]",48487.13,0.53,7.32,0.59,0.15,0.0,0.0,0.12,91.28
3924,1391,2017,"[237102, 237600, 239201, 239310]",34847.64,2.24,12.84,0.01,0.04,0.0,0.0,0.17,84.7
3925,1391,2018,"[237102, 237600, 239201, 239310]",39001.94,2.19,9.42,0.01,0.04,0.0,0.0,0.15,88.19
3926,1391,2019,"[237102, 237600, 239201, 239310]",36990.02,0.99,11.54,0.02,0.18,0.0,0.0,0.16,87.11
3927,1391,2020,"[237102, 237600, 239201, 239310]",40689.63,0.87,9.39,0.02,0.14,0.0,0.0,0.16,89.42
3928,1391,2021,"[237102, 237600, 239201, 239310]",43673.42,0.65,9.94,0.01,0.15,0.0,0.08,0.05,89.13
3929,1391,2022,"[237102, 237600, 239201, 239310]",52278.91,0.08,10.74,0.01,0.18,0.0,0.07,0.06,88.85
3930,1393,2017,"[239201, 239202, 239310, 239320]",34798.0,2.47,11.68,0.0,0.0,0.0,0.0,0.15,85.7
3931,1393,2018,"[239201, 239202, 239310, 239320]",39480.16,2.41,7.86,0.0,0.0,0.0,0.0,0.13,89.6
3932,1393,2019,"[239201, 239202, 239310, 239320]",37266.81,1.02,10.73,0.0,0.13,0.0,0.0,0.13,87.97
3933,1393,2020,"[239201, 239202, 239310, 239320]",41126.21,0.91,8.73,0.0,0.13,0.0,0.0,0.15,90.07
3934,1393,2021,"[239201, 239202, 239310, 239320]",42950.64,0.68,9.68,0.0,0.17,0.0,0.01,0.05,89.42
3935,1393,2022,"[239201, 239202, 239310, 239320]",53013.08,0.03,10.55,0.0,0.2,0.0,0.01,0.07,89.14
3936,1394,2017,"[239202, 239310, 239320, 239330]",40262.9,0.23,13.81,0.0,0.14,0.0,0.0,1.63,84.2
3937,1394,2018,"[239202, 239310, 239320, 239330]",42182.85,0.26,13.41,0.0,0.14,0.0,0.0,1.39,84.8
3938,1394,2019,"[239202, 239310, 239320, 239330]",44867.62,0.29,10.77,0.0,0.15,0.0,2.9,1.42,84.47
3939,1394,2020,"[239202, 239310, 239320, 239330]",48693.68,0.0,7.67,0.0,0.17,0.0,3.24,1.61,87.31
3940,1394,2021,"[239202, 239310, 239320, 239330]",48065.77,0.0,9.23,0.0,0.0,0.0,4.18,0.0,86.58
3941,1394,2022,"[239202, 239310, 239320, 239330]",50393.32,0.0,9.0,0.0,0.0,0.0,4.47,0.0,86.53
3942,1395,2017,"[239202, 239330, 239501, 532900, 535001]",35601.45,0.01,9.61,0.0,0.0,0.0,0.0,0.99,89.38
3943,1395,2018,"[239202, 239330, 239501, 532900, 535001]",34783.76,0.52,7.66,0.01,0.0,0.0,0.0,0.59,91.23
3944,1395,2019,"[239202, 239330, 239501, 532900, 535001]",32871.08,0.76,11.45,0.01,0.0,0.0,0.0,1.0,86.78
3945,1395,2020,"[239202, 239330, 239501, 532900, 535001]",40307.72,0.43,7.4,0.0,0.01,0.0,0.0,1.27,90.89
3946,1395,2021,"[239202, 239330, 239501, 532900, 535001]",64586.56,0.54,6.06,0.01,0.01,0.0,0.0,0.36,93.04
3947,1395,2022,"[239202, 239330, 239501, 532900, 535001]",46946.79,0.5,8.26,0.01,0.01,0.0,0.0,0.3,90.92
3948,1401,2017,"[271200, 271300, 271500, 702300]",91073.58,62.96,4.81,0.0,15.23,0.0,0.01,4.65,12.34
3949,1401,2018,"[271200, 271300, 271500, 702300]",90688.97,64.06,0.07,0.0,17.96,0.0,0.01,3.03,14.87
3950,1401,2019,"[271200, 271300, 271500, 702300]",100593.72,62.31,0.63,0.0,18.66,0.0,0.0,2.73,15.66
3951,1401,2020,"[271200, 271300, 271500, 702300]",103700.37,59.41,0.54,0.0,22.17,0.0,0.3,2.52,15.06
3952,1401,2021,"[271200, 271300, 271500, 702300]",102165.93,54.43,0.48,0.14,23.27,0.0,0.25,5.62,15.81
3953,1401,2022,"[271200, 271300, 271500, 702300]",115877.97,52.62,0.72,0.12,21.3,0.0,0.25,9.06,15.94
3954,1402,2017,"[271200, 271300]",90939.32,62.8,4.82,0.0,15.32,0.0,0.01,4.65,12.4
3955,1402,2018,"[271200, 271300]",90560.88,63.93,0.08,0.0,17.98,0.0,0.01,3.04,14.95
3956,1402,2019,"[271200, 271300]",100430.21,62.18,0.65,0.0,18.66,0.0,0.0,2.73,15.77
3957,1402,2020,"[271200, 271300]",103618.92,59.26,0.55,0.0,22.17,0.0,0.3,2.53,15.19
3958,1402,2021,"[271200, 271300]",102062.87,54.31,0.49,0.14,23.25,0.0,0.25,5.61,15.94
3959,1402,2022,"[271200, 271300]",115721.83,52.52,0.73,0.11,21.28,0.0,0.26,9.04,16.07
3960,1403,2017,"[271100, 271200, 271300, 271702]",61498.46,33.18,3.99,0.98,41.81,0.54,0.44,3.59,15.46
3961,1403,2018,"[271100, 271200, 271300, 271702]",63823.27,35.91,4.12,1.57,38.21,0.52,0.72,4.43,14.52
3962,1403,2019,"[271100, 271200, 271300, 271702]",69641.6,36.63,4.83,1.67,35.39,0.0,0.27,3.83,17.38
3963,1403,2020,"[271100, 271200, 271300, 271702, 271704]",95621.32,35.59,9.54,1.28,35.36,0.0,0.37,3.86,14.01
3964,1403,2021,"[271100, 271200, 271300, 271702, 271704]",99518.56,40.4,4.75,1.54,34.98,0.0,0.48,4.58,13.27
3965,1403,2022,"[271100, 271200, 271300, 271702, 271704]",108697.78,41.03,3.5,0.31,31.94,0.0,0.37,7.5,15.35
3966,1405,2017,"[269000, 269300, 269907, 271100]",153621.45,82.56,1.97,0.0,7.82,0.02,0.04,2.85,4.76
3967,1405,2018,"[269000, 269300, 269907, 271100]",159999.22,80.21,2.65,0.0,8.41,0.0,0.04,5.6,3.09
3968,1405,2019,"[269000, 269300, 269907, 271100]",162840.47,76.74,1.98,0.0,9.22,0.0,0.04,7.82,4.2
3969,1405,2020,"[269000, 269300, 269907, 269908, 271100, 271704]",83917.49,49.16,8.71,0.0,29.98,0.0,1.43,2.49,8.23
3970,1405,2021,"[269000, 269300, 269907, 269908, 271100, 271704]",88436.91,44.31,7.54,0.0,26.99,0.0,1.45,3.38,16.32
3971,1405,2022,"[269000, 269300, 269907, 269908, 271100, 271704]",94865.53,40.54,9.29,0.0,27.71,0.0,2.14,3.99,16.32
3972,1406,2017,"[269903, 269905, 269906, 269907, 702801]",57923.35,38.76,7.04,0.0,21.13,0.0,2.48,4.49,26.09
3973,1406,2018,"[269903, 269905, 269906, 269907, 702801]",59790.33,43.35,6.22,0.0,20.02,0.0,2.48,4.85,23.07
3974,1406,2019,"[269903, 269905, 269906, 269907, 702801]",65824.25,36.27,8.73,0.0,22.8,0.0,4.46,7.13,20.6
3975,1406,2020,"[269903, 269905, 269906, 269907, 269908, 269909, 271704, 271803, 702801]",72895.23,41.03,10.17,0.0,19.8,0.0,2.95,6.26,19.79
3976,1406,2021,"[269903, 269905, 269906, 269907, 269908, 269909, 271704, 271803, 702801]",80142.38,38.71,9.67,0.0,20.54,0.0,0.5,7.1,23.48
3977,1406,2022,"[269903, 269905, 269906, 269907, 269908, 269909, 271704, 271803, 702801]",87754.59,38.01,11.36,0.0,20.58,0.0,0.65,6.42,22.98
3978,1407,2017,"[269000, 269905, 269906, 269907, 702400, 702501]",67812.7,38.31,11.54,0.35,18.3,0.93,0.76,4.45,25.36
3979,1407,2018,"[269000, 269905, 269906, 269907, 702400, 702501]",70608.53,40.46,11.86,0.12,19.66,0.47,1.4,3.86,22.16
3980,1407,2019,"[269000, 269905, 269906, 269907, 702400, 702501]",84688.23,38.84,12.85,0.13,20.0,0.7,1.31,4.19,21.99
3981,1407,2020,"[269000, 269905, 269906, 269907, 269908, 270101, 270102, 702400, 702501]",92278.18,40.1,13.17,0.12,23.63,0.0,0.55,4.55,17.87
3982,1407,2021,"[269000, 269905, 269906, 269907, 269908, 270101, 270102, 702400, 702501]",98234.64,42.77,11.46,0.0,23.36,0.56,0.71,4.37,16.77
3983,1407,2022,"[269000, 269905, 269906, 269907, 269908, 270101, 270102, 702400, 702501]",105027.93,42.67,10.98,0.0,24.32,0.45,0.59,5.33,15.66
3984,1408,2017,[269800],59444.0,48.55,5.47,0.0,22.57,0.31,0.0,4.45,18.65
3985,1408,2018,[269800],77778.0,51.84,7.65,0.0,19.79,0.0,0.0,3.23,17.48
3986,1408,2019,[269800],83214.0,47.08,7.35,0.0,27.74,0.0,0.0,3.45,14.38
3987,1408,2020,"[269800, 270101]",85819.4,42.9,17.16,0.4,21.09,0.0,0.0,3.86,14.58
3988,1408,2021,"[269800, 270101]",86621.15,39.33,18.77,0.5,22.49,0.0,0.0,3.89,15.03
3989,1408,2022,"[269800, 270101]",87644.3,41.87,13.31,0.52,23.71,0.0,0.0,4.26,16.33
3990,1409,2017,"[269000, 269700, 269800, 269907, 270200, 702400]",62350.14,43.94,5.82,0.0,19.42,0.33,0.59,4.28,25.61
3991,1409,2018,"[269000, 269700, 269800, 269907, 270200, 702400]",77027.85,47.58,7.55,0.0,18.13,0.0,0.09,3.31,23.35
3992,1409,2019,"[269000, 269700, 269800, 269907, 270200, 702400]",81414.41,44.21,7.48,0.0,24.24,0.0,0.19,3.55,20.33
3993,1409,2020,"[269000, 269700, 269800, 269907, 270101, 270102, 270200, 702400]",82222.31,37.45,13.8,1.07,24.48,0.0,0.19,4.0,19.01
3994,1409,2021,"[269000, 269700, 269800, 269907, 270101, 270102, 270200, 702400]",81159.91,38.96,14.49,0.36,25.6,0.0,0.0,3.47,17.11
3995,1409,2022,"[269000, 269700, 269800, 269907, 270101, 270102, 270200, 702400]",83455.28,42.31,10.44,0.38,25.18,0.0,0.0,4.42,17.28
3996,1411,2017,"[273502, 702102]",70028.91,74.73,3.93,0.01,3.65,0.0,0.02,4.92,12.74
3997,1411,2018,"[273502, 702102]",83456.0,75.83,5.43,0.61,1.91,0.0,0.02,4.97,11.23
3998,1411,2019,"[273502, 702102]",89839.78,76.54,5.96,0.62,2.17,0.0,0.02,3.25,11.44
3999,1411,2020,"[273502, 702102]",91598.92,76.17,4.8,0.88,3.71,0.0,0.03,3.87,10.54
4000,1411,2021,"[273502, 702102]",93903.28,75.47,5.79,1.53,2.36,0.0,0.0,3.85,11.0
4001,1411,2022,"[273502, 702102]",103410.76,75.77,6.46,1.69,2.38,0.0,0.0,6.56,7.15
4002,1412,2017,"[273300, 273502, 702102]",83240.57,66.47,6.71,0.43,4.49,0.0,0.69,4.77,16.42
4003,1412,2018,"[273300, 273502, 702102]",82350.86,65.63,7.57,0.23,4.87,0.0,0.66,5.62,15.42
4004,1412,2019,"[273300, 273502, 702102]",78646.63,67.28,6.51,0.29,4.71,0.0,0.62,5.33,15.26
4005,1412,2020,"[273300, 273404, 273502, 702102]",72300.27,87.99,1.24,0.0,5.14,0.0,0.01,1.49,4.13
4006,1412,2021,"[273300, 273404, 273502, 702102]",74913.21,84.46,3.04,0.0,5.77,0.0,0.0,4.07,2.65
4007,1412,2022,"[273300, 273404, 273502, 702102]",79515.04,84.65,3.96,0.0,6.09,0.0,1.04,3.29,0.97
4008,1413,2017,"[273200, 273300, 273600, 273502, 702102]",68902.65,55.14,11.88,0.64,2.12,0.0,0.94,2.55,26.73
4009,1413,2018,"[273200, 273300, 273600, 273502, 702102]",72028.73,53.17,15.56,0.0,1.65,0.0,0.92,3.81,24.88
4010,1413,2019,"[273200, 273300, 273600, 273502, 702102]",71901.41,55.1,14.29,0.0,2.41,0.0,0.89,2.45,24.87
4011,1413,2020,"[273200, 273300, 273404, 273600, 273502, 702102]",76406.06,59.62,15.54,0.0,1.84,0.0,0.77,2.32,19.9
4012,1413,2021,"[273200, 273300, 273404, 273600, 273502, 702102]",83063.67,55.24,16.59,0.0,2.72,0.0,0.9,3.22,21.32
4013,1413,2022,"[273200, 273300, 273404, 273600, 273502, 702102]",91866.88,59.39,16.22,0.0,2.59,0.0,0.0,3.03,18.77
4014,1414,2017,"[273100, 273200, 273300, 273600, 702202, 702102]",83495.65,49.17,8.05,0.34,1.64,0.0,0.0,3.51,37.28
4015,1414,2018,"[273100, 273200, 273300, 273600, 702202, 702102]",84716.41,52.37,5.92,0.43,1.18,0.0,0.0,3.4,36.7
4016,1414,2019,"[273100, 273200, 273300, 273600, 702202, 702102]",88757.01,53.15,6.52,0.49,2.25,0.0,0.0,3.01,34.58
4017,1414,2020,"[273100, 273200, 273300, 273600, 702202, 702102]",100155.14,58.11,6.12,1.07,1.94,0.0,0.22,1.83,30.7
4018,1414,2021,"[273100, 273200, 273300, 273600, 702202, 702102]",106165.26,61.0,7.22,1.07,1.95,0.0,0.25,1.6,26.9
4019,1414,2022,"[273100, 273200, 273300, 273600, 702202, 702102]",125203.55,60.33,6.41,0.0,1.7,0.0,0.24,2.76,28.56
4020,1415,2017,"[271400, 273100, 273200, 273600, 702202]",118940.68,69.97,1.5,0.0,4.88,0.0,0.87,2.72,20.07
4021,1415,2018,"[271400, 273100, 273200, 273600, 702202]",114999.68,68.79,1.52,0.23,5.38,0.0,0.7,2.73,20.63
4022,1415,2019,"[271400, 273100, 273200, 273600, 702202]",121498.08,67.25,2.26,0.18,7.8,0.0,0.69,1.5,20.31
4023,1415,2020,"[271400, 273100, 273200, 273600, 702202]",140969.93,65.34,3.37,0.14,7.32,0.0,0.65,1.81,21.37
4024,1415,2021,"[271400, 273100, 273200, 273600, 702202]",132651.08,66.48,3.3,0.2,7.35,0.0,0.75,1.91,20.01
4025,1415,2022,"[271400, 273100, 273200, 273600, 702202]",140217.76,68.19,2.27,0.19,7.75,0.0,1.21,2.16,18.23
4026,1416,2017,"[271400, 271500, 272100, 273100, 702300]",110155.73,69.06,1.69,0.37,10.3,0.48,0.0,2.82,15.26
4027,1416,2018,"[271400, 271500, 272100, 273100, 702300]",130850.22,69.99,1.74,0.37,10.82,0.48,0.77,3.31,12.53
4028,1416,2019,"[271400, 271500, 272100, 273100, 702300]",133506.05,70.6,1.23,0.0,10.45,1.23,1.2,4.3,10.98
4029,1416,2020,"[271400, 271500, 272100, 273100, 702300]",135541.34,68.02,1.07,0.0,10.75,0.0,0.99,4.93,14.24
4030,1416,2021,"[271400, 271500, 272100, 273100, 702300]",140909.18,72.96,0.79,0.29,11.02,0.0,1.16,7.1,6.68
4031,1416,2022,"[271400, 271500, 272100, 273100, 702300]",167261.19,72.25,0.01,0.31,11.39,0.0,1.71,7.1,7.23
4032,1424,2017,"[271300, 271400, 271500, 271600, 271902, 702300]",92984.43,63.23,2.1,0.0,13.43,0.0,0.0,4.19,17.05
4033,1424,2018,"[271300, 271400, 271500, 271600, 271902, 702300]",94309.27,62.23,5.3,0.0,13.71,1.21,0.72,2.86,13.97
4034,1424,2019,"[271300, 271400, 271500, 271600, 271902, 702300]",100663.44,66.87,3.29,0.5,13.32,1.12,0.75,3.08,11.07
4035,1424,2020,"[271300, 271400, 271500, 271600, 271902, 702300]",98471.68,67.57,2.49,0.25,17.42,1.13,0.54,1.85,8.75
4036,1424,2021,"[271300, 271400, 271500, 271600, 271902, 702300]",102228.42,63.68,4.56,0.71,14.79,1.09,0.61,4.96,9.6
4037,1424,2022,"[271300, 271400, 271500, 271600, 271902, 702300]",102048.44,64.67,5.31,0.75,16.02,1.26,0.61,4.56,6.81
4038,1425,2017,"[271300, 271500, 271600, 271901, 271902]",82601.36,46.23,6.37,0.4,30.07,0.0,0.0,5.7,11.23
4039,1425,2018,"[271300, 271500, 271600, 271901, 271902]",86530.21,47.88,3.66,0.19,30.29,0.0,0.0,6.3,11.68
4040,1425,2019,"[271300, 271500, 271600, 271901, 271902]",89811.04,45.99,4.11,0.29,29.12,0.0,0.0,6.48,14.01
4041,1425,2020,"[271300, 271500, 271600, 271901, 271902]",95628.05,43.13,4.03,0.38,31.3,0.0,0.0,7.63,13.53
4042,1425,2021,"[271300, 271500, 271600, 271901, 271902]",101272.97,45.57,3.21,0.13,30.84,0.0,0.0,5.22,15.03
4043,1425,2022,"[271300, 271500, 271600, 271901, 271902]",112572.57,40.56,3.25,0.12,35.63,0.0,0.22,6.08,14.14
4044,1426,2017,"[271300, 271600]",82593.75,46.22,6.37,0.4,30.08,0.0,0.0,5.7,11.23
4045,1426,2018,"[271300, 271600]",86525.94,47.86,3.66,0.19,30.3,0.0,0.0,6.3,11.68
4046,1426,2019,"[271300, 271600]",89801.85,45.97,4.11,0.29,29.13,0.0,0.0,6.48,14.01
4047,1426,2020,"[271300, 271600]",95622.28,43.11,4.04,0.38,31.31,0.0,0.0,7.63,13.53
4048,1426,2021,"[271300, 271600]",101272.01,45.56,3.21,0.13,30.85,0.0,0.0,5.22,15.04
4049,1426,2022,"[271300, 271600]",112572.26,40.55,3.25,0.12,35.64,0.0,0.22,6.08,14.14
4050,1427,2017,"[271300, 271600, 271702]",59186.94,31.69,4.17,1.06,43.36,0.59,0.4,3.59,15.14
4051,1427,2018,"[271300, 271600, 271702]",61618.47,34.31,4.41,1.69,39.73,0.56,0.73,4.49,14.08
4052,1427,2019,"[271300, 271600, 271702]",67933.59,35.08,5.11,1.8,36.59,0.0,0.25,3.94,17.23
4053,1427,2020,"[271300, 271600, 271702, 271703]",71087.71,33.22,6.05,2.19,34.86,0.0,0.26,3.7,19.72
4054,1427,2021,"[271300, 271600, 271702, 271703]",75064.47,35.51,5.7,2.62,31.8,0.0,0.28,4.71,19.38
4055,1427,2022,"[271300, 271600, 271702, 271703]",81937.11,34.23,3.87,0.53,29.29,0.0,0.22,8.95,22.91
4056,1428,2017,"[271100, 271702]",85718.38,45.98,2.37,0.14,27.88,0.08,0.87,3.86,18.81
4057,1428,2018,"[271100, 271702]",87900.11,50.08,1.72,0.22,24.05,0.07,0.58,4.51,18.76
4058,1428,2019,"[271100, 271702]",86432.98,50.18,2.51,0.24,24.39,0.0,0.5,3.6,18.59
4059,1428,2020,"[269908, 269909, 271100, 271702, 271703, 271704, 271804]",115169.41,38.34,11.86,0.0,34.09,0.34,0.26,3.73,11.38
4060,1428,2021,"[269908, 269909, 271100, 271702, 271703, 271704, 271804]",120036.71,45.13,4.28,0.0,35.95,0.38,0.58,3.83,9.85
4061,1428,2022,"[269908, 269909, 271100, 271702, 271703, 271704, 271804]",136165.89,49.3,2.23,0.0,32.88,1.07,0.49,5.54,8.5
4062,1431,2017,"[273300, 273600, 273502, 273902]",69382.5,74.83,3.93,0.0,3.56,0.0,0.0,4.87,12.81
4063,1431,2018,"[273300, 273600, 273502, 273902]",83474.73,75.97,5.51,0.62,1.73,0.0,0.0,4.9,11.26
4064,1431,2019,"[273300, 273600, 273502, 273902]",90288.4,76.66,6.08,0.63,2.03,0.0,0.0,3.11,11.49
4065,1431,2020,"[273300, 273600, 273502, 273902]",91526.27,76.42,4.92,0.89,3.65,0.0,0.01,3.47,10.63
4066,1431,2021,"[273300, 273600, 273502, 273902]",94188.64,75.55,5.97,1.58,2.27,0.0,0.02,3.48,11.13
4067,1431,2022,"[273300, 273600, 273502, 273902]",103736.38,75.83,6.67,1.74,2.3,0.0,0.01,6.35,7.09
4068,1432,2017,"[273100, 273200, 273300, 273600, 273700]",120858.85,77.48,4.04,0.0,3.04,0.64,0.34,1.68,12.78
4069,1432,2018,"[273100, 273200, 273300, 273600, 273700]",136334.81,77.86,3.25,0.0,1.91,0.84,0.0,2.23,13.91
4070,1432,2019,"[273100, 273200, 273300, 273600, 273700]",123732.28,79.43,1.78,0.0,1.44,0.0,0.0,2.11,15.24
4071,1432,2020,"[273100, 273200, 273300, 273600, 273700]",135121.49,71.33,2.25,0.0,2.78,0.0,0.54,1.29,21.81
4072,1432,2021,"[273100, 273200, 273300, 273600, 273700]",126760.49,70.17,0.56,0.0,3.66,0.0,0.59,1.4,23.63
4073,1432,2022,"[273100, 273200, 273300, 273600, 273700]",124013.43,70.64,0.54,0.0,6.46,0.0,0.62,2.47,19.28
4074,1433,2017,"[272100, 273100, 273600, 273700]",107603.78,67.07,5.03,0.0,3.25,0.0,0.0,3.34,21.31
4075,1433,2018,"[272100, 273100, 273600, 273700]",91849.0,64.52,5.17,0.0,3.02,0.0,0.0,5.48,21.8
4076,1433,2019,"[272100, 273100, 273600, 273700]",96797.24,62.88,5.34,0.0,3.19,0.0,0.0,5.17,23.41
4077,1433,2020,"[272100, 273100, 273600, 273700]",111129.66,65.74,5.21,0.0,2.45,0.0,0.0,4.97,21.62
4078,1433,2021,"[272100, 273100, 273600, 273700]",116443.42,62.9,5.04,0.0,3.05,0.0,0.0,4.22,24.8
4079,1433,2022,"[272100, 273100, 273600, 273700]",128396.77,65.0,3.29,0.0,2.66,0.0,0.0,3.64,25.41
4080,1434,2017,"[271400, 271500, 271902, 272100, 273100, 273700]",88228.47,59.46,0.44,0.0,7.19,0.41,0.0,6.37,26.12
4081,1434,2018,"[271400, 271500, 271902, 272100, 273100, 273700]",92098.85,58.55,0.71,0.0,6.28,0.43,0.0,5.7,28.33
4082,1434,2019,"[271400, 271500, 271902, 272100, 273100, 273700]",94974.51,58.36,0.92,0.48,5.65,0.42,0.0,5.81,28.36
4083,1434,2020,"[271400, 271500, 271902, 272100, 273100, 273700]",96872.28,58.88,1.03,0.54,6.25,0.42,0.0,4.94,27.94
4084,1434,2021,"[271400, 271500, 271902, 272100, 273100, 273700]",93532.01,57.95,1.06,0.19,6.57,0.29,0.34,4.14,29.46
4085,1434,2022,"[271400, 271500, 271902, 272100, 273100, 273700]",116473.72,64.57,2.47,0.18,5.1,0.34,0.42,6.73,20.19
4086,1435,2017,"[271500, 271600, 271901, 271902]",75915.33,51.11,6.98,0.16,11.66,0.0,0.79,3.09,26.2
4087,1435,2018,"[271500, 271600, 271901, 271902]",76565.68,47.33,5.45,0.0,15.78,0.0,1.39,3.61,26.43
4088,1435,2019,"[271500, 271600, 271901, 271902]",80776.27,42.46,7.36,0.32,13.33,0.0,1.59,3.34,31.6
4089,1435,2020,"[271500, 271600, 271901, 271902]",82275.51,42.77,11.14,0.93,14.33,0.0,2.2,3.25,25.38
4090,1435,2021,"[271500, 271600, 271901, 271902]",87189.23,45.49,10.06,0.68,13.38,0.0,1.94,3.66,24.79
4091,1435,2022,"[271500, 271600, 271901, 271902]",96323.29,49.0,8.46,0.86,10.45,0.0,1.59,3.15,26.49
4092,1436,2017,"[271600, 271901]",86088.47,44.64,11.69,0.0,13.36,0.0,2.21,1.88,26.22
4093,1436,2018,"[271600, 271901]",83442.86,39.29,9.48,0.0,20.13,0.0,2.11,3.16,25.84
4094,1436,2019,"[271600, 271901]",92985.96,39.7,8.5,0.0,18.72,0.0,2.31,2.26,28.51
4095,1436,2020,"[271600, 271901]",96697.29,40.26,17.88,0.0,16.17,0.0,2.02,1.85,21.82
4096,1436,2021,"[271600, 271901]",103834.95,38.86,19.2,0.0,15.3,0.0,1.56,3.07,22.0
4097,1436,2022,"[271600, 271901]",113919.87,41.89,13.28,0.0,13.93,0.0,0.0,2.87,28.03
4098,1437,2017,"[271600, 271702, 271801, 271901]",55053.94,36.16,3.99,0.0,27.95,0.0,0.05,2.05,29.8
4099,1437,2018,"[271600, 271702, 271801, 271901]",55698.6,35.93,4.54,0.0,28.21,0.0,0.05,3.3,27.97
4100,1437,2019,"[271600, 271702, 271801, 271901]",56307.29,34.73,6.43,0.0,27.48,0.29,0.05,2.88,28.13
4101,1437,2020,"[271600, 271702, 271703, 271801, 271804, 271901]",55303.8,37.18,5.77,0.0,25.36,0.28,0.05,4.45,26.91
4102,1437,2021,"[271600, 271702, 271703, 271801, 271804, 271901]",59055.41,41.46,3.51,0.0,19.96,0.52,0.04,4.05,30.45
4103,1437,2022,"[271600, 271702, 271703, 271801, 271804, 271901]",70171.38,40.61,2.33,0.0,17.76,0.48,0.0,5.83,32.99
4104,1438,2017,"[269903, 271801]",56374.42,37.58,5.69,0.0,24.12,0.0,1.46,3.48,27.66
4105,1438,2018,"[269903, 271801]",57790.37,40.25,5.46,0.0,23.5,0.0,1.46,4.22,25.11
4106,1438,2019,"[269903, 271801]",61452.85,35.57,7.76,0.0,24.85,0.12,2.63,5.39,23.69
4107,1438,2020,"[269903, 269909, 271703, 271801, 271803, 271804]",76285.05,48.68,4.12,0.0,13.77,0.0,0.01,5.03,28.39
4108,1438,2021,"[269903, 269909, 271703, 271801, 271803, 271804]",91884.04,43.22,3.96,0.6,17.64,0.0,0.0,4.64,29.93
4109,1438,2022,"[269903, 269909, 271703, 271801, 271803, 271804]",91824.19,46.44,6.02,0.0,16.56,0.01,0.0,5.1,25.87
4110,1441,2017,"[273600, 273800, 274100, 273502, 273902]",112989.58,81.6,2.37,0.0,2.5,0.0,0.43,1.54,11.57
4111,1441,2018,"[273600, 273800, 274100, 273502, 273902]",141025.85,79.38,2.67,0.0,2.58,0.0,0.37,3.65,11.35
4112,1441,2019,"[273600, 273800, 274100, 273502, 273902]",144666.1,78.45,1.85,0.0,3.85,0.0,0.52,4.46,10.87
4113,1441,2020,"[273600, 273800, 274100, 702900, 273502, 273902]",138252.06,70.9,2.81,0.0,6.33,0.01,5.32,4.39,10.23
4114,1441,2021,"[273600, 273800, 274100, 702900, 273502, 273902]",165271.96,70.95,4.2,0.0,6.03,0.41,6.07,5.65,6.67
4115,1441,2022,"[273600, 273800, 274100, 702900, 273502, 273902]",153715.5,65.88,4.01,0.0,7.13,0.52,6.27,7.53,8.67
4116,1443,2017,"[272100, 272202, 273600, 273700, 273800, 274100, 702803, 273902]",95116.21,66.88,7.66,0.37,5.5,0.02,0.25,2.53,16.79
4117,1443,2018,"[272100, 272202, 273600, 273700, 273800, 274100, 702803, 273902]",94048.86,65.95,4.18,0.34,7.32,0.02,0.28,2.11,19.79
4118,1443,2019,"[272100, 272202, 273600, 273700, 273800, 274100, 702803, 273902]",97290.28,62.7,3.41,0.37,7.9,0.0,0.3,3.1,22.21
4119,1443,2020,"[272100, 272202, 273600, 273700, 273800, 274100, 702803, 273902]",85575.04,59.9,3.46,0.37,7.4,0.23,0.02,4.0,24.63
4120,1443,2021,"[272100, 272202, 273600, 273700, 273800, 274100, 702803, 273902]",90977.86,61.55,3.85,0.0,6.77,0.0,0.02,5.46,22.34
4121,1443,2022,"[272100, 272202, 273600, 273700, 273800, 274100, 702803, 273902]",98050.83,60.21,2.16,0.0,8.85,0.0,0.02,6.72,22.03
4122,1444,2017,"[273800, 274100, 275400, 702803, 273902]",106870.39,66.01,16.43,0.01,7.53,0.0,1.59,2.11,6.32
4123,1444,2018,"[273800, 274100, 275400, 702803, 273902]",112664.53,67.81,12.83,0.01,9.27,0.0,0.0,4.72,5.37
4124,1444,2019,"[273800, 274100, 275400, 702803, 273902]",115943.68,63.01,14.27,0.01,9.81,0.0,0.0,7.32,5.58
4125,1444,2020,"[273800, 274100, 275313, 275400, 702803, 702900, 273902]",127775.24,59.03,17.51,0.01,10.21,0.0,0.0,8.38,4.85
4126,1444,2021,"[273800, 274100, 275313, 275400, 702803, 702900, 273902]",150041.95,60.36,15.88,0.0,10.6,0.0,0.0,9.05,4.12
4127,1444,2022,"[273800, 274100, 275313, 275400, 702803, 702900, 273902]",143831.87,62.93,14.63,0.0,8.79,0.0,0.0,7.69,5.95
4128,1445,2017,"[271902, 272100, 272201, 272202, 272302, 273800, 702803]",59447.16,41.37,5.66,0.16,8.65,0.45,0.07,3.94,39.71
4129,1445,2018,"[271902, 272100, 272201, 272202, 272302, 273800, 702803]",64599.22,38.6,4.74,0.15,8.79,0.4,0.1,4.8,42.42
4130,1445,2019,"[271902, 272100, 272201, 272202, 272302, 273800, 702803]",63957.43,40.62,3.56,0.22,9.64,0.47,0.37,4.71,40.41
4131,1445,2020,"[271902, 272100, 272201, 272202, 272302, 273800, 702803]",68911.7,44.92,3.14,0.25,9.4,0.4,0.38,6.98,34.53
4132,1445,2021,"[271902, 272100, 272201, 272202, 272302, 273800, 702803]",74349.91,45.28,3.29,0.25,10.06,0.45,0.27,6.79,33.61
4133,1445,2022,"[271902, 272100, 272201, 272202, 272302, 273800, 702803]",91864.59,47.66,1.37,0.01,10.4,0.01,0.42,8.13,32.0
4134,1446,2017,"[271902, 272301, 272302, 702803]",60115.0,30.4,6.0,0.01,10.38,0.0,0.65,1.68,50.88
4135,1446,2018,"[271902, 272301, 272302, 702803]",55419.76,34.12,3.96,0.01,8.29,0.0,0.79,1.71,51.13
4136,1446,2019,"[271902, 272301, 272302, 702803]",59626.49,35.42,3.83,0.02,9.97,0.0,0.57,1.66,48.53
4137,1446,2020,"[271902, 272301, 272302, 702803]",64754.08,38.7,3.89,0.03,9.46,0.0,1.08,2.0,44.85
4138,1446,2021,"[271902, 272301, 272302, 702803]",69086.14,35.41,3.61,0.02,9.69,0.0,0.74,1.29,49.25
4139,1446,2022,"[271902, 272301, 272302, 702803]",73658.69,39.21,2.48,0.02,9.45,0.0,0.62,1.37,46.84
4140,1449,2017,"[271901, 271902, 272301, 272302, 702802, 702803]",71325.7,46.52,2.51,0.12,13.33,0.0,1.26,6.38,29.89
4141,1449,2018,"[271901, 271902, 272301, 272302, 702802, 702803]",76750.75,45.94,2.86,0.16,14.88,0.0,1.24,4.83,30.09
4142,1449,2019,"[271901, 271902, 272301, 272302, 702802, 702803]",84681.48,47.53,2.57,0.32,14.27,0.0,1.61,5.35,28.35
4143,1449,2020,"[271901, 271902, 272301, 272302, 702802, 702803]",98124.22,56.42,2.72,0.18,12.15,0.0,2.9,2.82,22.8
4144,1449,2021,"[271901, 271902, 272301, 272302, 702802, 702803]",109597.93,52.93,2.71,0.01,12.0,0.0,2.68,4.88,24.79
4145,1449,2022,"[271901, 271902, 272301, 272302, 702802, 702803]",119370.64,55.07,3.28,0.01,11.86,0.0,2.76,4.49,22.53
4146,1451,2017,"[273902, 274202]",94813.45,80.52,1.33,0.0,4.44,1.23,2.48,2.32,7.67
4147,1451,2018,"[273902, 274202]",125372.24,77.63,1.25,0.0,7.73,0.0,1.76,2.97,8.66
4148,1451,2019,"[273902, 274202]",128807.76,75.64,1.56,0.0,8.21,0.0,2.17,2.43,9.99
4149,1451,2020,"[273902, 274202]",155323.06,72.41,2.29,0.0,6.07,0.0,0.37,6.57,12.28
4150,1451,2021,"[273902, 274202]",157775.61,62.76,3.0,0.0,10.94,0.0,0.02,8.72,14.57
4151,1451,2022,"[273902, 274202]",168662.61,65.08,2.18,0.0,6.73,0.0,0.3,9.65,16.05
4152,1452,2017,"[273902, 274202]",94793.01,80.52,1.32,0.0,4.45,1.23,2.48,2.33,7.67
4153,1452,2018,"[273902, 274202]",125354.48,77.63,1.25,0.0,7.74,0.0,1.76,2.97,8.65
4154,1452,2019,"[273902, 274202]",128789.77,75.63,1.56,0.0,8.21,0.0,2.17,2.43,9.99
4155,1452,2020,"[702900, 273902, 274202]",155224.71,72.42,2.31,0.0,6.07,0.0,0.37,6.56,12.27
4156,1452,2021,"[702900, 273902, 274202]",157682.55,62.78,3.01,0.0,10.93,0.0,0.01,8.71,14.55
4157,1452,2022,"[702900, 273902, 274202]",168567.93,65.09,2.19,0.0,6.74,0.0,0.3,9.64,16.04
4158,1453,2017,"[275400, 702803]",136252.4,56.87,3.82,0.01,16.26,0.0,1.42,6.14,15.47
4159,1453,2018,"[275400, 702803]",135812.37,61.89,4.32,0.01,14.81,0.0,0.73,6.37,11.87
4160,1453,2019,"[275400, 702803]",136363.39,64.6,2.47,0.01,15.06,0.0,0.0,4.62,13.23
4161,1453,2020,"[275313, 275400, 702803]",137109.93,60.23,2.08,0.01,14.35,0.0,0.01,8.47,14.85
4162,1453,2021,"[275313, 275400, 702803]",148889.66,62.3,2.1,0.0,15.81,0.0,0.01,6.39,13.39
4163,1453,2022,"[275313, 275400, 702803]",140276.27,59.86,2.69,0.0,16.08,0.0,0.01,8.22,13.14
4164,1454,2017,"[274100, 275311, 275400, 702803]",104523.55,53.44,7.13,0.26,12.83,0.0,1.03,3.76,21.54
4165,1454,2018,"[274100, 275311, 275400, 702803]",106045.78,55.7,6.14,0.34,13.33,0.0,0.38,4.99,19.12
4166,1454,2019,"[274100, 275311, 275400, 702803]",106484.24,54.26,6.36,0.34,13.64,0.0,0.0,5.43,19.96
4167,1454,2020,"[274100, 275311, 275312, 275313, 275400, 702803, 702900]",90915.59,67.02,2.73,0.0,11.65,0.0,0.58,4.98,13.03
4168,1454,2021,"[274100, 275311, 275312, 275313, 275400, 702803, 702900]",106366.66,60.95,2.62,0.0,12.5,0.0,0.42,9.94,13.57
4169,1454,2022,"[274100, 275311, 275312, 275313, 275400, 702803, 702900]",119486.49,60.86,1.67,0.0,12.21,0.0,0.34,9.81,15.11
4170,1455,2017,"[275200, 275311, 275500, 275603, 702803]",85897.07,40.36,1.38,0.01,22.09,0.0,0.68,3.55,31.93
4171,1455,2018,"[275200, 275311, 275500, 275603, 702803]",87142.41,42.73,3.04,0.01,19.3,0.0,0.87,4.48,29.59
4172,1455,2019,"[275200, 275311, 275500, 275603, 702803]",90083.33,42.7,4.21,0.01,19.2,0.0,0.0,4.34,29.53
4173,1455,2020,"[275200, 275311, 275312, 275313, 275500, 275603, 702803]",84287.77,42.66,4.18,0.01,24.16,0.0,0.0,3.74,25.25
4174,1455,2021,"[275200, 275311, 275312, 275313, 275500, 275603, 702803]",90122.14,37.56,4.69,0.0,26.97,0.0,0.99,3.38,26.42
4175,1455,2022,"[275200, 275311, 275312, 275313, 275500, 275603, 702803]",94862.85,45.01,5.4,0.0,20.12,0.36,1.69,2.32,25.11
4176,1456,2017,"[275102, 275200, 275311, 702803]",56565.92,27.49,3.49,1.46,16.38,0.0,0.0,6.65,44.53
4177,1456,2018,"[275102, 275200, 275311, 702803]",58738.33,30.68,5.44,1.51,18.8,0.0,0.0,5.92,37.65
4178,1456,2019,"[275102, 275200, 275311, 702803]",62227.25,35.55,7.16,0.56,13.27,0.0,0.0,5.35,38.11
4179,1456,2020,"[275102, 275200, 275311, 702803]",70692.92,30.57,6.72,0.47,15.64,0.0,0.0,4.16,42.44
4180,1456,2021,"[275102, 275200, 275311, 702803]",74348.7,32.89,5.7,0.0,14.31,0.0,0.11,2.86,44.13
4181,1456,2022,"[275102, 275200, 275311, 702803]",92944.87,31.37,5.85,0.0,14.73,0.0,0.08,4.98,42.99
4182,1457,2017,"[275102, 275200, 275311, 275500]",43247.77,19.24,3.09,0.01,10.72,0.22,0.08,2.39,64.26
4183,1457,2018,"[275102, 275200, 275311, 275500]",42960.93,19.28,6.11,0.01,9.9,0.26,0.1,2.32,62.02
4184,1457,2019,"[275102, 275200, 275311, 275500]",48370.84,21.12,6.58,0.0,9.66,0.0,0.0,2.83,59.81
4185,1457,2020,"[275102, 275200, 275311, 275500]",48448.36,20.49,7.19,0.0,10.45,0.0,0.0,4.15,57.71
4186,1457,2021,"[275102, 275200, 275311, 275500]",53887.01,19.29,5.09,0.0,10.94,0.0,0.12,4.49,60.07
4187,1457,2022,"[275102, 275200, 275311, 275500]",57916.5,21.9,5.58,0.0,7.61,0.04,0.21,5.72,58.95
4188,1458,2017,"[275102, 275500, 702600, 702802, 702803]",53491.88,24.39,4.17,0.0,6.48,0.0,0.29,3.13,61.54
4189,1458,2018,"[275102, 275500, 702600, 702802, 702803]",54666.49,22.07,5.48,0.0,6.16,0.0,0.34,2.87,63.07
4190,1458,2019,"[275102, 275500, 702600, 702802, 702803]",58222.03,18.29,5.53,0.0,4.02,0.0,0.25,2.1,69.8
4191,1458,2020,"[275102, 275500, 702600, 702802, 702803]",70847.4,14.1,2.16,0.0,6.5,0.0,0.19,1.8,75.25
4192,1458,2021,"[275102, 275500, 702600, 702802, 702803]",74234.83,15.17,2.02,0.0,5.85,0.0,0.0,2.14,74.81
4193,1458,2022,"[275102, 275500, 702600, 702802, 702803]",88349.49,14.93,2.54,0.0,7.5,0.0,0.21,3.97,70.85
4194,1459,2017,"[275101, 275102, 702600, 702700, 702802]",78636.79,40.75,1.16,0.0,27.33,0.0,0.01,3.51,27.23
4195,1459,2018,"[275101, 275102, 702600, 702700, 702802]",78070.52,35.88,2.01,0.0,30.17,0.0,0.01,4.45,27.48
4196,1459,2019,"[275101, 275102, 702600, 702700, 702802]",96070.25,39.47,2.21,0.0,25.85,0.0,1.08,3.99,27.4
4197,1459,2020,"[275101, 275102, 702600, 702700, 702802]",107292.95,42.28,3.71,0.0,19.72,0.01,0.91,5.42,27.95
4198,1459,2021,"[275101, 275102, 702600, 702700, 702802]",113068.32,45.85,4.27,0.0,14.32,0.01,1.14,5.51,28.9
4199,1459,2022,"[275101, 275102, 702600, 702700, 702802]",138139.05,52.69,12.24,0.0,13.15,0.01,0.99,4.29,16.64
4200,1462,2017,"[276500, 276601, 278102]",116928.86,58.59,5.73,0.17,18.06,0.0,0.0,7.4,10.03
4201,1462,2018,"[276500, 276601, 278102]",124377.84,58.16,7.33,0.19,14.9,0.0,0.63,7.91,10.87
4202,1462,2019,"[276500, 276601, 278102]",138932.71,64.46,5.44,0.0,13.26,0.0,0.65,6.85,9.34
4203,1462,2020,"[275604, 276500, 276601, 702900, 278102]",131968.97,62.64,4.98,0.0,10.84,0.0,0.54,7.14,13.84
4204,1462,2021,"[275604, 276500, 276601, 702900, 278102]",134238.34,62.49,5.84,0.97,10.29,0.0,0.53,5.49,14.39
4205,1462,2022,"[275604, 276500, 276601, 702900, 278102]",155854.86,64.0,3.84,0.89,9.85,0.0,0.87,5.8,14.75
4206,1463,2017,"[275311, 275603, 276601]",87371.5,41.25,1.58,0.01,22.0,0.0,0.65,3.72,30.79
4207,1463,2018,"[275311, 275603, 276601]",88975.94,43.47,3.24,0.01,19.17,0.0,0.85,4.63,28.63
4208,1463,2019,"[275311, 275603, 276601]",92512.77,43.77,4.26,0.0,19.01,0.0,0.03,4.46,28.47
4209,1463,2020,"[275311, 275312, 275603, 275605, 276601, 702900]",95251.12,61.22,10.52,0.0,16.87,0.0,0.04,2.24,9.12
4210,1463,2021,"[275311, 275312, 275603, 275605, 276601, 702900]",104508.13,50.37,14.82,0.0,21.25,0.0,0.04,3.82,9.7
4211,1463,2022,"[275311, 275312, 275603, 275605, 276601, 702900]",118578.5,42.82,15.37,0.0,24.97,0.0,0.04,5.13,11.67
4212,1464,2017,"[275603, 276500, 276601, 277000]",107206.2,58.83,3.45,0.2,16.47,0.1,0.3,3.87,16.78
4213,1464,2018,"[275603, 276500, 276601, 277000]",107782.92,57.71,3.89,0.17,16.06,0.06,0.21,4.3,17.61
4214,1464,2019,"[275603, 276500, 276601, 277000]",109869.97,57.41,4.72,0.58,16.47,0.07,0.27,4.89,15.59
4215,1464,2020,"[275603, 275604, 275605, 276500, 276601, 277000, 703003]",172444.87,60.69,1.39,0.01,17.17,0.0,0.0,7.74,12.99
4216,1464,2021,"[275603, 275604, 275605, 276500, 276601, 277000, 703003]",177718.73,60.5,1.68,0.01,16.54,0.0,0.0,7.8,13.47
4217,1464,2022,"[275603, 275604, 275605, 276500, 276601, 277000, 703003]",173057.66,56.99,2.37,0.01,17.42,0.0,0.0,7.73,15.48
4218,1465,2017,"[275102, 275500, 275603, 702600]",69774.61,43.08,1.79,0.77,25.76,0.29,0.04,0.6,27.67
4219,1465,2018,"[275102, 275500, 275603, 702600]",78797.87,40.23,2.39,0.61,24.51,0.01,0.03,3.49,28.72
4220,1465,2019,"[275102, 275500, 275603, 702600]",83825.47,42.49,2.79,0.0,25.2,0.01,0.03,4.82,24.67
4221,1465,2020,"[275102, 275500, 275603, 275604, 702600, 703003]",89884.59,46.41,2.41,0.0,17.49,0.01,0.03,5.01,28.65
4222,1465,2021,"[275102, 275500, 275603, 275604, 702600, 703003]",108250.58,45.23,1.13,0.0,18.3,0.01,0.03,5.37,29.92
4223,1465,2022,"[275102, 275500, 275603, 275604, 702600, 703003]",122461.57,43.03,1.38,0.0,20.94,0.0,0.0,6.17,28.48
4224,1466,2017,"[276000, 276400, 277000]",142677.69,70.36,2.08,0.0,13.78,0.0,0.59,2.82,10.37
4225,1466,2018,"[276000, 276400, 277000]",138538.35,69.2,2.21,0.0,13.35,0.0,0.5,2.34,12.4
4226,1466,2019,"[276000, 276400, 277000]",137965.51,66.78,3.79,1.22,13.33,0.0,0.56,3.67,10.66
4227,1466,2020,"[275604, 276000, 276400, 277000, 703003]",141430.84,60.41,3.36,1.55,14.48,0.0,0.35,2.95,16.9
4228,1466,2021,"[275604, 276000, 276400, 277000, 703003]",142060.24,59.66,2.55,1.63,15.37,0.0,0.0,2.92,17.88
4229,1466,2022,"[275604, 276000, 276400, 277000, 703003]",147304.18,57.88,4.11,1.71,12.68,0.33,0.0,3.34,19.95
4230,1467,2017,"[276000, 277000]",116685.14,57.01,2.84,0.99,13.94,0.0,0.0,3.81,21.41
4231,1467,2018,"[276000, 277000]",124941.73,54.35,4.42,1.33,13.4,0.0,0.0,3.47,23.04
4232,1467,2019,"[276000, 277000]",144669.39,51.66,6.36,0.99,12.52,0.0,0.0,3.34,25.13
4233,1467,2020,"[276000, 276101, 276102, 277000, 703003]",139274.91,56.23,7.61,0.0,12.34,0.0,0.0,3.78,20.03
4234,1467,2021,"[276000, 276101, 276102, 277000, 703003]",141348.97,50.44,8.42,0.0,16.66,0.0,0.0,5.15,19.33
4235,1467,2022,"[276000, 276101, 276102, 277000, 703003]",147135.07,54.24,7.04,0.0,15.86,0.0,0.01,5.14,17.7
4236,1468,2017,"[275102, 275500]",37433.6,16.36,3.33,0.0,9.1,0.25,0.0,2.21,68.75
4237,1468,2018,"[275102, 275500]",36935.42,16.04,6.53,0.0,8.54,0.29,0.0,2.02,66.58
4238,1468,2019,"[275102, 275500]",42672.33,18.08,6.89,0.0,8.3,0.0,0.0,2.6,64.13
4239,1468,2020,"[275102, 275500]",43617.94,17.38,7.56,0.0,8.51,0.0,0.0,4.2,62.35
4240,1468,2021,"[275102, 275500]",49005.36,16.71,5.12,0.0,8.67,0.0,0.0,4.64,64.86
4241,1468,2022,"[275102, 275500]",52948.39,18.65,5.57,0.0,5.86,0.0,0.0,6.18,63.74
4242,1469,2017,"[235100, 601301, 703002, 703100]",76739.07,14.69,63.37,0.24,3.92,0.0,0.0,3.87,13.91
4243,1469,2018,"[235100, 601301, 703002, 703100]",76793.63,14.74,64.52,0.2,3.92,0.0,0.0,4.2,12.41
4244,1469,2019,"[235100, 601301, 703002, 703100]",82042.02,12.79,62.46,0.21,3.69,0.0,0.0,4.64,16.21
4245,1469,2020,"[235100, 276101, 276102, 601301, 703002, 703100]",62397.81,23.28,30.0,0.0,13.02,0.0,0.0,9.13,24.57
4246,1469,2021,"[235100, 276101, 276102, 601301, 703002, 703100]",80248.75,22.79,39.14,0.0,9.66,0.0,0.0,8.04,20.36
4247,1469,2022,"[235100, 276101, 276102, 601301, 703002, 703100]",89570.98,23.99,35.61,0.0,13.73,0.0,0.17,11.52,14.98
4248,1471,2017,"[274202, 278102]",147744.76,79.97,1.65,0.0,4.85,0.16,1.11,3.76,8.5
4249,1471,2018,"[274202, 278102]",136743.59,79.42,1.87,0.0,6.23,0.0,0.97,2.52,8.99
4250,1471,2019,"[274202, 278102]",145648.81,75.36,1.08,0.0,7.1,0.0,0.28,3.55,12.62
4251,1471,2020,"[274202, 278102]",153877.36,73.71,3.16,0.0,6.8,0.0,0.05,4.07,12.21
4252,1471,2021,"[274202, 278102]",151495.12,70.96,3.34,0.0,7.47,0.0,0.0,4.83,13.4
4253,1471,2022,"[274202, 278102]",162677.63,69.85,3.21,0.0,7.8,0.0,0.04,5.08,14.01
4254,1472,2017,"[276601, 274202, 278102]",153780.49,79.89,1.69,0.0,4.91,0.04,0.95,3.93,8.6
4255,1472,2018,"[276601, 274202, 278102]",138038.26,79.61,1.94,0.0,6.07,0.0,0.88,2.47,9.03
4256,1472,2019,"[276601, 274202, 278102]",147575.23,75.32,1.03,0.0,6.98,0.0,0.07,3.69,12.92
4257,1472,2020,"[276601, 276606, 702900, 274202, 278102]",153670.61,73.84,3.26,0.0,6.89,0.0,0.01,3.78,12.21
4258,1472,2021,"[276601, 276606, 702900, 274202, 278102]",150752.34,71.89,3.38,0.0,7.08,0.0,0.0,4.38,13.26
4259,1472,2022,"[276601, 276606, 702900, 274202, 278102]",161971.51,70.39,3.33,0.0,7.92,0.0,0.01,4.56,13.78
4260,1473,2017,"[276500, 276601, 278102]",116881.15,58.57,5.74,0.17,18.07,0.0,0.0,7.41,10.04
4261,1473,2018,"[276500, 276601, 278102]",124351.94,58.14,7.33,0.19,14.91,0.0,0.63,7.92,10.88
4262,1473,2019,"[276500, 276601, 278102]",138907.62,64.45,5.44,0.0,13.27,0.0,0.66,6.85,9.34
4263,1473,2020,"[276500, 276601, 276606, 278102]",131900.25,62.63,4.99,0.0,10.84,0.0,0.55,7.14,13.85
4264,1473,2021,"[276500, 276601, 276606, 278102]",134179.88,62.48,5.84,0.97,10.29,0.0,0.54,5.49,14.4
4265,1473,2022,"[276500, 276601, 276606, 278102]",155828.18,64.0,3.85,0.89,9.84,0.0,0.87,5.8,14.75
4266,1474,2017,"[276400, 276500, 276601]",87486.91,54.15,5.73,0.13,14.49,0.13,0.15,6.54,18.7
4267,1474,2018,"[276400, 276500, 276601]",88579.08,53.96,6.39,0.13,14.61,0.14,0.0,6.68,18.08
4268,1474,2019,"[276400, 276500, 276601]",91771.23,54.43,6.71,0.21,15.4,0.18,0.09,6.15,16.83
4269,1474,2020,"[275604, 276400, 276500, 276601]",103395.39,53.9,6.38,0.25,15.86,0.19,0.1,5.79,17.52
4270,1474,2021,"[275604, 276400, 276500, 276601]",127499.16,53.52,6.99,0.36,16.12,0.18,0.08,5.28,17.47
4271,1474,2022,"[275604, 276400, 276500, 276601]",142295.12,51.81,6.36,0.19,17.1,0.15,0.09,6.52,17.78
4272,1475,2017,"[276400, 276500, 277000]",109147.9,74.1,2.93,0.22,8.01,0.0,1.17,5.16,8.4
4273,1475,2018,"[276400, 276500, 277000]",131554.7,76.46,1.09,0.22,7.53,0.0,0.0,3.81,10.88
4274,1475,2019,"[276400, 276500, 277000]",157543.12,70.77,2.47,0.01,7.84,0.0,0.0,3.51,15.41
4275,1475,2020,"[275604, 276400, 276500, 277000]",174972.77,68.0,4.87,0.01,8.52,0.0,0.0,4.4,14.21
4276,1475,2021,"[275604, 276400, 276500, 277000]",199451.98,64.42,5.68,0.01,11.49,0.29,0.0,4.4,13.72
4277,1475,2022,"[275604, 276400, 276500, 277000]",221529.35,65.07,6.26,0.01,11.87,0.23,0.0,3.77,12.79
4278,1476,2017,"[276000, 276400, 277000]",142658.0,70.36,2.08,0.0,13.77,0.0,0.59,2.82,10.36
4279,1476,2018,"[276000, 276400, 277000]",138535.5,69.21,2.21,0.0,13.35,0.0,0.5,2.34,12.4
4280,1476,2019,"[276000, 276400, 277000]",137978.46,66.78,3.79,1.22,13.33,0.0,0.56,3.66,10.66
4281,1476,2020,"[276000, 276400, 277000]",141014.43,60.41,3.39,1.58,14.44,0.0,0.36,2.89,16.95
4282,1476,2021,"[276000, 276400, 277000]",141598.11,59.65,2.56,1.65,15.35,0.0,0.0,2.85,17.94
4283,1476,2022,"[276000, 276400, 277000]",146993.66,57.9,4.14,1.73,12.61,0.34,0.0,3.28,20.0
4284,1477,2017,"[276000, 277000]",116626.82,56.98,2.84,0.99,13.94,0.0,0.0,3.81,21.44
4285,1477,2018,"[276000, 277000]",124911.23,54.31,4.42,1.33,13.4,0.0,0.0,3.47,23.07
4286,1477,2019,"[276000, 277000]",144684.43,51.63,6.36,0.99,12.52,0.0,0.0,3.34,25.16
4287,1477,2020,"[276000, 277000]",140446.29,56.76,6.99,0.0,12.18,0.0,0.0,3.79,20.27
4288,1477,2021,"[276000, 277000]",142307.6,50.7,8.01,0.0,16.66,0.0,0.0,5.18,19.45
4289,1477,2022,"[276000, 277000]",147895.49,54.64,6.66,0.0,15.83,0.0,0.0,5.1,17.78
4290,1479,2017,"[276000, 277100, 601302, 601401]",123689.48,54.19,4.93,0.0,12.03,0.0,0.0,9.44,19.41
4291,1479,2018,"[276000, 277100, 601302, 601401]",127969.92,51.93,2.38,0.0,13.09,0.29,0.0,12.49,19.82
4292,1479,2019,"[276000, 277100, 601302, 601401]",124247.47,52.01,1.85,0.0,13.51,0.35,0.0,13.0,19.28
4293,1479,2020,"[276000, 276102, 277100, 601302, 601401]",151523.88,51.25,1.41,0.0,21.33,0.37,0.0,9.33,16.31
4294,1479,2021,"[276000, 276102, 277100, 601302, 601401]",146176.84,46.83,1.14,0.0,22.6,2.02,0.71,8.65,18.06
4295,1479,2022,"[276000, 276102, 277100, 601302, 601401]",138347.31,45.55,1.04,2.9,19.4,1.14,0.77,7.91,21.29
4296,1483,2017,"[276601, 278102]",117193.99,58.74,5.71,0.17,17.97,0.0,0.01,7.38,10.02
4297,1483,2018,"[276601, 278102]",124479.8,58.3,7.29,0.19,14.85,0.0,0.63,7.87,10.86
4298,1483,2019,"[276601, 278102]",139005.04,64.54,5.41,0.0,13.22,0.0,0.65,6.83,9.36
4299,1483,2020,"[276601, 276605, 276606, 276607, 276608, 278102]",87925.49,58.97,7.78,0.17,14.01,0.0,1.89,2.95,14.23
4300,1483,2021,"[276601, 276605, 276606, 276607, 276608, 278102]",98856.02,56.02,7.34,0.14,12.19,0.0,1.96,5.78,16.57
4301,1483,2022,"[276601, 276605, 276606, 276607, 276608, 278102]",104313.1,58.77,6.29,0.11,11.69,0.1,2.7,4.52,15.81
4302,1484,2017,"[276400, 276500, 276601, 278001]",92802.24,53.09,4.16,0.0,11.17,0.91,0.0,2.44,28.22
4303,1484,2018,"[276400, 276500, 276601, 278001]",98341.95,53.04,5.16,0.0,11.31,1.22,0.27,3.84,25.16
4304,1484,2019,"[276400, 276500, 276601, 278001]",109126.92,46.6,4.28,0.0,12.19,2.22,0.27,5.01,29.42
4305,1484,2020,"[276400, 276500, 276601, 276607, 278001]",110670.14,53.15,3.13,0.01,7.57,0.0,0.32,5.33,30.5
4306,1484,2021,"[276400, 276500, 276601, 276607, 278001]",104394.42,48.29,3.09,0.01,12.7,0.0,0.37,6.28,29.27
4307,1484,2022,"[276400, 276500, 276601, 276607, 278001]",107332.79,43.95,3.92,0.0,15.64,0.0,0.37,4.78,31.32
4308,1485,2017,"[276000, 276400, 277000, 278001]",93679.57,53.43,4.09,0.0,11.1,0.91,0.02,2.36,28.08
4309,1485,2018,"[276000, 276400, 277000, 278001]",99315.36,53.39,5.06,0.0,11.23,1.22,0.28,3.75,25.06
4310,1485,2019,"[276000, 276400, 277000, 278001]",110236.22,46.84,4.21,0.02,12.1,2.22,0.28,4.95,29.38
4311,1485,2020,"[276000, 276400, 277000, 278001]",112187.05,53.3,2.89,0.02,7.33,0.0,0.26,5.35,30.86
4312,1485,2021,"[276000, 276400, 277000, 278001]",105126.74,48.41,2.82,0.02,12.67,0.0,0.29,6.18,29.6
4313,1485,2022,"[276000, 276400, 277000, 278001]",108040.11,43.97,3.72,0.02,15.65,0.01,0.26,4.61,31.76
4314,1486,2017,"[276400, 278001]",92986.45,53.15,4.12,0.0,11.07,0.93,0.01,2.35,28.37
4315,1486,2018,"[276400, 278001]",98700.44,53.11,5.11,0.0,11.21,1.24,0.28,3.77,25.27
4316,1486,2019,"[276400, 278001]",109727.19,46.5,4.22,0.0,12.1,2.26,0.28,4.98,29.67
4317,1486,2020,"[276400, 278001]",111617.27,53.16,2.88,0.0,7.23,0.0,0.26,5.38,31.09
4318,1486,2021,"[276400, 278001]",104361.15,48.22,2.81,0.0,12.64,0.0,0.3,6.23,29.81
4319,1486,2022,"[276400, 278001]",107183.53,43.72,3.71,0.0,15.7,0.0,0.27,4.63,31.97
4320,1487,2017,"[276000, 278001]",93290.45,53.1,4.1,0.02,11.14,0.92,0.0,2.36,28.37
4321,1487,2018,"[276000, 278001]",98957.38,53.01,5.12,0.02,11.27,1.22,0.28,3.77,25.31
4322,1487,2019,"[276000, 278001]",110047.92,46.46,4.26,0.02,12.13,2.24,0.27,4.96,29.67
4323,1487,2020,"[276000, 278001]",111754.33,53.14,2.93,0.0,7.31,0.0,0.25,5.36,31.0
4324,1487,2021,"[276000, 278001]",104479.3,48.17,2.88,0.0,12.71,0.0,0.3,6.22,29.72
4325,1487,2022,"[276000, 278001]",107243.57,43.79,3.74,0.0,15.72,0.0,0.27,4.65,31.84
4326,1488,2017,"[276000, 277100, 277200, 277400, 278001, 601401]",63462.33,23.63,25.44,0.0,6.37,0.0,0.0,2.3,42.25
4327,1488,2018,"[276000, 277100, 277200, 277400, 278001, 601401]",59558.18,19.21,25.04,0.0,7.37,0.0,0.0,1.79,46.59
4328,1488,2019,"[276000, 277100, 277200, 277400, 278001, 601401]",60536.07,23.07,27.36,0.0,9.81,0.0,1.0,4.05,34.71
4329,1488,2020,"[276000, 277100, 277200, 277400, 278001, 601401]",50672.95,27.16,18.73,0.0,8.2,0.0,1.18,6.29,38.43
4330,1488,2021,"[276000, 277100, 277200, 278001, 601401]",54106.48,31.55,18.84,0.0,9.91,0.01,3.23,7.85,28.62
4331,1488,2022,"[276000, 277100, 277200, 278001, 601401]",58613.76,25.21,9.7,2.22,16.44,0.01,2.43,8.77,35.21
4332,1489,2017,"[277200, 277400]",39036.37,3.8,43.32,0.0,14.98,1.27,0.0,5.52,31.11
4333,1489,2018,"[277200, 277400]",41144.45,4.15,52.12,0.0,4.6,0.0,0.0,6.4,32.73
4334,1489,2019,"[277200, 277400]",43302.77,5.32,47.92,0.0,6.61,0.0,0.0,7.91,32.24
4335,1489,2020,"[277200, 277400]",34354.19,4.39,39.54,0.0,9.72,0.0,0.0,13.87,32.48
4336,1489,2021,[277200],53598.0,31.46,18.94,0.0,9.84,0.0,3.24,7.85,28.67
4337,1489,2022,[277200],58170.0,25.09,9.76,2.22,16.42,0.0,2.44,8.78,35.28
4338,1491,2017,[278102],155694.0,79.89,1.7,0.0,4.91,0.0,0.9,3.98,8.63
4339,1491,2018,[278102],138456.0,79.69,1.96,0.0,6.01,0.0,0.85,2.45,9.04
4340,1491,2019,[278102],148182.0,75.32,1.0,0.0,6.93,0.0,0.0,3.72,13.02
4341,1491,2020,[278102],153654.0,73.9,3.29,0.0,6.91,0.0,0.0,3.69,12.2
4342,1491,2021,[278102],150556.0,72.19,3.39,0.0,6.95,0.0,0.0,4.24,13.22
4343,1491,2022,[278102],161774.0,70.57,3.37,0.0,7.96,0.0,0.0,4.4,13.7
4344,1492,2017,[278102],155694.0,79.89,1.7,0.0,4.91,0.0,0.9,3.98,8.63
4345,1492,2018,[278102],138456.0,79.69,1.96,0.0,6.01,0.0,0.85,2.45,9.04
4346,1492,2019,[278102],148182.0,75.32,1.0,0.0,6.93,0.0,0.0,3.72,13.02
4347,1492,2020,"[276606, 278102]",153391.69,73.85,3.33,0.0,6.92,0.0,0.0,3.68,12.22
4348,1492,2021,"[276606, 278102]",150389.1,72.17,3.4,0.0,6.96,0.0,0.0,4.23,13.24
4349,1492,2022,"[276606, 278102]",161605.32,70.54,3.37,0.0,7.97,0.0,0.0,4.39,13.73
4350,1493,2017,"[620101, 620102]",86182.87,67.47,0.86,0.4,7.67,0.33,0.28,5.97,17.03
4351,1493,2018,"[620101, 620102]",89261.12,65.34,2.17,0.36,8.2,0.14,0.68,9.86,13.25
4352,1493,2019,"[620101, 620102]",101551.97,62.79,3.36,0.0,7.05,0.16,0.53,8.34,17.77
4353,1493,2020,"[620101, 620102]",114766.34,65.49,3.57,0.0,6.95,0.0,0.48,8.78,14.73
4354,1493,2021,"[620101, 620102]",121579.88,63.57,3.43,0.1,9.55,0.0,0.46,9.53,13.37
4355,1493,2022,"[620101, 620102]",137625.13,61.49,3.0,0.15,8.12,0.0,0.14,8.98,18.12
4356,1494,2017,"[620001, 620101]",99564.46,65.72,1.86,0.0,9.46,0.0,0.64,5.75,16.56
4357,1494,2018,"[620001, 620101]",105976.06,63.98,5.61,0.0,9.13,0.0,0.62,10.25,10.4
4358,1494,2019,"[620001, 620101]",115599.83,61.02,5.9,0.0,9.21,0.0,0.53,7.92,15.42
4359,1494,2020,"[276605, 276606, 276607, 276608, 620001, 620101]",102749.6,59.09,8.86,0.01,9.75,0.0,0.95,6.1,15.23
4360,1494,2021,"[276605, 276606, 276607, 276608, 620001, 620101]",111617.88,56.64,7.03,0.01,10.11,0.0,1.12,7.98,17.12
4361,1494,2022,"[276605, 276606, 276607, 276608, 620001, 620101]",126135.46,54.73,7.09,0.01,9.44,0.01,1.13,8.17,19.43
4362,1495,2017,"[277200, 278001]",92765.1,52.9,4.22,0.0,11.07,0.93,0.0,2.33,28.55
4363,1495,2018,"[277200, 278001]",98344.69,52.83,5.23,0.0,11.21,1.24,0.28,3.76,25.45
4364,1495,2019,"[277200, 278001]",109244.58,46.27,4.33,0.0,12.11,2.26,0.28,4.98,29.77
4365,1495,2020,"[277200, 278001]",110996.75,52.96,2.94,0.0,7.23,0.0,0.26,5.39,31.21
4366,1495,2021,"[277200, 278001]",103618.23,48.05,2.87,0.0,12.63,0.0,0.31,6.24,29.89
4367,1495,2022,"[277200, 278001]",106343.64,43.52,3.72,0.01,15.72,0.0,0.28,4.66,32.09
4368,1496,2017,[277200],63139.0,23.46,25.56,0.0,6.34,0.0,0.0,2.27,42.38
4369,1496,2018,[277200],59186.0,19.02,25.17,0.0,7.34,0.0,0.0,1.73,46.74
4370,1496,2019,[277200],60179.0,22.91,27.5,0.0,9.79,0.0,1.0,4.01,34.79
4371,1496,2020,[277200],50109.0,27.02,18.84,0.0,8.13,0.0,1.18,6.28,38.55
4372,1496,2021,[277200],53598.0,31.46,18.94,0.0,9.84,0.0,3.24,7.85,28.67
4373,1496,2022,[277200],58170.0,25.09,9.76,2.22,16.42,0.0,2.44,8.78,35.28
4374,1497,2017,[601502],37286.0,2.63,0.48,0.0,2.83,0.0,0.0,0.28,93.78
4375,1497,2018,[601502],45132.0,1.09,0.51,0.0,3.16,0.0,0.0,0.2,95.05
4376,1497,2019,[601502],59239.0,2.59,0.76,0.0,2.88,0.0,0.0,0.0,93.77
4377,1497,2020,[601502],50000.0,2.59,1.04,0.0,0.36,0.0,0.0,0.0,96.01
4378,1497,2021,[601502],50455.0,2.39,0.58,0.0,0.33,0.0,0.0,0.2,96.49
4379,1497,2022,[601502],67944.0,2.53,0.74,0.0,0.33,0.0,0.0,0.33,96.07
4380,1498,2017,"[601502, 601600]",40743.11,1.99,0.6,0.0,3.36,0.0,0.0,0.15,93.91
4381,1498,2018,"[601502, 601600]",47295.08,1.17,0.69,0.0,4.41,0.0,0.0,0.11,93.62
4382,1498,2019,"[601502, 601600]",57029.66,1.94,0.84,0.0,4.92,1.64,0.0,0.55,90.1
4383,1498,2020,"[601502, 601600]",47833.59,1.84,1.06,0.0,3.39,1.23,0.0,0.41,92.08
4384,1498,2021,"[601502, 601600]",47565.49,2.09,0.44,0.0,1.96,1.87,0.0,1.05,92.6
4385,1498,2022,"[601502, 601600]",57939.48,1.87,1.06,0.0,2.47,2.28,0.0,0.82,91.49
4386,1499,2020,"[602201, 602202]",125570.72,38.62,6.16,0.07,17.88,3.52,0.0,4.2,29.54
4387,1499,2021,"[602201, 602202]",129487.77,34.44,5.97,0.05,16.58,0.0,0.75,9.28,32.94
4388,1499,2022,"[602201, 602202]",131276.01,28.92,3.84,0.0,24.89,0.0,0.84,5.5,36.01
4389,1501,2017,"[121600, 122000]",61466.03,41.15,2.76,0.0,8.16,0.0,0.0,3.14,44.79
4390,1501,2018,"[121600, 122000]",72715.96,37.67,2.74,0.0,10.64,0.0,0.0,2.72,46.24
4391,1501,2019,"[121600, 122000]",75486.63,35.9,2.97,0.0,9.32,0.0,0.0,3.22,48.59
4392,1501,2020,"[121600, 122000]",70765.32,42.39,1.89,0.0,10.24,0.0,0.0,2.8,42.67
4393,1501,2021,"[121600, 122000]",76266.4,41.74,1.5,0.0,10.0,0.0,0.0,1.42,45.34
4394,1501,2022,"[121600, 122000]",93455.06,48.53,0.2,0.0,7.35,0.0,0.91,0.38,42.63
4395,1502,2017,"[121600, 122000, 123303, 123304]",74222.33,44.65,1.82,0.0,20.05,0.0,0.0,1.9,31.58
4396,1502,2018,"[121600, 122000, 123303, 123304]",78738.53,41.42,1.46,0.0,25.01,0.0,0.0,2.09,30.03
4397,1502,2019,"[121600, 122000, 123303, 123304]",79464.15,39.05,1.35,0.0,23.42,0.0,0.0,2.89,33.29
4398,1502,2020,"[121600, 122000, 123303, 123304]",79035.51,39.64,0.74,0.0,25.99,0.0,0.0,2.82,30.81
4399,1502,2021,"[121600, 122000, 123303, 123304]",78742.13,48.99,0.84,0.0,21.08,0.0,0.0,2.37,26.72
4400,1502,2022,"[121600, 122000, 123303, 123304]",100124.38,48.08,0.27,0.0,31.06,0.0,0.0,2.65,17.94
4401,1503,2017,"[121020, 121600, 121801, 122410, 123203, 123204, 123301, 123304]",53585.92,30.77,5.85,0.0,23.21,0.0,0.0,1.63,38.54
4402,1503,2018,"[121020, 121600, 121801, 122410, 123203, 123204, 123301, 123304]",59919.66,33.21,3.48,0.0,21.26,0.0,0.87,1.88,39.31
4403,1503,2019,"[121020, 121600, 121801, 122410, 123203, 123204, 123301, 123304]",56888.75,30.28,4.6,0.0,27.1,0.0,0.53,1.24,36.24
4404,1503,2020,"[121020, 121600, 121801, 122410, 123203, 123204, 123301, 123304]",56319.09,29.68,6.09,0.0,23.69,0.0,0.38,1.01,39.15
4405,1503,2021,"[121020, 121600, 121801, 122410, 123203, 123204, 123301, 123304]",67314.54,31.71,5.27,0.0,22.93,0.0,1.14,0.8,38.16
4406,1503,2022,"[121020, 121600, 121801, 122410, 123203, 123204, 123301, 123304]",72443.58,34.16,4.52,0.0,21.87,0.0,1.15,1.72,36.57
4407,1504,2017,"[121801, 122410, 122420, 123203, 123205, 123301]",27037.43,15.16,4.13,0.0,4.95,0.0,0.0,1.54,74.21
4408,1504,2018,"[121801, 122410, 122420, 123203, 123205, 123301]",31503.83,13.61,2.69,0.0,3.67,0.0,0.0,0.15,79.87
4409,1504,2019,"[121801, 122410, 122420, 123203, 123205, 123301]",36317.74,12.41,2.85,0.0,4.43,0.0,0.0,1.47,78.83
4410,1504,2020,"[121801, 122410, 122420, 123203, 123205, 123301]",37729.5,9.61,3.01,0.0,5.66,0.0,0.0,1.09,80.62
4411,1504,2021,"[121801, 122410, 122420, 123203, 123205, 123301]",45228.96,9.71,2.39,0.0,5.05,0.0,0.01,2.31,80.53
4412,1504,2022,"[121801, 122410, 122420, 123203, 123205, 123301]",55361.28,7.39,2.46,0.0,6.39,0.0,0.01,2.15,81.61
4413,1505,2017,"[121801, 121900, 122120, 122410, 122420, 123010, 123205, 123206]",35910.97,16.17,2.7,0.0,6.4,0.0,0.0,0.14,74.59
4414,1505,2018,"[121801, 121900, 122120, 122410, 122420, 123010, 123205, 123206]",42000.27,19.31,1.47,0.0,6.96,0.0,0.0,0.11,72.15
4415,1505,2019,"[121801, 121900, 122120, 122410, 122420, 123010, 123205, 123206]",44962.37,15.06,1.71,0.0,7.01,0.0,0.0,0.13,76.08
4416,1505,2020,"[121801, 121900, 122120, 122410, 122420, 123010, 123205, 123206]",53989.2,9.86,1.23,0.0,9.8,0.0,0.0,0.04,79.07
4417,1505,2021,"[121801, 121900, 122120, 122410, 122420, 123010, 123205, 123206]",57129.14,7.99,0.6,0.0,7.18,0.0,0.0,0.76,83.47
4418,1505,2022,"[121801, 121900, 122120, 122410, 122420, 123010, 123205, 123206]",74845.81,8.45,0.69,0.0,7.01,0.01,0.25,0.9,82.69
4419,1506,2017,"[122120, 123010, 123020, 123103, 123206]",37475.95,10.59,1.58,0.0,0.72,0.0,0.0,1.06,86.05
4420,1506,2018,"[122120, 123010, 123020, 123103, 123206]",32829.39,12.3,1.84,0.0,1.02,0.0,0.0,0.13,84.71
4421,1506,2019,"[122120, 123010, 123020, 123103, 123206]",36562.39,12.96,1.82,0.0,2.44,0.0,0.0,0.26,82.54
4422,1506,2020,"[122120, 123010, 123020, 123103, 123206]",44351.74,12.91,0.93,0.0,1.33,0.0,0.0,0.27,84.56
4423,1506,2021,"[122120, 123010, 123020, 123103, 123206]",47928.26,14.95,1.71,0.0,1.1,0.0,0.0,0.27,81.97
4424,1506,2022,"[122120, 123010, 123020, 123103, 123206]",48607.12,9.72,1.47,0.0,1.42,2.75,0.0,0.34,84.29
4425,1508,2017,"[122120, 122200, 123020]",41182.32,6.57,0.94,0.0,4.4,0.0,0.0,0.94,87.14
4426,1508,2018,"[122120, 122200, 123020]",51061.83,7.45,0.81,0.0,4.48,0.0,0.0,1.05,86.22
4427,1508,2019,"[122120, 122200, 123020]",42121.86,8.42,1.54,0.0,2.92,0.0,0.0,1.48,85.64
4428,1508,2020,"[122120, 122200, 123020]",60472.95,7.53,1.09,0.0,0.86,0.0,0.0,0.97,89.55
4429,1508,2021,"[122120, 122200, 123020]",74684.38,12.16,0.58,0.0,0.94,0.0,0.0,0.26,86.06
4430,1508,2022,"[122120, 122200, 123020]",81174.17,18.93,0.84,0.0,1.56,0.0,0.0,2.47,76.2
4431,1509,2017,[123020],41136.0,6.56,0.94,0.0,4.4,0.0,0.0,0.94,87.16
4432,1509,2018,[123020],51042.0,7.42,0.81,0.0,4.49,0.0,0.0,1.05,86.24
4433,1509,2019,[123020],42056.0,8.4,1.54,0.0,2.92,0.0,0.0,1.48,85.66
4434,1509,2020,[123020],60500.0,7.5,1.09,0.0,0.86,0.0,0.0,0.96,89.6
4435,1509,2021,[123020],74728.0,12.15,0.57,0.0,0.93,0.0,0.0,0.25,86.09
4436,1509,2022,[123020],81250.0,18.94,0.84,0.0,1.56,0.0,0.0,2.47,76.2
4437,1511,2017,"[122000, 123303, 127103]",61438.65,41.12,2.76,0.0,8.16,0.0,0.0,3.15,44.81
4438,1511,2018,"[122000, 123303, 127103]",72677.83,37.64,2.74,0.0,10.64,0.0,0.0,2.73,46.25
4439,1511,2019,"[122000, 123303, 127103]",75456.66,35.88,2.97,0.0,9.32,0.0,0.0,3.23,48.6
4440,1511,2020,"[122000, 123303, 127103]",70745.14,42.38,1.89,0.0,10.24,0.0,0.0,2.8,42.68
4441,1511,2021,"[122000, 123303, 127103]",76240.05,41.73,1.51,0.0,10.0,0.0,0.0,1.42,45.35
4442,1511,2022,"[122000, 123303, 127103]",93412.4,48.5,0.21,0.0,7.35,0.0,0.91,0.38,42.64
4443,1512,2017,"[121600, 122000, 123303, 123304, 123420]",34028.29,39.57,0.89,0.0,9.85,0.0,0.0,1.94,47.75
4444,1512,2018,"[121600, 122000, 123303, 123304, 123420]",40705.44,39.04,1.11,0.0,8.77,0.0,0.01,2.31,48.76
4445,1512,2019,"[121600, 122000, 123303, 123304, 123420]",44464.59,33.39,1.62,0.0,5.27,0.0,0.0,2.71,57.01
4446,1512,2020,"[121600, 122000, 123303, 123304, 123420]",53788.63,31.2,1.4,0.0,6.55,0.0,0.0,3.69,57.16
4447,1512,2021,"[121600, 122000, 123303, 123304, 123420]",63809.0,27.56,3.75,0.0,6.67,0.89,0.02,2.63,58.48
4448,1512,2022,"[121600, 122000, 123303, 123304, 123420]",69781.41,34.75,2.46,0.0,4.64,0.69,0.01,1.98,55.46
4449,1513,2017,"[121600, 123303, 123304]",36577.1,49.46,2.58,0.0,6.61,0.0,0.0,1.57,39.78
4450,1513,2018,"[121600, 123303, 123304]",37937.51,48.3,2.23,0.0,7.29,0.0,0.71,1.77,39.7
4451,1513,2019,"[121600, 123303, 123304]",39633.54,44.66,1.26,0.0,6.63,0.0,0.62,1.47,45.37
4452,1513,2020,"[121600, 123303, 123304]",41440.72,46.1,1.2,0.0,5.92,0.0,0.55,1.27,44.97
4453,1513,2021,"[121600, 123303, 123304]",44065.85,45.73,1.46,0.0,5.17,0.0,1.99,1.16,44.48
4454,1513,2022,"[121600, 123303, 123304]",44013.36,45.14,0.93,0.0,4.2,0.0,1.82,1.98,45.92
4455,1514,2017,"[123203, 123204]",35539.38,16.84,3.17,0.0,3.55,0.0,0.0,0.18,76.25
4456,1514,2018,"[123203, 123204]",39963.09,17.9,5.19,0.0,4.9,0.0,0.02,0.82,71.18
4457,1514,2019,"[123203, 123204]",41475.04,16.88,4.65,0.0,4.51,0.0,0.02,0.82,73.12
4458,1514,2020,"[123203, 123204]",61359.38,15.69,2.89,0.0,3.53,0.0,0.02,0.73,77.14
4459,1514,2021,"[123203, 123204]",61686.03,15.82,2.84,0.0,3.92,0.0,0.02,0.7,76.71
4460,1514,2022,"[123203, 123204]",64234.01,19.5,3.39,0.0,3.64,0.0,0.01,0.59,72.89
4461,1515,2017,"[123203, 123205, 123301]",36560.28,10.84,8.95,0.0,0.66,0.0,0.18,0.0,79.36
4462,1515,2018,"[123203, 123205, 123301]",39497.28,12.05,9.71,0.0,0.22,0.0,1.23,0.0,76.79
4463,1515,2019,"[123203, 123205, 123301]",48836.8,12.83,10.71,0.0,0.11,0.0,1.21,0.0,75.13
4464,1515,2020,"[123203, 123205, 123301]",53109.52,14.62,5.76,0.0,0.94,0.0,1.27,0.0,77.41
4465,1515,2021,"[123203, 123205, 123301]",41246.91,15.91,3.17,0.0,0.66,0.0,1.19,0.32,78.75
4466,1515,2022,"[123203, 123205, 123301]",41014.62,23.23,3.52,0.0,0.68,0.0,0.6,0.45,71.53
4467,1516,2017,"[123205, 123206]",41866.57,16.89,5.75,0.47,1.53,0.0,0.0,0.0,75.35
4468,1516,2018,"[123205, 123206]",46246.63,18.93,4.12,0.0,1.76,0.0,0.0,0.01,75.19
4469,1516,2019,"[123205, 123206]",46026.54,18.35,3.84,0.0,1.85,0.0,0.0,0.0,75.96
4470,1516,2020,"[123205, 123206]",49216.44,22.9,3.12,0.0,2.14,0.0,0.0,0.01,71.83
4471,1516,2021,"[123205, 123206]",49633.47,22.76,3.1,0.25,1.92,0.0,0.01,0.01,71.95
4472,1516,2022,"[123205, 123206]",53233.88,20.31,3.07,0.24,0.88,0.0,0.01,2.06,73.44
4473,1517,2017,"[123103, 123206, 124201]",32524.87,9.91,0.51,0.0,1.03,0.0,0.25,1.22,87.08
4474,1517,2018,"[123103, 123206, 124201]",34486.29,10.44,0.7,0.0,1.24,0.0,0.34,1.36,85.92
4475,1517,2019,"[123103, 123206, 124201]",32310.68,10.82,0.75,0.0,2.35,0.0,0.35,1.13,84.6
4476,1517,2020,"[123103, 123206, 124201]",33793.25,14.2,1.05,0.0,2.61,0.0,0.69,2.49,78.97
4477,1517,2021,"[123103, 123206, 124201]",36423.96,11.97,1.23,0.01,2.23,0.0,1.92,2.01,80.62
4478,1517,2022,"[123103, 123206, 124201]",41854.49,10.69,1.2,0.01,1.78,0.0,1.85,1.27,83.2
4479,1519,2017,"[123103, 311100]",41844.5,26.24,5.01,0.77,12.03,0.0,0.27,1.54,54.13
4480,1519,2018,"[123103, 311100]",45091.12,29.72,6.25,0.0,11.0,0.0,0.23,0.8,51.99
4481,1519,2019,"[123103, 311100]",48981.12,29.44,5.43,0.0,10.35,0.0,0.0,0.42,54.35
4482,1519,2020,"[123103, 311100]",59650.25,28.3,5.63,0.0,12.01,0.0,0.0,0.68,53.37
4483,1519,2021,"[123103, 311100]",66677.3,29.05,5.3,4.9,4.77,0.0,0.0,2.78,53.21
4484,1519,2022,"[123103, 311100]",80872.3,32.76,6.53,4.95,5.98,0.0,0.0,3.32,46.47
4485,1521,2017,"[122000, 123410, 123420, 123510, 127103]",43776.96,36.19,2.09,0.0,2.47,1.29,0.0,0.11,57.86
4486,1521,2018,"[122000, 123410, 123420, 123510, 127103]",52486.07,36.38,1.84,0.0,4.36,1.28,0.0,0.1,56.03
4487,1521,2019,"[122000, 123410, 123420, 123510, 127103]",50502.27,37.83,2.15,0.0,5.85,0.0,0.0,0.17,54.0
4488,1521,2020,"[122000, 123410, 123420, 123510, 127103]",51114.64,51.41,3.37,0.0,8.55,0.0,0.0,0.21,36.44
4489,1521,2021,"[122000, 123410, 123420, 123510, 127103]",50184.04,42.44,1.67,0.0,7.71,0.0,0.47,1.41,46.3
4490,1521,2022,"[122000, 123410, 123420, 123510, 127103]",51946.16,43.95,1.1,0.0,9.14,0.0,0.31,3.85,41.65
4491,1522,2017,"[122000, 123303, 123410, 123420, 123520, 123700]",41417.91,31.35,3.85,0.0,6.77,0.0,0.0,1.1,56.93
4492,1522,2018,"[122000, 123303, 123410, 123420, 123520, 123700]",43369.53,32.13,5.41,0.0,6.88,0.0,0.0,0.52,55.05
4493,1522,2019,"[122000, 123303, 123410, 123420, 123520, 123700]",44869.81,34.67,4.59,0.0,6.37,0.0,0.0,0.02,54.36
4494,1522,2020,"[122000, 123303, 123410, 123420, 123520, 123700]",47298.43,36.49,4.94,0.0,1.35,0.0,0.0,0.02,57.21
4495,1522,2021,"[122000, 123303, 123410, 123420, 123520, 123700]",53512.34,38.55,5.53,0.0,2.83,0.0,0.0,0.52,52.56
4496,1522,2022,"[122000, 123303, 123410, 123420, 123520, 123700]",54732.79,31.81,3.82,0.0,5.54,0.0,0.0,1.03,57.79
4497,1523,2017,"[123303, 123304, 123700, 123800]",61635.91,71.19,2.48,0.52,3.82,0.0,0.0,4.66,17.32
4498,1523,2018,"[123303, 123304, 123700, 123800]",66638.02,60.36,2.86,0.6,3.1,0.0,0.0,2.05,31.03
4499,1523,2019,"[123303, 123304, 123700, 123800]",65278.2,59.38,4.69,0.56,2.27,0.0,0.0,2.43,30.67
4500,1523,2020,"[123303, 123304, 123700, 123800]",80642.12,56.18,8.34,0.0,0.69,0.0,0.0,3.51,31.28
4501,1523,2021,"[123303, 123304, 123700, 123800]",82834.36,51.55,8.71,0.0,0.97,0.0,0.0,3.63,35.13
4502,1523,2022,"[123303, 123304, 123700, 123800]",90689.43,47.42,11.69,0.0,1.45,0.0,0.0,4.05,35.38
4503,1524,2017,"[123204, 123301, 123304, 123800, 123901]",52600.2,39.12,3.29,0.01,5.06,1.54,0.0,0.36,50.61
4504,1524,2018,"[123204, 123301, 123304, 123800, 123901]",50612.9,37.59,4.97,0.01,6.07,1.91,0.0,0.21,49.23
4505,1524,2019,"[123204, 123301, 123304, 123800, 123901]",66994.14,29.97,6.88,0.01,8.09,2.97,0.0,1.53,50.55
4506,1524,2020,"[123204, 123301, 123304, 123800, 123901]",53112.77,28.21,7.04,0.01,6.54,3.48,0.0,1.78,52.94
4507,1524,2021,"[123204, 123301, 123304, 123800, 123901]",44939.26,35.8,5.57,0.01,7.05,1.69,0.01,1.92,47.95
4508,1524,2022,"[123204, 123301, 123304, 123800, 123901]",42944.57,35.93,3.43,0.02,7.08,0.0,0.01,2.09,51.46
4509,1525,2017,"[123203, 123204, 123205, 123800, 123901, 123902, 124102, 124103, 124104, 124105]",56686.64,42.75,3.82,0.0,7.38,1.14,0.13,0.79,43.98
4510,1525,2018,"[123203, 123204, 123205, 123800, 123901, 123902, 124102, 124103, 124104, 124105]",54553.25,41.35,5.33,0.0,7.85,1.42,0.11,0.74,43.2
4511,1525,2019,"[123203, 123204, 123205, 123800, 123901, 123902, 124102, 124103, 124104, 124105]",67744.69,35.39,5.87,0.0,9.75,2.2,0.09,1.61,45.08
4512,1525,2020,"[123203, 123204, 123205, 123800, 123901, 123902, 124102, 124103, 124104, 124105]",59448.45,33.13,6.69,0.0,8.18,2.58,0.18,1.84,47.4
4513,1525,2021,"[123203, 123204, 123205, 123800, 123901, 123902, 124102, 124103, 124104, 124105]",55227.43,37.4,5.68,0.0,8.56,1.25,0.09,1.82,45.2
4514,1525,2022,"[123203, 123204, 123205, 123800, 123901, 123902, 124102, 124103, 124104, 124105]",54546.76,38.11,4.24,0.0,8.34,0.0,0.15,1.92,47.25
4515,1526,2017,"[123205, 123206, 124103, 124104, 124105, 124201]",40508.95,23.93,5.05,0.08,6.17,0.09,0.0,1.37,63.32
4516,1526,2018,"[123205, 123206, 124103, 124104, 124105, 124201]",41702.94,26.5,3.75,0.07,6.14,0.14,0.0,2.08,61.34
4517,1526,2019,"[123205, 123206, 124103, 124104, 124105, 124201]",44541.33,28.3,3.98,0.17,4.45,0.13,0.0,2.61,60.36
4518,1526,2020,"[123205, 123206, 124103, 124104, 124105, 124201]",46688.37,30.56,2.24,0.19,5.24,0.0,0.0,3.7,58.07
4519,1526,2021,"[123205, 123206, 124103, 124104, 124105, 124201]",49966.02,26.98,3.43,0.16,5.42,0.0,0.0,3.63,60.38
4520,1526,2022,"[123205, 123206, 124103, 124104, 124105, 124201]",57183.83,24.23,4.7,0.12,6.32,0.0,0.0,3.55,61.07
4521,1527,2017,"[123103, 123104, 123206, 124201]",50676.2,29.98,3.17,0.0,6.57,0.0,0.0,1.5,58.77
4522,1527,2018,"[123103, 123104, 123206, 124201]",52857.12,30.54,1.75,0.0,6.75,0.0,0.0,0.0,60.95
4523,1527,2019,"[123103, 123104, 123206, 124201]",64247.7,30.04,0.28,0.0,6.98,0.0,0.0,1.22,61.47
4524,1527,2020,"[123103, 123104, 123206, 124201]",63688.38,25.11,2.99,0.0,7.57,0.0,0.0,3.41,60.92
4525,1527,2021,"[123103, 123104, 123206, 124201]",64315.12,18.94,3.23,0.01,9.24,0.0,0.0,2.86,65.72
4526,1527,2022,"[123103, 123104, 123206, 124201]",77304.5,17.94,3.7,0.01,4.37,0.0,0.0,3.93,70.05
4527,1529,2017,"[123103, 123104, 124201, 311100]",41319.15,17.58,2.76,0.0,6.53,0.06,1.03,0.62,71.41
4528,1529,2018,"[123103, 123104, 124201, 311100]",43088.86,22.33,2.5,0.0,6.39,0.0,1.19,0.75,66.84
4529,1529,2019,"[123103, 123104, 124201, 311100]",41853.85,26.48,3.29,0.0,7.04,0.0,0.25,1.79,61.16
4530,1529,2020,"[123103, 123104, 124201, 311100]",61413.42,34.12,2.83,0.0,3.32,0.0,0.25,4.36,55.12
4531,1529,2021,"[123103, 123104, 124201, 311100]",65874.79,35.59,4.07,0.01,2.71,0.0,0.76,3.65,53.19
4532,1529,2022,"[123103, 123104, 124201, 311100]",69332.41,34.61,3.49,0.24,3.88,0.0,0.5,4.21,53.07
4533,1531,2017,"[123601, 123700, 123800, 124400, 124902]",82218.45,72.14,2.3,0.0,3.97,0.04,0.23,2.38,18.93
4534,1531,2018,"[123601, 123700, 123800, 124400, 124902]",75172.68,60.7,3.07,0.0,4.74,0.02,0.22,3.03,28.21
4535,1531,2019,"[123601, 123700, 123800, 124400, 124902]",81891.17,69.18,2.98,0.0,4.43,0.04,0.19,3.83,19.35
4536,1531,2020,"[123601, 123700, 123800, 124400, 124902]",87487.97,64.65,2.12,0.0,3.44,0.06,0.21,3.54,25.97
4537,1531,2021,"[123601, 123700, 123800, 124400, 124902]",88062.3,64.36,1.8,0.0,3.48,0.02,0.19,3.31,26.84
4538,1531,2022,"[123601, 123700, 123800, 124400, 124902]",84628.59,58.96,1.13,0.0,2.63,0.0,0.64,2.94,33.7
4539,1532,2017,"[123304, 123800, 123902]",53721.38,56.71,11.15,0.43,3.86,0.0,0.0,1.06,26.79
4540,1532,2018,"[123304, 123800, 123902]",63319.16,57.8,7.39,0.26,3.65,0.0,0.0,1.38,29.51
4541,1532,2019,"[123304, 123800, 123902]",75060.39,62.96,6.12,0.31,3.38,0.0,0.0,1.41,25.81
4542,1532,2020,"[123304, 123800, 123902]",82745.01,60.09,3.12,0.24,4.51,0.0,0.0,4.02,28.03
4543,1532,2021,"[123304, 123800, 123902]",89836.13,60.79,2.58,0.23,4.14,0.0,0.0,5.45,26.82
4544,1532,2022,"[123304, 123800, 123902]",90892.76,60.32,2.24,0.46,4.23,0.0,0.0,8.29,24.47
4545,1533,2017,"[123800, 123902]",67411.3,53.72,5.85,0.0,13.41,0.0,0.45,1.97,24.61
4546,1533,2018,"[123800, 123902]",65973.2,52.87,6.44,0.0,12.35,0.0,0.4,2.2,25.74
4547,1533,2019,"[123800, 123902]",70598.47,52.19,3.23,0.0,13.89,0.0,0.3,1.8,28.59
4548,1533,2020,"[123800, 123902]",78310.43,48.57,5.5,0.0,12.35,0.0,0.64,2.15,30.79
4549,1533,2021,"[123800, 123902]",85643.09,43.81,5.73,0.0,12.28,0.0,0.32,1.83,36.03
4550,1533,2022,"[123800, 123902]",88441.58,46.01,6.18,0.0,11.42,0.0,0.52,2.0,33.87
4551,1535,2017,"[124102, 124105, 124201, 124203, 124204]",46210.11,33.14,5.7,0.0,5.76,0.0,0.65,1.14,53.61
4552,1535,2018,"[124102, 124105, 124201, 124203, 124204]",46720.21,33.9,6.13,0.0,8.06,0.0,0.01,1.27,50.63
4553,1535,2019,"[124102, 124105, 124201, 124203, 124204]",50042.88,35.04,3.6,0.0,4.99,0.0,0.01,5.53,50.84
4554,1535,2020,"[124102, 124105, 124201, 124203, 124204]",48105.42,31.39,2.94,0.0,19.06,0.0,0.01,5.13,41.47
4555,1535,2021,"[124102, 124105, 124201, 124203, 124204]",46323.83,32.87,3.34,0.0,19.99,0.0,0.01,4.69,39.09
4556,1535,2022,"[124102, 124105, 124201, 124203, 124204]",67084.65,31.14,7.21,0.0,20.78,0.0,0.01,4.43,36.42
4557,1538,2017,"[123104, 124201, 124203, 124204, 124300]",41646.68,30.76,3.62,1.09,4.85,0.94,2.88,2.33,53.53
4558,1538,2018,"[123104, 124201, 124203, 124204, 124300]",48388.86,29.91,2.57,1.27,4.26,0.24,1.84,1.42,58.51
4559,1538,2019,"[123104, 124201, 124203, 124204, 124300]",48013.15,31.74,2.55,0.0,5.33,0.15,1.85,2.16,56.22
4560,1538,2020,"[123104, 124201, 124203, 124204, 124300]",48932.03,28.9,2.59,0.0,7.92,0.18,2.73,3.91,53.77
4561,1538,2021,"[123104, 124201, 124203, 124204, 124300]",52118.03,24.26,2.85,0.0,9.23,0.12,4.22,3.94,55.37
4562,1538,2022,"[123104, 124201, 124203, 124204, 124300]",57477.1,25.19,2.9,0.0,7.33,0.1,3.32,3.61,57.55
4563,1539,2017,"[123104, 124300, 311100, 311200]",52609.13,25.73,2.81,0.0,2.74,0.0,0.0,1.55,67.17
4564,1539,2018,"[123104, 124300, 311100, 311200]",42669.62,31.43,2.94,0.0,2.59,0.0,0.0,1.36,61.69
4565,1539,2019,"[123104, 124300, 311100, 311200]",42850.57,32.94,1.81,0.0,5.19,0.0,0.0,2.08,57.98
4566,1539,2020,"[123104, 124300, 311100, 311200]",43853.78,32.28,3.84,0.0,6.46,0.0,0.0,2.25,55.16
4567,1539,2021,"[123104, 124300, 311100, 311200]",51068.03,34.88,4.08,0.0,6.08,0.0,0.0,2.08,52.88
4568,1539,2022,"[123104, 124300, 311100, 311200]",62452.2,36.95,4.35,0.0,8.53,0.0,0.0,2.43,47.73
4569,1541,2017,"[123601, 124000, 124400, 124700, 124902, 124903]",84616.35,69.32,4.36,0.0,2.88,0.0,1.27,4.72,17.45
4570,1541,2018,"[123601, 124000, 124400, 124700, 124902, 124903]",83943.97,71.47,4.15,0.0,4.04,0.0,0.61,6.19,13.54
4571,1541,2019,"[123601, 124000, 124400, 124700, 124902, 124903]",86719.0,72.58,2.3,0.0,5.22,0.0,0.01,5.78,14.11
4572,1541,2020,"[123601, 124000, 124400, 124700, 124902, 124903]",86023.07,75.67,2.26,0.0,5.41,0.0,0.01,4.36,12.29
4573,1541,2021,"[123601, 124000, 124400, 124700, 124902, 124903]",81961.42,77.6,3.75,0.0,6.12,0.0,0.01,6.1,6.43
4574,1541,2022,"[123601, 124000, 124400, 124700, 124902, 124903]",78726.54,73.29,4.15,0.5,6.09,0.0,0.02,5.55,10.4
4575,1543,2017,"[123800, 123902, 124902, 124903]",45248.85,57.12,8.31,0.0,8.0,0.0,0.0,2.31,24.25
4576,1543,2018,"[123800, 123902, 124902, 124903]",44951.82,56.78,7.27,0.0,7.83,0.0,0.14,2.78,25.19
4577,1543,2019,"[123800, 123902, 124902, 124903]",46042.39,56.9,9.76,0.16,6.44,0.0,0.13,3.96,22.64
4578,1543,2020,"[123800, 123902, 124902, 124903, 125101]",58015.44,48.62,13.16,0.17,9.65,0.0,0.14,4.96,23.3
4579,1543,2021,"[123800, 123902, 124902, 124903, 125101]",66624.2,44.59,12.82,0.12,10.24,0.32,0.2,6.8,24.9
4580,1543,2022,"[123800, 123902, 124902, 124903, 125101]",66751.57,41.55,11.86,0.11,14.75,0.39,0.22,7.14,23.99
4581,1544,2017,"[124000, 124903]",84628.67,69.22,4.43,0.0,2.84,0.0,1.3,4.78,17.43
4582,1544,2018,"[124000, 124903]",84093.4,71.73,4.18,0.0,4.02,0.0,0.62,6.28,13.16
4583,1544,2019,"[124000, 124903]",86783.12,72.63,2.3,0.0,5.24,0.0,0.0,5.83,14.0
4584,1544,2020,"[124000, 124903, 125101, 125102, 143402]",85976.31,75.86,2.29,0.0,5.49,0.0,0.0,4.38,11.98
4585,1544,2021,"[124000, 124903, 125101, 125102, 143402]",81871.25,77.84,3.82,0.0,6.21,0.0,0.0,6.2,5.93
4586,1544,2022,"[124000, 124903, 125101, 125102, 143402]",78733.02,73.58,4.25,0.52,6.2,0.0,0.0,5.64,9.8
4587,1545,2017,"[123902, 124102, 125200]",61147.15,50.22,4.7,0.0,9.25,0.39,0.56,6.92,27.95
4588,1545,2018,"[123902, 124102, 125200]",64800.06,51.89,4.78,0.0,7.74,0.43,0.68,6.19,28.28
4589,1545,2019,"[123902, 124102, 125200]",73596.05,52.12,2.58,0.0,8.39,0.43,0.47,5.68,30.33
4590,1545,2020,"[123902, 124102, 125101, 125102, 125200]",90756.17,56.51,12.4,0.11,9.42,0.07,0.2,3.1,18.19
4591,1545,2021,"[123902, 124102, 125101, 125102, 125200]",104104.69,53.38,11.36,0.1,10.24,0.0,0.17,6.51,18.24
4592,1545,2022,"[123902, 124102, 125101, 125102, 125200]",119982.64,51.41,11.64,0.7,7.87,0.0,0.16,8.73,19.48
4593,1546,2017,[125200],57833.0,48.4,4.1,0.0,7.04,0.59,0.62,9.58,29.67
4594,1546,2018,[125200],64219.0,51.42,3.89,0.0,5.27,0.66,0.83,8.34,29.59
4595,1546,2019,[125200],75260.0,52.14,2.23,0.0,5.45,0.67,0.56,7.76,31.2
4596,1546,2020,"[125102, 125200]",80915.16,55.94,4.99,0.0,4.39,0.8,0.45,7.21,26.21
4597,1546,2021,"[125102, 125200]",77674.31,60.37,5.16,0.0,2.98,0.0,0.32,5.72,25.45
4598,1546,2022,"[125102, 125200]",88274.41,61.12,7.56,0.0,4.19,0.0,0.28,5.79,21.06
4599,1547,2017,"[124102, 124204, 125200, 125310, 125402]",57788.37,48.35,4.11,0.0,7.03,0.59,0.62,9.55,29.75
4600,1547,2018,"[124102, 124204, 125200, 125310, 125402]",64159.29,51.36,3.9,0.0,5.28,0.66,0.82,8.31,29.66
4601,1547,2019,"[124102, 124204, 125200, 125310, 125402]",75161.23,52.08,2.25,0.0,5.45,0.66,0.56,7.74,31.26
4602,1547,2020,"[124102, 124204, 125200, 125310, 125322, 125402, 125403, 143301]",80708.77,55.84,5.0,0.0,4.44,0.79,0.45,7.19,26.29
4603,1547,2021,"[124102, 124204, 125200, 125310, 125322, 125402, 125403, 143301]",77492.95,60.23,5.17,0.0,3.05,0.0,0.32,5.71,25.53
4604,1547,2022,"[124102, 124204, 125200, 125310, 125322, 125402, 125403, 143301]",88083.53,60.96,7.56,0.0,4.25,0.0,0.28,5.78,21.17
4605,1548,2017,[125310],46250.0,37.27,9.39,0.0,8.01,0.0,0.0,3.82,41.51
4606,1548,2018,[125310],53022.0,40.96,8.88,0.0,3.89,0.0,0.0,2.18,44.09
4607,1548,2019,[125310],48958.0,39.65,15.44,0.0,2.16,0.0,0.0,1.99,40.76
4608,1548,2020,"[125310, 125321, 125322]",40648.48,41.97,5.01,0.52,8.76,0.0,0.26,5.75,37.74
4609,1548,2021,"[125310, 125321, 125322]",38838.96,39.87,6.02,0.0,8.9,0.0,0.6,3.96,40.65
4610,1548,2022,"[125310, 125321, 125322]",42804.63,44.4,3.97,0.0,7.99,0.0,0.52,4.96,38.14
4611,1549,2017,"[124204, 124300, 125310, 125600, 311200, 311400]",46372.75,37.33,9.34,0.0,7.99,0.0,0.01,3.81,41.51
4612,1549,2018,"[124204, 124300, 125310, 125600, 311200, 311400]",53092.7,40.98,8.83,0.0,3.9,0.0,0.0,2.19,44.08
4613,1549,2019,"[124204, 124300, 125310, 125600, 311200, 311400]",49083.89,39.7,15.34,0.0,2.19,0.0,0.01,2.01,40.76
4614,1549,2020,"[124204, 124300, 125310, 125600, 311200, 311400]",53873.01,43.01,15.0,0.0,3.29,0.0,0.01,2.45,36.24
4615,1549,2021,"[124204, 124300, 125310, 125600, 311200, 311400]",53405.04,43.23,14.91,0.0,4.96,0.0,0.01,5.12,31.77
4616,1549,2022,"[124204, 124300, 125310, 125600, 311200, 311400]",58338.86,38.9,18.19,0.0,5.1,0.0,0.01,5.24,32.56
4617,1551,2017,"[124000, 124700]",84618.61,69.34,4.33,0.0,2.93,0.0,1.25,4.74,17.41
4618,1551,2018,"[124000, 124700]",84440.26,71.66,4.09,0.0,4.06,0.0,0.63,6.17,13.4
4619,1551,2019,"[124000, 124700]",86982.34,72.67,2.24,0.0,5.23,0.01,0.04,5.75,14.07
4620,1551,2020,"[124000, 124700, 125102, 143301, 143402]",126586.61,84.27,0.02,0.0,1.15,0.0,0.0,2.04,12.52
4621,1551,2021,"[124000, 124700, 125102, 143301, 143402]",140226.79,96.05,0.03,0.0,0.04,0.0,0.0,0.04,3.85
4622,1551,2022,"[124000, 124700, 125102, 143301, 143402]",160933.7,89.53,0.84,0.0,2.84,0.0,0.0,0.04,6.76
4623,1553,2017,"[125200, 125402]",63617.89,57.08,6.68,0.0,9.61,0.23,0.49,3.87,22.03
4624,1553,2018,"[125200, 125402]",66438.53,64.14,5.77,0.0,8.4,0.23,0.49,4.46,16.5
4625,1553,2019,"[125200, 125402]",80066.28,64.72,5.64,0.0,7.08,0.03,0.49,4.38,17.65
4626,1553,2020,"[125102, 125200, 125402, 143301]",68105.02,61.73,4.5,1.06,7.52,0.0,0.02,4.94,20.22
4627,1553,2021,"[125102, 125200, 125402, 143301]",76672.77,65.87,3.6,2.0,2.0,0.05,0.02,5.26,21.2
4628,1553,2022,"[125102, 125200, 125402, 143301]",88447.87,64.87,2.39,1.91,5.36,0.05,0.0,2.31,23.12
4629,1555,2017,"[125200, 125402, 125502]",63899.75,57.51,6.81,0.0,9.73,0.22,0.48,3.6,21.65
4630,1555,2018,"[125200, 125402, 125502]",66544.63,64.75,5.86,0.0,8.55,0.21,0.47,4.28,15.87
4631,1555,2019,"[125200, 125402, 125502]",80282.05,65.33,5.81,0.0,7.16,0.0,0.49,4.21,17.0
4632,1555,2020,"[125200, 125322, 125402, 125403, 125404, 125502, 143301]",76424.72,60.07,8.85,0.0,10.79,0.11,0.31,2.89,16.99
4633,1555,2021,"[125200, 125322, 125402, 125403, 125404, 125502, 143301]",77213.02,54.52,10.6,0.0,8.86,0.69,0.44,4.5,20.38
4634,1555,2022,"[125200, 125322, 125402, 125403, 125404, 125502, 143301]",83484.81,51.57,13.46,0.0,8.14,0.68,0.15,4.66,21.35
4635,1557,2017,"[125310, 125501, 125502, 125600]",54880.79,63.98,6.31,0.04,7.48,0.0,0.0,2.69,19.49
4636,1557,2018,"[125310, 125501, 125502, 125600]",57088.64,61.97,7.39,0.06,8.06,0.15,0.0,2.25,20.11
4637,1557,2019,"[125310, 125501, 125502, 125600]",58331.96,62.42,7.53,0.08,9.21,0.17,0.0,2.34,18.26
4638,1557,2020,"[125310, 125321, 125322, 125404, 125501, 125502, 125600]",59593.92,62.14,6.2,0.0,9.17,0.16,0.0,2.98,19.34
4639,1557,2021,"[125310, 125321, 125322, 125404, 125501, 125502, 125600]",63421.43,59.43,6.34,0.0,7.22,0.16,0.01,4.9,21.94
4640,1557,2022,"[125310, 125321, 125322, 125404, 125501, 125502, 125600]",70595.73,57.14,6.41,0.0,6.88,0.17,0.5,6.08,22.82
4641,1559,2017,"[125310, 125501, 125502, 125600, 311400]",78890.9,68.21,2.96,0.0,8.67,0.0,0.93,2.92,16.31
4642,1559,2018,"[125310, 125501, 125502, 125600, 311400]",81331.73,62.56,2.87,0.0,6.44,0.0,0.0,2.93,25.2
4643,1559,2019,"[125310, 125501, 125502, 125600, 311400]",82376.39,61.99,2.57,0.0,6.83,0.0,0.0,3.16,25.45
4644,1559,2020,"[125310, 125501, 125502, 125600, 311400, 311602]",72090.93,51.57,7.83,0.0,10.59,0.0,0.0,5.13,24.88
4645,1559,2021,"[125310, 125501, 125502, 125600, 311400, 311602]",97857.27,50.35,10.79,0.0,10.25,0.0,0.3,4.43,23.87
4646,1559,2022,"[125310, 125501, 125502, 125600, 311400, 311602]",105392.62,52.76,9.8,0.0,9.58,0.0,2.24,4.96,20.65
4647,1562,2017,[124700],81129.0,71.69,1.74,0.0,5.45,0.0,0.0,3.19,17.94
4648,1562,2018,[124700],90795.0,68.37,1.35,0.0,5.27,0.0,0.81,2.88,21.33
4649,1562,2019,[124700],89674.0,72.05,1.12,0.0,5.24,0.22,0.99,3.23,17.15
4650,1562,2020,"[124700, 143301, 143302, 143401, 143402]",121272.26,77.67,1.53,0.46,4.56,0.0,0.89,3.93,10.96
4651,1562,2021,"[124700, 143301, 143302, 143401, 143402]",131848.94,83.21,1.31,0.4,4.84,0.0,0.91,2.79,6.55
4652,1562,2022,"[124700, 143301, 143302, 143401, 143402]",145480.06,78.41,1.34,0.0,7.27,0.0,0.95,3.48,8.55
4653,1563,2017,"[143200, 143602]",73017.07,71.69,5.18,0.0,4.88,0.0,0.37,6.13,11.74
4654,1563,2018,"[143200, 143602]",81571.2,76.26,4.82,0.0,8.23,0.19,0.44,2.85,7.2
4655,1563,2019,"[143200, 143602]",98120.16,71.16,4.1,0.0,11.85,0.17,0.53,3.57,8.62
4656,1563,2020,"[143200, 143301, 143302, 143402, 143602]",112157.94,70.37,4.6,0.02,8.11,0.0,0.0,3.73,13.18
4657,1563,2021,"[143200, 143301, 143302, 143402, 143602]",109841.79,75.98,4.45,0.04,7.43,0.0,0.0,2.62,9.49
4658,1563,2022,"[143200, 143301, 143302, 143402, 143602]",100614.62,73.67,5.73,0.03,7.93,0.0,0.0,2.51,10.12
4659,1565,2017,"[125402, 143200, 143603]",72884.49,60.29,9.26,0.0,4.9,0.0,0.01,6.8,18.73
4660,1565,2018,"[125402, 143200, 143603]",73905.64,65.08,8.84,0.0,6.23,0.68,0.01,6.3,12.87
4661,1565,2019,"[125402, 143200, 143603]",75622.52,65.82,3.5,0.0,6.24,0.62,0.39,6.56,16.87
4662,1565,2020,"[125402, 143200, 143301, 143302, 143603]",73519.25,58.46,2.16,0.0,8.89,0.65,0.39,4.32,25.13
4663,1565,2021,"[125402, 143200, 143301, 143302, 143603]",71468.58,52.49,5.38,0.0,7.82,0.61,0.24,3.13,30.32
4664,1565,2022,"[125402, 143200, 143301, 143302, 143603]",84549.95,51.91,5.33,0.0,7.49,0.69,0.07,2.99,31.52
4665,1566,2017,"[125402, 125502, 143200, 143603]",72827.48,60.33,9.21,0.0,4.96,0.01,0.01,6.78,18.7
4666,1566,2018,"[125402, 125502, 143200, 143603]",73874.34,65.12,8.78,0.0,6.25,0.67,0.01,6.29,12.87
4667,1566,2019,"[125402, 125502, 143200, 143603]",75719.93,65.86,3.51,0.0,6.26,0.62,0.39,6.54,16.81
4668,1566,2020,"[125402, 125502, 143101, 143102, 143200, 143603]",73719.74,58.59,2.19,0.0,8.9,0.64,0.39,4.31,24.97
4669,1566,2021,"[125402, 125502, 143101, 143102, 143200, 143603]",71684.68,52.62,5.41,0.0,7.88,0.61,0.24,3.16,30.08
4670,1566,2022,"[125402, 125502, 143101, 143102, 143200, 143603]",84697.13,52.05,5.37,0.0,7.52,0.69,0.07,3.02,31.28
4671,1567,2017,[125502],66152.0,70.04,5.31,0.0,9.11,0.0,0.0,3.14,12.4
4672,1567,2018,[125502],65919.0,65.69,5.38,0.0,7.72,0.29,0.0,2.75,18.17
4673,1567,2019,[125502],68700.0,64.82,4.96,0.0,10.44,0.32,0.0,2.67,16.8
4674,1567,2020,"[125502, 143101, 143102]",93132.92,64.19,4.64,0.0,9.78,0.01,0.0,3.99,17.39
4675,1567,2021,"[125502, 143101, 143102]",88412.9,62.99,13.04,0.0,6.8,0.01,0.0,4.12,13.04
4676,1567,2022,"[125502, 143101, 143102]",102859.82,65.31,2.61,0.0,6.01,0.01,0.97,4.61,20.48
4677,1569,2017,"[125502, 125600]",78914.31,68.24,2.96,0.0,8.67,0.0,0.93,2.92,16.29
4678,1569,2018,"[125502, 125600]",81350.12,62.58,2.86,0.0,6.44,0.0,0.0,2.93,25.18
4679,1569,2019,"[125502, 125600]",82394.9,62.01,2.56,0.0,6.83,0.0,0.0,3.17,25.43
4680,1569,2020,"[125502, 125600, 143101, 143102, 189704, 311602]",99009.24,77.63,1.09,0.0,9.15,0.0,0.0,3.33,8.81
4681,1569,2021,"[125502, 125600, 143101, 143102, 189704, 311602]",88603.01,72.21,5.82,0.0,11.03,0.0,0.0,2.63,8.31
4682,1569,2022,"[125502, 125600, 143101, 143102, 189704, 311602]",97588.57,67.38,6.21,0.0,10.41,0.0,0.12,3.47,12.42
4683,1581,2017,"[143500, 143602, 143901]",87475.34,69.74,11.77,0.0,5.65,0.78,0.0,2.63,9.42
4684,1581,2018,"[143500, 143602, 143901]",91579.78,69.84,9.63,0.0,5.74,0.82,0.0,5.04,8.93
4685,1581,2019,"[143500, 143602, 143901]",108557.14,76.82,5.82,0.0,2.61,0.73,0.0,5.02,9.01
4686,1581,2020,"[143401, 143402, 143500, 143602, 143901]",119827.36,76.25,5.0,0.0,2.09,0.74,0.0,4.56,11.36
4687,1581,2021,"[143401, 143402, 143500, 143602, 143901]",129399.18,78.95,3.47,0.48,1.97,0.0,0.0,5.65,9.47
4688,1581,2022,"[143401, 143402, 143500, 143602, 143901]",150530.56,74.42,4.08,0.51,1.9,0.0,0.0,7.8,11.29
4689,1583,2017,"[143200, 143500, 143602, 143603, 143901]",73000.67,75.86,3.66,0.0,4.91,0.0,0.51,5.86,9.19
4690,1583,2018,"[143200, 143500, 143602, 143603, 143901]",84342.22,80.38,3.31,0.0,8.99,0.0,0.6,1.57,5.14
4691,1583,2019,"[143200, 143500, 143602, 143603, 143901]",106446.82,73.12,4.34,0.0,13.92,0.0,0.59,2.45,5.58
4692,1583,2020,"[143200, 143302, 143402, 143500, 143602, 143603, 143606, 143801, 143901]",100539.3,70.84,3.19,0.0,12.34,0.0,0.0,2.8,10.83
4693,1583,2021,"[143200, 143302, 143402, 143500, 143602, 143603, 143606, 143801, 143901]",100464.97,71.14,3.21,0.06,12.3,0.0,0.0,2.15,11.14
4694,1583,2022,"[143200, 143302, 143402, 143500, 143602, 143603, 143606, 143801, 143901]",95511.06,70.07,2.67,0.11,11.86,0.0,0.0,3.17,12.12
4695,1585,2017,"[143200, 143602, 143603, 143700]",74135.74,70.47,3.08,0.55,9.67,0.0,0.0,6.52,9.7
4696,1585,2018,"[143200, 143602, 143603, 143700]",77650.53,72.99,2.23,0.5,7.84,0.0,0.0,7.42,9.01
4697,1585,2019,"[143200, 143602, 143603, 143700]",86946.75,74.58,2.51,0.0,9.6,0.0,0.0,6.15,7.16
4698,1585,2020,"[143200, 143602, 143603, 143605, 143606, 143700, 143802]",85278.12,64.89,4.45,0.32,11.46,0.0,0.0,5.94,12.95
4699,1585,2021,"[143200, 143602, 143603, 143605, 143606, 143700, 143802]",98369.92,60.86,3.7,0.67,15.53,0.0,0.0,6.61,12.63
4700,1585,2022,"[143200, 143602, 143603, 143605, 143606, 143700, 143802]",96843.25,61.27,8.91,0.33,13.07,0.0,0.0,4.77,11.66
4701,1586,2017,"[143200, 143603, 143700]",74312.75,70.5,3.07,0.55,9.68,0.0,0.0,6.53,9.67
4702,1586,2018,"[143200, 143603, 143700]",77764.14,73.0,2.22,0.5,7.85,0.01,0.0,7.42,9.0
4703,1586,2019,"[143200, 143603, 143700]",87050.71,74.61,2.51,0.0,9.59,0.01,0.0,6.15,7.14
4704,1586,2020,"[143101, 143200, 143603, 143605, 143700]",78117.04,59.67,11.56,0.0,12.72,0.0,0.0,4.65,11.39
4705,1586,2021,"[143101, 143200, 143603, 143605, 143700]",92545.29,59.94,8.51,0.27,13.2,0.0,0.0,6.13,11.96
4706,1586,2022,"[143101, 143200, 143603, 143605, 143700]",100822.16,59.91,11.19,0.22,12.22,0.0,0.0,4.94,11.51
4707,1587,2017,[143700],120278.0,76.33,2.45,0.0,8.74,0.68,0.73,7.18,3.89
4708,1587,2018,[143700],106818.0,74.62,1.92,0.0,9.17,0.84,0.69,6.33,6.44
4709,1587,2019,[143700],111985.0,78.72,0.97,0.0,6.38,0.84,0.0,7.03,6.06
4710,1587,2020,"[143605, 143700]",122748.82,73.43,1.3,0.0,4.99,0.66,0.0,5.63,13.99
4711,1587,2021,"[143605, 143700]",129329.18,74.17,1.12,0.0,4.33,0.0,0.0,4.36,16.01
4712,1587,2022,"[143605, 143700]",142716.08,71.38,2.04,0.0,4.89,0.0,0.7,3.98,17.02
4713,1588,2017,[143700],120278.0,76.33,2.45,0.0,8.74,0.68,0.73,7.18,3.89
4714,1588,2018,[143700],106818.0,74.62,1.92,0.0,9.17,0.84,0.69,6.33,6.44
4715,1588,2019,[143700],111985.0,78.72,0.97,0.0,6.38,0.84,0.0,7.03,6.06
4716,1588,2020,"[143700, 189703, 189704, 311601, 311602]",108579.07,76.97,1.65,0.0,4.16,0.01,0.0,6.71,10.51
4717,1588,2021,"[143700, 189703, 189704, 311601, 311602]",105266.36,71.77,1.92,0.0,8.32,0.0,0.0,2.01,15.98
4718,1588,2022,"[143700, 189703, 189704, 311601, 311602]",134185.13,73.18,1.56,0.0,5.07,0.0,0.01,6.06,14.12
4719,1589,2020,"[189703, 189704, 311601]",107180.86,67.52,14.44,0.0,6.59,0.0,0.0,2.0,9.45
4720,1589,2021,"[189703, 189704, 311601]",109888.8,63.13,14.08,0.0,12.34,0.0,0.0,1.14,9.31
4721,1589,2022,"[189703, 189704, 311601]",101201.42,61.23,13.44,0.0,14.11,0.0,0.0,1.64,9.57
4722,1591,2017,"[143500, 143901, 143902]",170219.41,86.86,0.72,0.0,3.43,0.0,0.0,3.61,5.37
4723,1591,2018,"[143500, 143901, 143902]",208117.47,81.18,0.78,0.0,4.47,0.0,0.0,3.59,9.97
4724,1591,2019,"[143500, 143901, 143902]",211888.75,79.99,0.8,0.0,4.18,0.0,0.0,4.25,10.78
4725,1591,2020,"[143500, 143801, 143802, 143901, 143902, 261103, 261104]",204362.57,79.7,0.78,0.0,4.17,0.0,0.0,5.11,10.25
4726,1591,2021,"[143500, 143801, 143802, 143901, 143902, 261103, 261104]",187018.44,69.15,1.46,0.0,8.06,0.0,0.44,6.22,14.67
4727,1591,2022,"[143500, 143801, 143802, 143901, 143902, 261103, 261104]",200631.66,70.58,0.73,0.0,7.09,0.0,0.45,4.99,16.16
4728,1595,2017,"[143602, 143901]",86707.33,77.41,3.25,0.0,4.7,0.0,0.44,5.55,8.65
4729,1595,2018,"[143602, 143901]",101799.29,80.5,2.95,0.0,8.36,0.0,0.52,1.86,5.82
4730,1595,2019,"[143602, 143901]",121322.28,74.09,3.84,0.0,12.55,0.0,0.5,2.71,6.31
4731,1595,2020,"[143602, 143801, 143802, 143901]",165044.79,67.97,6.0,0.0,7.4,0.0,0.0,12.64,5.98
4732,1595,2021,"[143602, 143801, 143802, 143901]",148677.35,61.75,8.63,0.0,6.62,0.0,0.0,13.5,9.49
4733,1595,2022,"[143602, 143801, 143802, 143901]",187602.86,63.74,8.68,0.0,5.94,0.0,0.0,12.95,8.69
4734,1596,2017,"[143602, 143700, 143901, 194102]",122416.52,77.71,3.23,0.0,8.41,0.42,0.46,4.32,5.44
4735,1596,2018,"[143602, 143700, 143901, 194102]",120467.15,74.1,3.24,0.0,10.16,0.51,0.45,4.01,7.54
4736,1596,2019,"[143602, 143700, 143901, 194102]",122301.47,76.5,3.91,0.0,6.79,0.35,0.17,5.02,7.27
4737,1596,2020,"[143602, 143606, 143700, 143801, 143802, 143901, 194102]",131962.69,71.63,3.13,0.0,8.12,0.0,0.0,1.52,15.59
4738,1596,2021,"[143602, 143606, 143700, 143801, 143802, 143901, 194102]",137556.22,71.17,4.54,0.0,8.73,0.0,0.0,3.77,11.78
4739,1596,2022,"[143602, 143606, 143700, 143801, 143802, 143901, 194102]",134939.25,73.33,3.5,0.0,10.18,0.0,0.0,4.88,8.11
4740,1599,2017,"[143700, 189702, 194101, 194102]",120179.62,76.32,2.46,0.0,8.74,0.68,0.73,7.17,3.9
4741,1599,2018,"[143700, 189702, 194101, 194102]",106771.22,74.61,1.93,0.0,9.16,0.84,0.69,6.33,6.44
4742,1599,2019,"[143700, 189702, 194101, 194102]",111944.15,78.71,0.99,0.0,6.37,0.84,0.0,7.02,6.07
4743,1599,2020,"[143606, 143700, 143802, 189702, 194101, 194102]",122651.27,73.43,1.32,0.0,4.99,0.66,0.0,5.62,13.98
4744,1599,2021,"[143606, 143700, 143802, 189702, 194101, 194102]",129217.84,74.17,1.14,0.0,4.34,0.0,0.0,4.36,15.99
4745,1599,2022,"[143606, 143700, 143802, 189702, 194101, 194102]",142581.49,71.39,2.04,0.0,4.89,0.0,0.7,3.99,16.99
4746,1601,2017,"[104201, 104203, 104204, 104310, 106112]",51008.33,1.25,12.65,0.0,0.01,0.0,0.0,0.0,86.09
4747,1601,2018,"[104201, 104203, 104204, 104310, 106112]",51614.06,1.27,9.3,0.0,0.01,0.0,0.0,0.0,89.42
4748,1601,2019,"[104201, 104203, 104204, 104310, 106112]",60170.83,1.25,8.77,0.68,0.01,0.0,0.0,0.0,89.29
4749,1601,2020,"[104201, 104203, 104204, 104310, 106112, 320102]",71466.88,1.15,9.1,0.53,0.01,0.0,0.0,0.0,89.21
4750,1601,2021,"[104201, 104203, 104204, 104310, 106112, 320102]",83469.32,0.61,12.16,0.41,0.21,0.0,0.0,0.0,86.61
4751,1601,2022,"[104201, 104203, 104204, 104310, 106112, 320102]",93729.13,0.37,11.35,0.71,3.61,0.0,0.0,0.0,83.96
4752,1602,2017,"[104103, 104105, 104201, 104203, 104204, 106112]",44958.79,6.05,6.81,0.0,5.01,0.0,0.16,0.73,81.23
4753,1602,2018,"[104103, 104105, 104201, 104203, 104204, 106112]",55350.75,6.29,6.03,0.0,3.51,0.0,0.2,1.07,82.9
4754,1602,2019,"[104103, 104105, 104201, 104203, 104204, 106112]",54594.22,5.86,5.87,0.0,4.12,0.0,0.17,1.0,82.97
4755,1602,2020,"[104103, 104105, 104201, 104203, 104204, 106112, 930400]",53335.42,5.27,5.43,0.51,3.11,0.0,0.2,0.92,84.55
4756,1602,2021,"[104103, 104105, 104201, 104203, 104204, 106112, 930400]",59110.34,5.43,5.5,0.58,2.92,0.0,0.21,0.62,84.74
4757,1602,2022,"[104103, 104105, 104201, 104203, 104204, 106112, 930400]",70400.47,5.58,4.47,0.57,3.67,0.0,0.09,0.6,85.02
4758,1603,2017,"[104103, 104124, 104204]",47844.02,10.02,6.49,0.0,6.01,0.0,0.0,1.28,76.2
4759,1603,2018,"[104103, 104124, 104204]",63422.43,10.53,4.47,0.0,5.82,0.0,0.0,1.9,77.28
4760,1603,2019,"[104103, 104124, 104204]",59140.69,9.77,3.81,0.0,6.68,0.0,0.0,1.76,77.97
4761,1603,2020,"[104103, 104124, 104204, 930400]",60267.86,8.92,4.56,0.97,5.25,0.0,0.0,1.77,78.53
4762,1603,2021,"[104103, 104124, 104204, 930400]",62243.28,8.97,5.49,1.08,5.2,0.0,0.0,1.2,78.06
4763,1603,2022,"[104103, 104124, 104204, 930400]",75426.81,10.31,5.21,1.07,5.47,0.0,0.0,0.88,77.05
4764,1605,2017,"[104103, 104124, 104204]",83514.33,9.28,14.7,0.0,8.78,0.0,0.2,0.52,66.52
4765,1605,2018,"[104103, 104124, 104204]",86967.87,10.3,13.75,0.0,7.27,0.0,0.22,0.36,68.1
4766,1605,2019,"[104103, 104124, 104204]",97469.48,11.1,12.56,0.0,5.81,0.0,0.17,0.44,69.92
4767,1605,2020,"[104103, 104124, 104204]",102022.74,10.2,13.6,0.0,7.56,0.0,0.13,2.14,66.37
4768,1605,2021,"[104103, 104124, 104204]",105799.23,5.61,13.1,0.0,4.82,0.0,0.0,1.83,74.65
4769,1605,2022,"[104103, 104124, 104204]",107513.53,6.79,13.1,0.0,5.38,0.0,0.86,2.22,71.65
4770,1606,2017,"[104103, 104124]",81079.04,29.39,10.8,0.69,4.57,0.0,0.21,2.36,51.99
4771,1606,2018,"[104103, 104124]",84251.16,27.73,9.05,0.5,8.43,0.0,0.21,2.08,52.0
4772,1606,2019,"[104103, 104124]",77893.3,31.58,12.67,0.57,8.33,0.0,0.0,2.24,44.6
4773,1606,2020,"[103202, 104103, 104124]",71230.06,28.7,13.43,0.16,9.47,0.0,0.14,0.49,47.61
4774,1606,2021,"[103202, 104103, 104124]",69009.84,29.99,12.09,0.18,9.7,0.0,0.12,0.59,47.33
4775,1606,2022,"[103202, 104103, 104124]",76309.23,30.94,13.01,0.17,8.2,0.0,0.12,1.1,46.47
4776,1608,2017,[104124],81078.0,29.4,10.79,0.69,4.56,0.0,0.21,2.36,51.98
4777,1608,2018,[104124],84250.0,27.74,9.05,0.5,8.43,0.0,0.21,2.08,51.99
4778,1608,2019,[104124],77885.0,31.59,12.67,0.57,8.34,0.0,0.0,2.25,44.59
4779,1608,2020,"[103202, 104124, 930400]",105824.3,38.34,1.51,0.0,4.79,0.0,22.38,0.43,32.56
4780,1608,2021,"[103202, 104124, 930400]",104437.43,54.21,0.15,0.0,2.75,0.0,19.47,0.53,22.88
4781,1608,2022,"[103202, 104124, 930400]",112177.78,53.58,1.05,0.0,1.95,0.0,19.19,0.6,23.63
4782,1611,2017,"[104201, 104310, 109500, 320201, 320202]",68355.27,1.0,3.75,0.29,0.17,0.0,0.0,0.26,94.53
4783,1611,2018,"[104201, 104310, 109500, 320201, 320202]",69837.41,1.19,2.15,0.36,0.28,0.0,0.34,0.26,95.42
4784,1611,2019,"[104201, 104310, 109500, 320201, 320202]",74860.75,1.38,1.93,0.16,0.36,0.0,0.34,0.22,95.6
4785,1611,2020,"[104201, 104310, 109500, 320102, 320201, 320202]",90797.16,2.16,1.37,0.0,0.32,0.0,2.03,0.0,94.11
4786,1611,2021,"[104201, 104310, 109500, 320102, 320201, 320202]",86560.08,1.97,2.28,0.0,0.09,0.0,2.48,0.27,92.92
4787,1611,2022,"[104201, 104310, 109500, 320102, 320201, 320202]",87402.95,2.1,1.75,0.0,0.19,0.0,2.77,0.27,92.91
4788,1612,2017,"[104201, 104203, 104310, 104701]",66573.27,1.02,3.9,0.28,0.32,0.0,0.01,0.25,94.23
4789,1612,2018,"[104201, 104203, 104310, 104701]",68238.65,1.2,2.41,0.34,0.3,0.0,0.34,0.25,95.16
4790,1612,2019,"[104201, 104203, 104310, 104701]",73170.58,1.38,2.22,0.15,0.4,0.01,0.34,0.21,95.29
4791,1612,2020,"[104201, 104203, 104310, 104321, 104322, 104701]",51659.84,2.35,3.17,0.06,1.02,0.0,0.53,0.85,92.02
4792,1612,2021,"[104201, 104203, 104310, 104321, 104322, 104701]",48017.93,3.34,1.91,0.06,1.0,0.0,0.77,1.19,91.73
4793,1612,2022,"[104201, 104203, 104310, 104321, 104322, 104701]",57145.41,3.0,0.93,0.17,0.5,0.12,0.72,1.55,93.02
4794,1613,2017,"[104105, 104108, 104203]",39697.65,7.29,4.39,0.36,8.42,0.0,2.63,0.15,76.77
4795,1613,2018,"[104105, 104108, 104203]",52612.72,7.11,4.96,0.52,9.67,0.0,2.55,1.16,74.03
4796,1613,2019,"[104105, 104108, 104203]",54956.28,5.7,4.59,0.51,11.31,0.0,2.82,1.02,74.04
4797,1613,2020,"[104105, 104108, 104203]",50482.67,4.05,4.2,0.23,5.32,0.0,2.76,0.86,82.58
4798,1613,2021,"[104105, 104108, 104203]",51717.84,4.06,4.39,0.38,5.04,0.0,0.0,0.69,85.44
4799,1613,2022,"[104105, 104108, 104203]",58901.43,5.69,2.65,0.0,4.81,0.0,0.0,0.86,85.99
4800,1614,2017,"[104103, 104105, 104108]",44161.33,7.48,5.45,0.32,8.45,0.0,2.38,0.19,75.74
4801,1614,2018,"[104103, 104105, 104108]",56091.73,7.43,5.87,0.46,9.4,0.0,2.3,1.08,73.45
4802,1614,2019,"[104103, 104105, 104108]",59265.2,6.24,5.41,0.46,10.72,0.0,2.54,0.96,73.66
4803,1614,2020,"[104103, 104105, 104108]",55723.62,4.67,5.16,0.2,5.53,0.0,2.49,0.99,80.96
4804,1614,2021,"[104103, 104105, 104108]",57239.1,4.21,5.28,0.34,5.01,0.0,0.0,0.81,84.36
4805,1614,2022,"[104103, 104105, 104108]",63853.68,5.79,3.72,0.0,4.85,0.0,0.09,0.99,84.56
4806,1615,2017,"[104103, 104105, 104108, 104124]",46832.7,7.03,10.07,0.03,4.66,0.22,0.01,0.29,77.69
4807,1615,2018,"[104103, 104105, 104108, 104124]",52284.46,7.51,9.58,0.02,3.46,0.23,0.01,0.44,78.76
4808,1615,2019,"[104103, 104105, 104108, 104124]",53748.94,6.59,7.48,0.02,3.62,0.2,0.0,0.82,81.26
4809,1615,2020,"[104103, 104105, 104108, 104124]",52931.36,5.97,5.45,0.01,2.14,0.46,0.0,0.75,85.21
4810,1615,2021,"[104103, 104105, 104108, 104124]",60049.77,5.87,5.77,0.01,2.09,0.55,0.18,0.68,84.86
4811,1615,2022,"[104103, 104105, 104108, 104124]",64001.43,3.28,6.42,0.01,1.77,0.0,0.3,0.86,87.36
4812,1617,2017,"[103101, 103102]",72722.96,67.08,0.66,0.39,5.45,0.0,0.02,1.65,24.74
4813,1617,2018,"[103101, 103102]",88997.74,67.7,0.49,0.46,4.95,0.0,0.02,1.88,24.5
4814,1617,2019,"[103101, 103102]",99515.19,73.59,0.73,0.0,6.83,0.0,0.02,2.35,16.48
4815,1617,2020,"[103101, 103102, 103201, 103202, 930400]",89402.93,50.55,1.22,0.0,7.16,0.0,10.64,1.31,29.11
4816,1617,2021,"[103101, 103102, 103201, 103202, 930400]",90700.72,59.31,0.42,0.0,3.35,0.06,9.26,0.41,27.19
4817,1617,2022,"[103101, 103102, 103201, 103202, 930400]",97974.28,53.24,1.6,0.0,4.66,0.07,9.13,0.7,30.59
4818,1618,2017,"[101122, 103101]",72749.97,67.28,0.67,0.39,5.26,0.0,0.0,1.66,24.74
4819,1618,2018,"[101122, 103101]",89210.68,67.87,0.5,0.46,4.78,0.0,0.0,1.89,24.5
4820,1618,2019,"[101122, 103101]",99863.1,73.86,0.74,0.0,6.75,0.0,0.0,2.35,16.29
4821,1618,2020,"[101122, 103101, 103201, 103202, 930400]",108893.58,67.04,0.86,0.0,6.39,0.0,0.01,2.15,23.55
4822,1618,2021,"[101122, 103101, 103201, 103202, 930400]",121233.64,62.76,0.94,0.0,8.54,0.0,0.01,1.03,26.72
4823,1618,2022,"[101122, 103101, 103201, 103202, 930400]",125298.32,60.66,0.31,0.0,7.39,0.0,0.41,3.49,27.75
4824,1619,2017,"[101110, 101122, 101300, 103101, 300301]",85370.09,81.51,0.06,0.38,8.21,0.0,0.0,0.88,8.96
4825,1619,2018,"[101110, 101122, 101300, 103101, 300301]",88918.35,84.96,1.92,0.39,6.38,0.0,0.0,1.87,4.48
4826,1619,2019,"[101110, 101122, 101300, 103101, 300301]",90219.76,84.53,2.24,0.43,6.44,0.0,0.0,1.96,4.4
4827,1619,2020,"[101110, 101122, 101300, 103101, 300301, 930400]",93576.35,74.83,3.86,0.0,9.9,0.02,0.0,4.96,6.42
4828,1619,2021,"[101110, 101122, 101300, 103101, 300301, 930400]",107065.82,67.86,2.65,0.0,13.54,0.02,0.07,6.04,9.83
4829,1619,2022,"[101110, 101122, 101300, 103101, 300301, 930400]",117617.0,67.55,2.28,0.0,13.29,0.0,0.31,5.98,10.59
4830,1621,2017,"[104401, 104403, 104404, 104500, 104620, 119202]",59859.08,1.21,1.49,0.01,1.57,0.0,0.0,0.17,95.55
4831,1621,2018,"[104401, 104403, 104404, 104500, 104620, 119202]",59809.17,1.16,1.24,0.01,2.05,0.0,0.0,0.16,95.37
4832,1621,2019,"[104401, 104403, 104404, 104500, 104620, 119202]",62204.15,1.58,0.72,0.01,2.66,0.0,0.0,0.08,94.95
4833,1621,2020,"[104401, 104403, 104404, 104500, 104620, 119202]",61761.83,1.1,0.21,0.01,3.07,0.0,0.0,0.0,95.61
4834,1621,2021,"[104401, 104403, 104404, 104500, 104620, 119202]",75296.02,2.33,0.3,0.01,4.12,0.0,0.0,0.01,93.22
4835,1621,2022,"[104401, 104403, 104404, 104500, 104620, 119202]",80742.15,1.89,0.3,0.01,3.11,0.0,0.0,0.01,94.68
4836,1622,2017,"[104310, 104401, 104403, 104404, 104610, 104701, 109500]",65859.39,1.35,2.7,0.13,0.28,0.0,0.0,0.25,95.29
4837,1622,2018,"[104310, 104401, 104403, 104404, 104610, 104701, 109500]",66706.79,1.41,1.89,0.16,0.83,0.0,0.15,0.24,95.32
4838,1622,2019,"[104310, 104401, 104403, 104404, 104610, 104701, 109500]",69000.37,1.84,1.45,0.07,1.01,0.0,0.15,0.16,95.31
4839,1622,2020,"[104310, 104322, 104401, 104403, 104404, 104610, 104701, 109500]",72124.32,1.96,0.87,0.0,1.15,0.0,0.89,0.02,95.1
4840,1622,2021,"[104310, 104322, 104401, 104403, 104404, 104610, 104701, 109500]",76249.62,2.55,1.35,0.0,0.91,0.0,1.09,0.14,93.96
4841,1622,2022,"[104310, 104322, 104401, 104403, 104404, 104610, 104701, 109500]",79769.45,2.18,1.1,0.0,1.05,0.0,1.22,0.16,94.28
4842,1623,2017,"[104105, 104203, 104610, 104701, 104704]",27947.99,0.8,3.68,0.0,0.01,0.0,0.0,0.0,95.5
4843,1623,2018,"[104105, 104203, 104610, 104701, 104704]",32072.37,1.05,3.42,0.0,0.01,0.0,0.0,0.0,95.52
4844,1623,2019,"[104105, 104203, 104610, 104701, 104704]",35390.71,1.32,3.29,0.0,0.35,0.59,0.0,0.0,94.44
4845,1623,2020,"[104105, 104203, 104321, 104610, 104701, 104704]",42558.17,1.32,2.02,0.0,0.33,0.61,0.0,0.0,95.72
4846,1623,2021,"[104105, 104203, 104321, 104610, 104701, 104704]",46006.85,1.37,0.34,0.0,0.27,0.5,0.0,0.0,97.52
4847,1623,2022,"[104105, 104203, 104321, 104610, 104701, 104704]",49874.64,0.7,0.16,0.0,0.21,0.33,0.0,0.0,98.6
4848,1633,2017,"[104105, 104108, 104704]",44671.02,6.05,9.95,0.0,4.59,0.23,0.0,0.2,78.99
4849,1633,2018,"[104105, 104108, 104704]",50259.47,6.61,9.52,0.0,3.17,0.24,0.0,0.37,80.09
4850,1633,2019,"[104105, 104108, 104704]",51875.6,5.45,7.16,0.0,3.38,0.22,0.0,0.77,83.02
4851,1633,2020,"[104105, 104108, 104704]",51206.85,4.94,4.95,0.0,1.73,0.49,0.0,0.74,87.15
4852,1633,2021,"[104105, 104108, 104704]",58782.58,4.87,5.35,0.0,1.71,0.58,0.19,0.66,86.63
4853,1633,2022,"[104105, 104108, 104704]",62638.25,2.06,6.0,0.0,1.43,0.0,0.3,0.83,89.38
4854,1634,2017,"[104108, 104124]",77507.11,27.11,10.71,0.63,4.57,0.02,0.19,2.15,54.63
4855,1634,2018,"[104108, 104124]",80915.98,25.67,9.09,0.45,7.91,0.02,0.19,1.91,54.75
4856,1634,2019,"[104108, 104124]",75333.8,29.02,12.13,0.51,7.85,0.02,0.0,2.1,48.36
4857,1634,2020,"[104108, 104124]",69058.6,26.32,12.67,0.14,8.74,0.05,0.0,0.52,51.57
4858,1634,2021,"[104108, 104124]",67792.32,27.4,11.49,0.16,8.96,0.06,0.02,0.6,51.31
4859,1634,2022,"[104108, 104124]",74753.52,27.98,12.39,0.16,7.57,0.0,0.03,1.07,50.8
4860,1635,2017,"[103300, 104124]",94303.31,81.32,0.27,0.29,6.96,0.0,1.08,4.24,5.83
4861,1635,2018,"[103300, 104124]",93205.18,73.48,0.42,0.25,8.71,0.0,0.31,2.73,14.1
4862,1635,2019,"[103300, 104124]",105903.31,76.61,0.03,1.19,7.17,0.0,0.0,4.34,10.67
4863,1635,2020,"[103202, 103300, 104124]",107837.57,47.0,1.1,0.27,5.51,0.0,17.38,0.98,27.75
4864,1635,2021,"[103202, 103300, 104124]",110539.27,57.29,0.43,0.14,3.8,0.0,15.12,1.55,21.68
4865,1635,2022,"[103202, 103300, 104124]",117289.46,57.91,1.31,0.14,2.57,0.0,14.9,2.26,20.92
4866,1636,2017,"[102107, 103300]",94302.13,81.33,0.26,0.29,6.96,0.0,1.08,4.24,5.83
4867,1636,2018,"[102107, 103300]",93209.85,73.48,0.42,0.25,8.71,0.0,0.31,2.73,14.09
4868,1636,2019,"[102107, 103300]",105909.77,76.62,0.03,1.19,7.17,0.0,0.0,4.34,10.66
4869,1636,2020,"[102107, 103201, 103202, 103300, 103401]",105893.41,65.45,0.53,0.75,7.54,0.0,4.86,2.21,18.65
4870,1636,2021,"[102107, 103201, 103202, 103300, 103401]",116450.7,63.72,1.19,0.38,5.91,0.02,4.23,3.3,21.25
4871,1636,2022,"[102107, 103201, 103202, 103300, 103401]",121333.22,64.92,2.13,0.4,4.55,0.02,4.17,5.19,18.62
4872,1637,2017,"[101110, 101122, 103101, 103102]",71981.12,55.24,0.0,0.18,18.55,0.0,1.33,1.38,23.32
4873,1637,2018,"[101110, 101122, 103101, 103102]",74670.96,57.69,0.0,0.16,16.66,0.0,1.07,1.53,22.89
4874,1637,2019,"[101110, 101122, 103101, 103102]",75345.39,56.06,0.0,0.0,12.21,0.0,1.18,2.66,27.89
4875,1637,2020,"[101110, 101122, 103101, 103102, 103201, 103402]",71151.03,59.36,0.0,0.0,9.89,0.0,1.04,2.33,27.38
4876,1637,2021,"[101110, 101122, 103101, 103102, 103201, 103402]",75340.04,63.53,0.0,0.0,8.8,0.0,0.62,2.24,24.81
4877,1637,2022,"[101110, 101122, 103101, 103102, 103201, 103402]",84870.36,64.54,0.46,0.0,8.07,0.0,0.0,2.99,23.94
4878,1638,2017,"[101110, 101122, 103102]",51255.78,54.14,1.14,0.0,6.19,0.11,0.0,1.34,37.09
4879,1638,2018,"[101110, 101122, 103102]",53125.87,58.35,1.09,0.09,7.63,0.09,0.0,1.28,31.47
4880,1638,2019,"[101110, 101122, 103102]",63567.72,61.1,0.45,0.07,7.73,0.07,0.19,2.68,27.71
4881,1638,2020,"[101110, 101122, 101221, 103102]",74639.52,61.01,0.44,0.05,10.35,0.08,0.23,3.31,24.53
4882,1638,2021,"[101110, 101122, 101221, 103102]",68571.06,59.43,0.29,0.15,10.44,0.0,0.21,3.58,25.89
4883,1638,2022,"[101110, 101122, 101221, 103102]",69030.09,55.72,3.01,0.2,9.72,0.0,0.2,4.21,26.94
4884,1639,2017,"[101110, 101122, 101220, 101300]",85448.59,81.52,0.0,0.39,8.26,0.0,0.0,0.88,8.95
4885,1639,2018,"[101110, 101122, 101220, 101300]",88941.46,85.05,1.88,0.4,6.36,0.0,0.0,1.88,4.42
4886,1639,2019,"[101110, 101122, 101220, 101300]",90377.0,84.63,2.17,0.44,6.46,0.0,0.0,1.97,4.33
4887,1639,2020,"[101110, 101122, 101220, 101300]",93115.64,76.69,3.59,0.0,10.34,0.0,0.0,4.95,4.43
4888,1639,2021,"[101110, 101122, 101220, 101300]",108186.7,69.22,2.33,0.0,14.29,0.0,0.0,6.17,7.99
4889,1639,2022,"[101110, 101122, 101220, 101300]",118846.2,69.21,1.82,0.0,13.98,0.0,0.29,6.0,8.7
4890,1641,2017,"[104403, 104404, 104500, 104620, 104821, 104822, 119202]",55777.59,1.41,0.21,0.0,2.19,0.0,0.0,0.14,96.05
4891,1641,2018,"[104403, 104404, 104500, 104620, 104821, 104822, 119202]",57980.39,1.43,0.19,0.0,1.67,0.0,0.0,0.11,96.6
4892,1641,2019,"[104403, 104404, 104500, 104620, 104821, 104822, 119202]",62611.48,0.96,0.21,0.07,2.0,0.0,0.0,0.19,96.57
4893,1641,2020,"[104403, 104404, 104500, 104620, 104821, 104822, 104823, 119003, 119004, 119202]",65404.74,0.87,0.13,0.11,2.39,0.0,0.13,0.26,96.12
4894,1641,2021,"[104403, 104404, 104500, 104620, 104821, 104822, 104823, 119003, 119004, 119202]",72516.89,1.92,0.1,0.12,2.93,0.0,0.1,0.25,94.58
4895,1641,2022,"[104403, 104404, 104500, 104620, 104821, 104822, 104823, 119003, 119004, 119202]",73741.89,1.72,0.04,0.11,2.04,0.0,0.11,0.25,95.73
4896,1642,2017,"[104404, 104500, 104610, 104620]",53180.81,1.33,0.0,0.0,0.52,0.0,0.0,0.0,98.14
4897,1642,2018,"[104404, 104500, 104610, 104620]",62010.03,1.66,0.0,0.0,0.43,0.0,0.0,0.0,97.91
4898,1642,2019,"[104404, 104500, 104610, 104620]",64641.57,1.76,0.0,0.0,0.0,0.0,0.0,0.0,98.24
4899,1642,2020,"[104404, 104500, 104610, 104620, 104823, 104824]",68732.31,2.05,0.28,0.0,0.0,0.0,0.0,0.0,97.67
4900,1642,2021,"[104404, 104500, 104610, 104620, 104823, 104824]",76299.02,1.89,0.31,0.0,0.0,0.0,0.0,0.0,97.79
4901,1642,2022,"[104404, 104500, 104610, 104620, 104823, 104824]",81319.22,2.3,0.34,0.0,0.0,0.0,0.0,0.0,97.36
4902,1643,2017,"[104404, 104610, 104620, 104701, 104704]",58038.96,1.31,0.01,0.4,0.0,0.0,0.0,0.37,97.91
4903,1643,2018,"[104404, 104610, 104620, 104701, 104704]",60310.23,1.88,0.01,0.34,0.0,0.0,0.0,0.31,97.45
4904,1643,2019,"[104404, 104610, 104620, 104701, 104704]",61349.41,1.95,0.0,0.41,0.0,0.0,0.0,0.44,97.19
4905,1643,2020,"[104404, 104610, 104620, 104701, 104704, 104824]",57190.32,1.87,0.0,0.29,0.0,0.0,0.0,0.37,97.46
4906,1643,2021,"[104404, 104610, 104620, 104701, 104704, 104824]",73160.2,1.89,0.0,0.0,0.0,0.0,0.0,0.0,98.1
4907,1643,2022,"[104404, 104610, 104620, 104701, 104704, 104824]",84094.57,2.78,0.0,0.0,0.0,0.0,0.0,0.0,97.21
4908,1645,2017,"[104105, 104108, 104610, 104701, 104703, 104704]",53117.27,5.08,11.03,0.0,5.7,0.0,0.0,0.0,78.19
4909,1645,2018,"[104105, 104108, 104610, 104701, 104703, 104704]",48585.77,4.37,13.79,0.0,7.74,0.0,0.0,0.42,73.68
4910,1645,2019,"[104105, 104108, 104610, 104701, 104703, 104704]",43365.4,6.36,12.82,0.0,2.06,0.0,0.0,0.58,78.17
4911,1645,2020,"[104105, 104108, 104610, 104701, 104703, 104704]",44668.38,5.72,8.72,0.0,1.5,0.0,0.0,2.62,81.44
4912,1645,2021,"[104105, 104108, 104610, 104701, 104703, 104704]",45824.42,5.63,8.72,0.0,5.51,0.0,0.0,2.78,77.35
4913,1645,2022,"[104105, 104108, 104610, 104701, 104703, 104704]",56534.14,6.86,8.62,0.0,4.43,0.0,0.0,2.69,77.4
4914,1651,2017,"[104500, 104821, 104822]",51900.39,4.13,1.75,0.0,6.43,0.0,0.19,0.39,87.11
4915,1651,2018,"[104500, 104821, 104822]",62661.12,3.38,1.58,0.0,4.5,0.0,0.19,0.18,90.16
4916,1651,2019,"[104500, 104821, 104822]",65766.13,3.61,1.88,0.0,4.11,0.0,0.0,0.51,89.9
4917,1651,2020,"[104500, 104821, 104822, 104823, 119004]",63164.25,3.16,1.28,0.0,4.38,0.0,0.0,0.98,90.2
4918,1651,2021,"[104500, 104821, 104822, 104823, 119004]",67046.64,2.67,0.74,0.0,2.64,0.0,0.0,0.79,93.15
4919,1651,2022,"[104500, 104821, 104822, 104823, 119004]",59968.14,3.4,0.61,0.0,2.23,0.0,0.0,1.1,92.66
4920,1653,2017,"[104703, 104704]",47314.86,4.53,6.85,0.29,2.98,0.0,0.0,0.0,85.35
4921,1653,2018,"[104703, 104704]",44097.75,3.91,9.64,0.31,4.06,0.0,0.0,0.22,81.87
4922,1653,2019,"[104703, 104704]",42640.23,6.18,10.51,0.33,1.08,0.0,0.0,0.3,81.6
4923,1653,2020,"[104703, 104704, 104823, 104824]",81596.21,1.79,0.39,1.2,5.69,0.0,0.0,0.0,90.94
4924,1653,2021,"[104703, 104704, 104823, 104824]",83646.03,1.36,0.4,0.99,5.59,0.0,0.0,0.0,91.66
4925,1653,2022,"[104703, 104704, 104823, 104824]",84908.04,1.32,1.83,1.13,3.53,0.26,0.0,0.0,91.93
4926,1654,2017,"[104108, 104703, 104704]",41936.14,4.02,2.98,0.57,0.47,0.0,0.0,0.0,91.96
4927,1654,2018,"[104108, 104703, 104704]",39963.96,3.5,5.79,0.6,0.64,0.0,0.0,0.03,89.44
4928,1654,2019,"[104108, 104703, 104704]",41999.21,6.01,8.36,0.63,0.17,0.0,0.0,0.05,84.77
4929,1654,2020,"[104108, 104703, 104704, 104824]",42767.02,6.37,7.42,0.0,0.13,0.0,0.0,0.79,85.29
4930,1654,2021,"[104108, 104703, 104704, 104824]",54653.94,7.59,5.8,0.0,0.46,0.0,0.0,0.77,85.37
4931,1654,2022,"[104108, 104703, 104704, 104824]",48926.44,7.19,5.62,0.0,0.37,0.0,0.0,0.82,85.99
4932,1655,2017,"[102107, 103300, 121102]",94300.14,81.33,0.26,0.29,6.96,0.0,1.08,4.24,5.83
4933,1655,2018,"[102107, 103300, 121102]",93208.47,73.48,0.42,0.25,8.71,0.0,0.31,2.73,14.09
4934,1655,2019,"[102107, 103300, 121102]",105907.89,76.61,0.03,1.19,7.17,0.0,0.0,4.34,10.66
4935,1655,2020,"[102107, 103300, 121102]",113558.7,75.68,0.11,1.18,8.05,0.0,0.0,2.84,12.13
4936,1655,2021,"[102107, 103300, 121102]",129892.23,66.89,1.69,0.6,7.5,0.0,0.0,4.97,18.35
4937,1655,2022,"[102107, 103300, 121102]",133322.5,71.69,2.52,0.63,4.82,0.0,0.0,7.83,12.5
4938,1656,2017,"[101110, 101400, 102107, 103102, 103300]",75870.17,59.49,2.18,0.26,8.95,0.18,0.07,1.38,27.49
4939,1656,2018,"[101110, 101400, 102107, 103102, 103300]",101721.17,60.8,2.27,0.15,9.11,0.0,0.07,1.59,25.99
4940,1656,2019,"[101110, 101400, 102107, 103102, 103300]",105166.66,60.64,1.42,0.17,9.47,0.0,0.1,2.02,26.17
4941,1656,2020,"[101110, 101400, 102107, 103102, 103201, 103300, 103401, 103402]",100562.21,62.92,1.09,0.07,14.81,0.0,0.43,3.07,17.61
4942,1656,2021,"[101110, 101400, 102107, 103102, 103201, 103300, 103401, 103402]",101277.01,59.53,3.84,0.22,16.69,0.0,0.0,3.12,16.59
4943,1656,2022,"[101110, 101400, 102107, 103102, 103201, 103300, 103401, 103402]",101521.78,61.83,3.08,0.23,14.2,0.0,0.19,3.13,17.33
4944,1657,2017,"[101110, 101220]",45771.41,52.31,1.36,0.0,8.99,0.06,0.25,3.2,33.83
4945,1657,2018,"[101110, 101220]",47434.06,53.41,1.56,0.05,8.13,0.05,0.24,2.03,34.54
4946,1657,2019,"[101110, 101220]",53678.61,55.05,1.39,0.04,8.47,0.04,0.09,2.67,32.27
4947,1657,2020,"[101110, 101220, 101221, 101222]",39002.4,53.7,3.12,0.0,4.96,0.0,1.42,0.02,36.79
4948,1657,2021,"[101110, 101220, 101221, 101222]",41043.46,56.82,1.7,0.0,5.3,0.96,1.65,0.47,33.11
4949,1657,2022,"[101110, 101220, 101221, 101222]",45909.86,49.28,1.71,0.0,6.81,0.6,1.55,1.62,38.44
4950,1658,2017,"[101110, 101122, 101220, 101300, 101400]",40353.36,50.54,1.59,0.0,11.81,0.0,0.51,5.08,30.47
4951,1658,2018,"[101110, 101122, 101220, 101300, 101400]",41815.07,48.51,2.03,0.0,8.63,0.0,0.49,2.8,37.54
4952,1658,2019,"[101110, 101122, 101220, 101300, 101400]",43793.89,49.01,2.35,0.0,9.21,0.0,0.0,2.65,36.79
4953,1658,2020,"[101110, 101122, 101220, 101300, 101400]",55744.46,44.02,2.49,0.0,10.32,0.0,0.16,2.78,40.23
4954,1658,2021,"[101110, 101122, 101220, 101300, 101400]",59209.1,36.58,0.23,1.11,9.51,0.0,0.14,2.74,49.69
4955,1658,2022,"[101110, 101122, 101220, 101300, 101400]",65238.15,42.72,0.0,1.32,12.43,0.0,0.15,1.41,41.97
4956,1659,2017,"[101122, 101220, 101300, 300301, 300400]",81044.9,81.66,2.6,0.0,5.74,0.0,0.0,0.68,9.31
4957,1659,2018,"[101122, 101220, 101300, 300301, 300400]",86870.18,81.49,3.74,0.0,6.73,0.0,0.0,1.4,6.64
4958,1659,2019,"[101122, 101220, 101300, 300301, 300400]",81762.47,80.45,5.26,0.0,5.01,0.0,0.0,1.6,7.67
4959,1659,2020,"[101122, 101220, 101300, 300301, 300400]",87051.4,80.37,4.59,0.0,3.75,0.0,0.0,1.64,9.64
4960,1659,2021,"[101122, 101220, 101300, 300301, 300400]",111324.71,75.03,1.38,0.0,4.02,0.0,3.16,1.64,14.77
4961,1659,2022,"[101122, 101220, 101300, 300301, 300400]",121416.37,73.59,1.62,0.0,5.2,0.0,2.25,2.39,14.95
4962,1661,2017,"[104821, 104822, 119001, 121010, 121210]",55155.69,9.19,2.5,0.0,15.65,0.0,0.0,2.1,70.55
4963,1661,2018,"[104821, 104822, 119001, 121010, 121210]",63100.26,9.06,3.38,0.0,18.54,0.0,0.0,0.59,68.43
4964,1661,2019,"[104821, 104822, 119001, 121010, 121210]",68601.3,9.84,1.58,0.04,12.16,0.19,0.0,3.12,73.07
4965,1661,2020,"[104821, 104822, 119001, 119004, 121010, 121210]",77185.65,8.74,1.17,0.06,12.9,0.33,1.94,2.89,71.96
4966,1661,2021,"[104821, 104822, 119001, 119004, 121010, 121210]",74453.01,8.84,0.68,0.08,9.08,0.35,1.81,1.7,77.47
4967,1661,2022,"[104821, 104822, 119001, 119004, 121010, 121210]",74180.34,9.73,2.29,0.41,10.93,0.41,1.92,1.53,72.78
4968,1663,2017,"[104703, 104821, 121010, 121102, 121210, 121221, 121222]",52492.08,8.38,2.27,0.05,13.49,0.0,0.03,1.6,74.17
4969,1663,2018,"[104703, 104821, 121010, 121102, 121210, 121221, 121222]",59206.48,8.25,3.05,0.03,15.7,0.0,0.04,0.46,72.48
4970,1663,2019,"[104703, 104821, 121010, 121102, 121210, 121221, 121222]",64673.05,8.8,1.53,0.03,9.94,0.16,0.0,2.67,76.87
4971,1663,2020,"[104703, 104821, 104823, 104824, 121010, 121102, 121210, 121221, 121222]",72157.76,9.0,1.11,0.02,10.35,0.28,1.61,2.55,75.08
4972,1663,2021,"[104703, 104821, 104823, 104824, 121010, 121102, 121210, 121221, 121222]",73208.3,9.38,1.18,0.04,7.11,0.27,1.5,1.57,78.94
4973,1663,2022,"[104703, 104821, 104823, 104824, 121010, 121102, 121210, 121221, 121222]",71969.97,9.99,2.81,0.29,8.48,0.32,1.7,1.45,74.95
4974,1664,2017,"[104703, 121102, 121222]",43375.06,35.44,0.0,0.0,5.53,0.0,0.2,1.22,57.61
4975,1664,2018,"[104703, 121102, 121222]",46626.88,33.69,0.0,0.0,3.12,0.0,0.18,1.54,61.46
4976,1664,2019,"[104703, 121102, 121222]",48749.37,45.93,0.0,0.0,4.07,0.0,0.0,1.49,48.5
4977,1664,2020,"[104703, 121102, 121222]",51689.92,41.11,1.74,0.0,5.47,0.0,0.0,1.56,50.12
4978,1664,2021,"[104703, 121102, 121222]",57814.19,41.79,1.54,0.0,3.43,0.0,1.1,1.32,50.82
4979,1664,2022,"[104703, 121102, 121222]",72627.56,42.53,2.47,0.0,4.18,0.0,2.33,0.92,47.57
4980,1665,2017,"[102107, 103300, 104703, 121102]",43619.6,35.66,0.0,0.0,5.54,0.0,0.21,1.23,57.36
4981,1665,2018,"[102107, 103300, 104703, 121102]",46859.65,33.89,0.0,0.0,3.15,0.0,0.18,1.55,61.23
4982,1665,2019,"[102107, 103300, 104703, 121102]",49030.87,46.09,0.0,0.01,4.09,0.0,0.0,1.51,48.31
4983,1665,2020,"[102107, 103300, 104703, 121102]",51985.24,41.29,1.73,0.01,5.49,0.0,0.0,1.56,49.93
4984,1665,2021,"[102107, 103300, 104703, 121102]",58155.12,41.92,1.54,0.0,3.45,0.0,1.09,1.34,50.66
4985,1665,2022,"[102107, 103300, 104703, 121102]",72918.2,42.67,2.47,0.0,4.19,0.0,2.32,0.96,47.39
4986,1667,2017,"[101400, 102107, 103300, 121102]",76859.1,58.9,2.45,0.26,9.36,0.21,0.0,0.64,28.18
4987,1667,2018,"[101400, 102107, 103300, 121102]",105953.05,60.11,2.56,0.14,9.12,0.0,0.0,1.14,26.94
4988,1667,2019,"[101400, 102107, 103300, 121102]",109294.81,59.92,1.58,0.14,9.16,0.0,0.0,1.75,27.45
4989,1667,2020,"[101400, 102107, 103300, 103401, 121102]",83170.07,61.73,1.54,0.0,10.26,0.0,0.0,2.92,23.55
4990,1667,2021,"[101400, 102107, 103300, 103401, 121102]",90583.62,64.19,1.63,0.0,11.73,0.0,0.0,2.81,19.65
4991,1667,2022,"[101400, 102107, 103300, 103401, 121102]",97758.84,61.22,0.65,0.0,9.95,0.0,0.0,3.41,24.77
4992,1668,2017,"[101110, 101220, 101300, 101400]",68348.93,63.52,0.2,0.24,5.89,0.0,0.56,6.78,22.8
4993,1668,2018,"[101110, 101220, 101300, 101400]",71169.97,65.72,0.27,0.23,9.03,0.0,0.57,4.9,19.28
4994,1668,2019,"[101110, 101220, 101300, 101400]",75156.04,65.72,0.28,0.37,11.81,0.0,0.81,3.95,17.06
4995,1668,2020,"[101110, 101220, 101221, 101222, 101300, 101400, 103401, 103402]",66370.39,69.55,0.41,0.0,9.09,0.0,0.0,5.19,15.75
4996,1668,2021,"[101110, 101220, 101221, 101222, 101300, 101400, 103401, 103402]",68225.21,65.26,0.12,0.0,7.74,0.0,0.01,5.2,21.66
4997,1668,2022,"[101110, 101220, 101221, 101222, 101300, 101400, 103401, 103402]",86069.1,57.97,1.69,0.0,10.52,0.0,0.01,4.63,25.19
4998,1669,2017,"[101300, 101400, 300400]",81067.27,81.69,2.61,0.0,5.72,0.0,0.0,0.68,9.3
4999,1669,2018,"[101300, 101400, 300400]",86902.26,81.51,3.74,0.0,6.73,0.0,0.0,1.4,6.62
5000,1669,2019,"[101300, 101400, 300400]",81772.25,80.47,5.27,0.0,5.0,0.0,0.0,1.6,7.65
5001,1669,2020,"[101300, 101400, 300400]",87050.65,80.42,4.59,0.0,3.72,0.0,0.0,1.63,9.63
5002,1669,2021,"[101300, 101400, 300400]",111359.13,75.09,1.38,0.0,3.99,0.0,3.17,1.63,14.75
5003,1669,2022,"[101300, 101400, 300400]",121462.08,73.63,1.62,0.0,5.16,0.0,2.26,2.39,14.94
5004,1672,2017,"[121102, 121221, 121222, 121802]",48816.33,5.38,0.84,0.23,6.23,0.0,0.14,0.0,87.17
5005,1672,2018,"[121102, 121221, 121222, 121802]",49046.97,5.35,1.08,0.13,4.91,0.0,0.18,0.37,87.98
5006,1672,2019,"[121102, 121221, 121222, 121802]",55321.49,5.56,1.02,0.15,2.52,0.0,0.01,0.7,90.03
5007,1672,2020,"[121102, 121221, 121222, 121802]",57733.49,9.95,0.67,0.11,3.15,0.0,0.02,0.72,85.39
5008,1672,2021,"[121102, 121221, 121222, 121802]",74961.36,11.21,2.86,0.16,2.4,0.0,0.02,0.78,82.57
5009,1672,2022,"[121102, 121221, 121222, 121802]",71947.84,10.61,4.2,0.0,1.8,0.0,0.49,0.91,81.99
5010,1673,2017,"[121102, 121222, 121802, 121900]",48696.65,6.12,0.89,0.22,6.21,0.0,0.12,0.02,86.42
5011,1673,2018,"[121102, 121222, 121802, 121900]",49145.81,5.97,1.16,0.12,4.95,0.0,0.16,0.36,87.28
5012,1673,2019,"[121102, 121222, 121802, 121900]",55237.29,6.22,1.12,0.15,2.54,0.0,0.0,0.67,89.3
5013,1673,2020,"[121102, 121222, 121802, 121900]",57465.31,10.23,0.72,0.1,3.19,0.0,0.0,0.7,85.05
5014,1673,2021,"[121102, 121222, 121802, 121900]",74514.6,11.32,2.82,0.16,2.35,0.0,0.0,0.76,82.59
5015,1673,2022,"[121102, 121222, 121802, 121900]",71722.58,10.85,4.15,0.0,1.86,0.0,0.47,0.88,81.78
5016,1675,2017,"[102107, 121101, 121102, 121222, 121900, 122122, 122200]",43758.27,33.52,0.15,0.12,5.42,0.0,0.27,1.24,59.28
5017,1675,2018,"[102107, 121101, 121102, 121222, 121900, 122122, 122200]",47095.96,31.96,0.13,0.12,3.6,0.0,0.37,1.51,62.32
5018,1675,2019,"[102107, 121101, 121102, 121222, 121900, 122122, 122200]",49880.12,42.66,0.11,0.0,4.63,0.0,0.18,1.4,51.03
5019,1675,2020,"[102107, 121101, 121102, 121222, 121900, 122122, 122200]",53645.55,38.32,1.62,0.0,5.73,0.0,0.22,1.51,52.6
5020,1675,2021,"[102107, 121101, 121102, 121222, 121900, 122122, 122200]",59172.65,38.92,1.48,0.0,3.96,0.0,1.21,1.25,53.19
5021,1675,2022,"[102107, 121101, 121102, 121222, 121900, 122122, 122200]",71848.94,39.65,2.4,0.0,4.46,0.0,2.18,0.9,50.42
5022,1676,2017,"[102103, 102104, 102105, 102107, 121101, 122200]",63493.29,42.73,1.56,0.61,6.8,0.09,0.47,1.18,46.56
5023,1676,2018,"[102103, 102104, 102105, 102107, 121101, 122200]",74577.67,41.73,1.61,0.54,8.23,0.01,0.92,1.31,45.65
5024,1676,2019,"[102103, 102104, 102105, 102107, 121101, 122200]",80077.62,40.97,1.29,0.05,9.57,0.01,0.82,1.62,45.67
5025,1676,2020,"[102103, 102104, 102105, 102107, 121101, 122200]",74993.87,42.82,1.14,0.0,9.5,0.03,1.04,2.02,43.44
5026,1676,2021,"[102103, 102104, 102105, 102107, 121101, 122200]",78331.48,43.86,1.33,0.02,9.52,0.0,0.98,2.1,42.18
5027,1676,2022,"[102103, 102104, 102105, 102107, 121101, 122200]",79809.72,43.29,1.28,0.02,8.89,0.0,0.47,2.13,43.92
5028,1677,2017,"[102103, 102104, 102105, 102107, 310100, 310400]",76865.46,74.81,0.67,0.0,8.76,0.18,0.38,0.97,14.22
5029,1677,2018,"[102103, 102104, 102105, 102107, 310100, 310400]",72840.09,65.95,1.92,0.0,9.89,0.14,0.15,1.51,20.44
5030,1677,2019,"[102103, 102104, 102105, 102107, 310100, 310400]",79151.17,66.36,1.75,0.01,10.69,0.13,0.24,4.34,16.49
5031,1677,2020,"[102103, 102104, 102105, 102107, 310100, 310400]",83379.24,71.0,1.63,0.01,11.9,0.32,0.4,3.42,11.32
5032,1677,2021,"[102103, 102104, 102105, 102107, 310100, 310400]",81309.11,70.3,1.77,0.2,9.41,0.0,0.0,5.22,13.09
5033,1677,2022,"[102103, 102104, 102105, 102107, 310100, 310400]",90272.25,72.06,1.72,0.16,12.27,0.0,0.0,4.67,9.12
5034,1678,2017,"[102103, 102104, 102107, 310100]",77003.0,59.54,2.36,0.25,9.23,0.2,0.03,0.67,27.73
5035,1678,2018,"[102103, 102104, 102107, 310100]",104678.8,60.34,2.48,0.13,9.05,0.0,0.01,1.15,26.83
5036,1678,2019,"[102103, 102104, 102107, 310100]",107988.23,60.09,1.58,0.13,9.27,0.0,0.02,1.81,27.09
5037,1678,2020,"[102103, 102104, 102107, 310100]",82541.14,62.23,1.53,0.0,10.36,0.01,0.04,2.88,22.96
5038,1678,2021,"[102103, 102104, 102107, 310100]",89783.35,64.66,1.63,0.0,11.6,0.0,0.0,2.85,19.25
5039,1678,2022,"[102103, 102104, 102107, 310100]",96764.23,61.91,0.68,0.0,10.08,0.0,0.0,3.37,23.96
5040,1679,2017,"[101300, 101400, 102107, 300701, 310100]",76645.88,59.09,2.4,0.26,9.26,0.2,0.02,0.8,27.98
5041,1679,2018,"[101300, 101400, 102107, 300701, 310100]",104977.65,60.33,2.5,0.14,9.11,0.0,0.02,1.24,26.67
5042,1679,2019,"[101300, 101400, 102107, 300701, 310100]",108306.26,60.13,1.56,0.14,9.21,0.0,0.02,1.81,27.11
5043,1679,2020,"[101300, 101400, 102107, 300701, 310100]",82729.59,62.0,1.52,0.0,10.21,0.0,0.0,2.98,23.3
5044,1679,2021,"[101300, 101400, 102107, 300701, 310100]",90051.25,64.25,1.59,0.0,11.59,0.0,0.01,2.87,19.69
5045,1679,2022,"[101300, 101400, 102107, 300701, 310100]",97521.87,61.17,0.68,0.0,9.95,0.0,0.01,3.44,24.75
5046,1681,2017,"[119001, 121010, 121221, 121600, 121802, 122000]",59017.93,27.59,0.87,0.0,12.81,0.0,0.0,0.03,58.71
5047,1681,2018,"[119001, 121010, 121221, 121600, 121802, 122000]",64197.72,23.67,0.63,0.0,15.23,0.0,0.0,0.02,60.45
5048,1681,2019,"[119001, 121010, 121221, 121600, 121802, 122000]",63015.31,31.79,0.69,0.0,10.81,0.0,0.0,0.03,56.68
5049,1681,2020,"[119001, 121010, 121221, 121600, 121802, 122000]",85067.94,32.15,0.5,0.0,9.33,0.0,0.09,0.02,57.91
5050,1681,2021,"[119001, 121010, 121221, 121600, 121802, 122000]",79483.36,31.52,0.25,0.0,10.07,0.0,0.19,0.01,57.96
5051,1681,2022,"[119001, 121010, 121221, 121600, 121802, 122000]",82769.39,29.06,0.03,0.0,7.02,0.0,1.34,0.66,61.89
5052,1682,2017,"[121221, 121802]",57024.17,12.46,0.0,0.0,3.27,0.0,0.99,0.17,83.11
5053,1682,2018,"[121221, 121802]",60278.15,13.95,0.0,0.0,2.46,0.0,1.0,0.37,82.22
5054,1682,2019,"[121221, 121802]",64335.14,11.9,0.54,0.0,2.81,0.0,0.99,0.29,83.47
5055,1682,2020,"[121221, 121802]",73888.96,12.06,1.39,0.0,3.74,0.0,1.51,0.17,81.13
5056,1682,2021,"[121221, 121802]",71458.4,15.72,2.19,0.0,10.05,0.0,1.07,0.3,70.67
5057,1682,2022,"[121221, 121802]",78897.17,16.67,1.97,0.0,7.2,0.0,0.0,0.13,74.03
5058,1684,2017,"[121010, 121221, 121801, 121802, 121900]",51070.9,23.29,5.58,0.09,7.42,0.02,0.15,1.89,61.56
5059,1684,2018,"[121010, 121221, 121801, 121802, 121900]",54276.2,25.51,3.86,0.16,6.78,0.02,0.0,1.54,62.13
5060,1684,2019,"[121010, 121221, 121801, 121802, 121900]",59449.62,23.61,5.06,0.0,5.24,0.02,0.1,1.07,64.9
5061,1684,2020,"[121010, 121221, 121801, 121802, 121900]",62669.43,20.08,5.68,0.0,4.72,0.0,0.18,0.95,68.37
5062,1684,2021,"[121010, 121221, 121801, 121802, 121900]",68413.17,18.62,5.51,0.12,5.18,0.0,0.61,1.28,68.69
5063,1684,2022,"[121010, 121221, 121801, 121802, 121900]",70751.12,13.7,4.33,0.06,7.4,0.0,0.72,0.44,73.35
5064,1685,2017,"[121801, 121802, 121900, 122120, 122122]",47094.68,19.89,1.08,0.0,4.63,0.0,0.0,0.0,74.4
5065,1685,2018,"[121801, 121802, 121900, 122120, 122122]",52706.12,17.12,2.19,0.0,4.7,0.0,0.0,0.0,75.99
5066,1685,2019,"[121801, 121802, 121900, 122120, 122122]",54700.51,17.36,2.37,0.0,2.42,0.0,0.0,0.0,77.85
5067,1685,2020,"[121801, 121802, 121900, 122120, 122122]",54772.61,13.59,0.95,0.0,3.93,0.0,0.0,0.0,81.53
5068,1685,2021,"[121801, 121802, 121900, 122120, 122122]",63570.07,12.29,1.1,0.0,3.07,0.0,0.0,0.0,83.54
5069,1685,2022,"[121801, 121802, 121900, 122120, 122122]",67245.85,15.72,2.27,0.0,3.71,0.0,0.0,0.0,78.31
5070,1687,2017,"[121900, 122120, 122121, 122122, 122200]",38986.04,8.99,0.82,0.03,2.92,0.13,0.0,0.15,86.96
5071,1687,2018,"[121900, 122120, 122121, 122122, 122200]",43734.74,7.24,1.42,0.12,3.45,0.15,0.0,0.31,87.31
5072,1687,2019,"[121900, 122120, 122121, 122122, 122200]",46094.87,6.27,1.5,0.08,2.44,0.0,0.0,0.25,89.46
5073,1687,2020,"[121900, 122120, 122121, 122122, 122200]",45246.24,5.97,2.04,0.09,2.25,0.0,0.0,0.3,89.36
5074,1687,2021,"[121900, 122120, 122121, 122122, 122200]",47520.41,6.28,2.47,0.1,2.67,0.0,0.0,0.5,87.97
5075,1687,2022,"[121900, 122120, 122121, 122122, 122200]",52267.02,6.88,5.06,0.06,2.09,0.0,0.0,0.63,85.28
5076,1689,2017,"[121900, 122122, 122200]",40370.35,9.46,0.18,0.03,2.11,0.0,0.0,0.52,87.7
5077,1689,2018,"[121900, 122122, 122200]",45758.25,9.05,0.32,0.0,1.98,0.0,0.0,0.51,88.15
5078,1689,2019,"[121900, 122122, 122200]",46062.85,8.98,0.35,0.0,1.33,0.0,0.0,0.59,88.76
5079,1689,2020,"[121900, 122122, 122200]",46035.53,8.99,0.18,0.0,1.67,0.0,0.0,0.08,89.07
5080,1689,2021,"[121900, 122122, 122200]",50495.98,8.74,1.22,0.0,2.51,0.0,0.0,0.22,87.31
5081,1689,2022,"[121900, 122122, 122200]",52828.57,8.76,3.69,0.0,2.68,0.0,0.0,0.62,84.26
5082,1691,2017,"[121010, 121600, 121802]",59128.81,27.67,0.86,0.0,12.92,0.0,0.0,0.02,58.52
5083,1691,2018,"[121010, 121600, 121802]",64261.77,23.75,0.62,0.0,15.38,0.0,0.0,0.02,60.23
5084,1691,2019,"[121010, 121600, 121802]",63052.44,31.88,0.68,0.0,10.95,0.0,0.0,0.03,56.47
5085,1691,2020,"[121010, 121600, 121802]",85140.54,32.18,0.5,0.0,9.47,0.0,0.08,0.03,57.74
5086,1691,2021,"[121010, 121600, 121802]",79515.13,31.63,0.24,0.0,10.16,0.0,0.19,0.02,57.76
5087,1691,2022,"[121010, 121600, 121802]",82837.05,29.1,0.03,0.0,7.22,0.0,1.33,0.68,61.63
5088,1693,2017,"[121010, 121020, 121600, 121801, 121802, 123301]",50213.8,28.4,0.49,0.0,10.54,0.0,1.37,0.02,59.18
5089,1693,2018,"[121010, 121020, 121600, 121801, 121802, 123301]",51026.19,27.26,1.82,0.0,13.84,0.0,0.0,0.03,57.05
5090,1693,2019,"[121010, 121020, 121600, 121801, 121802, 123301]",53656.76,26.22,2.42,0.0,12.22,0.0,0.0,0.58,58.56
5091,1693,2020,"[121010, 121020, 121600, 121801, 121802, 123301]",55310.27,22.7,2.12,0.0,10.25,0.0,0.0,2.8,62.14
5092,1693,2021,"[121010, 121020, 121600, 121801, 121802, 123301]",64613.87,25.21,1.97,0.0,4.98,0.0,0.0,3.85,63.98
5093,1693,2022,"[121010, 121020, 121600, 121801, 121802, 123301]",70725.21,26.41,1.97,0.0,6.0,0.0,0.01,3.82,61.79
5094,1695,2017,"[121900, 122120, 122121, 122200]",51637.35,9.18,2.51,0.0,2.52,0.0,0.0,1.53,84.27
5095,1695,2018,"[121900, 122120, 122121, 122200]",54700.41,12.86,0.04,0.0,1.4,0.0,0.0,3.37,82.33
5096,1695,2019,"[121900, 122120, 122121, 122200]",61579.37,10.48,3.71,0.0,1.79,0.0,0.0,3.14,80.87
5097,1695,2020,"[121900, 122120, 122121, 122200]",52858.56,11.65,3.45,0.11,0.38,0.0,0.0,4.46,79.96
5098,1695,2021,"[121900, 122120, 122121, 122200]",63417.43,12.75,4.47,0.06,1.99,0.0,0.0,2.95,77.79
5099,1695,2022,"[121900, 122120, 122121, 122200]",59786.49,12.63,2.95,0.11,1.85,0.0,0.0,3.74,78.72
5100,1698,2017,"[102105, 122121, 122122, 122200]",55708.67,11.18,0.25,0.13,7.07,0.0,0.0,2.32,79.05
5101,1698,2018,"[102105, 122121, 122122, 122200]",58800.48,16.87,0.32,0.0,3.53,0.0,0.0,2.27,77.0
5102,1698,2019,"[102105, 122121, 122122, 122200]",54245.62,19.45,0.35,0.0,2.42,0.0,0.0,2.65,75.13
5103,1698,2020,"[102105, 122121, 122122, 122200]",54758.64,21.64,0.34,0.0,3.11,0.0,0.0,0.37,74.54
5104,1698,2021,"[102105, 122121, 122122, 122200]",63504.26,22.84,0.38,0.0,2.35,0.0,0.0,0.98,73.43
5105,1698,2022,"[102105, 122121, 122122, 122200]",65266.38,17.55,0.34,0.0,2.76,0.0,0.0,1.24,78.11
5106,1699,2017,"[102105, 122200, 310400]",47445.25,21.53,2.3,0.82,6.09,0.0,0.0,1.23,68.04
5107,1699,2018,"[102105, 122200, 310400]",52144.7,20.47,1.99,0.7,6.3,0.65,0.0,1.94,67.95
5108,1699,2019,"[102105, 122200, 310400]",57622.41,22.42,0.73,1.26,6.51,0.21,0.0,1.52,67.34
5109,1699,2020,"[102105, 122200, 310400]",82428.06,23.05,0.56,2.06,4.23,0.5,0.0,2.45,67.16
5110,1699,2021,"[102105, 122200, 310400]",84508.54,23.91,0.36,1.61,6.39,0.48,0.0,3.47,63.79
5111,1699,2022,"[102105, 122200, 310400]",92906.13,20.13,0.56,1.18,6.64,0.37,0.0,3.6,67.51
5112,1701,2017,"[108102, 108103, 108104, 108202, 920303]",102229.33,35.53,4.44,1.77,44.01,0.0,0.12,3.18,10.94
5113,1701,2018,"[108102, 108103, 108104, 108202, 920303]",108094.21,34.7,6.65,1.82,43.7,0.0,0.17,2.65,10.3
5114,1701,2019,"[108102, 108103, 108104, 108202, 920303]",97948.0,34.48,7.57,0.43,46.57,0.0,0.24,3.79,6.91
5115,1701,2020,"[108102, 108103, 108104, 108202, 108203, 108204, 920303]",132005.24,32.58,16.36,0.48,39.87,0.0,0.58,3.26,6.87
5116,1701,2021,"[108102, 108103, 108104, 108202, 108203, 108204, 920303]",145052.74,32.63,14.54,0.59,39.78,0.0,0.43,2.22,9.81
5117,1701,2022,"[108102, 108103, 108104, 108202, 108203, 108204, 920303]",159452.57,33.4,13.61,0.35,40.75,0.31,0.43,3.42,7.73
5118,1703,2017,"[106603, 108103, 108104, 920303]",122032.11,58.82,3.25,0.0,28.34,0.0,0.0,1.58,8.01
5119,1703,2018,"[106603, 108103, 108104, 920303]",130738.7,56.76,4.47,0.0,30.79,0.0,0.0,2.03,5.96
5120,1703,2019,"[106603, 108103, 108104, 920303]",152274.41,50.66,5.22,0.0,35.05,0.0,0.0,1.64,7.43
5121,1703,2020,"[106603, 108103, 108104, 920303]",150066.17,64.6,1.92,0.0,24.86,0.0,0.0,0.29,8.32
5122,1703,2021,"[106603, 108103, 108104, 920303]",151415.76,65.69,2.05,0.0,19.94,0.0,0.0,1.61,10.72
5123,1703,2022,"[106603, 108103, 108104, 920303]",150532.92,53.11,4.66,0.0,21.52,0.0,8.96,2.14,9.61
5124,1705,2017,"[106510, 106603, 106641, 106643, 106645, 108103, 108104, 920303, 920312, 920326]",105524.41,52.63,2.71,0.0,22.16,0.88,0.0,6.77,14.85
5125,1705,2018,"[106510, 106603, 106641, 106643, 106645, 108103, 108104, 920303, 920312, 920326]",114434.06,52.83,0.1,0.0,23.82,0.92,0.0,5.86,16.48
5126,1705,2019,"[106510, 106603, 106641, 106643, 106645, 108103, 108104, 920303, 920312, 920326]",112107.28,52.25,2.25,0.0,22.99,1.16,0.0,3.36,18.0
5127,1705,2020,"[106510, 106603, 106641, 106643, 106645, 108103, 108104, 920303, 920312, 920326]",130286.68,48.37,2.36,0.0,17.91,1.0,0.0,1.77,28.58
5128,1705,2021,"[106510, 106603, 106641, 106643, 106645, 108103, 108104, 920303, 920312, 920326]",122583.48,48.41,2.1,0.0,21.99,0.11,0.01,1.45,25.93
5129,1705,2022,"[106510, 106603, 106641, 106643, 106645, 108103, 108104, 920303, 920312, 920326]",135130.77,48.65,2.34,0.0,16.16,0.0,0.02,2.89,29.95
5130,1707,2017,"[106603, 106641, 106642, 106643, 106645]",103254.94,60.58,0.14,0.0,21.12,0.0,0.43,6.18,11.55
5131,1707,2018,"[106603, 106641, 106642, 106643, 106645]",108349.57,63.18,0.18,0.0,19.76,0.0,0.0,6.03,10.85
5132,1707,2019,"[106603, 106641, 106642, 106643, 106645]",110376.76,66.85,0.26,0.0,19.18,0.0,0.0,5.31,8.41
5133,1707,2020,"[106603, 106641, 106642, 106643, 106645]",111028.57,72.54,0.62,0.0,12.73,0.0,0.0,8.05,6.06
5134,1707,2021,"[106603, 106641, 106642, 106643, 106645]",102367.08,73.7,1.14,0.0,13.36,0.0,0.0,7.67,4.12
5135,1707,2022,"[106603, 106641, 106642, 106643, 106645]",114495.75,70.03,2.32,0.0,15.88,0.0,0.0,6.46,5.31
5136,1708,2017,"[106603, 106641, 106642, 106645, 106646]",109696.25,59.56,3.9,0.0,12.36,0.1,0.0,3.56,20.53
5137,1708,2018,"[106603, 106641, 106642, 106645, 106646]",109628.72,59.94,4.67,0.0,13.7,0.12,0.0,1.15,20.42
5138,1708,2019,"[106603, 106641, 106642, 106645, 106646]",113126.47,57.15,2.41,0.32,18.09,0.13,0.0,1.94,19.97
5139,1708,2020,"[106603, 106641, 106642, 106645, 106646]",113653.99,53.73,2.19,0.64,16.63,0.34,0.0,2.08,24.38
5140,1708,2021,"[106603, 106641, 106642, 106645, 106646]",119713.35,55.53,1.74,0.63,13.42,0.32,0.0,3.46,24.9
5141,1708,2022,"[106603, 106641, 106642, 106645, 106646]",126478.08,56.05,1.41,1.39,12.13,0.0,0.44,3.55,25.03
5142,1709,2017,[109200],100083.0,43.11,0.0,0.0,18.14,1.15,0.0,2.13,35.47
5143,1709,2018,[109200],112250.0,33.92,1.54,0.0,20.97,1.37,0.0,3.61,38.6
5144,1709,2019,[109200],117857.0,34.05,1.26,0.0,25.05,0.0,0.0,1.62,38.02
5145,1709,2020,[109200],111293.0,23.09,4.08,0.0,30.37,0.0,0.0,0.47,41.99
5146,1709,2021,[109200],115284.0,22.95,3.28,0.0,29.62,0.0,0.0,1.36,42.79
5147,1709,2022,[109200],119917.0,20.94,3.73,0.0,35.21,0.0,0.0,1.74,38.37
5148,1712,2017,"[108101, 108102, 108103]",94545.55,48.47,3.49,0.33,35.64,0.0,0.0,4.1,7.96
5149,1712,2018,"[108101, 108102, 108103]",95636.96,49.58,4.32,0.38,36.35,0.0,0.0,1.85,7.51
5150,1712,2019,"[108101, 108102, 108103]",100968.97,54.39,3.66,0.0,31.22,0.0,0.0,1.66,9.07
5151,1712,2020,"[108101, 108102, 108103]",109107.81,38.48,3.18,0.0,50.33,0.0,0.0,1.45,6.56
5152,1712,2021,"[108101, 108102, 108103]",115599.4,42.78,2.73,0.0,38.75,0.0,0.0,1.84,13.9
5153,1712,2022,"[108101, 108102, 108103]",125557.32,47.36,1.56,0.0,37.62,0.0,0.0,1.5,11.96
5154,1713,2017,"[108101, 108102, 108103]",135908.93,57.5,2.19,0.0,24.06,0.0,0.41,2.8,13.04
5155,1713,2018,"[108101, 108102, 108103]",141907.06,56.27,4.21,0.0,20.5,0.0,0.17,2.23,16.62
5156,1713,2019,"[108101, 108102, 108103]",121596.2,57.07,3.56,0.0,22.06,0.0,0.26,3.18,13.88
5157,1713,2020,"[108101, 108102, 108103]",141224.29,56.57,1.47,0.0,20.73,0.0,0.26,1.96,19.01
5158,1713,2021,"[108101, 108102, 108103]",133974.99,52.84,2.24,0.0,18.52,0.0,0.22,3.19,23.0
5159,1713,2022,"[108101, 108102, 108103]",149991.6,50.76,1.41,0.0,22.04,0.0,0.0,2.77,23.02
5160,1714,2017,"[106603, 106643, 108101, 108102, 108103, 108104]",153854.18,60.04,0.35,0.35,26.8,0.5,0.0,1.83,10.14
5161,1714,2018,"[106603, 106643, 108101, 108102, 108103, 108104]",159589.84,56.56,0.01,0.45,28.46,0.47,0.0,2.19,11.86
5162,1714,2019,"[106603, 106643, 108101, 108102, 108103, 108104]",146965.18,57.73,0.01,0.32,26.58,0.64,0.0,3.22,11.49
5163,1714,2020,"[106603, 106643, 108101, 108102, 108103, 108104]",130724.01,54.29,0.0,0.45,24.36,0.52,0.22,5.82,14.34
5164,1714,2021,"[106603, 106643, 108101, 108102, 108103, 108104]",138831.28,54.79,1.64,0.0,23.1,0.39,1.68,6.57,11.82
5165,1714,2022,"[106603, 106643, 108101, 108102, 108103, 108104]",149249.35,56.72,2.0,0.0,25.49,0.0,1.54,5.81,8.44
5166,1715,2017,"[106603, 106641, 106642, 106643, 108103]",134170.89,56.18,1.65,1.1,18.1,0.03,0.0,3.21,19.73
5167,1715,2018,"[106603, 106641, 106642, 106643, 108103]",150618.37,59.55,1.57,0.96,21.27,0.03,0.0,3.91,12.7
5168,1715,2019,"[106603, 106641, 106642, 106643, 108103]",162230.21,60.78,1.8,0.42,21.45,0.04,0.0,1.88,13.63
5169,1715,2020,"[106603, 106641, 106642, 106643, 108103]",174584.74,53.59,0.4,0.36,21.45,0.04,9.32,1.16,13.67
5170,1715,2021,"[106603, 106641, 106642, 106643, 108103]",185405.7,51.86,5.76,0.54,20.31,0.01,9.04,0.98,11.52
5171,1715,2022,"[106603, 106641, 106642, 106643, 108103]",194987.03,51.71,5.55,0.0,20.42,0.0,9.77,1.0,11.55
5172,1716,2017,"[106641, 106642, 106643, 106645, 106646]",102170.64,48.16,3.21,0.0,7.7,0.0,0.0,9.66,31.28
5173,1716,2018,"[106641, 106642, 106643, 106645, 106646]",106194.96,53.39,5.8,0.0,9.46,0.0,0.0,4.15,27.2
5174,1716,2019,"[106641, 106642, 106643, 106645, 106646]",109081.2,53.17,5.74,0.0,11.42,0.0,0.0,6.28,23.39
5175,1716,2020,"[106641, 106642, 106643, 106645, 106646]",112291.83,60.27,4.37,0.0,7.63,0.0,0.0,3.83,23.91
5176,1716,2021,"[106641, 106642, 106643, 106645, 106646]",131167.59,65.51,2.95,0.0,4.95,0.0,0.0,4.82,21.76
5177,1716,2022,"[106641, 106642, 106643, 106645, 106646]",137426.12,66.82,2.38,0.0,7.04,0.0,0.0,2.62,21.14
5178,1717,2017,"[106642, 106645, 106646, 109300]",96706.67,46.03,4.48,0.0,16.03,0.28,0.09,1.79,31.29
5179,1717,2018,"[106642, 106645, 106646, 109300]",103380.45,43.69,4.36,0.0,16.49,0.35,0.06,1.41,33.63
5180,1717,2019,"[106642, 106645, 106646, 109300]",107649.67,44.92,4.03,0.14,18.01,0.38,0.01,3.12,29.39
5181,1717,2020,"[106642, 106645, 106646, 109300]",109864.99,39.84,4.22,0.19,19.28,1.02,0.2,3.07,32.18
5182,1717,2021,"[106642, 106645, 106646, 109300]",114352.0,41.66,4.84,0.19,17.47,0.95,0.19,4.7,30.0
5183,1717,2022,"[106642, 106645, 106646, 109300]",120525.53,41.74,4.11,0.44,16.72,0.0,1.48,5.97,29.54
5184,1718,2017,"[109200, 109300]",94519.17,39.99,1.32,0.0,17.61,0.8,0.2,2.11,37.96
5185,1718,2018,"[109200, 109300]",103823.47,34.3,1.3,0.0,19.41,0.95,0.14,2.99,40.91
5186,1718,2019,"[109200, 109300]",108132.47,34.52,1.15,0.0,22.56,0.0,0.03,1.94,39.8
5187,1718,2020,"[109200, 109300]",106682.47,26.42,3.02,0.0,26.11,0.0,0.45,0.95,43.05
5188,1718,2021,"[109200, 109300]",111158.76,25.46,3.02,0.0,25.37,0.0,0.41,1.74,43.99
5189,1718,2022,"[109200, 109300]",117703.61,22.54,3.54,0.0,28.93,0.0,0.4,2.96,41.64
5190,1719,2017,[109200],100083.0,43.11,0.0,0.0,18.14,1.15,0.0,2.13,35.47
5191,1719,2018,[109200],112250.0,33.92,1.54,0.0,20.97,1.37,0.0,3.61,38.6
5192,1719,2019,[109200],117857.0,34.05,1.26,0.0,25.05,0.0,0.0,1.62,38.02
5193,1719,2020,[109200],111293.0,23.09,4.08,0.0,30.37,0.0,0.0,0.47,41.99
5194,1719,2021,[109200],115284.0,22.95,3.28,0.0,29.62,0.0,0.0,1.36,42.79
5195,1719,2022,[109200],119917.0,20.94,3.73,0.0,35.21,0.0,0.0,1.74,38.37
5196,1721,2017,"[108202, 113211, 113212, 113213, 113237, 920303]",88900.24,70.24,2.8,0.01,14.0,0.0,0.01,0.08,12.86
5197,1721,2018,"[108202, 113211, 113212, 113213, 113237, 920303]",93035.83,71.84,1.39,0.0,15.1,0.0,0.01,0.06,11.6
5198,1721,2019,"[108202, 113211, 113212, 113213, 113237, 920303]",91088.46,74.3,2.63,0.0,13.88,0.0,0.0,1.13,8.06
5199,1721,2020,"[108202, 113211, 113212, 113213, 113237, 920303]",93736.99,59.15,8.45,0.0,15.28,0.0,0.0,2.72,14.4
5200,1721,2021,"[108202, 113211, 113212, 113213, 113237, 920303]",97851.37,54.62,8.08,0.22,16.27,0.0,0.0,2.78,18.03
5201,1721,2022,"[108202, 113211, 113212, 113213, 113237, 920303]",110132.57,49.81,11.53,0.19,15.64,0.0,1.35,4.66,16.83
5202,1722,2017,"[113101, 113211, 113212, 113213]",77918.55,51.4,2.79,0.03,21.11,0.0,0.45,1.3,22.92
5203,1722,2018,"[113101, 113211, 113212, 113213]",79066.24,45.35,2.32,0.27,22.07,0.0,0.52,1.1,28.36
5204,1722,2019,"[113101, 113211, 113212, 113213]",84462.35,37.5,3.75,0.23,25.88,0.0,0.49,2.6,29.55
5205,1722,2020,"[113101, 113211, 113212, 113213]",94481.0,33.71,4.42,0.37,30.09,0.0,0.27,2.77,28.37
5206,1722,2021,"[113101, 113211, 113212, 113213]",98999.74,29.47,3.75,0.35,26.57,0.0,0.0,8.2,31.67
5207,1722,2022,"[113101, 113211, 113212, 113213]",92078.51,30.03,4.14,0.41,28.62,0.0,0.01,6.3,30.49
5208,1723,2017,"[108202, 113101, 113102, 113211, 113212, 113322]",120751.8,61.42,2.84,0.01,13.82,0.3,0.0,2.38,19.22
5209,1723,2018,"[108202, 113101, 113102, 113211, 113212, 113322]",118955.56,61.98,2.2,0.01,14.77,0.19,0.0,1.9,18.94
5210,1723,2019,"[108202, 113101, 113102, 113211, 113212, 113322]",129020.72,61.77,3.02,0.0,14.9,0.15,0.0,0.32,19.84
5211,1723,2020,"[108202, 113101, 113102, 113211, 113212, 113322, 113323, 113324]",127373.53,62.55,3.27,0.01,14.16,0.0,0.01,1.88,18.13
5212,1723,2021,"[108202, 113101, 113102, 113211, 113212, 113322, 113323, 113324]",134351.56,59.22,3.83,0.01,14.89,0.0,0.59,2.35,19.12
5213,1723,2022,"[108202, 113101, 113102, 113211, 113212, 113322, 113323, 113324]",145348.32,56.0,3.44,0.0,15.49,0.0,0.6,6.33,18.13
5214,1725,2017,"[108202, 111204, 113102, 113301, 113322]",141246.62,66.45,2.74,0.0,12.78,0.43,0.0,3.69,13.92
5215,1725,2018,"[108202, 111204, 113102, 113301, 113322]",138367.7,68.51,2.57,0.0,12.46,0.48,0.0,3.65,12.34
5216,1725,2019,"[108202, 111204, 113102, 113301, 113322]",162992.97,70.55,2.09,0.0,10.66,0.36,0.0,0.7,15.63
5217,1725,2020,"[108202, 108204, 111204, 113102, 113301, 113322]",154250.03,64.65,1.74,0.0,14.44,0.0,0.0,1.09,18.07
5218,1725,2021,"[108202, 108204, 111204, 113102, 113301, 113322]",165049.13,62.17,1.06,0.01,14.59,0.0,1.42,2.17,18.58
5219,1725,2022,"[108202, 108204, 111204, 113102, 113301, 113322]",179574.25,52.57,1.15,0.01,15.48,0.0,1.46,11.19,18.14
5220,1727,2017,"[108101, 108102, 111204, 111206, 113102, 113301]",139939.35,58.9,2.87,0.0,20.38,0.03,0.12,1.84,15.85
5221,1727,2018,"[108101, 108102, 111204, 111206, 113102, 113301]",149295.48,55.88,3.99,0.0,21.75,0.03,0.14,2.88,15.34
5222,1727,2019,"[108101, 108102, 111204, 111206, 113102, 113301]",153722.31,52.23,3.33,0.16,23.27,0.01,0.16,3.47,17.37
5223,1727,2020,"[108101, 108102, 108204, 111204, 111206, 113102, 113301]",150403.48,49.99,2.99,0.28,22.39,0.0,0.15,5.17,19.04
5224,1727,2021,"[108101, 108102, 108204, 111204, 111206, 113102, 113301]",163070.44,48.54,2.5,0.17,24.54,0.0,0.04,5.19,19.02
5225,1727,2022,"[108101, 108102, 108204, 111204, 111206, 113102, 113301]",172198.19,47.1,2.24,0.15,23.09,0.0,1.67,6.3,19.45
5226,1728,2017,"[106643, 108101, 108103, 111201, 111204, 111206]",105933.69,49.12,1.25,0.21,17.29,2.57,0.0,3.48,26.08
5227,1728,2018,"[106643, 108101, 108103, 111201, 111204, 111206]",115472.4,49.01,1.25,0.27,12.91,2.67,0.0,5.04,28.84
5228,1728,2019,"[106643, 108101, 108103, 111201, 111204, 111206]",114631.29,49.01,1.11,0.32,15.59,0.01,0.0,4.9,29.06
5229,1728,2020,"[106643, 108101, 108103, 111201, 111204, 111206]",122250.41,50.8,0.73,0.0,17.35,0.0,0.14,4.96,26.02
5230,1728,2021,"[106643, 108101, 108103, 111201, 111204, 111206]",137722.78,50.09,3.77,0.0,17.26,0.0,0.15,4.46,24.26
5231,1728,2022,"[106643, 108101, 108103, 111201, 111204, 111206]",154483.35,46.92,6.4,0.0,21.81,0.0,0.15,5.84,18.88
5232,1729,2017,"[106642, 106643, 108103, 111201, 111202, 111206]",93885.2,51.01,1.31,0.15,13.92,0.01,0.0,2.37,31.22
5233,1729,2018,"[106642, 106643, 108103, 111201, 111202, 111206]",95643.6,52.48,1.67,0.13,15.82,0.01,0.0,1.59,28.29
5234,1729,2019,"[106642, 106643, 108103, 111201, 111202, 111206]",101663.55,51.55,1.53,0.06,15.98,0.0,0.0,1.12,29.76
5235,1729,2020,"[106642, 106643, 108103, 111201, 111202, 111206]",112988.12,45.04,0.6,0.05,15.27,0.0,1.29,1.07,36.68
5236,1729,2021,"[106642, 106643, 108103, 111201, 111202, 111206]",122982.59,43.44,1.27,0.08,12.63,0.0,1.25,0.82,40.5
5237,1729,2022,"[106642, 106643, 108103, 111201, 111202, 111206]",125010.38,41.01,1.21,0.0,15.26,0.0,1.72,0.68,40.11
5238,1735,2017,"[111100, 111201, 111202, 111206]",65546.58,42.89,3.68,0.34,20.99,0.01,0.0,2.71,29.38
5239,1735,2018,"[111100, 111201, 111202, 111206]",80626.52,44.19,3.07,0.19,21.49,0.01,0.0,2.62,28.43
5240,1735,2019,"[111100, 111201, 111202, 111206]",84333.33,51.24,1.97,0.17,14.3,0.0,0.0,1.87,30.45
5241,1735,2020,"[111100, 111201, 111202, 111206, 111303, 111304]",115806.98,41.92,1.78,0.41,20.94,0.0,0.0,2.26,32.69
5242,1735,2021,"[111100, 111201, 111202, 111206, 111303, 111304]",110964.08,39.52,1.94,0.43,22.35,0.0,0.59,3.65,31.52
5243,1735,2022,"[111100, 111201, 111202, 111206, 111303, 111304]",110813.91,41.83,3.47,0.6,21.34,0.0,0.79,3.53,28.45
5244,1737,2017,"[106642, 106646, 109700, 111100, 111201, 111202]",84067.62,42.18,1.91,0.0,14.98,0.01,0.0,1.27,39.65
5245,1737,2018,"[106642, 106646, 109700, 111100, 111201, 111202]",86492.69,39.43,2.17,0.0,15.25,0.01,0.15,1.52,41.46
5246,1737,2019,"[106642, 106646, 109700, 111100, 111201, 111202]",91562.18,37.04,2.23,0.11,14.78,0.01,0.15,1.44,44.25
5247,1737,2020,"[106642, 106646, 109700, 111100, 111201, 111202, 111303, 111402]",105860.1,33.78,2.0,0.09,19.29,0.02,0.47,2.61,41.74
5248,1737,2021,"[106642, 106646, 109700, 111100, 111201, 111202, 111303, 111402]",106718.87,32.58,2.07,0.09,18.24,0.02,0.6,2.9,43.49
5249,1737,2022,"[106642, 106646, 109700, 111100, 111201, 111202, 111303, 111402]",115875.66,29.54,2.43,0.11,20.21,0.0,0.63,3.0,44.07
5250,1738,2017,"[106646, 109200, 109300]",82055.54,33.01,4.29,0.0,16.44,0.0,0.64,2.07,43.55
5251,1738,2018,"[106646, 109200, 109300]",84946.46,35.14,0.77,0.0,15.93,0.0,0.46,1.6,46.09
5252,1738,2019,"[106646, 109200, 109300]",86347.82,35.59,0.88,0.0,16.99,0.0,0.1,2.67,43.78
5253,1738,2020,"[106646, 109200, 109300]",96355.39,33.9,0.66,0.0,16.55,0.0,1.44,2.03,45.42
5254,1738,2021,"[106646, 109200, 109300]",101918.67,31.09,2.43,0.0,15.86,0.0,1.33,2.6,46.69
5255,1738,2022,"[106646, 109200, 109300]",112746.11,26.12,3.11,0.0,14.86,0.0,1.29,5.69,48.94
5256,1739,2017,"[106646, 109300, 109700, 111100]",94911.57,27.19,10.74,0.0,14.44,0.0,0.04,1.55,46.04
5257,1739,2018,"[106646, 109300, 109700, 111100]",97680.83,30.65,16.3,0.0,9.55,0.0,0.03,0.95,42.53
5258,1739,2019,"[106646, 109300, 109700, 111100]",100671.0,31.98,9.49,0.0,14.84,0.0,0.01,1.35,42.33
5259,1739,2020,"[106646, 109300, 109700, 111100]",102697.46,38.67,6.98,0.0,12.52,0.0,0.1,3.14,38.6
5260,1739,2021,"[106646, 109300, 109700, 111100]",104728.41,40.01,4.98,0.0,15.98,0.0,0.86,4.95,33.23
5261,1739,2022,"[106646, 109300, 109700, 111100]",110654.45,38.91,2.96,0.0,13.49,0.0,0.65,6.26,37.74
5262,1743,2017,"[111205, 111206]",105257.2,48.95,1.25,0.21,17.15,2.61,0.0,3.5,26.33
5263,1743,2018,"[111205, 111206]",114858.99,48.88,1.23,0.27,12.71,2.72,0.0,5.09,29.1
5264,1743,2019,"[111205, 111206]",114273.04,48.87,1.1,0.32,15.44,0.0,0.0,4.93,29.34
5265,1743,2020,"[111205, 111206, 111304]",121741.44,50.58,0.77,0.0,17.28,0.0,0.14,4.97,26.25
5266,1743,2021,"[111205, 111206, 111304]",137376.2,49.89,3.83,0.0,17.23,0.0,0.14,4.46,24.44
5267,1743,2022,"[111205, 111206, 111304]",154120.91,46.67,6.5,0.0,21.75,0.0,0.14,5.87,19.06
5268,1745,2017,"[111202, 111205, 111206, 111302]",85034.81,45.85,2.5,0.28,19.14,1.28,0.0,3.09,27.86
5269,1745,2018,"[111202, 111205, 111206, 111302]",97402.4,46.48,2.18,0.23,17.21,1.34,0.0,3.83,28.73
5270,1745,2019,"[111202, 111205, 111206, 111302]",98989.51,50.03,1.56,0.25,14.9,0.0,0.0,3.37,29.89
5271,1745,2020,"[111202, 111205, 111206, 111302, 111303, 111304]",89786.64,40.18,3.25,0.0,21.72,0.0,0.3,3.49,31.06
5272,1745,2021,"[111202, 111205, 111206, 111302, 111303, 111304]",90721.16,44.77,2.95,0.0,18.8,0.0,0.28,3.47,29.72
5273,1745,2022,"[111202, 111205, 111206, 111302, 111303, 111304]",81122.81,41.77,4.19,0.0,18.65,0.0,0.41,3.77,31.2
5274,1747,2017,"[109700, 111100]",88938.3,32.9,6.44,0.0,14.93,0.0,0.0,1.3,44.43
5275,1747,2018,"[109700, 111100]",92284.15,32.26,9.51,0.0,12.27,0.0,0.12,1.37,44.47
5276,1747,2019,"[109700, 111100]",96374.82,31.34,6.17,0.08,14.52,0.0,0.12,1.56,46.2
5277,1747,2020,"[109700, 111100, 111303, 111402]",48015.22,36.57,5.98,0.0,11.06,0.0,0.32,0.22,45.85
5278,1747,2021,"[109700, 111100, 111303, 111402]",49160.76,36.37,1.99,0.0,14.7,0.0,0.32,0.51,46.11
5279,1747,2022,"[109700, 111100, 111303, 111402]",56299.15,40.64,0.26,0.0,15.22,0.0,0.37,0.85,42.65
5280,1749,2017,[109700],95845.0,26.76,11.21,0.0,14.29,0.0,0.0,1.51,46.22
5281,1749,2018,[109700],98605.0,30.32,17.43,0.0,9.08,0.0,0.0,0.9,42.27
5282,1749,2019,[109700],101709.0,31.72,10.12,0.0,14.69,0.0,0.0,1.26,42.22
5283,1749,2020,"[109700, 111402]",103134.39,39.02,7.44,0.0,12.22,0.0,0.0,3.22,38.11
5284,1749,2021,"[109700, 111402]",104912.17,40.66,5.16,0.0,15.99,0.0,0.82,5.11,32.26
5285,1749,2022,"[109700, 111402]",110481.7,39.83,2.95,0.0,13.39,0.0,0.6,6.3,36.93
5286,1751,2017,"[113211, 113212, 113213, 113237]",82217.53,40.05,4.23,0.94,19.24,0.0,2.96,3.02,29.55
5287,1751,2018,"[113211, 113212, 113213, 113237]",84286.75,35.1,4.48,1.08,22.42,0.0,3.96,5.34,27.6
5288,1751,2019,"[113211, 113212, 113213, 113237]",91538.98,33.65,5.92,1.05,21.24,0.0,3.52,5.48,29.15
5289,1751,2020,"[113211, 113212, 113213, 113237]",112177.67,32.46,5.14,0.99,20.1,0.0,0.69,7.68,32.94
5290,1751,2021,"[113211, 113212, 113213, 113237]",111291.74,34.23,3.49,0.08,14.31,0.0,1.29,6.35,40.26
5291,1751,2022,"[113211, 113212, 113213, 113237]",118373.83,35.68,3.2,0.14,20.6,0.0,0.69,7.15,32.54
5292,1752,2017,"[113101, 113212, 113213, 113322]",85886.21,43.24,3.77,0.73,18.7,0.03,2.38,2.72,28.44
5293,1752,2018,"[113101, 113212, 113213, 113322]",88236.13,39.18,3.83,0.84,21.45,0.0,3.06,4.43,27.21
5294,1752,2019,"[113101, 113212, 113213, 113322]",93965.08,37.75,5.25,0.81,20.53,0.0,2.71,4.47,28.48
5295,1752,2020,"[113101, 113212, 113213, 113322, 113323, 113324]",80496.76,31.08,7.38,0.0,12.49,0.97,0.0,2.23,45.84
5296,1752,2021,"[113101, 113212, 113213, 113322, 113323, 113324]",81003.68,25.69,7.27,0.0,13.71,0.83,0.14,3.15,49.21
5297,1752,2022,"[113101, 113212, 113213, 113322, 113323, 113324]",90540.77,33.51,4.35,0.0,12.84,1.12,0.15,2.67,45.37
5298,1753,2017,"[113101, 113102, 113303, 113322]",82442.75,46.67,1.0,0.0,21.68,0.0,1.14,2.02,27.5
5299,1753,2018,"[113101, 113102, 113303, 113322]",93817.03,44.65,1.19,0.0,22.07,0.0,0.0,2.45,29.64
5300,1753,2019,"[113101, 113102, 113303, 113322]",95012.75,44.02,1.84,0.0,19.35,0.0,0.0,3.02,31.77
5301,1753,2020,"[113101, 113102, 113303, 113322]",96413.83,43.95,11.64,0.04,13.68,0.0,0.32,2.67,27.7
5302,1753,2021,"[113101, 113102, 113303, 113322]",103526.45,47.89,13.5,0.02,10.76,0.0,0.0,2.81,25.01
5303,1753,2022,"[113101, 113102, 113303, 113322]",118308.05,48.94,13.38,0.02,11.44,0.0,0.0,2.42,23.8
5304,1754,2017,"[111204, 111205, 111206]",71459.66,34.75,9.0,0.68,35.79,0.27,0.0,1.18,18.32
5305,1754,2018,"[111204, 111205, 111206]",77054.54,35.85,10.12,0.0,34.74,0.37,1.18,1.06,16.67
5306,1754,2019,"[111204, 111205, 111206]",77438.74,27.69,6.79,0.0,36.8,0.39,1.57,1.74,25.02
5307,1754,2020,"[111204, 111205, 111206]",67592.38,37.28,4.17,0.0,33.04,0.36,1.36,3.84,19.95
5308,1754,2021,"[111204, 111205, 111206]",78034.39,36.74,1.86,0.0,32.26,0.0,1.51,4.02,23.61
5309,1754,2022,"[111204, 111205, 111206]",103223.18,35.47,3.51,0.0,25.62,0.0,1.57,3.77,30.07
5310,1755,2017,"[111205, 111302]",71350.14,34.77,8.99,0.68,35.77,0.27,0.0,1.18,18.34
5311,1755,2018,"[111205, 111302, 115103]",59799.55,31.67,11.66,0.0,26.6,0.56,0.6,3.06,25.85
5312,1755,2019,"[111205, 111302, 115103]",61028.23,26.84,10.22,0.0,27.56,0.59,0.9,3.14,30.74
5313,1755,2020,"[111205, 111302, 111303, 111304]",67433.65,37.24,4.21,0.0,32.97,0.36,1.35,3.84,20.03
5314,1755,2021,"[111205, 111302, 111303, 111304]",77843.59,36.71,1.91,0.0,32.2,0.0,1.51,4.02,23.65
5315,1755,2022,"[111205, 111302, 111303, 111304]",102929.74,35.45,3.54,0.0,25.58,0.0,1.57,3.77,30.11
5316,1756,2017,"[111302, 115101]",65425.87,44.0,5.68,0.0,25.35,0.0,0.0,2.44,22.53
5317,1756,2018,"[111302, 115101, 115103]",66852.03,48.33,7.7,0.0,21.46,0.08,0.0,1.05,21.38
5318,1756,2019,"[111302, 115101, 115103]",62869.66,41.54,9.24,0.0,23.96,0.1,0.0,1.22,23.94
5319,1756,2020,"[111302, 111303, 115101]",62345.76,42.14,8.4,0.11,20.73,0.1,0.0,3.27,25.24
5320,1756,2021,"[111302, 111303, 115101]",74600.82,43.61,7.53,0.1,20.46,0.1,0.0,3.57,24.62
5321,1756,2022,"[111302, 111303, 115101]",88467.5,44.06,6.31,0.08,20.43,0.12,0.0,2.52,26.47
5322,1757,2017,"[109800, 111302, 117301, 117302]",86532.44,30.16,4.02,0.02,17.67,0.16,0.17,2.96,44.84
5323,1757,2018,"[109800, 111302, 117301, 117302]",90430.79,30.38,4.86,0.02,15.8,0.2,0.02,1.1,47.63
5324,1757,2019,"[109800, 111302, 117301, 117302]",87268.07,29.14,4.39,0.02,16.21,0.18,0.02,1.34,48.7
5325,1757,2020,"[109800, 111302, 111303, 111401, 111402, 117301, 117302]",124762.53,49.63,0.01,0.0,20.68,0.0,0.0,0.01,29.67
5326,1757,2021,"[109800, 111302, 111303, 111401, 111402, 117301, 117302]",125681.18,48.82,0.01,0.0,19.76,0.0,0.0,0.0,31.4
5327,1757,2022,"[109800, 111302, 111303, 111401, 111402, 117301, 117302]",130526.51,49.19,1.4,0.01,15.78,0.0,0.0,0.0,33.62
5328,1758,2017,"[109700, 109800, 117301]",92193.32,25.0,3.1,0.0,15.63,0.0,0.0,3.09,53.17
5329,1758,2018,"[109700, 109800, 117301]",96424.28,24.02,3.67,0.0,14.04,0.0,0.0,1.02,57.26
5330,1758,2019,"[109700, 109800, 117301]",92367.98,24.42,2.38,0.0,14.06,0.0,0.0,1.18,57.96
5331,1758,2020,"[109700, 109800, 111401, 111402, 117301]",87781.18,31.01,1.25,0.0,14.86,0.0,0.0,2.05,50.83
5332,1758,2021,"[109700, 109800, 111401, 111402, 117301]",92163.62,29.25,0.53,0.0,13.66,0.0,0.0,0.57,55.99
5333,1758,2022,"[109700, 109800, 111401, 111402, 117301]",74867.01,31.47,0.59,2.98,9.69,0.0,0.0,0.97,54.29
5334,1759,2017,"[109700, 109800, 117202]",92191.22,24.99,3.11,0.0,15.64,0.0,0.0,3.09,53.17
5335,1759,2018,"[109700, 109800, 117202]",96421.03,24.02,3.68,0.0,14.04,0.0,0.0,1.02,57.25
5336,1759,2019,"[109700, 109800, 117202]",92375.49,24.43,2.38,0.0,14.06,0.0,0.0,1.18,57.95
5337,1759,2020,"[109700, 109800, 117202]",87779.85,31.0,1.26,0.0,14.86,0.0,0.0,2.05,50.83
5338,1759,2021,"[109700, 109800, 117202]",92160.46,29.25,0.53,0.0,13.67,0.0,0.0,0.58,55.97
5339,1759,2022,"[109700, 109800, 117202]",74878.01,31.47,0.59,2.98,9.7,0.0,0.0,0.97,54.28
5340,1761,2017,"[113211, 113213, 113235, 113237, 113303]",77362.59,47.31,7.63,0.0,10.61,0.0,1.34,6.9,26.21
5341,1761,2018,"[113211, 113213, 113235, 113237, 113303]",82880.98,48.62,9.12,0.0,12.01,0.0,1.39,3.65,25.21
5342,1761,2019,"[113211, 113213, 113235, 113237, 113303]",82083.88,42.05,15.32,0.0,11.41,0.0,1.07,4.35,25.79
5343,1761,2020,"[113211, 113213, 113235, 113237, 113239, 113303, 113426]",116514.39,40.25,12.89,0.0,10.95,0.0,0.64,7.82,27.45
5344,1761,2021,"[113211, 113213, 113235, 113237, 113239, 113303, 113426]",121820.18,37.79,13.44,0.0,14.01,0.0,0.72,7.28,26.76
5345,1761,2022,"[113211, 113213, 113235, 113237, 113239, 113303, 113426]",149934.22,38.7,8.87,0.0,17.0,0.0,0.32,6.72,28.38
5346,1762,2017,"[113213, 113237, 113303, 113322]",88571.53,47.23,1.44,0.0,17.68,0.0,0.35,3.35,29.94
5347,1762,2018,"[113213, 113237, 113303, 113322]",83975.82,47.85,1.47,0.26,16.95,0.0,0.3,2.48,30.69
5348,1762,2019,"[113213, 113237, 113303, 113322]",93651.45,58.06,1.58,0.38,10.96,0.0,0.31,1.79,26.92
5349,1762,2020,"[113213, 113237, 113303, 113322, 113323, 113324]",88579.36,50.6,3.03,0.45,15.32,0.0,0.4,1.72,28.48
5350,1762,2021,"[113213, 113237, 113303, 113322, 113323, 113324]",100603.08,52.68,2.73,0.44,14.28,0.0,0.0,3.72,26.15
5351,1762,2022,"[113213, 113237, 113303, 113322, 113323, 113324]",108937.27,45.49,2.16,0.74,18.46,0.0,0.85,3.1,29.21
5352,1763,2017,"[113102, 113301, 113303, 113322]",82467.36,46.75,1.0,0.0,21.65,0.0,1.14,2.02,27.44
5353,1763,2018,"[113102, 113301, 113303, 113322]",93785.14,44.72,1.21,0.0,22.03,0.0,0.0,2.45,29.58
5354,1763,2019,"[113102, 113301, 113303, 113322]",95013.31,44.09,1.85,0.0,19.33,0.0,0.0,3.01,31.71
5355,1763,2020,"[113102, 113301, 113303, 113322]",96455.43,44.02,11.61,0.04,13.7,0.0,0.32,2.66,27.66
5356,1763,2021,"[113102, 113301, 113303, 113322]",103603.21,47.92,13.46,0.02,10.8,0.0,0.0,2.81,24.99
5357,1763,2022,"[113102, 113301, 113303, 113322]",118413.56,48.95,13.34,0.02,11.47,0.0,0.0,2.43,23.77
5358,1764,2017,"[111204, 113301, 113303, 113322, 115301]",68266.84,65.0,0.79,0.08,14.53,0.08,0.78,2.03,16.71
5359,1764,2018,"[111204, 113301, 113303, 113322, 115301]",66578.75,59.35,5.73,0.07,13.03,0.07,0.71,1.93,19.12
5360,1764,2019,"[111204, 113301, 113303, 113322, 115301]",66896.31,54.95,5.69,0.06,17.23,1.11,0.57,1.71,18.69
5361,1764,2020,"[111204, 113301, 113303, 113322, 113424, 115301]",85004.77,57.47,5.31,0.0,19.66,1.13,0.0,0.18,16.25
5362,1764,2021,"[111204, 113301, 113303, 113322, 113424, 115301]",100428.93,52.1,4.96,0.0,22.04,1.3,0.0,0.29,19.31
5363,1764,2022,"[111204, 113301, 113303, 113322, 113424, 115301]",122653.43,52.54,5.37,0.0,22.1,0.83,0.0,0.59,18.56
5364,1765,2017,"[111204, 111205, 111206, 113301]",139947.01,58.65,2.92,0.0,20.64,0.0,0.13,1.76,15.9
5365,1765,2018,"[111204, 111205, 111206, 113301]",149690.71,55.46,4.09,0.0,22.08,0.0,0.15,2.83,15.38
5366,1765,2019,"[111204, 111205, 111206, 113301]",153513.12,51.53,3.41,0.16,23.75,0.0,0.17,3.54,17.44
5367,1765,2020,"[111204, 111205, 111206, 113301]",150173.98,49.53,3.05,0.29,22.57,0.0,0.16,5.3,19.09
5368,1765,2021,"[111204, 111205, 111206, 113301]",162900.4,48.08,2.53,0.18,24.86,0.0,0.01,5.3,19.05
5369,1765,2022,"[111204, 111205, 111206, 113301]",171913.92,46.86,2.26,0.16,23.26,0.0,1.69,6.16,19.6
5370,1766,2017,"[111204, 111205, 113301, 115301]",79927.34,51.96,6.65,0.02,20.0,0.0,0.29,0.86,20.22
5371,1766,2018,"[111204, 111205, 113301, 115301]",94680.45,49.52,6.61,0.04,22.66,0.0,0.24,0.81,20.12
5372,1766,2019,"[111204, 111205, 113301, 115301]",94351.57,50.73,3.32,0.02,24.24,0.0,1.08,1.13,19.48
5373,1766,2020,"[111204, 111205, 113301, 115204, 115301]",99962.92,43.36,3.71,0.0,29.81,0.0,0.94,2.48,19.68
5374,1766,2021,"[111204, 111205, 113301, 115204, 115301]",102632.82,40.02,2.3,0.0,31.21,0.0,0.94,4.19,21.34
5375,1766,2022,"[111204, 111205, 113301, 115204, 115301]",104009.08,36.33,2.54,0.0,29.83,0.0,0.82,5.43,25.05
5376,1767,2017,"[111205, 115202, 115301]",77294.71,46.79,7.36,0.22,24.72,0.08,0.2,0.96,19.67
5377,1767,2018,"[111205, 115103, 115202, 115301]",42998.71,27.68,13.12,0.0,18.3,0.75,0.01,5.05,35.08
5378,1767,2019,"[111205, 115103, 115202, 115301]",45082.57,26.35,13.58,0.0,18.15,0.78,0.23,4.53,36.38
5379,1767,2020,"[111205, 115202, 115203, 115204, 115301]",77241.54,49.38,7.96,0.0,12.13,0.0,0.0,1.78,28.74
5380,1767,2021,"[111205, 115202, 115203, 115204, 115301]",88801.89,40.24,8.72,0.65,13.74,0.0,0.05,2.72,33.89
5381,1767,2022,"[111205, 115202, 115203, 115204, 115301]",102170.31,35.03,10.09,0.41,15.09,0.0,0.03,2.17,37.18
5382,1768,2017,"[111302, 115101, 115104, 117302]",134914.44,57.25,5.52,0.0,13.84,0.17,0.61,5.11,17.49
5383,1768,2018,"[111302, 115101, 115104, 117302]",138660.9,52.22,5.62,0.0,11.04,0.12,0.67,5.37,24.96
5384,1768,2019,"[111302, 115101, 115104, 117302]",141618.8,54.18,5.14,0.0,11.44,0.0,0.67,1.99,26.58
5385,1768,2020,"[111302, 115101, 115104, 117302]",130431.1,53.12,4.9,0.0,13.19,0.0,0.73,6.32,21.74
5386,1768,2021,"[111302, 115101, 115104, 117302]",127430.53,53.11,0.95,0.0,13.49,0.0,0.44,7.97,24.05
5387,1768,2022,"[111302, 115101, 115104, 117302]",150195.45,53.98,0.63,0.0,15.46,0.0,0.0,8.22,21.7
5388,1771,2017,"[113237, 113303]",88578.74,47.23,1.44,0.0,17.68,0.0,0.35,3.35,29.95
5389,1771,2018,"[113237, 113303]",83970.87,47.85,1.46,0.26,16.95,0.0,0.3,2.48,30.69
5390,1771,2019,"[113237, 113303]",93654.7,58.08,1.58,0.38,10.95,0.0,0.31,1.79,26.91
5391,1771,2020,"[113237, 113303, 113426]",88540.38,50.6,3.02,0.45,15.33,0.0,0.4,1.72,28.48
5392,1771,2021,"[113237, 113303, 113426]",100566.9,52.68,2.72,0.44,14.29,0.0,0.0,3.72,26.16
5393,1771,2022,"[113237, 113303, 113426]",108877.15,45.48,2.15,0.74,18.47,0.0,0.85,3.1,29.22
5394,1772,2017,"[113301, 113303, 113322]",88544.04,47.25,1.44,0.0,17.68,0.0,0.36,3.34,29.92
5395,1772,2018,"[113301, 113303, 113322]",83956.92,47.87,1.47,0.25,16.95,0.0,0.3,2.48,30.68
5396,1772,2019,"[113301, 113303, 113322]",93619.09,58.06,1.58,0.38,10.97,0.0,0.31,1.79,26.91
5397,1772,2020,"[113301, 113303, 113322, 113424]",88570.53,50.62,3.03,0.45,15.33,0.0,0.4,1.72,28.45
5398,1772,2021,"[113301, 113303, 113322, 113424]",100605.92,52.7,2.73,0.43,14.29,0.0,0.0,3.71,26.12
5399,1772,2022,"[113301, 113303, 113322, 113424]",108954.03,45.51,2.16,0.74,18.47,0.0,0.85,3.1,29.18
5400,1773,2017,[115202],55560.0,33.82,6.23,0.0,12.97,0.0,0.0,3.64,43.34
5401,1773,2018,"[115103, 115202]",41824.62,27.23,13.26,0.0,18.09,0.77,0.0,5.16,35.49
5402,1773,2019,"[115103, 115202]",43965.23,25.91,13.81,0.0,17.89,0.8,0.21,4.61,36.77
5403,1773,2020,[115202],64429.0,25.17,8.27,0.0,13.75,0.0,0.0,5.04,47.77
5404,1773,2021,[115202],63194.0,24.74,5.44,0.0,16.08,1.24,0.0,3.7,48.8
5405,1773,2022,[115202],66528.0,26.31,4.54,0.0,14.59,1.0,0.58,2.88,50.1
5406,1774,2017,[115104],51563.0,33.38,13.2,0.0,18.15,0.0,0.0,3.01,32.26
5407,1774,2018,"[115103, 115104]",41837.83,27.24,13.27,0.0,18.1,0.76,0.0,5.15,35.47
5408,1774,2019,"[115103, 115104]",43981.31,25.92,13.81,0.0,17.9,0.8,0.21,4.61,36.75
5409,1774,2020,[115104],54814.0,31.87,17.84,0.0,22.23,0.0,0.0,2.77,25.29
5410,1774,2021,[115104],55600.0,32.05,16.99,1.49,22.87,0.0,1.15,3.46,22.0
5411,1774,2022,[115104],60682.0,30.09,16.92,1.64,24.66,0.0,0.07,3.72,22.9
5412,1775,2017,"[115101, 115104, 117302]",134916.4,57.25,5.52,0.0,13.84,0.17,0.61,5.11,17.5
5413,1775,2018,"[115101, 115104, 117302]",138662.37,52.21,5.62,0.0,11.04,0.12,0.67,5.37,24.96
5414,1775,2019,"[115101, 115104, 117302]",141624.32,54.18,5.14,0.0,11.44,0.0,0.67,1.99,26.58
5415,1775,2020,"[115101, 115104, 117302]",130435.71,53.12,4.9,0.0,13.19,0.0,0.73,6.32,21.74
5416,1775,2021,"[115101, 115104, 117302]",127428.66,53.11,0.95,0.0,13.49,0.0,0.44,7.97,24.05
5417,1775,2022,"[115101, 115104, 117302]",150190.88,53.97,0.64,0.0,15.46,0.0,0.0,8.23,21.7
5418,1776,2017,"[111302, 115101, 117301, 117302]",87843.38,42.8,8.59,0.28,16.87,2.16,2.33,3.0,23.98
5419,1776,2018,"[111302, 115101, 117301, 117302]",95319.0,43.58,9.1,0.26,17.6,2.47,0.19,1.93,24.87
5420,1776,2019,"[111302, 115101, 117301, 117302]",102923.68,41.33,11.13,0.25,16.26,2.16,0.29,3.17,25.41
5421,1776,2020,"[111302, 111401, 115101, 117301, 117302]",104583.14,40.56,8.18,0.22,21.89,2.35,0.35,3.3,23.15
5422,1776,2021,"[111302, 111401, 115101, 117301, 117302]",108263.26,41.04,9.78,0.0,22.62,0.0,0.34,2.14,24.08
5423,1776,2022,"[111302, 111401, 115101, 117301, 117302]",119338.08,40.4,6.59,0.0,20.61,0.0,0.64,2.55,29.2
5424,1777,2017,"[109800, 117202, 117301, 117302, 117303, 117404]",97070.56,41.4,2.87,0.0,15.94,0.0,0.22,3.06,36.51
5425,1777,2018,"[109800, 117202, 117301, 117302, 117303, 117404]",95386.76,42.47,2.26,0.0,18.05,0.0,0.67,3.52,33.03
5426,1777,2019,"[109800, 117202, 117301, 117302, 117303, 117404]",97638.74,41.12,2.41,0.0,18.26,0.0,0.69,2.84,34.67
5427,1777,2020,"[109800, 117202, 117301, 117302, 117303, 117404]",116315.53,42.4,1.83,0.0,17.13,0.0,0.57,2.07,36.01
5428,1777,2021,"[109800, 117202, 117301, 117302, 117303, 117404]",125601.48,36.1,3.09,0.0,18.79,0.0,0.51,5.92,35.6
5429,1777,2022,"[109800, 117202, 117301, 117302, 117303, 117404]",129249.8,31.56,4.3,0.0,17.29,0.0,0.47,7.51,38.87
5430,1778,2017,"[109800, 117202, 117301]",80330.3,22.93,8.46,0.0,23.86,0.0,0.0,3.54,41.2
5431,1778,2018,"[109800, 117202, 117301]",79482.64,24.58,8.84,0.0,28.12,0.0,0.0,5.58,32.88
5432,1778,2019,"[109800, 117202, 117301]",100320.87,28.91,9.3,0.0,27.3,0.0,0.0,3.91,30.59
5433,1778,2020,"[109800, 117202, 117301]",93229.37,30.92,6.29,0.0,17.57,0.0,0.0,3.85,41.37
5434,1778,2021,"[109800, 117202, 117301]",98937.57,30.46,4.5,0.07,19.43,0.0,0.0,4.05,41.48
5435,1778,2022,"[109800, 117202, 117301]",107316.97,26.78,4.69,0.21,24.17,0.0,0.0,3.89,40.24
5436,1779,2017,"[109800, 117202, 117301, 117404]",80320.75,22.92,8.47,0.0,23.87,0.0,0.0,3.54,41.2
5437,1779,2018,"[109800, 117202, 117301, 117404]",79471.57,24.57,8.84,0.0,28.13,0.0,0.0,5.59,32.87
5438,1779,2019,"[109800, 117202, 117301, 117404]",100325.58,28.91,9.3,0.0,27.3,0.0,0.0,3.91,30.58
5439,1779,2020,"[109800, 117202, 117301, 117404]",93225.66,30.91,6.3,0.0,17.57,0.0,0.0,3.85,41.37
5440,1779,2021,"[109800, 117202, 117301, 117404]",98933.62,30.46,4.51,0.07,19.44,0.0,0.0,4.05,41.48
5441,1779,2022,"[109800, 117202, 117301, 117404]",107324.55,26.78,4.7,0.21,24.18,0.0,0.0,3.89,40.24
5442,1781,2017,[113303],88580.0,47.23,1.44,0.0,17.68,0.0,0.35,3.35,29.95
5443,1781,2018,[113303],83971.0,47.85,1.46,0.26,16.95,0.0,0.3,2.48,30.69
5444,1781,2019,[113303],93656.0,58.08,1.57,0.38,10.95,0.0,0.31,1.79,26.91
5445,1781,2020,"[113303, 113424, 113425, 113426, 113427, 113428]",61456.75,32.2,2.68,0.0,22.43,0.74,0.42,0.53,41.0
5446,1781,2021,"[113303, 113424, 113425, 113426, 113427, 113428]",66618.57,26.27,1.12,0.0,17.5,0.39,0.26,2.18,52.28
5447,1781,2022,"[113303, 113424, 113425, 113426, 113427, 113428]",64289.17,26.17,1.58,0.0,16.05,0.0,0.49,2.52,53.19
5448,1782,2017,"[113301, 113303, 115301, 115302]",78507.48,54.04,1.31,0.04,16.07,0.04,0.54,2.71,25.27
5449,1782,2018,"[113301, 113303, 115301, 115302]",75328.61,51.95,3.46,0.17,15.06,0.03,0.48,2.19,26.66
5450,1782,2019,"[113301, 113303, 115301, 115302]",80621.08,55.49,3.49,0.23,13.67,0.49,0.42,1.72,24.49
5451,1782,2020,"[113301, 113303, 113424, 113426, 115301, 115302]",89649.02,29.18,1.84,0.0,18.2,0.17,0.0,6.68,43.92
5452,1782,2021,"[113301, 113303, 113424, 113426, 115301, 115302]",94146.3,29.98,2.95,0.0,15.61,0.0,0.18,5.09,46.19
5453,1782,2022,"[113301, 113303, 113424, 113426, 115301, 115302]",106745.27,26.03,2.66,0.0,19.25,0.0,0.48,6.47,45.1
5454,1783,2017,"[113301, 115202, 115301, 115302, 115404]",79594.07,51.78,6.65,0.02,19.91,0.0,0.28,0.89,20.47
5455,1783,2018,"[113301, 115202, 115301, 115302, 115404]",94270.83,49.36,6.62,0.04,22.57,0.0,0.24,0.85,20.33
5456,1783,2019,"[113301, 115202, 115301, 115302, 115404]",93977.66,50.56,3.36,0.02,24.13,0.0,1.07,1.17,19.69
5457,1783,2020,"[113301, 115202, 115204, 115301, 115302, 115404]",99517.04,43.19,3.78,0.0,29.63,0.0,0.93,2.5,19.97
5458,1783,2021,"[113301, 115202, 115204, 115301, 115302, 115404]",102168.08,39.85,2.36,0.0,31.03,0.01,0.93,4.19,21.63
5459,1783,2022,"[113301, 115202, 115204, 115301, 115302, 115404]",103541.85,36.21,2.59,0.0,29.66,0.01,0.82,5.4,25.31
5460,1785,2017,"[115104, 115202, 115301, 115403, 115404]",55549.16,33.8,6.23,0.0,12.97,0.0,0.0,3.63,43.36
5461,1785,2018,"[115103, 115104, 115202, 115301, 115403, 115404]",60354.49,33.24,7.62,0.0,14.91,0.04,0.0,5.1,39.09
5462,1785,2019,"[115103, 115104, 115202, 115301, 115403, 115404]",64195.98,31.94,7.57,0.0,15.05,0.04,0.01,5.49,39.9
5463,1785,2020,"[115104, 115202, 115203, 115204, 115301, 115403, 115404]",64446.86,25.17,8.28,0.0,13.76,0.0,0.0,5.04,47.76
5464,1785,2021,"[115104, 115202, 115203, 115204, 115301, 115403, 115404]",63281.96,24.74,5.45,0.0,16.09,1.23,0.0,3.71,48.78
5465,1785,2022,"[115104, 115202, 115203, 115204, 115301, 115403, 115404]",66609.86,26.31,4.55,0.0,14.61,1.0,0.58,2.89,50.07
5466,1787,2017,"[111302, 115101, 115104, 115202]",51670.57,33.41,13.19,0.0,18.15,0.0,0.0,3.01,32.24
5467,1787,2018,"[111302, 115101, 115103, 115104, 115202]",51197.1,29.54,17.36,0.0,20.4,0.0,0.0,3.79,28.91
5468,1787,2019,"[111302, 115101, 115103, 115104, 115202]",54957.26,33.1,14.97,0.0,21.14,0.0,0.0,2.7,28.09
5469,1787,2020,"[111302, 115101, 115104, 115202]",54909.53,31.9,17.82,0.0,22.22,0.0,0.0,2.78,25.28
5470,1787,2021,"[111302, 115101, 115104, 115202]",55696.67,32.08,16.96,1.48,22.85,0.0,1.15,3.47,22.01
5471,1787,2022,"[111302, 115101, 115104, 115202]",60804.26,30.13,16.89,1.64,24.64,0.0,0.07,3.73,22.91
5472,1788,2017,"[115101, 115104, 115401, 117302]",134803.56,57.22,5.53,0.0,13.84,0.17,0.61,5.11,17.52
5473,1788,2018,"[115101, 115104, 115401, 117302]",138544.48,52.18,5.64,0.0,11.05,0.12,0.67,5.37,24.97
5474,1788,2019,"[115101, 115104, 115401, 117302]",141508.05,54.15,5.16,0.0,11.45,0.0,0.67,1.99,26.58
5475,1788,2020,"[115101, 115104, 115401, 117302]",130335.04,53.09,4.92,0.0,13.2,0.0,0.73,6.32,21.74
5476,1788,2021,"[115101, 115104, 115401, 117302]",127333.47,53.08,0.97,0.0,13.5,0.0,0.44,7.96,24.05
5477,1788,2022,"[115101, 115104, 115401, 117302]",150071.53,53.94,0.66,0.0,15.48,0.0,0.0,8.22,21.7
5478,1791,2017,[113234],55274.0,27.12,5.56,0.87,17.23,0.0,1.3,0.93,47.0
5479,1791,2018,[113234],56375.0,26.63,5.11,0.58,17.48,0.0,1.29,0.98,47.95
5480,1791,2019,[113234],59598.0,30.79,4.33,0.0,17.93,0.0,1.2,0.85,44.89
5481,1791,2020,"[113234, 113423, 113425, 113426, 113427, 113428]",98682.12,49.6,3.32,0.0,12.36,0.0,0.0,2.11,32.61
5482,1791,2021,"[113234, 113423, 113425, 113426, 113427, 113428]",113696.16,41.96,2.64,0.0,13.8,0.0,0.0,2.68,38.92
5483,1791,2022,"[113234, 113423, 113425, 113426, 113427, 113428]",108063.24,40.91,2.32,0.0,12.74,0.0,0.0,2.78,41.25
5484,1792,2017,[115302],45441.0,11.09,7.08,0.0,8.98,0.0,0.23,1.19,71.43
5485,1792,2018,[115302],46544.0,13.12,6.17,0.0,10.84,0.0,0.27,0.61,69.0
5486,1792,2019,[115302],45549.0,13.24,5.66,0.0,9.81,0.0,0.25,0.51,70.53
5487,1792,2020,"[113423, 113424, 113426, 113428, 115302]",92899.26,27.34,2.19,0.0,12.96,0.09,0.0,6.86,50.55
5488,1792,2021,"[113423, 113424, 113426, 113428, 115302]",97870.53,24.48,2.53,0.0,13.28,0.0,0.09,5.63,53.98
5489,1792,2022,"[113423, 113424, 113426, 113428, 115302]",91807.63,25.81,2.14,0.0,13.97,0.0,0.24,5.41,52.43
5490,1793,2017,"[115301, 115302, 115404]",45534.75,11.26,7.07,0.0,9.03,0.01,0.23,1.19,71.2
5491,1793,2018,"[115301, 115302, 115404]",46758.41,13.26,6.2,0.0,10.88,0.01,0.27,0.61,68.76
5492,1793,2019,"[115301, 115302, 115404]",45797.58,13.39,5.67,0.0,9.89,0.01,0.26,0.52,70.26
5493,1793,2020,"[113424, 115301, 115302, 115404]",52900.86,12.06,4.16,0.0,9.92,0.0,0.21,0.37,73.27
5494,1793,2021,"[113424, 115301, 115302, 115404]",62912.35,13.29,3.11,0.0,11.06,0.0,0.22,0.45,71.88
5495,1793,2022,"[113424, 115301, 115302, 115404]",76440.35,11.51,3.98,0.48,8.6,0.0,0.0,0.47,74.96
5496,1794,2017,"[115104, 115202, 115401, 115403, 115404]",50427.86,23.96,7.44,0.0,12.39,0.63,0.25,0.75,54.58
5497,1794,2018,"[115104, 115202, 115401, 115403, 115404]",58889.6,22.71,8.44,0.0,13.7,0.8,0.29,1.3,52.75
5498,1794,2019,"[115104, 115202, 115401, 115403, 115404]",61124.92,23.41,6.74,0.0,15.74,0.72,0.56,2.02,50.82
5499,1794,2020,"[115104, 115202, 115401, 115403, 115404]",64696.09,17.15,8.13,0.0,16.03,0.0,0.6,5.32,52.77
5500,1794,2021,"[115104, 115202, 115401, 115403, 115404]",81140.55,16.79,6.43,0.0,17.17,0.0,0.18,5.72,53.72
5501,1794,2022,"[115104, 115202, 115401, 115403, 115404]",88228.69,20.0,5.96,0.0,17.11,0.0,0.09,5.33,51.51
5502,1795,2017,"[115101, 115104, 115401, 115403, 117302, 131300]",59496.43,28.22,6.33,0.0,12.01,0.0,0.39,2.34,50.71
5503,1795,2018,"[115101, 115104, 115401, 115403, 117302, 131300]",61497.41,30.68,4.96,0.0,12.88,0.0,0.31,1.38,49.78
5504,1795,2019,"[115101, 115104, 115401, 115403, 117302, 131300]",71655.63,31.59,3.98,0.0,11.44,0.0,0.0,2.49,50.49
5505,1795,2020,"[115101, 115104, 115401, 115403, 117302, 131300]",61890.04,31.56,3.39,0.0,16.74,0.0,0.0,2.25,46.06
5506,1795,2021,"[115101, 115104, 115401, 115403, 117302, 131300]",54722.72,29.91,4.93,0.0,16.25,0.0,0.0,2.05,46.85
5507,1795,2022,"[115101, 115104, 115401, 115403, 117302, 131300]",58935.67,32.28,4.59,0.0,17.84,0.0,0.0,1.35,43.94
5508,1796,2017,"[115101, 115401, 117302, 117303]",87816.28,42.78,8.59,0.28,16.88,2.16,2.33,3.0,23.99
5509,1796,2018,"[115101, 115401, 117302, 117303]",95282.66,43.57,9.1,0.26,17.6,2.47,0.19,1.93,24.88
5510,1796,2019,"[115101, 115401, 117302, 117303]",102891.97,41.32,11.14,0.25,16.25,2.16,0.29,3.17,25.42
5511,1796,2020,"[115101, 115401, 117302, 117303]",104542.28,40.54,8.19,0.22,21.89,2.35,0.34,3.3,23.17
5512,1796,2021,"[115101, 115401, 117302, 117303]",108220.78,41.03,9.79,0.0,22.62,0.0,0.34,2.13,24.09
5513,1796,2022,"[115101, 115401, 117302, 117303]",119302.0,40.39,6.6,0.0,20.61,0.0,0.64,2.54,29.22
5514,1797,2017,"[117301, 117302, 117303, 117404, 980008]",96601.74,33.72,1.09,0.05,18.66,0.0,0.7,1.7,44.07
5515,1797,2018,"[117301, 117302, 117303, 117404]",81538.15,33.03,4.44,0.06,15.76,0.0,0.7,1.68,44.33
5516,1797,2019,"[117301, 117302, 117303, 117404]",83980.8,31.9,3.95,0.08,16.25,0.0,0.59,2.08,45.15
5517,1797,2020,"[117301, 117302, 117303, 117404]",101161.59,27.03,3.81,0.34,13.94,0.0,0.46,1.49,52.92
5518,1797,2021,"[117301, 117302, 117303, 117404]",110474.16,24.92,7.34,0.0,13.71,0.0,0.44,1.44,52.14
5519,1797,2022,"[117301, 117302, 117303, 117404]",122101.07,24.57,6.75,0.0,13.24,0.0,0.0,0.89,54.55
5520,1798,2017,"[117202, 117404]",84551.89,39.09,2.49,0.0,11.46,0.0,0.0,1.95,45.01
5521,1798,2018,"[117202, 117404]",85445.03,41.69,1.67,0.0,11.0,0.0,0.0,1.29,44.34
5522,1798,2019,"[117202, 117404]",107977.2,37.35,1.24,0.0,15.31,0.0,0.0,4.0,42.09
5523,1798,2020,"[117202, 117404]",109234.04,32.59,7.14,0.0,10.91,0.0,0.0,3.51,45.85
5524,1798,2021,"[117202, 117404]",118850.1,28.29,6.73,0.13,11.18,0.0,0.0,2.25,51.42
5525,1798,2022,"[117202, 117404]",127810.81,31.61,6.79,0.11,12.19,0.0,0.0,3.08,46.21
5526,1799,2017,"[117303, 117404]",84562.22,39.1,2.49,0.0,11.45,0.0,0.0,1.95,45.01
5527,1799,2018,"[117303, 117404]",85445.32,41.69,1.67,0.0,11.0,0.0,0.0,1.29,44.34
5528,1799,2019,"[117303, 117404]",107964.62,37.36,1.24,0.0,15.31,0.0,0.0,4.0,42.09
5529,1799,2020,"[117303, 117404]",109236.49,32.59,7.14,0.0,10.91,0.0,0.0,3.51,45.86
5530,1799,2021,"[117303, 117404]",118854.28,28.28,6.73,0.13,11.18,0.0,0.0,2.25,51.43
5531,1799,2022,"[117303, 117404]",127817.1,31.61,6.8,0.11,12.19,0.0,0.0,3.08,46.22
5532,1801,2017,"[238200, 238320, 240401, 600100]",29796.95,0.03,27.49,0.0,0.65,0.0,0.0,0.18,71.65
5533,1801,2018,"[238200, 238320, 240401, 600100]",37003.78,0.03,26.06,0.0,0.57,0.0,0.0,0.11,73.22
5534,1801,2019,"[238200, 238320, 240401, 600100]",42509.63,0.17,18.6,0.0,0.72,0.0,0.01,0.12,80.38
5535,1801,2020,"[238200, 238320, 240301, 240302, 240401, 600100]",37417.69,1.03,26.17,0.13,0.85,0.0,0.02,0.14,71.66
5536,1801,2021,"[238200, 238320, 240301, 240302, 240401, 600100]",44734.86,1.3,24.79,0.0,0.89,0.18,0.02,0.4,72.42
5537,1801,2022,"[238200, 238320, 240301, 240302, 240401, 600100]",48967.14,1.61,23.72,0.59,1.32,0.18,0.14,0.52,71.93
5538,1802,2017,"[238320, 239702, 240010, 240020, 240200, 240401]",31634.66,0.87,25.01,0.0,1.43,0.0,0.0,0.0,72.68
5539,1802,2018,"[238320, 239702, 240010, 240020, 240200, 240401]",32788.99,0.22,23.59,0.0,1.47,0.0,0.0,0.0,74.71
5540,1802,2019,"[238320, 239702, 240010, 240020, 240200, 240401]",40317.3,0.34,22.33,0.67,1.63,0.0,0.0,0.0,75.01
5541,1802,2020,"[238320, 239702, 240010, 240020, 240200, 240301, 240401]",40693.58,0.95,26.85,1.27,1.49,0.0,0.0,0.05,69.4
5542,1802,2021,"[238320, 239702, 240010, 240020, 240200, 240301, 240401]",49938.47,1.05,21.47,0.81,1.49,0.08,0.0,0.24,74.86
5543,1802,2022,"[238320, 239702, 240010, 240020, 240200, 240301, 240401]",51923.03,1.31,20.17,0.86,0.76,0.08,0.0,0.26,76.56
5544,1803,2017,"[239702, 239802, 240010, 240200]",29993.88,0.16,23.22,0.0,0.0,0.0,0.0,0.46,76.15
5545,1803,2018,"[239702, 239802, 240010, 240200]",30731.37,0.16,23.98,0.0,0.0,0.0,0.0,0.51,75.33
5546,1803,2019,"[239702, 239802, 240010, 240200]",30649.86,0.14,25.24,0.0,0.0,0.0,0.0,0.51,74.11
5547,1803,2020,"[239702, 239802, 240010, 240200]",33196.53,0.42,19.65,0.0,0.0,0.0,0.0,0.37,79.56
5548,1803,2021,"[239702, 239802, 240010, 240200]",32765.09,0.29,19.04,0.0,0.0,0.0,1.01,0.97,78.69
5549,1803,2022,"[239702, 239802, 240010, 240200]",30955.24,0.23,17.94,0.0,0.0,0.0,1.08,0.62,80.13
5550,1804,2017,"[239802, 240010, 535101]",29984.3,0.16,23.21,0.0,0.0,0.0,0.0,0.46,76.16
5551,1804,2018,"[239802, 240010, 535101]",30731.62,0.16,23.98,0.0,0.0,0.0,0.0,0.51,75.34
5552,1804,2019,"[239802, 240010, 535101]",30643.93,0.14,25.24,0.0,0.0,0.0,0.0,0.51,74.11
5553,1804,2020,"[239802, 240010, 535101]",33187.29,0.42,19.62,0.0,0.0,0.0,0.0,0.37,79.58
5554,1804,2021,"[239802, 240010, 535101]",32735.76,0.29,19.02,0.0,0.0,0.0,1.01,0.97,78.71
5555,1804,2022,"[239802, 240010, 535101]",30935.91,0.23,17.91,0.0,0.0,0.0,1.08,0.62,80.15
5556,1805,2017,"[240010, 240020, 240200, 240600]",41122.18,0.66,25.5,0.0,0.16,0.0,0.0,0.0,73.68
5557,1805,2018,"[240010, 240020, 240200, 240600]",39807.54,0.46,27.36,0.0,0.19,0.0,0.0,0.14,71.86
5558,1805,2019,"[240010, 240020, 240200, 240600]",38240.47,0.38,28.5,0.0,0.0,0.0,0.0,0.06,71.06
5559,1805,2020,"[240010, 240020, 240200, 240600]",50461.75,0.34,20.91,0.0,0.0,0.0,0.0,0.06,78.69
5560,1805,2021,"[240010, 240020, 240200, 240600]",65972.12,0.49,16.54,0.0,0.0,0.0,0.0,0.08,82.89
5561,1805,2022,"[240010, 240020, 240200, 240600]",66682.74,0.1,12.6,0.0,0.0,0.0,0.0,0.08,87.22
5562,1806,2017,"[240010, 240020, 240700, 535200]",41132.66,0.66,25.5,0.0,0.16,0.0,0.0,0.0,73.68
5563,1806,2018,"[240010, 240020, 240700, 535200]",39816.74,0.46,27.36,0.0,0.19,0.0,0.0,0.13,71.85
5564,1806,2019,"[240010, 240020, 240700, 535200]",38247.86,0.38,28.5,0.0,0.0,0.0,0.0,0.06,71.06
5565,1806,2020,"[240010, 240020, 240700, 535200]",50475.39,0.34,20.91,0.0,0.0,0.0,0.0,0.06,78.69
5566,1806,2021,"[240010, 240020, 240700, 535200]",65997.86,0.49,16.54,0.0,0.0,0.0,0.0,0.08,82.89
5567,1806,2022,"[240010, 240020, 240700, 535200]",66712.33,0.09,12.6,0.0,0.0,0.0,0.0,0.08,87.23
5568,1821,2017,"[240401, 240402, 600100, 600201, 600202]",31952.43,0.03,30.99,0.0,0.3,0.0,0.0,1.02,67.65
5569,1821,2018,"[240401, 240402, 600100, 600201, 600202]",37567.38,0.25,32.09,0.0,0.28,0.0,0.0,0.25,67.13
5570,1821,2019,"[240401, 240402, 600100, 600201, 600202]",42529.29,0.86,26.38,0.0,0.92,0.0,0.0,0.28,71.56
5571,1821,2020,"[240401, 240402, 600100, 600201, 600202]",39837.84,1.6,24.28,0.0,1.02,0.0,0.04,0.22,72.85
5572,1821,2021,"[240401, 240402, 600100, 600201, 600202]",47589.37,1.59,21.65,0.0,1.36,0.0,0.04,0.43,74.93
5573,1821,2022,"[240401, 240402, 600100, 600201, 600202]",55057.98,1.76,20.46,0.0,2.05,0.0,0.04,0.87,74.82
5574,1822,2017,"[240020, 240200, 240401, 240402, 240500, 240600, 241201]",30740.22,0.14,30.63,0.0,0.22,0.0,0.5,0.77,67.75
5575,1822,2018,"[240020, 240200, 240401, 240402, 240500, 240600, 241201]",36486.64,0.07,27.58,0.0,0.08,0.0,0.82,0.3,71.15
5576,1822,2019,"[240020, 240200, 240401, 240402, 240500, 240600, 241201]",41252.05,0.23,26.53,0.0,0.25,0.0,0.68,0.21,72.09
5577,1822,2020,"[240020, 240200, 240401, 240402, 240500, 240600, 241201]",37895.45,0.43,24.54,0.0,0.28,0.0,0.68,0.17,73.9
5578,1822,2021,"[240020, 240200, 240401, 240402, 240500, 240600, 241201]",41707.41,0.42,23.58,0.0,0.55,0.0,0.13,0.2,75.12
5579,1822,2022,"[240020, 240200, 240401, 240402, 240500, 240600, 241201]",54406.41,0.47,19.76,0.0,0.74,0.0,0.2,1.65,77.18
5580,1823,2017,"[240020, 240500, 240600, 240700]",36047.04,1.59,23.58,0.0,0.28,0.0,0.0,0.0,74.54
5581,1823,2018,"[240020, 240500, 240600, 240700]",37763.96,1.06,28.82,0.0,0.28,0.0,0.0,0.0,69.84
5582,1823,2019,"[240020, 240500, 240600, 240700]",43242.74,1.26,29.12,0.0,0.32,0.0,0.0,0.0,69.29
5583,1823,2020,"[240020, 240500, 240600, 240700]",50663.96,1.2,26.94,0.0,0.34,0.0,5.89,0.2,65.43
5584,1823,2021,"[240020, 240500, 240600, 240700]",56388.6,0.53,21.54,0.0,0.53,0.0,6.69,0.2,70.5
5585,1823,2022,"[240020, 240500, 240600, 240700]",60305.22,0.06,22.36,0.0,0.06,0.0,6.8,0.2,70.53
5586,1824,2017,"[240020, 240600, 240700, 240800, 242000, 535200]",41750.02,0.62,27.24,0.45,0.62,0.0,0.0,0.82,70.26
5587,1824,2018,"[240020, 240600, 240700, 240800, 242000, 535200]",43778.01,0.29,29.1,0.47,1.05,0.0,0.0,0.0,69.1
5588,1824,2019,"[240020, 240600, 240700, 240800, 242000, 535200]",43575.37,0.31,26.84,0.54,1.16,0.0,0.0,0.0,71.15
5589,1824,2020,"[240020, 240600, 240700, 240800, 242000, 535200]",44601.34,0.23,21.63,0.43,1.19,0.0,0.01,0.0,76.5
5590,1824,2021,"[240020, 240600, 240700, 240800, 242000, 535200]",48891.94,0.03,20.15,0.0,0.86,0.0,0.01,0.0,78.95
5591,1824,2022,"[240020, 240600, 240700, 240800, 242000, 535200]",57676.41,0.32,17.83,0.0,0.99,0.0,0.01,0.0,80.85
5592,1826,2017,"[242000, 242300, 242700, 535200, 535400]",28123.37,0.49,18.8,0.35,1.25,0.62,2.48,0.31,75.7
5593,1826,2018,"[242000, 242300, 242700, 535200, 535400]",26742.95,0.36,14.38,1.51,1.88,0.56,2.19,0.26,78.86
5594,1826,2019,"[242000, 242300, 242700, 535200, 535400]",26827.86,0.4,15.54,2.57,4.05,0.2,2.85,0.25,74.14
5595,1826,2020,"[242000, 242202, 242300, 242700, 535200, 535400]",32181.53,0.37,19.94,2.39,3.54,0.0,2.82,0.22,70.72
5596,1826,2021,"[242000, 242202, 242300, 242700, 535200, 535400]",40012.92,0.42,23.87,1.29,0.0,0.0,2.16,0.2,72.06
5597,1826,2022,"[242000, 242202, 242300, 242700, 535200, 535400]",49749.71,0.36,21.97,1.35,0.02,0.0,0.0,0.01,76.29
5598,1827,2017,"[242100, 242300, 242700, 535400]",33930.61,0.78,9.61,0.04,1.51,0.08,0.31,0.34,87.33
5599,1827,2018,"[242100, 242300, 242700, 535400]",33740.55,0.61,8.53,0.19,1.45,0.24,0.27,0.34,88.36
5600,1827,2019,"[242100, 242300, 242700, 535400]",39977.99,0.58,11.32,0.32,0.64,0.13,0.36,0.32,86.33
5601,1827,2020,"[242100, 242201, 242202, 242300, 242700, 243001, 535400]",29777.18,0.2,19.81,0.23,2.16,0.0,0.0,0.0,77.59
5602,1827,2021,"[242100, 242201, 242202, 242300, 242700, 243001, 535400]",35276.82,0.38,19.26,0.0,2.3,0.0,0.25,0.61,77.19
5603,1827,2022,"[242100, 242201, 242202, 242300, 242700, 243001, 535400]",53945.6,0.36,15.03,0.0,2.34,0.0,0.32,1.09,80.86
5604,1829,2017,"[242100, 535400, 535606, 535607, 540300]",15804.92,0.02,25.9,0.0,1.01,0.0,0.0,0.0,73.07
5605,1829,2018,"[242100, 535400, 535606, 535607, 540300]",15105.94,0.26,17.56,0.0,0.65,2.09,0.0,0.0,79.43
5606,1829,2019,"[242100, 535400, 535606, 535607, 540300]",18649.9,0.15,22.44,0.0,0.01,1.35,0.0,0.0,76.05
5607,1829,2020,"[242100, 242201, 242202, 243002, 535400, 535606, 535607, 540300]",22670.67,0.08,19.29,0.0,1.19,1.36,0.0,2.22,75.85
5608,1829,2021,"[242100, 242201, 242202, 243002, 535400, 535606, 535607, 540300]",23845.54,0.09,19.9,0.0,1.09,1.74,0.0,2.0,75.18
5609,1829,2022,"[242100, 242201, 242202, 243002, 535400, 535606, 535607, 540300]",27811.62,0.05,17.87,0.0,1.07,0.77,0.0,1.98,78.25
5610,1831,2017,"[241300, 291110, 291120, 540901, 602801, 602802]",41529.07,0.49,52.03,0.0,0.0,0.0,0.0,3.44,44.05
5611,1831,2018,"[241300, 291110, 291120, 540901, 602801, 602802]",41135.29,1.28,50.52,0.0,0.0,0.0,0.0,1.52,46.67
5612,1831,2019,"[241300, 291110, 291120, 540901, 602801, 602802]",43592.72,1.1,47.2,0.3,0.0,0.0,0.0,0.39,51.02
5613,1831,2020,"[241300, 291110, 291120, 540901, 602801, 602802]",62233.29,0.8,44.53,0.59,0.0,0.0,0.0,0.28,53.79
5614,1831,2021,"[241300, 291110, 291120, 540901, 602801, 602802]",57196.96,1.08,43.68,0.43,0.2,0.0,0.0,1.17,53.45
5615,1831,2022,"[241300, 291110, 291120, 540901, 602801, 602802]",52723.75,1.41,42.42,0.44,0.25,0.0,0.0,1.24,54.23
5616,1832,2017,"[240402, 240500, 240600, 240800, 241110, 241120, 241201, 241202]",31280.94,0.52,32.44,0.0,0.1,0.0,0.19,0.76,65.99
5617,1832,2018,"[240402, 240500, 240600, 240800, 241110, 241120, 241201, 241202]",36643.16,0.64,34.36,0.0,0.14,0.0,0.32,0.8,63.75
5618,1832,2019,"[240402, 240500, 240600, 240800, 241110, 241120, 241201, 241202]",42051.5,0.88,29.1,0.0,0.91,0.0,0.16,0.28,68.67
5619,1832,2020,"[240402, 240500, 240600, 240800, 240902, 241110, 241120, 241201, 241202]",41648.11,0.8,22.25,0.0,1.18,0.0,0.19,0.83,74.75
5620,1832,2021,"[240402, 240500, 240600, 240800, 240902, 241110, 241120, 241201, 241202]",47294.22,0.91,22.22,0.0,0.99,0.0,0.3,0.69,74.89
5621,1832,2022,"[240402, 240500, 240600, 240800, 241110, 241120, 241201, 241202]",53299.09,1.19,20.7,0.0,1.74,0.0,0.79,1.14,74.44
5622,1834,2017,"[240600, 240700, 240800, 242000]",35765.02,1.72,30.21,1.17,0.31,0.0,0.0,0.96,65.64
5623,1834,2018,"[240600, 240700, 240800, 242000]",36921.19,0.89,25.79,0.7,0.4,0.0,0.0,0.63,71.6
5624,1834,2019,"[240600, 240700, 240800, 242000]",41261.13,0.79,25.91,0.64,2.05,0.0,0.0,1.06,69.56
5625,1834,2020,"[240600, 240700, 240800, 240902, 242000]",41746.88,0.45,25.43,0.71,1.62,0.0,0.0,1.15,70.64
5626,1834,2021,"[240600, 240700, 240800, 240902, 242000]",50243.71,0.25,23.09,0.0,2.1,0.0,0.0,1.26,73.29
5627,1834,2022,"[240600, 240700, 240800, 242000]",55497.97,0.29,19.89,0.0,1.99,0.0,0.0,1.25,76.57
5628,1835,2017,"[240700, 242000]",36122.03,3.6,29.34,0.0,0.37,0.0,0.0,0.14,66.54
5629,1835,2018,"[240700, 242000]",32841.06,4.09,22.77,0.0,0.35,0.0,0.25,0.15,72.4
5630,1835,2019,"[240700, 242000]",30698.08,3.17,19.65,0.0,0.38,0.0,0.62,0.19,75.98
5631,1835,2020,"[240700, 242000]",32857.07,2.58,20.94,0.0,3.8,0.0,0.69,0.69,71.31
5632,1835,2021,"[240700, 242000]",36346.07,2.66,19.88,0.0,3.43,0.0,0.72,0.62,72.69
5633,1835,2022,"[240700, 242000]",47793.06,0.32,22.93,0.0,3.31,0.0,0.52,1.94,70.99
5634,1836,2017,"[242000, 242300, 242600, 242700]",36097.91,3.59,29.32,0.0,0.37,0.0,0.0,0.14,66.57
5635,1836,2018,"[242000, 242300, 242600, 242700]",32852.82,4.08,22.77,0.0,0.35,0.0,0.25,0.15,72.41
5636,1836,2019,"[242000, 242300, 242600, 242700]",30726.01,3.17,19.67,0.0,0.38,0.0,0.62,0.19,75.97
5637,1836,2020,"[242000, 242300, 242600, 242700]",32865.48,2.57,20.96,0.0,3.79,0.0,0.69,0.69,71.31
5638,1836,2021,"[242000, 242300, 242600, 242700]",36352.52,2.65,19.89,0.0,3.41,0.0,0.72,0.62,72.71
5639,1836,2022,"[242000, 242300, 242600, 242700]",47777.07,0.33,22.93,0.0,3.3,0.0,0.51,1.93,71.0
5640,1837,2017,"[242300, 242600, 242700, 540700]",33619.63,0.15,20.94,0.03,1.4,0.0,0.0,0.21,77.27
5641,1837,2018,"[242300, 242600, 242700, 540700]",42974.21,1.02,20.08,0.03,0.85,0.0,0.0,0.17,77.84
5642,1837,2019,"[242300, 242600, 242700, 540700]",46477.73,1.14,22.76,0.03,0.18,0.0,0.0,0.18,75.7
5643,1837,2020,"[242202, 242300, 242600, 242700, 243001, 540700]",41771.91,1.29,22.43,0.03,0.3,0.0,0.0,0.36,75.58
5644,1837,2021,"[242202, 242300, 242600, 242700, 243001, 540700]",44811.68,1.78,17.02,0.0,0.31,0.0,0.0,0.02,80.87
5645,1837,2022,"[242202, 242300, 242600, 242700, 243001, 540700]",50616.18,3.2,17.3,0.0,0.05,0.0,0.0,0.02,79.43
5646,1838,2017,"[242100, 242700]",24560.21,0.07,23.55,0.02,1.21,0.0,0.0,0.11,75.06
5647,1838,2018,"[242100, 242700]",28944.41,0.63,18.93,0.02,0.75,1.05,0.0,0.08,78.53
5648,1838,2019,"[242100, 242700]",32464.85,0.64,22.74,0.02,0.09,0.68,0.0,0.09,75.75
5649,1838,2020,"[242100, 242202, 242700, 243001, 243002]",66282.38,0.16,4.72,0.0,0.01,0.0,0.0,0.57,94.53
5650,1838,2021,"[242100, 242202, 242700, 243001, 243002]",63338.66,0.06,7.47,0.0,0.01,0.0,0.0,1.24,91.22
5651,1838,2022,"[242100, 242202, 242700, 243001, 243002]",64903.84,0.07,11.09,0.0,0.01,0.0,0.0,2.08,86.75
5652,1839,2017,"[242100, 540300, 540400]",44334.03,0.18,13.76,0.0,0.09,0.0,0.0,0.0,85.97
5653,1839,2018,"[242100, 540300, 540400]",49266.73,0.3,12.77,0.0,0.43,0.19,0.0,0.0,86.31
5654,1839,2019,"[242100, 540300, 540400]",51048.96,0.42,11.73,0.0,0.49,0.13,0.0,0.0,87.23
5655,1839,2020,"[242100, 243001, 243002, 540300, 540400]",56788.67,0.46,7.15,0.0,1.78,0.0,0.0,0.97,89.65
5656,1839,2021,"[242100, 243001, 243002, 540300, 540400]",61559.94,0.41,7.56,0.0,1.08,0.0,0.0,1.04,89.91
5657,1839,2022,"[242100, 243001, 243002, 540300, 540400]",69232.7,1.4,6.32,0.0,1.29,0.0,0.0,0.63,90.36
5658,1841,2017,"[240402, 241201, 241202, 600202, 600304]",34865.99,0.4,37.09,0.44,0.45,0.0,0.0,2.13,59.49
5659,1841,2018,"[240402, 241201, 241202, 600202, 600304]",40016.2,0.43,38.71,0.47,0.37,0.0,0.01,1.72,58.29
5660,1841,2019,"[240402, 241201, 241202, 600202, 600304]",39792.49,0.79,37.68,0.49,0.46,0.0,0.57,1.86,58.15
5661,1841,2020,"[240402, 241201, 241202, 600202, 600304]",44798.4,0.76,38.33,0.45,0.3,0.0,0.53,1.64,58.0
5662,1841,2021,"[240402, 241201, 241202, 600202, 600304]",47917.43,1.28,37.59,0.0,0.26,0.0,0.68,0.2,59.99
5663,1841,2022,"[240402, 241201, 241202, 600202, 600304]",53614.84,1.32,34.87,0.0,0.45,0.0,0.88,0.14,62.33
5664,1842,2017,"[241001, 241110, 241120, 241201, 241202]",30515.44,0.56,32.01,0.15,0.09,0.0,0.19,0.91,66.09
5665,1842,2018,"[241001, 241110, 241120, 241201, 241202]",36950.4,0.67,33.25,0.16,0.11,0.0,0.32,1.02,64.47
5666,1842,2019,"[241001, 241110, 241120, 241201, 241202]",39007.11,0.77,27.94,0.16,0.88,0.0,0.35,0.83,69.07
5667,1842,2020,"[240902, 241001, 241110, 241120, 241201, 241202]",39626.08,0.69,22.93,0.15,1.22,0.0,0.36,1.23,73.41
5668,1842,2021,"[240902, 241001, 241110, 241120, 241201, 241202]",45258.25,0.99,22.07,0.0,1.01,0.0,0.37,0.61,74.95
5669,1842,2022,"[241001, 241110, 241120, 241201, 241202]",51922.79,1.38,19.59,0.0,1.48,0.0,0.91,1.08,75.55
5670,1844,2017,"[240800, 241001, 241110, 242000, 242600]",32354.23,1.35,29.7,0.89,0.24,0.0,0.11,1.0,66.71
5671,1844,2018,"[240800, 241001, 241110, 242000, 242600]",33570.56,0.7,26.59,0.53,0.31,0.01,0.12,0.75,71.0
5672,1844,2019,"[240800, 241001, 241110, 242000, 242600]",37005.41,0.63,27.33,0.49,1.57,0.01,0.12,1.1,68.75
5673,1844,2020,"[240800, 240901, 240902, 241001, 241110, 242000, 242600]",43810.89,0.0,15.88,0.0,0.32,0.0,0.0,0.0,83.78
5674,1844,2021,"[240800, 240901, 240902, 241001, 241110, 242000, 242600]",40838.5,0.0,11.24,0.0,0.01,0.0,0.0,0.0,88.75
5675,1844,2022,"[240800, 240901, 241001, 241110, 242000, 242600]",56222.73,0.0,6.15,0.0,0.02,0.0,0.0,0.01,93.81
5676,1846,2017,"[242000, 242600, 242700, 540700]",16529.33,0.12,28.57,0.0,0.01,0.0,0.48,1.32,69.5
5677,1846,2018,"[242000, 242600, 242700, 540700]",17092.51,0.12,29.83,0.0,0.0,0.0,0.54,1.25,68.25
5678,1846,2019,"[242000, 242600, 242700, 540700]",16888.74,0.1,34.05,0.0,0.01,0.0,0.52,1.25,64.08
5679,1846,2020,"[242000, 242600, 242700, 540700]",17033.38,0.15,38.87,0.0,0.02,0.0,0.41,0.79,59.77
5680,1846,2021,"[242000, 242600, 242700, 540700]",19415.2,0.14,38.14,0.25,0.01,0.0,0.0,0.04,61.42
5681,1846,2022,"[242000, 242600, 242700, 540700]",21841.66,0.18,38.85,0.23,0.01,0.0,0.0,0.04,60.68
5682,1849,2017,"[242700, 243100, 540400, 540501, 540600, 540700]",23822.4,1.84,26.84,0.0,1.18,0.0,0.23,0.0,69.9
5683,1849,2018,"[242700, 243100, 540400, 540501, 540600, 540700]",25083.27,2.43,33.19,0.0,0.08,0.0,0.18,0.0,64.12
5684,1849,2019,"[242700, 243100, 540400, 540501, 540600, 540700]",28086.37,1.83,30.19,0.0,0.22,0.0,0.0,0.32,67.43
5685,1849,2020,"[242700, 243001, 243002, 243100, 540400, 540501, 540600, 540700]",27686.96,1.83,33.42,0.0,0.13,0.0,0.0,1.75,62.86
5686,1849,2021,"[242700, 243001, 243002, 243100, 540400, 540501, 540600, 540700]",29285.59,1.73,26.96,0.0,0.24,0.0,0.0,2.2,68.85
5687,1849,2022,"[242700, 243001, 243002, 243100, 540400, 540501, 540600, 540700]",32711.73,2.25,30.54,0.0,0.25,0.0,0.0,2.39,64.58
5688,1851,2017,"[291110, 291120, 291130, 540902, 602802, 602900]",42009.64,0.25,27.55,0.17,0.42,0.0,0.0,0.0,71.61
5689,1851,2018,"[291110, 291120, 291130, 540902, 602802, 602900]",49180.98,0.47,30.28,0.17,1.76,0.0,0.0,0.0,67.31
5690,1851,2019,"[291110, 291120, 291130, 540902, 602802, 602900]",53379.39,1.29,32.96,0.0,1.16,0.0,0.0,0.0,64.59
5691,1851,2020,"[291110, 291120, 291130, 540902, 602802, 602900]",68323.71,1.37,28.98,0.0,0.75,0.0,0.0,0.0,68.9
5692,1851,2021,"[291110, 291120, 291130, 540902, 602802, 602900]",72509.97,1.33,27.46,0.0,4.62,0.0,0.0,0.0,66.58
5693,1851,2022,"[291110, 291120, 291130, 540902, 602802, 602900]",76219.81,1.56,26.65,0.0,4.72,0.0,0.0,0.55,66.51
5694,1861,2017,"[241202, 241300, 600304, 602801]",33411.67,2.39,45.34,0.23,0.2,0.0,0.02,2.12,49.7
5695,1861,2018,"[241202, 241300, 600304, 602801]",43119.56,2.48,42.12,0.25,0.27,0.21,0.03,1.43,53.21
5696,1861,2019,"[241202, 241300, 600304, 602801]",42170.37,2.26,42.51,0.26,0.33,0.21,0.33,1.89,52.22
5697,1861,2020,"[241202, 241300, 600304, 602801]",47162.74,2.61,42.88,0.24,0.3,0.18,0.29,1.51,51.99
5698,1861,2021,"[241202, 241300, 600304, 602801]",53173.7,2.41,39.67,0.01,0.33,0.23,0.28,2.07,54.99
5699,1861,2022,"[241202, 241300, 600304, 602801]",57242.43,2.02,34.31,0.01,0.22,0.22,0.37,2.34,60.5
5700,1862,2017,"[241001, 241002, 241110, 241120, 241202, 241300, 241400, 291110, 540901]",32999.1,0.66,30.99,0.16,0.77,0.04,0.86,1.33,65.2
5701,1862,2018,"[241001, 241002, 241110, 241120, 241202, 241300, 241400, 291110, 540901]",36101.87,0.47,27.1,0.18,0.78,0.08,2.54,1.36,67.5
5702,1862,2019,"[241001, 241002, 241110, 241120, 241202, 241300, 241400, 291110, 540901]",38839.63,1.07,23.38,0.26,0.93,0.09,1.57,1.24,71.46
5703,1862,2020,"[241001, 241002, 241110, 241120, 241202, 241300, 241400, 291110, 540901]",48538.33,1.0,28.75,0.31,1.0,0.02,2.19,0.98,65.75
5704,1862,2021,"[241001, 241002, 241110, 241120, 241202, 241300, 241400, 291110, 540901]",62566.3,0.93,25.39,0.03,0.89,0.03,1.86,1.38,69.51
5705,1862,2022,"[241001, 241002, 241110, 241120, 241202, 241300, 241400, 291110, 540901]",70003.97,1.17,24.14,0.04,0.55,0.03,1.04,2.82,70.21
5706,1863,2017,"[241001, 241002, 241110, 241400, 540901]",38928.87,0.47,32.37,0.0,0.06,0.05,0.54,0.86,65.65
5707,1863,2018,"[241001, 241002, 241110, 241400, 540901]",49276.16,0.25,33.33,0.0,0.13,0.07,0.6,0.91,64.72
5708,1863,2019,"[241001, 241002, 241110, 241400, 540901]",50820.36,0.26,31.39,0.0,0.13,0.09,0.76,2.07,65.3
5709,1863,2020,"[240901, 240902, 241001, 241002, 241110, 241400, 540901]",54791.04,0.39,34.5,0.0,0.07,0.0,0.47,2.13,62.44
5710,1863,2021,"[240901, 240902, 241001, 241002, 241110, 241400, 540901]",62892.39,0.62,29.62,0.0,0.05,0.0,0.0,2.6,67.1
5711,1863,2022,"[240901, 241001, 241002, 241110, 241400, 540901]",64996.85,0.54,29.14,0.0,0.13,0.0,0.0,2.87,67.32
5712,1864,2017,"[241001, 241002, 242600, 540700]",39009.7,0.48,32.97,0.0,0.06,0.05,0.54,0.86,65.04
5713,1864,2018,"[241001, 241002, 242600, 540700]",50109.99,0.27,33.76,0.0,0.12,0.07,0.6,0.88,64.3
5714,1864,2019,"[241001, 241002, 242600, 540700]",51609.0,0.27,31.96,0.0,0.12,0.08,0.75,2.09,64.72
5715,1864,2020,"[240901, 241001, 241002, 242600, 540700]",55370.28,0.41,34.71,0.0,0.07,0.0,0.51,2.23,62.07
5716,1864,2021,"[240901, 241001, 241002, 242600, 540700]",62839.24,0.64,29.92,0.0,0.06,0.0,0.0,2.65,66.73
5717,1864,2022,"[240901, 241001, 241002, 242600, 540700]",64517.2,0.57,29.27,0.0,0.14,0.0,0.0,2.91,67.11
5718,1871,2017,"[291120, 291130, 291210, 540902]",55935.05,4.62,17.11,0.0,10.69,0.0,0.96,0.6,66.03
5719,1871,2018,"[291120, 291130, 291210, 540902]",61434.66,4.53,18.3,0.0,11.62,0.0,0.9,0.66,63.98
5720,1871,2019,"[291120, 291130, 291210, 540902]",67564.99,3.4,17.64,0.0,9.91,0.0,1.32,0.91,66.82
5721,1871,2020,"[291120, 291130, 291210, 540902, 541003, 603007, 603008]",73165.25,3.71,17.02,0.0,9.18,0.0,2.36,2.91,64.81
5722,1871,2021,"[291120, 291130, 291210, 540902, 541003, 603007, 603008]",79204.22,3.22,13.92,0.0,10.07,0.0,1.28,1.67,69.85
5723,1871,2022,"[291120, 291130, 291210, 540902, 541003, 603007, 603008]",85118.88,1.88,14.84,0.0,13.69,0.0,1.29,1.8,66.5
5724,1881,2017,"[291130, 291210, 291220, 603101]",50004.61,6.68,9.96,0.14,18.41,0.38,0.0,2.12,62.31
5725,1881,2018,"[291130, 291210, 291220, 603101]",54302.02,6.16,11.01,0.0,18.31,0.47,0.0,0.87,63.17
5726,1881,2019,"[291130, 291210, 291220, 603101]",61280.84,7.05,9.71,0.26,16.62,0.26,0.0,0.68,65.41
5727,1881,2020,"[291130, 291210, 291220, 541003, 603101]",48487.92,7.28,17.44,0.25,17.81,0.15,0.0,0.57,56.5
5728,1881,2021,"[291130, 291210, 291220, 541003, 603101]",51597.7,5.77,18.11,0.26,19.41,0.06,0.01,1.23,55.15
5729,1881,2022,"[291130, 291210, 291220, 541003, 603101]",57185.42,6.17,27.3,0.23,19.43,0.0,0.88,0.33,45.67
5730,1891,2017,"[291210, 291220, 603101, 603102]",50641.25,5.12,6.5,0.0,16.93,0.0,0.0,0.32,71.13
5731,1891,2018,"[291210, 291220, 603101, 603102]",52274.01,5.29,7.32,0.0,16.04,0.0,0.88,0.47,70.0
5732,1891,2019,"[291210, 291220, 603101, 603102]",50264.39,3.99,8.43,0.0,16.32,0.0,0.82,1.1,69.34
5733,1891,2020,"[291210, 291220, 541003, 603101, 603102]",60976.17,5.46,9.98,0.0,24.34,0.0,1.15,1.52,57.55
5734,1891,2021,"[291210, 291220, 541003, 603101, 603102]",65751.76,3.83,14.21,0.0,22.07,0.0,0.9,1.62,57.37
5735,1891,2022,"[291210, 291220, 541003, 603101, 603102]",72869.41,5.4,14.54,0.0,23.23,0.0,0.94,1.58,54.32
5736,1901,2017,"[106406, 106510, 106603, 920312]",100848.64,18.02,5.53,0.0,5.94,0.02,0.0,2.17,68.32
5737,1901,2018,"[106406, 106510, 106603, 920312]",92504.96,14.13,5.41,0.0,9.18,0.02,0.13,2.88,68.26
5738,1901,2019,"[106406, 106510, 106603, 920312]",86141.23,14.75,4.73,0.0,8.15,0.03,0.16,0.9,71.3
5739,1901,2020,"[106406, 106510, 106603, 920312, 930400]",86102.59,14.94,3.39,0.0,20.34,0.02,0.11,0.95,60.24
5740,1901,2021,"[106406, 106510, 106603, 920312, 930400]",80105.83,13.85,3.29,0.0,21.79,0.0,0.68,3.56,56.83
5741,1901,2022,"[106406, 106510, 106603, 920312, 930400]",114231.96,13.22,2.08,0.0,22.14,0.0,1.57,3.78,57.21
5742,1902,2017,"[106010, 106403, 106405, 106406, 106408, 106510]",70948.01,19.46,3.64,1.71,4.65,0.0,0.01,1.48,69.05
5743,1902,2018,"[106010, 106403, 106405, 106406, 106408, 106510]",70639.31,19.86,2.72,2.05,4.04,0.0,0.0,1.66,69.67
5744,1902,2019,"[106010, 106403, 106405, 106406, 106408, 106510]",76438.65,19.68,2.95,0.0,5.11,0.0,0.0,1.5,70.75
5745,1902,2020,"[106010, 106403, 106405, 106406, 106408, 106510, 930400]",80870.33,19.17,3.06,0.0,4.95,0.0,0.0,1.39,71.44
5746,1902,2021,"[106010, 106403, 106405, 106406, 106408, 106510, 930400]",89390.88,18.21,3.47,0.0,5.59,0.0,0.0,1.02,71.72
5747,1902,2022,"[106010, 106403, 106405, 106406, 106408, 106510, 930400]",95412.36,18.07,3.54,0.0,7.26,0.0,0.06,0.71,70.36
5748,1903,2017,"[106010, 106406]",73650.99,14.75,3.62,0.0,4.34,0.0,0.36,3.32,73.61
5749,1903,2018,"[106010, 106406]",71806.95,16.63,2.67,0.0,3.8,0.0,0.13,1.83,74.93
5750,1903,2019,"[106010, 106406]",89945.19,17.78,4.01,0.0,3.82,0.0,0.19,2.2,72.0
5751,1903,2020,"[106010, 106406, 930400]",96964.25,21.49,3.22,0.0,2.38,0.0,0.0,3.14,69.76
5752,1903,2021,"[106010, 106406, 930400]",99347.48,18.78,0.83,0.0,2.26,0.0,0.0,3.18,74.95
5753,1903,2022,"[106010, 106406, 930400]",125543.65,26.13,0.76,0.0,1.57,0.0,2.68,1.18,67.68
5754,1904,2017,"[106010, 106020, 106405, 106406, 106408]",72493.56,15.06,3.76,0.05,4.15,0.0,0.32,3.1,73.55
5755,1904,2018,"[106010, 106020, 106405, 106406, 106408]",71025.32,16.97,2.82,0.06,3.63,0.0,0.12,1.76,74.64
5756,1904,2019,"[106010, 106020, 106405, 106406, 106408]",87607.85,17.82,4.07,0.0,3.67,0.0,0.18,2.07,72.19
5757,1904,2020,"[106010, 106020, 106405, 106406, 106408, 930400]",94423.25,20.97,3.36,0.0,2.38,0.0,0.0,2.96,70.33
5758,1904,2021,"[106010, 106020, 106405, 106406, 106408, 930400]",98195.41,18.52,1.25,0.0,2.46,0.0,0.03,2.98,74.76
5759,1904,2022,"[106010, 106020, 106405, 106406, 106408, 930400]",122207.77,24.95,1.18,0.0,2.07,0.0,2.42,1.19,68.2
5760,1905,2017,"[106010, 106020, 106112, 106113, 106407, 106408]",69115.69,14.51,1.88,0.0,2.1,0.0,0.11,0.75,80.64
5761,1905,2018,"[106010, 106020, 106112, 106113, 106407, 106408]",70298.72,15.83,1.56,0.0,1.17,0.0,0.13,0.68,80.62
5762,1905,2019,"[106010, 106020, 106112, 106113, 106407, 106408]",74822.54,17.81,2.24,0.0,1.68,0.0,0.14,0.78,77.34
5763,1905,2020,"[106010, 106020, 106112, 106113, 106407, 106408]",79463.21,15.31,0.95,0.0,1.68,0.0,0.2,1.01,80.84
5764,1905,2021,"[106010, 106020, 106112, 106113, 106407, 106408]",93492.45,12.72,1.12,0.0,3.15,0.0,1.63,2.01,79.37
5765,1905,2022,"[106010, 106020, 106112, 106113, 106407, 106408]",104629.84,9.91,0.99,0.0,4.88,0.0,0.77,1.85,81.6
5766,1906,2017,"[106010, 106020, 106111, 106112]",74300.15,15.4,1.03,0.0,1.56,0.0,0.14,0.76,81.12
5767,1906,2018,"[106010, 106020, 106111, 106112]",75055.4,17.22,0.81,0.0,0.77,0.0,0.16,0.71,80.33
5768,1906,2019,"[106010, 106020, 106111, 106112]",79725.74,19.49,1.0,0.0,1.32,0.0,0.17,0.79,77.23
5769,1906,2020,"[106010, 106020, 106111, 106112, 930400]",85872.98,16.75,0.3,0.0,1.32,0.0,0.19,1.06,80.37
5770,1906,2021,"[106010, 106020, 106111, 106112, 930400]",101103.27,13.69,0.36,0.0,3.06,0.0,1.87,2.33,78.69
5771,1906,2022,"[106010, 106020, 106111, 106112, 930400]",115231.54,10.59,0.25,0.0,5.29,0.0,0.85,2.18,80.84
5772,1907,2017,"[106020, 106112, 106113]",77476.06,13.36,3.54,0.0,7.95,0.0,0.0,0.0,75.14
5773,1907,2018,"[106020, 106112, 106113]",85162.86,14.04,3.61,0.0,8.25,0.0,0.0,0.0,74.1
5774,1907,2019,"[106020, 106112, 106113]",96665.54,15.45,3.79,0.73,8.36,0.0,0.0,0.0,71.68
5775,1907,2020,"[106020, 106112, 106113]",99947.86,15.39,3.83,0.75,6.44,0.05,0.0,0.24,73.3
5776,1907,2021,"[106020, 106112, 106113]",104917.86,16.33,3.42,0.6,4.9,0.03,0.0,0.5,74.21
5777,1907,2022,"[106020, 106112, 106113]",111857.96,12.77,1.29,0.7,9.43,0.03,0.0,0.47,75.32
5778,1908,2017,"[106020, 106111, 106112, 106113]",84999.12,18.0,1.34,0.02,7.16,0.0,0.61,1.7,71.17
5779,1908,2018,"[106020, 106111, 106112, 106113]",90903.75,17.67,1.6,0.01,7.45,0.27,0.79,1.13,71.08
5780,1908,2019,"[106020, 106111, 106112, 106113]",95620.64,18.48,2.84,0.01,7.73,0.33,0.0,1.37,69.24
5781,1908,2020,"[106020, 106111, 106112, 106113, 930400]",96843.64,17.61,3.92,0.0,8.21,0.72,0.0,1.43,68.12
5782,1908,2021,"[106020, 106111, 106112, 106113, 930400]",101697.72,16.4,3.77,0.0,7.69,0.69,0.0,1.77,69.68
5783,1908,2022,"[106020, 106111, 106112, 106113, 930400]",109542.43,16.95,3.29,0.0,8.19,0.65,0.01,1.36,69.55
5784,1909,2017,"[106111, 106112]",89986.28,25.64,3.25,1.6,7.0,0.0,0.01,2.56,59.94
5785,1909,2018,"[106111, 106112]",93177.62,24.92,5.08,0.69,9.0,0.0,0.01,0.65,59.65
5786,1909,2019,"[106111, 106112]",95290.96,27.03,4.4,0.52,10.05,0.0,0.0,1.15,56.85
5787,1909,2020,"[106111, 106112, 930400]",107181.16,26.06,4.27,0.0,8.4,0.01,0.0,0.58,60.69
5788,1909,2021,"[106111, 106112, 930400]",111261.93,25.52,3.67,0.0,10.81,0.01,0.0,1.03,58.97
5789,1909,2022,"[106111, 106112, 930400]",124224.37,23.03,4.3,0.0,15.59,0.01,0.63,0.63,55.82
5790,1911,2017,"[106510, 106604]",54454.56,7.27,0.16,0.02,2.89,0.14,0.82,0.05,88.65
5791,1911,2018,"[106510, 106604]",58103.8,6.47,0.09,0.02,1.03,0.02,0.91,0.03,91.43
5792,1911,2019,"[106510, 106604]",60406.19,4.95,1.09,0.0,2.14,0.02,0.59,0.02,91.18
5793,1911,2020,"[106510, 106604]",56857.04,4.61,2.47,0.0,2.08,0.0,1.48,0.02,89.33
5794,1911,2021,"[106510, 106604]",61792.69,5.3,2.64,0.0,5.5,0.0,0.0,0.09,86.47
5795,1911,2022,"[106510, 106604]",64087.12,5.43,2.54,0.0,5.08,0.0,0.0,0.01,86.94
5796,1912,2017,"[106406, 106510, 106604]",100724.82,17.19,5.59,0.0,5.56,0.0,0.0,2.06,69.6
5797,1912,2018,"[106406, 106510, 106604]",91972.38,13.21,5.53,0.0,8.82,0.0,0.13,2.8,69.5
5798,1912,2019,"[106406, 106510, 106604]",85518.24,13.85,4.79,0.0,7.8,0.0,0.16,0.84,72.57
5799,1912,2020,"[106406, 106510, 106604]",85031.12,14.12,3.41,0.0,20.41,0.0,0.11,0.93,61.02
5800,1912,2021,"[106406, 106510, 106604]",79087.62,13.0,3.31,0.0,21.79,0.0,0.7,3.61,57.59
5801,1912,2022,"[106406, 106510, 106604]",113737.81,12.35,2.06,0.0,22.29,0.0,1.61,3.79,57.89
5802,1913,2017,"[106403, 106405, 106406, 106510, 106520, 106604, 107010, 107020]",63690.47,10.73,0.41,0.0,1.43,0.0,0.0,1.25,86.19
5803,1913,2018,"[106403, 106405, 106406, 106510, 106520, 106604, 107010, 107020]",63616.38,9.92,0.43,0.0,1.27,0.0,0.0,1.4,86.99
5804,1913,2019,"[106403, 106405, 106406, 106510, 106520, 106604, 107010, 107020]",63948.12,8.5,0.28,0.0,2.13,0.0,0.0,0.2,88.88
5805,1913,2020,"[106403, 106405, 106406, 106510, 106520, 106604, 107010, 107020]",71447.35,6.76,0.04,0.0,2.1,0.0,0.0,0.19,90.9
5806,1913,2021,"[106403, 106405, 106406, 106510, 106520, 106604, 107010, 107020]",87269.67,4.84,2.9,0.0,1.56,0.0,0.0,0.38,90.33
5807,1913,2022,"[106403, 106405, 106406, 106510, 106520, 106604, 107010, 107020]",90306.59,5.59,5.21,0.0,2.96,0.0,0.0,0.47,85.77
5808,1915,2017,"[106403, 107010, 107020, 320202]",56785.6,3.11,0.0,0.22,0.03,0.16,0.0,0.42,96.06
5809,1915,2018,"[106403, 107010, 107020, 320202]",56462.05,2.08,0.45,0.29,0.57,0.0,0.0,0.39,96.22
5810,1915,2019,"[106403, 107010, 107020, 320202]",69980.13,2.83,0.45,0.25,0.65,0.0,0.0,0.44,95.37
5811,1915,2020,"[106403, 107010, 107020, 320101, 320202]",71628.83,2.1,0.34,0.18,1.15,0.01,0.01,0.37,95.84
5812,1915,2021,"[106403, 107010, 107020, 320101, 320202]",79698.45,4.38,1.17,0.0,3.04,0.01,0.0,0.26,91.15
5813,1915,2022,"[106403, 107010, 107020, 320101, 320202]",82160.88,4.05,0.89,2.03,3.05,0.01,0.0,0.0,89.97
5814,1916,2017,"[106114, 106403, 106407, 106408]",64623.8,7.03,0.06,0.06,1.56,0.0,0.0,0.0,91.3
5815,1916,2018,"[106114, 106403, 106407, 106408]",62010.43,9.59,0.5,0.0,0.38,0.0,0.0,0.0,89.53
5816,1916,2019,"[106114, 106403, 106407, 106408]",72597.01,7.63,1.69,0.0,0.19,0.0,0.0,0.0,90.48
5817,1916,2020,"[106114, 106403, 106407, 106408, 320101]",82862.48,8.0,1.35,0.0,0.23,1.55,1.09,0.0,87.78
5818,1916,2021,"[106114, 106403, 106407, 106408, 320101]",87805.82,6.51,3.54,0.0,1.0,1.88,0.0,0.0,87.06
5819,1916,2022,"[106114, 106403, 106407, 106408, 320101]",91357.0,7.78,1.59,0.0,1.41,1.86,0.0,0.0,87.35
5820,1917,2017,"[106114, 106403, 106405, 106407, 106408]",39854.8,9.4,6.6,0.0,5.18,0.0,0.0,0.72,78.1
5821,1917,2018,"[106114, 106403, 106405, 106407, 106408]",43452.88,7.83,5.73,0.0,3.49,0.0,0.0,0.54,82.41
5822,1917,2019,"[106114, 106403, 106405, 106407, 106408]",47249.56,8.26,9.15,0.0,3.75,0.0,0.0,0.69,78.15
5823,1917,2020,"[106114, 106403, 106405, 106407, 106408]",43573.39,7.54,4.73,0.0,3.76,0.0,0.27,0.81,82.9
5824,1917,2021,"[106114, 106403, 106405, 106407, 106408]",50157.59,7.63,5.49,0.0,3.71,0.0,0.26,0.26,82.65
5825,1917,2022,"[106114, 106403, 106405, 106407, 106408]",44303.59,6.45,5.32,0.0,2.53,0.0,0.28,0.11,85.31
5826,1918,2017,"[106020, 106112, 106113, 106114, 106403, 106407]",51370.52,6.77,3.08,0.0,2.75,0.0,0.0,0.14,87.26
5827,1918,2018,"[106020, 106112, 106113, 106114, 106403, 106407]",55041.81,6.13,4.4,0.0,4.13,0.0,0.0,0.0,85.34
5828,1918,2019,"[106020, 106112, 106113, 106114, 106403, 106407]",59042.49,3.85,3.3,0.02,4.59,0.0,0.0,0.32,87.91
5829,1918,2020,"[106020, 106112, 106113, 106114, 106403, 106407, 320101, 320102]",66722.94,5.1,2.45,0.02,9.95,0.0,0.0,0.3,82.18
5830,1918,2021,"[106020, 106112, 106113, 106114, 106403, 106407, 320101, 320102]",69012.2,5.4,1.84,0.29,10.14,0.0,0.0,0.69,81.64
5831,1918,2022,"[106020, 106112, 106113, 106114, 106403, 106407, 320101, 320102]",75989.43,4.45,1.9,0.16,11.06,0.0,0.0,0.61,81.82
5832,1919,2017,"[104201, 104204, 106112, 106113, 106114]",84929.9,17.89,1.31,0.0,7.16,0.0,0.62,1.69,71.34
5833,1919,2018,"[104201, 104204, 106112, 106113, 106114]",90873.2,17.57,1.55,0.0,7.43,0.27,0.8,1.14,71.25
5834,1919,2019,"[104201, 104204, 106112, 106113, 106114]",95624.51,18.36,2.82,0.0,7.7,0.34,0.0,1.37,69.42
5835,1919,2020,"[104201, 104204, 106112, 106113, 106114, 320102, 930400]",96601.56,17.42,3.91,0.0,8.19,0.73,0.0,1.43,68.32
5836,1919,2021,"[104201, 104204, 106112, 106113, 106114, 320102, 930400]",101464.05,16.21,3.76,0.0,7.62,0.69,0.0,1.77,69.94
5837,1919,2022,"[104201, 104204, 106112, 106113, 106114, 320102, 930400]",109220.42,16.8,3.27,0.0,8.06,0.66,0.0,1.36,69.85
5838,1921,2017,"[106510, 106520, 106604, 106648, 106649]",56588.62,7.38,0.33,0.02,4.34,0.15,0.84,0.18,86.77
5839,1921,2018,"[106510, 106520, 106604, 106648, 106649]",59994.87,6.49,0.33,0.02,2.56,0.04,0.93,0.21,89.42
5840,1921,2019,"[106510, 106520, 106604, 106648, 106649]",62464.05,5.2,1.21,0.02,3.45,0.03,0.63,0.21,89.25
5841,1921,2020,"[106510, 106520, 106604, 106648, 106649]",59785.14,4.81,2.41,0.04,3.16,0.0,1.4,0.15,88.04
5842,1921,2021,"[106510, 106520, 106604, 106648, 106649]",63671.1,5.54,2.69,0.03,6.3,0.0,0.0,0.18,85.26
5843,1921,2022,"[106510, 106520, 106604, 106648, 106649]",66963.24,5.68,2.42,0.03,6.16,0.0,0.0,0.12,85.59
5844,1924,2017,"[106520, 106604, 106648, 106649, 107020, 109100, 109500, 320300]",71384.65,5.79,1.54,0.0,11.79,0.15,0.62,1.0,79.1
5845,1924,2018,"[106520, 106604, 106648, 106649, 107020, 109100, 109500, 320300]",74797.53,5.15,1.93,0.0,11.38,0.15,0.64,1.55,79.2
5846,1924,2019,"[106520, 106604, 106648, 106649, 107020, 109100, 109500, 320300]",78553.96,5.97,1.55,0.15,10.4,0.1,0.63,1.29,79.91
5847,1924,2020,"[106520, 106604, 106648, 106649, 107020, 109100, 109500, 320300]",84290.19,5.49,1.06,0.26,8.94,0.0,0.36,0.88,83.01
5848,1924,2021,"[106520, 106604, 106648, 106649, 107020, 109100, 109500, 320300]",79782.83,7.32,1.92,0.17,8.84,0.0,0.0,0.75,81.0
5849,1924,2022,"[106520, 106604, 106648, 106649, 107020, 109100, 109500, 320300]",86620.1,7.28,0.58,0.43,10.65,0.0,0.0,0.8,80.26
5850,1925,2017,"[106520, 106648, 107010, 107020, 320201, 320202]",79954.91,3.58,0.71,0.0,9.74,0.0,0.0,0.58,85.39
5851,1925,2018,"[106520, 106648, 107010, 107020, 320201, 320202]",81888.0,3.14,0.62,0.0,9.41,0.0,0.0,0.79,86.03
5852,1925,2019,"[106520, 106648, 107010, 107020, 320201, 320202]",84256.06,4.08,0.34,0.0,7.85,0.0,0.0,0.3,87.43
5853,1925,2020,"[106520, 106648, 107010, 107020, 320201, 320202]",80716.31,3.77,0.16,0.0,5.58,0.0,0.0,0.43,90.06
5854,1925,2021,"[106520, 106648, 107010, 107020, 320201, 320202]",84010.54,6.44,0.54,0.0,3.89,0.54,0.0,0.52,88.05
5855,1925,2022,"[106520, 106648, 107010, 107020, 320201, 320202]",81626.16,6.03,1.0,0.0,3.95,0.65,0.0,0.65,87.73
5856,1931,2017,"[109100, 109200]",73957.44,20.84,0.38,0.17,12.84,0.01,0.0,0.25,65.5
5857,1931,2018,"[109100, 109200]",60028.74,21.9,0.33,0.22,11.84,0.01,0.0,0.31,65.4
5858,1931,2019,"[109100, 109200]",67976.13,24.39,0.29,0.25,11.86,0.0,0.0,0.01,63.2
5859,1931,2020,"[109100, 109200]",70186.35,30.08,2.24,0.26,13.79,0.0,0.0,0.0,53.63
5860,1931,2021,"[109100, 109200]",61355.48,33.14,2.0,0.0,14.88,0.0,0.0,0.01,49.97
5861,1931,2022,"[109100, 109200]",81673.38,30.95,3.63,0.0,17.35,0.0,0.0,0.01,48.07
5862,1934,2017,"[109100, 109200, 109300]",74859.55,21.61,0.37,0.17,13.03,0.04,0.0,0.32,64.47
5863,1934,2018,"[109100, 109200, 109300]",61831.93,22.31,0.38,0.21,12.15,0.05,0.0,0.42,64.48
5864,1934,2019,"[109100, 109200, 109300]",69698.5,24.72,0.32,0.24,12.31,0.0,0.0,0.06,62.33
5865,1934,2020,"[109100, 109200, 109300]",71605.76,29.84,2.3,0.25,14.36,0.0,0.0,0.02,53.23
5866,1934,2021,"[109100, 109200, 109300]",63217.62,32.79,2.04,0.0,15.39,0.0,0.0,0.05,49.72
5867,1934,2022,"[109100, 109200, 109300]",82993.92,30.6,3.63,0.0,17.97,0.0,0.0,0.07,47.73
5868,1935,2017,[109100],73839.0,20.74,0.39,0.18,12.82,0.0,0.0,0.25,65.64
5869,1935,2018,[109100],59792.0,21.84,0.33,0.22,11.8,0.0,0.0,0.29,65.52
5870,1935,2019,[109100],67750.0,24.35,0.29,0.25,11.8,0.0,0.0,0.0,63.32
5871,1935,2020,[109100],70000.0,30.11,2.23,0.26,13.71,0.0,0.0,0.0,53.68
5872,1935,2021,[109100],61111.0,33.19,1.99,0.0,14.82,0.0,0.0,0.0,50.0
5873,1935,2022,[109100],81500.0,30.99,3.63,0.0,17.27,0.0,0.0,0.0,48.11
5874,1936,2017,"[106649, 109100, 109500, 320300]",52281.94,3.66,1.15,0.0,1.52,0.0,0.0,0.01,93.65
5875,1936,2018,"[106649, 109100, 109500, 320300]",44476.32,2.99,1.19,0.01,2.74,0.0,0.0,0.01,93.08
5876,1936,2019,"[106649, 109100, 109500, 320300]",34159.36,4.05,1.32,0.01,2.51,0.0,0.0,0.0,92.11
5877,1936,2020,"[106649, 109100, 109500, 320300]",53969.97,2.97,0.13,0.01,3.82,0.0,0.0,0.0,93.07
5878,1936,2021,"[106649, 109100, 109500, 320300]",61114.6,2.54,0.11,0.0,5.01,0.0,0.0,0.0,92.34
5879,1936,2022,"[106649, 109100, 109500, 320300]",62927.85,3.55,0.42,0.0,6.33,0.0,0.0,0.0,89.7
5880,1941,2017,"[109100, 109200, 109300, 109400, 109604, 109700]",74400.88,22.14,0.82,0.25,13.68,0.0,0.06,0.5,62.54
5881,1941,2018,"[109100, 109200, 109300, 109400, 109604, 109700]",64739.04,22.27,0.67,0.31,12.77,0.02,0.05,0.56,63.35
5882,1941,2019,"[109100, 109200, 109300, 109400, 109604, 109700]",72026.48,23.34,0.42,0.34,11.88,0.02,0.04,0.17,63.79
5883,1941,2020,"[109100, 109200, 109300, 109400, 109604, 109700]",73952.08,27.92,2.18,0.22,12.97,0.02,0.45,0.39,55.86
5884,1941,2021,"[109100, 109200, 109300, 109400, 109604, 109700]",67136.66,29.7,2.03,0.0,14.0,0.03,0.51,0.31,53.42
5885,1941,2022,"[109100, 109200, 109300, 109400, 109604, 109700]",85293.59,27.94,3.44,0.0,15.93,0.03,0.51,0.36,51.78
5886,1943,2017,"[109100, 109400]",71778.26,14.25,2.75,0.51,2.38,0.0,0.0,1.32,78.78
5887,1943,2018,"[109100, 109400]",77036.48,12.36,2.25,0.45,2.85,4.53,0.0,0.95,76.61
5888,1943,2019,"[109100, 109400]",82019.28,13.95,0.84,0.0,3.37,6.39,0.2,1.14,74.1
5889,1943,2020,"[109100, 109400]",83796.76,12.58,0.49,0.0,2.8,3.63,0.32,0.07,80.1
5890,1943,2021,"[109100, 109400]",86924.94,12.05,0.4,0.0,2.02,6.42,0.37,0.0,78.74
5891,1943,2022,"[109100, 109400]",93407.68,12.49,0.45,0.0,2.88,6.19,0.43,0.0,77.56
5892,1944,2017,"[104310, 104401, 104403, 109100, 109400, 109500, 109601, 119202, 320201, 320300]",52254.95,3.33,1.15,0.02,1.34,0.0,0.0,0.02,94.14
5893,1944,2018,"[104310, 104401, 104403, 109100, 109400, 109500, 109601, 119202, 320201, 320300]",45041.26,2.65,1.17,0.02,2.54,0.05,0.0,0.01,93.55
5894,1944,2019,"[104310, 104401, 104403, 109100, 109400, 109500, 109601, 119202, 320201, 320300]",35212.9,3.62,1.29,0.02,2.36,0.07,0.01,0.02,92.63
5895,1944,2020,"[104310, 104401, 104403, 109100, 109400, 109500, 109601, 119202, 320201, 320300]",54614.09,2.46,0.09,0.03,3.6,0.04,0.01,0.01,93.77
5896,1944,2021,"[104310, 104401, 104403, 109100, 109400, 109500, 109601, 119202, 320201, 320300]",62258.31,2.02,0.08,0.01,4.81,0.07,0.01,0.01,92.99
5897,1944,2022,"[104310, 104401, 104403, 109100, 109400, 109500, 109601, 119202, 320201, 320300]",63834.76,3.05,0.35,0.01,5.97,0.07,0.01,0.01,90.53
5898,1945,2017,"[109100, 109400, 109601, 109604, 119202]",84943.01,18.9,1.78,0.18,8.91,0.0,0.73,0.89,68.62
5899,1945,2018,"[109100, 109400, 109601, 109604, 119202]",90379.83,22.2,2.52,0.21,11.31,0.36,0.67,1.63,61.1
5900,1945,2019,"[109100, 109400, 109601, 109604, 119202]",92579.13,15.84,0.96,0.18,10.3,0.51,1.17,1.05,69.98
5901,1945,2020,"[109100, 109400, 109601, 109604, 119202]",94036.14,20.24,1.01,0.0,6.45,0.3,0.69,3.17,68.14
5902,1945,2021,"[109100, 109400, 109601, 109604, 119202]",98751.53,19.25,0.96,0.0,9.17,0.52,0.82,3.21,66.07
5903,1945,2022,"[109100, 109400, 109601, 109604, 119202]",110459.43,18.98,1.95,0.0,9.14,0.5,0.8,3.31,65.3
5904,1951,2017,"[109604, 109700]",76595.11,28.55,2.71,0.64,18.19,0.0,0.3,1.65,47.96
5905,1951,2018,"[109604, 109700]",88237.57,23.35,2.42,0.82,17.77,0.0,0.28,1.86,53.5
5906,1951,2019,"[109604, 109700]",92706.3,16.96,1.05,0.86,11.99,0.0,0.21,0.73,68.2
5907,1951,2020,"[109604, 109700]",92030.87,16.12,2.15,0.0,8.9,0.03,2.69,2.28,67.82
5908,1951,2021,"[109604, 109700]",94504.92,11.62,2.24,0.0,9.81,0.03,3.08,1.71,71.5
5909,1951,2022,"[109604, 109700]",102016.4,12.52,2.59,0.0,9.33,0.03,3.11,1.69,70.71
5910,1952,2017,"[109603, 109604, 109700, 109800, 117201, 117202]",54607.83,18.68,1.98,0.0,12.79,0.0,0.0,1.12,65.42
5911,1952,2018,"[109603, 109604, 109700, 109800, 117201, 117202]",54726.31,16.0,1.24,0.0,12.58,0.0,2.01,0.77,67.4
5912,1952,2019,"[109603, 109604, 109700, 109800, 117201, 117202]",57801.97,11.91,0.96,0.0,14.46,0.0,1.68,0.46,70.52
5913,1952,2020,"[109603, 109604, 109700, 109800, 117201, 117202]",65592.83,12.86,2.2,0.0,12.42,0.0,1.25,0.47,70.8
5914,1952,2021,"[109603, 109604, 109700, 109800, 117201, 117202]",70138.24,12.95,1.56,0.0,17.07,0.0,0.98,0.64,66.8
5915,1952,2022,"[109603, 109604, 109700, 109800, 117201, 117202]",76563.51,12.23,2.17,0.06,11.97,0.03,1.61,0.6,71.33
5916,1954,2017,"[109601, 109603, 109604]",64987.5,23.56,2.24,0.33,15.5,0.0,0.16,1.37,56.85
5917,1954,2018,"[109601, 109603, 109604]",70921.76,19.51,1.63,0.42,15.26,0.0,1.17,1.32,60.69
5918,1954,2019,"[109601, 109603, 109604]",74781.79,14.13,0.89,0.44,13.2,0.0,0.97,0.58,69.79
5919,1954,2020,"[109601, 109603, 109604]",78454.72,14.04,2.12,0.0,10.6,0.02,2.02,1.34,69.86
5920,1954,2021,"[109601, 109603, 109604]",81978.05,11.78,1.88,0.0,13.41,0.02,2.06,1.14,69.71
5921,1954,2022,"[109601, 109603, 109604]",89222.85,11.86,2.4,0.0,10.63,0.03,2.41,1.09,71.58
5922,1955,2017,"[109601, 109604]",88953.25,16.65,1.46,0.0,6.97,0.0,0.93,0.62,73.37
5923,1955,2018,"[109601, 109604]",92544.73,23.05,2.67,0.0,10.35,0.0,0.85,1.64,61.44
5924,1955,2019,"[109601, 109604]",93777.92,15.85,1.01,0.0,10.62,0.0,1.56,1.13,69.83
5925,1955,2020,"[109601, 109604]",95819.76,22.47,0.78,0.0,6.19,0.0,0.14,3.77,66.64
5926,1955,2021,"[109601, 109604]",101345.58,22.48,0.68,0.0,9.84,0.0,0.21,4.02,62.78
5927,1955,2022,"[109601, 109604]",114852.23,21.78,1.95,0.0,9.83,0.0,0.17,4.18,62.1
5928,1956,2017,"[109601, 109603, 117102]",88950.56,16.65,1.46,0.0,6.97,0.0,0.93,0.62,73.37
5929,1956,2018,"[109601, 109603, 117102]",92541.2,23.05,2.67,0.0,10.35,0.0,0.85,1.64,61.44
5930,1956,2019,"[109601, 109603, 117102]",93774.42,15.85,1.01,0.0,10.62,0.0,1.56,1.13,69.83
5931,1956,2020,"[109601, 109603, 117102]",95816.94,22.47,0.78,0.0,6.19,0.0,0.14,3.77,66.64
5932,1956,2021,"[109601, 109603, 117102]",101342.89,22.48,0.68,0.0,9.84,0.0,0.21,4.02,62.78
5933,1956,2022,"[109601, 109603, 117102]",114849.28,21.78,1.95,0.0,9.83,0.0,0.17,4.18,62.1
5934,1958,2017,"[109601, 119201, 119202, 119310]",73849.17,8.72,0.69,0.11,6.82,0.0,0.4,0.21,83.06
5935,1958,2018,"[109601, 119201, 119202, 119310]",76479.35,10.44,1.1,0.53,7.52,0.0,0.35,0.56,79.49
5936,1958,2019,"[109601, 119201, 119202, 119310]",84091.9,7.84,0.79,0.5,7.45,0.0,0.48,0.41,82.52
5937,1958,2020,"[109601, 119003, 119201, 119202, 119310]",87508.12,10.3,0.7,0.67,4.47,0.0,0.04,1.37,82.45
5938,1958,2021,"[109601, 119003, 119201, 119202, 119310]",87438.87,10.26,0.54,0.7,8.02,0.0,0.06,1.66,78.76
5939,1958,2022,"[109601, 119003, 119201, 119202, 119310]",96187.49,10.46,0.95,0.45,7.25,0.0,0.05,1.65,79.18
5940,1959,2017,[119202],62779.0,5.39,0.71,0.33,4.92,0.0,0.0,0.04,88.6
5941,1959,2018,[119202],64196.0,4.34,0.8,0.78,5.91,0.0,0.0,0.04,88.12
5942,1959,2019,[119202],67500.0,3.66,0.74,0.55,6.22,0.0,0.0,0.04,88.8
5943,1959,2020,"[119003, 119202]",84898.49,3.03,2.27,0.41,3.98,0.0,0.0,0.94,89.37
5944,1959,2021,"[119003, 119202]",85247.41,3.6,1.62,0.31,7.44,0.0,0.0,1.28,85.75
5945,1959,2022,"[119003, 119202]",89960.04,3.14,0.27,0.29,7.28,0.0,0.0,0.9,88.13
5946,1961,2017,"[109603, 117201, 117202, 117404, 117405]",58257.82,16.17,1.72,0.39,14.7,0.0,0.43,1.59,65.01
5947,1961,2018,"[109603, 117201, 117202, 117404, 117405]",56165.58,11.99,1.86,0.0,14.58,0.0,0.41,2.25,68.91
5948,1961,2019,"[109603, 117201, 117202, 117404, 117405]",62019.7,9.14,5.65,0.0,13.22,0.0,2.29,2.96,66.74
5949,1961,2020,"[109603, 117201, 117202, 117404, 117405]",51717.26,10.57,1.87,0.0,13.22,0.0,1.49,3.77,69.07
5950,1961,2021,"[109603, 117201, 117202, 117404, 117405]",50625.11,10.73,1.49,0.0,13.54,0.0,1.3,2.01,70.94
5951,1961,2022,"[109603, 117201, 117202, 117404, 117405]",52382.47,12.01,1.86,0.0,14.66,0.0,3.12,2.22,66.13
5952,1962,2017,"[109601, 109603, 117101, 117102, 117201, 119310, 119320]",68624.77,17.33,1.39,0.2,23.55,0.0,0.24,1.79,55.49
5953,1962,2018,"[109601, 109603, 117101, 117102, 117201, 119310, 119320]",69442.16,17.71,2.16,0.18,20.81,0.0,0.26,2.49,56.38
5954,1962,2019,"[109601, 109603, 117101, 117102, 117201, 119310, 119320]",78331.15,16.19,4.74,0.1,23.45,0.0,0.25,2.73,52.54
5955,1962,2020,"[109601, 109603, 117101, 117102, 117201, 119310, 119320]",74659.54,19.46,4.72,0.12,20.08,0.0,0.92,3.01,51.69
5956,1962,2021,"[109601, 109603, 117101, 117102, 117201, 119310, 119320]",81986.37,18.93,4.79,0.0,17.97,0.0,0.77,1.74,55.79
5957,1962,2022,"[109601, 109603, 117101, 117102, 117201, 119310, 119320]",95435.54,19.9,5.92,0.0,19.63,0.0,1.12,2.11,51.33
5958,1963,2017,"[109601, 117102, 119201, 119202, 119310]",45186.32,14.08,2.04,0.38,13.98,0.0,0.0,0.0,69.52
5959,1963,2018,"[109601, 117102, 119201, 119202, 119310]",47127.89,14.18,3.13,0.32,15.15,0.0,0.0,0.0,67.22
5960,1963,2019,"[109601, 117102, 119201, 119202, 119310]",48063.53,14.02,4.25,0.15,15.83,0.0,0.0,0.0,65.75
5961,1963,2020,"[109601, 117102, 119201, 119202, 119310]",61308.21,16.61,6.8,0.14,17.26,0.0,0.0,0.03,59.17
5962,1963,2021,"[109601, 117102, 119201, 119202, 119310]",69910.88,16.23,5.97,0.1,18.87,0.0,0.0,0.03,58.8
5963,1963,2022,"[109601, 117102, 119201, 119202, 119310]",75649.84,14.8,4.97,0.2,19.88,0.0,0.0,0.05,60.08
5964,1964,2017,"[117101, 119310, 119320, 119341, 119342]",52583.78,3.26,4.89,0.0,17.65,0.0,0.0,0.69,73.51
5965,1964,2018,"[117101, 119310, 119320, 119341, 119342]",63369.18,4.99,6.5,0.0,17.09,0.0,0.0,0.53,70.89
5966,1964,2019,"[117101, 119310, 119320, 119341, 119342]",72798.5,5.52,6.03,0.0,17.58,0.0,0.0,1.08,69.78
5967,1964,2020,"[117101, 119310, 119320, 119341, 119342]",74782.56,4.53,4.76,0.0,18.07,0.0,0.0,0.41,72.23
5968,1964,2021,"[117101, 119310, 119320, 119341, 119342]",78831.31,4.29,4.07,0.0,18.17,0.0,0.0,1.13,72.33
5969,1964,2022,"[117101, 119310, 119320, 119341, 119342]",86304.12,10.78,3.7,0.0,14.13,0.0,0.0,0.01,71.39
5970,1966,2017,"[119201, 119310, 119341, 119342, 119400, 120105]",46586.82,6.66,3.06,0.0,20.6,0.0,0.21,1.95,67.52
5971,1966,2018,"[119201, 119310, 119341, 119342, 119400, 120105]",49532.28,10.39,2.56,0.0,20.14,0.0,0.23,0.69,65.99
5972,1966,2019,"[119201, 119310, 119341, 119342, 119400, 120105]",54128.7,11.1,3.63,0.26,21.17,0.0,0.27,0.2,63.37
5973,1966,2020,"[119201, 119310, 119341, 119342, 119400, 120105]",56229.16,8.37,3.02,0.2,18.85,0.0,0.19,0.15,69.22
5974,1966,2021,"[119201, 119310, 119341, 119342, 119400, 120105]",56541.15,9.16,0.93,0.17,17.82,0.25,0.2,0.37,71.09
5975,1966,2022,"[119201, 119310, 119341, 119342, 119400, 120105]",61232.67,7.98,2.36,0.16,18.0,0.17,0.2,0.29,70.85
5976,1967,2017,"[119201, 119341, 119342, 119400]",74904.43,5.88,0.13,0.0,7.91,0.0,0.24,0.21,85.63
5977,1967,2018,"[119201, 119341, 119342, 119400]",79336.7,6.61,0.13,0.23,7.87,0.0,0.22,0.42,84.52
5978,1967,2019,"[119201, 119341, 119342, 119400]",85728.26,6.48,1.13,0.27,7.91,0.0,0.13,0.83,83.25
5979,1967,2020,"[119003, 119004, 119201, 119341, 119342, 119400, 119801]",90000.43,7.37,1.0,0.34,7.62,0.0,0.11,1.23,82.33
5980,1967,2021,"[119003, 119004, 119201, 119341, 119342, 119400, 119801]",93688.78,5.97,1.88,0.42,8.02,0.0,0.0,2.61,81.1
5981,1967,2022,"[119003, 119004, 119201, 119341, 119342, 119400, 119801]",95718.25,9.21,0.97,0.22,6.68,0.0,0.0,1.05,81.88
5982,1969,2017,[119001],77813.0,9.7,0.02,0.02,16.81,0.0,0.0,2.62,70.82
5983,1969,2018,[119001],76932.0,9.82,0.02,0.05,15.13,0.0,0.0,1.96,73.02
5984,1969,2019,[119001],85758.0,13.03,0.32,0.56,13.51,0.0,0.0,1.33,71.25
5985,1969,2020,"[119001, 119003, 119004]",86569.16,2.99,1.76,0.0,8.88,0.0,0.18,0.96,85.23
5986,1969,2021,"[119001, 119003, 119004]",90079.56,5.0,0.76,0.0,10.0,0.0,0.2,0.47,83.58
5987,1969,2022,"[119001, 119003, 119004]",82421.34,6.87,0.08,0.0,9.3,0.0,0.0,0.31,83.43
5988,1971,2017,"[117201, 117404, 117405]",33351.49,4.14,0.75,0.0,3.83,0.0,0.0,0.04,91.23
5989,1971,2018,"[117201, 117404, 117405]",37561.58,3.44,1.61,0.0,2.99,0.0,0.0,0.03,91.93
5990,1971,2019,"[117201, 117404, 117405]",37968.25,2.12,3.04,0.0,3.02,0.0,0.0,0.08,91.73
5991,1971,2020,"[117201, 117404, 117405]",41576.3,4.12,2.89,0.0,1.0,0.0,0.0,0.07,91.92
5992,1971,2021,"[117201, 117404, 117405]",46896.27,4.1,2.67,0.0,1.06,0.0,0.29,0.05,91.83
5993,1971,2022,"[117201, 117404, 117405]",43196.58,5.2,2.63,0.0,1.14,0.0,0.68,0.37,89.97
5994,1972,2017,"[117101, 117201, 117405, 117510, 117520, 120108]",32597.62,3.57,3.0,0.0,5.54,0.0,0.0,0.84,87.05
5995,1972,2018,"[117101, 117201, 117405, 117510, 117520, 120108]",42470.18,4.34,3.32,0.0,7.42,0.0,0.0,0.88,84.05
5996,1972,2019,"[117101, 117201, 117405, 117510, 117520, 120108]",46850.34,9.36,3.48,0.0,7.48,0.0,0.0,0.01,79.67
5997,1972,2020,"[117101, 117201, 117405, 117510, 117520, 120108]",45389.35,10.44,3.1,0.0,6.47,0.0,0.0,0.02,79.97
5998,1972,2021,"[117101, 117201, 117405, 117510, 117520, 120108]",50688.84,9.72,2.13,0.0,3.81,0.0,0.0,0.01,84.32
5999,1972,2022,"[117101, 117201, 117405, 117510, 117520, 120108]",61788.8,7.6,4.84,0.8,6.68,0.0,0.01,0.02,80.04
6000,1974,2017,"[117101, 117510, 119320, 119340, 119341, 120105, 120108]",32062.85,6.03,3.3,0.0,7.17,0.24,0.11,0.57,82.58
6001,1974,2018,"[117101, 117510, 119320, 119340, 119341, 120105, 120108]",33816.19,5.85,2.85,0.0,4.92,0.23,0.1,0.22,85.83
6002,1974,2019,"[117101, 117510, 119320, 119340, 119341, 120105, 120108]",35607.2,5.06,2.83,0.0,5.93,0.25,0.21,0.11,85.61
6003,1974,2020,"[117101, 117510, 119320, 119340, 119341, 120105, 120108]",36933.54,5.91,2.81,0.0,7.89,0.0,0.22,0.25,82.93
6004,1974,2021,"[117101, 117510, 119320, 119340, 119341, 120105, 120108]",42096.44,7.42,1.78,0.0,8.61,0.0,0.16,0.13,81.91
6005,1974,2022,"[117101, 117510, 119320, 119340, 119341, 120105, 120108]",51003.0,7.94,1.22,0.0,7.7,0.0,0.15,0.24,82.75
6006,1975,2017,"[119341, 119400, 119900, 120105]",27005.32,7.25,1.47,0.0,19.54,0.0,0.0,0.01,71.74
6007,1975,2018,"[119341, 119400, 119900, 120105]",32383.44,6.39,1.5,0.0,16.84,0.0,0.0,0.0,75.27
6008,1975,2019,"[119341, 119400, 119900, 120105]",34167.96,5.71,1.24,0.0,17.05,0.0,0.0,0.0,76.0
6009,1975,2020,"[119341, 119400, 119900, 120105]",36890.08,5.51,1.16,0.0,16.25,0.0,0.0,0.41,76.68
6010,1975,2021,"[119341, 119400, 119900, 120105]",39673.95,4.97,2.04,0.0,16.21,0.0,0.0,0.39,76.39
6011,1975,2022,"[119341, 119400, 119900, 120105]",45395.17,5.82,1.08,0.0,13.93,0.0,0.0,0.63,78.54
6012,1977,2017,"[119001, 119400, 119700, 120400]",76183.23,9.62,0.68,0.0,12.06,0.0,0.22,0.9,76.52
6013,1977,2018,"[119001, 119400, 119700, 120400]",78188.15,10.29,0.82,0.01,12.07,0.0,0.23,0.74,75.85
6014,1977,2019,"[119001, 119400, 119700, 120400]",81388.67,10.95,1.66,0.11,11.82,0.0,0.25,1.16,74.04
6015,1977,2020,"[119001, 119004, 119400, 119700, 119801, 119802, 120400]",81151.01,10.56,1.19,0.0,16.18,0.36,1.22,0.02,70.46
6016,1977,2021,"[119001, 119004, 119400, 119700, 119801, 119802, 120400]",82721.27,11.29,0.63,0.0,14.19,0.55,0.0,1.06,72.28
6017,1977,2022,"[119001, 119004, 119400, 119700, 119801, 119802, 120400]",93310.0,9.56,0.5,0.0,11.49,0.39,0.0,0.9,77.16
6018,1979,2017,"[119001, 122000]",77686.17,9.95,0.05,0.02,16.74,0.0,0.0,2.63,70.62
6019,1979,2018,"[119001, 122000]",76899.28,10.03,0.04,0.05,15.1,0.0,0.0,1.97,72.81
6020,1979,2019,"[119001, 122000]",85678.31,13.21,0.34,0.56,13.47,0.0,0.0,1.35,71.08
6021,1979,2020,"[119001, 119004, 122000]",90085.65,10.57,0.27,0.93,19.67,0.0,0.0,0.22,68.34
6022,1979,2021,"[119001, 119004, 122000]",99010.36,10.23,0.3,1.15,17.64,0.36,0.11,0.26,69.95
6023,1979,2022,"[119001, 119004, 122000]",105435.76,10.03,0.38,0.89,18.27,0.36,0.1,0.43,69.56
6024,1981,2017,"[117404, 117405, 117407, 117408, 117520, 117530, 127400, 127520]",30637.99,3.59,6.25,0.0,3.99,0.07,0.0,0.59,85.5
6025,1981,2018,"[117404, 117405, 117407, 117408, 117520, 117530, 127400, 127520]",33423.87,4.05,6.87,0.0,5.43,0.0,0.0,1.07,82.59
6026,1981,2019,"[117404, 117405, 117407, 117408, 117520, 117530, 127400, 127520]",36522.37,3.21,3.49,0.0,8.03,0.0,0.0,0.73,84.55
6027,1981,2020,"[117404, 117405, 117407, 117408, 117520, 117530, 127400, 127520]",41419.07,3.74,8.19,0.0,7.15,0.0,0.0,0.8,80.12
6028,1981,2021,"[117404, 117405, 117407, 117408, 117520, 117530, 127400, 127520]",44758.95,5.06,5.71,0.0,7.08,0.0,0.0,1.44,80.71
6029,1981,2022,"[117404, 117405, 117407, 117408, 117520, 117530, 127400, 127520]",51188.56,6.09,5.76,0.0,5.36,0.0,0.16,1.31,81.32
6030,1982,2017,"[117405, 117407, 117510, 117520, 120108]",42132.69,3.53,6.25,0.0,7.41,0.0,0.0,0.27,82.53
6031,1982,2018,"[117405, 117407, 117510, 117520, 120108]",37378.15,3.43,6.02,0.0,6.83,0.0,0.0,0.12,83.59
6032,1982,2019,"[117405, 117407, 117510, 117520, 120108]",36047.74,4.12,5.71,0.0,7.35,0.0,0.0,0.52,82.3
6033,1982,2020,"[117405, 117407, 117510, 117520, 120108]",42709.56,5.95,4.54,0.0,6.39,0.0,0.0,0.64,82.49
6034,1982,2021,"[117405, 117407, 117510, 117520, 120108]",39569.44,5.4,3.86,0.0,7.12,0.0,0.21,1.28,82.12
6035,1982,2022,"[117405, 117407, 117510, 117520, 120108]",53584.77,5.95,3.01,0.0,6.13,0.0,0.18,1.24,83.5
6036,1983,2017,"[117520, 117530, 120106, 120107, 120108]",47180.01,5.52,2.31,0.0,12.97,1.03,0.18,0.8,77.19
6037,1983,2018,"[117520, 117530, 120106, 120107, 120108]",51730.37,6.17,1.81,0.0,11.88,0.78,0.17,0.55,78.64
6038,1983,2019,"[117520, 117530, 120106, 120107, 120108]",55300.27,5.58,1.88,0.0,10.94,0.31,0.19,1.39,79.71
6039,1983,2020,"[117520, 117530, 120106, 120107, 120108]",49812.28,4.23,0.53,0.0,14.17,0.0,0.0,1.18,79.89
6040,1983,2021,"[117520, 117530, 120106, 120107, 120108]",57177.77,6.91,0.91,0.0,13.47,0.0,0.0,1.08,77.63
6041,1983,2022,"[117520, 117530, 120106, 120107, 120108]",54622.54,7.94,3.18,0.0,13.04,0.0,0.0,1.56,74.27
6042,1984,2017,"[117520, 117530, 120103, 120104, 120106, 120107, 120108]",32945.98,4.8,2.91,0.0,7.61,0.16,0.07,0.55,83.9
6043,1984,2018,"[117520, 117530, 120103, 120104, 120106, 120107, 120108]",32226.67,4.8,2.1,0.0,6.18,0.2,0.06,0.37,86.29
6044,1984,2019,"[117520, 117530, 120103, 120104, 120106, 120107, 120108]",35275.03,4.71,2.01,0.0,9.18,0.2,0.13,0.23,83.54
6045,1984,2020,"[117520, 117530, 120103, 120104, 120106, 120107, 120108]",36870.06,4.86,1.32,0.0,11.62,0.05,0.14,0.23,81.79
6046,1984,2021,"[117520, 117530, 120103, 120104, 120106, 120107, 120108]",39318.42,6.14,1.38,0.0,10.67,0.11,0.21,0.22,81.26
6047,1984,2022,"[117520, 117530, 120103, 120104, 120106, 120107, 120108]",44652.23,6.12,1.34,0.0,12.89,0.16,0.25,0.53,78.71
6048,1985,2017,"[119340, 119900, 120103, 120104, 120105, 120107, 120108, 120300]",32028.83,6.9,3.78,0.0,16.07,0.24,0.3,0.54,72.17
6049,1985,2018,"[119340, 119900, 120103, 120104, 120105, 120107, 120108, 120300]",33738.25,7.56,5.32,0.0,14.17,0.23,0.32,0.89,71.53
6050,1985,2019,"[119340, 119900, 120103, 120104, 120105, 120107, 120108, 120300]",35321.55,7.65,3.98,0.0,14.03,0.21,0.32,0.66,73.15
6051,1985,2020,"[119340, 119900, 120103, 120104, 120105, 120107, 120108, 120300]",38180.52,6.6,4.99,0.0,13.3,0.0,0.25,1.75,73.12
6052,1985,2021,"[119340, 119900, 120103, 120104, 120105, 120107, 120108, 120300]",41562.51,7.16,4.38,0.0,14.06,0.0,0.0,2.48,71.92
6053,1985,2022,"[119340, 119900, 120103, 120104, 120105, 120107, 120108, 120300]",44637.64,7.78,4.39,0.47,12.86,0.0,0.0,2.59,71.91
6054,1987,2017,"[119400, 119700, 119900, 120104, 120105, 120400]",69374.58,12.49,0.96,0.17,23.81,0.0,0.28,0.15,62.15
6055,1987,2018,"[119400, 119700, 119900, 120104, 120105, 120400]",68571.09,11.45,1.46,0.68,22.09,0.0,0.32,0.0,64.0
6056,1987,2019,"[119400, 119700, 119900, 120104, 120105, 120400]",72228.55,11.0,1.84,0.46,20.72,0.0,0.39,0.85,64.74
6057,1987,2020,"[119400, 119700, 119801, 119802, 119900, 120104, 120105, 120400]",77849.19,10.25,1.79,0.63,18.8,0.0,0.46,0.79,67.27
6058,1987,2021,"[119400, 119700, 119801, 119802, 119900, 120104, 120105, 120400]",75876.25,11.3,2.03,0.42,17.91,0.0,0.37,0.55,67.43
6059,1987,2022,"[119400, 119700, 119801, 119802, 119900, 120104, 120105, 120400]",83156.76,11.93,1.9,0.32,15.83,0.0,0.07,0.52,69.45
6060,1988,2017,"[119001, 119700, 120400, 122000]",87149.15,20.57,2.11,0.01,19.93,0.0,0.0,2.16,55.22
6061,1988,2018,"[119001, 119700, 120400, 122000]",78817.98,19.74,2.3,0.02,19.92,0.0,0.0,0.73,57.29
6062,1988,2019,"[119001, 119700, 120400, 122000]",83164.34,20.94,2.41,0.21,18.92,0.0,0.09,1.66,55.77
6063,1988,2020,"[119001, 119700, 119802, 120400, 122000]",95517.16,24.0,0.99,0.35,22.2,0.0,0.07,1.42,50.96
6064,1988,2021,"[119001, 119700, 119802, 120400, 122000]",101540.17,21.99,0.19,0.43,21.48,0.14,0.25,1.59,53.92
6065,1988,2022,"[119001, 119700, 119802, 120400, 122000]",97003.45,19.55,0.41,0.33,21.95,0.13,0.45,2.27,54.91
6066,1989,2017,"[119001, 119700, 121010, 121600, 122000]",61485.29,41.11,2.75,0.0,8.18,0.0,0.0,3.14,44.81
6067,1989,2018,"[119001, 119700, 121010, 121600, 122000]",72713.36,37.63,2.73,0.0,10.66,0.0,0.0,2.72,46.26
6068,1989,2019,"[119001, 119700, 121010, 121600, 122000]",75482.76,35.88,2.97,0.0,9.33,0.0,0.0,3.22,48.61
6069,1989,2020,"[119001, 119700, 121010, 121600, 122000]",70800.29,42.36,1.89,0.0,10.25,0.0,0.0,2.8,42.7
6070,1989,2021,"[119001, 119700, 121010, 121600, 122000]",76291.84,41.71,1.5,0.0,10.01,0.0,0.0,1.42,45.36
6071,1989,2022,"[119001, 119700, 121010, 121600, 122000]",93450.84,48.48,0.2,0.0,7.37,0.0,0.91,0.38,42.66
6072,1991,2017,"[117404, 117408, 117530, 120010, 127400, 127520]",29534.34,4.6,4.14,0.18,10.7,0.0,0.1,0.52,79.77
6073,1991,2018,"[117404, 117408, 117530, 120010, 127400, 127520]",30153.18,8.53,3.91,0.19,7.15,0.0,0.79,0.65,78.78
6074,1991,2019,"[117404, 117408, 117530, 120010, 127400, 127520]",36016.62,10.1,5.15,0.16,7.08,0.0,0.71,0.18,76.61
6075,1991,2020,"[117404, 117408, 117530, 120010, 127400, 127520]",38703.6,7.91,5.41,0.18,6.19,0.0,0.69,0.16,79.45
6076,1991,2021,"[117404, 117408, 117530, 120010, 127400, 127520]",45306.52,8.64,5.73,0.01,3.64,0.0,0.77,0.37,80.86
6077,1991,2022,"[117404, 117408, 117530, 120010, 127400, 127520]",49026.09,8.72,4.91,0.0,2.22,0.0,0.91,1.19,82.05
6078,1993,2017,"[117530, 120010, 120020, 127210, 127520]",48364.34,8.61,2.82,0.0,13.83,0.0,0.0,0.0,74.73
6079,1993,2018,"[117530, 120010, 120020, 127210, 127520]",50256.27,8.7,3.03,0.0,10.37,0.0,0.0,0.0,77.9
6080,1993,2019,"[117530, 120010, 120020, 127210, 127520]",49273.92,8.26,2.83,0.0,15.47,0.0,0.0,0.01,73.43
6081,1993,2020,"[117530, 120010, 120020, 127210, 127520]",52423.59,7.75,3.37,0.0,11.84,0.0,0.0,0.22,76.82
6082,1993,2021,"[117530, 120010, 120020, 127210, 127520]",51346.92,6.09,2.79,0.0,12.44,0.01,0.0,0.23,78.43
6083,1993,2022,"[117530, 120010, 120020, 127210, 127520]",60741.9,6.96,1.99,0.0,13.92,0.01,0.0,0.64,76.47
6084,1994,2017,"[117530, 120010, 120020, 120030, 120104, 120106, 120300, 127210]",31912.83,2.68,2.29,0.0,18.87,0.0,0.0,0.0,76.14
6085,1994,2018,"[117530, 120010, 120020, 120030, 120104, 120106, 120300, 127210]",32416.03,2.37,5.57,0.0,17.34,0.0,0.0,0.0,74.72
6086,1994,2019,"[117530, 120010, 120020, 120030, 120104, 120106, 120300, 127210]",36860.79,2.26,7.12,0.0,16.0,0.0,0.0,0.52,74.09
6087,1994,2020,"[117530, 120010, 120020, 120030, 120104, 120106, 120300, 127210]",31041.2,4.36,10.58,0.0,12.48,0.0,0.0,0.53,72.05
6088,1994,2021,"[117530, 120010, 120020, 120030, 120104, 120106, 120300, 127210]",41035.81,3.11,9.5,0.0,13.02,0.7,0.0,0.46,73.21
6089,1994,2022,"[117530, 120010, 120020, 120030, 120104, 120106, 120300, 127210]",43260.22,3.08,6.69,0.26,16.63,0.68,0.0,1.04,71.61
6090,1995,2017,"[120020, 120030, 120300]",26577.92,3.24,4.52,0.0,5.54,0.0,0.0,0.0,86.7
6091,1995,2018,"[120020, 120030, 120300]",27176.83,2.5,2.17,0.0,5.09,0.0,0.0,0.0,90.24
6092,1995,2019,"[120020, 120030, 120300]",30641.32,3.15,2.71,0.0,6.32,0.0,0.0,0.0,87.82
6093,1995,2020,"[120020, 120030, 120300]",38458.81,6.92,1.33,0.0,4.82,0.0,0.0,0.0,86.93
6094,1995,2021,"[120020, 120030, 120300]",40160.84,7.31,0.99,0.0,2.43,0.0,0.0,0.37,88.9
6095,1995,2022,"[120020, 120030, 120300]",42193.66,6.04,0.43,0.5,4.99,0.0,0.0,0.42,87.61
6096,1998,2017,"[119900, 120030, 120104, 120300, 120400, 127102, 127104, 127210]",66118.4,12.3,1.1,0.69,18.18,0.13,0.0,1.88,65.74
6097,1998,2018,"[119900, 120030, 120104, 120300, 120400, 127102, 127104, 127210]",67109.36,13.6,1.01,0.0,21.21,0.21,0.48,0.69,62.8
6098,1998,2019,"[119900, 120030, 120104, 120300, 120400, 127102, 127104, 127210]",70077.47,14.79,1.1,0.0,19.4,0.23,0.44,0.17,63.88
6099,1998,2020,"[119900, 120030, 120104, 120300, 120400, 127102, 127104, 127210]",66718.34,17.03,0.49,0.0,25.3,0.0,0.41,1.79,54.99
6100,1998,2021,"[119900, 120030, 120104, 120300, 120400, 127102, 127104, 127210]",61197.94,20.0,0.19,0.0,26.52,0.0,0.42,2.74,50.14
6101,1998,2022,"[119900, 120030, 120104, 120300, 120400, 127102, 127104, 127210]",66553.57,19.67,4.8,0.0,25.1,0.0,0.39,2.65,47.38
6102,1999,2017,"[119700, 119900, 120300, 120400, 122000, 127103]",66356.35,19.79,3.09,0.0,22.33,0.0,0.67,0.77,53.35
6103,1999,2018,"[119700, 119900, 120300, 120400, 122000, 127103]",62977.69,20.61,4.1,0.0,21.0,0.0,0.78,0.02,53.5
6104,1999,2019,"[119700, 119900, 120300, 120400, 122000, 127103]",65568.9,20.76,4.56,0.0,20.01,0.0,1.0,0.75,52.92
6105,1999,2020,"[119700, 119900, 120300, 120400, 122000, 127103]",74570.43,24.65,3.24,0.0,20.58,0.0,0.97,0.87,49.68
6106,1999,2021,"[119700, 119900, 120300, 120400, 122000, 127103]",79203.52,24.77,2.79,0.0,20.29,0.0,0.87,0.96,50.32
6107,1999,2022,"[119700, 119900, 120300, 120400, 122000, 127103]",77967.06,23.94,3.49,0.0,19.27,0.0,0.27,1.35,51.68
6108,2001,2017,"[191710, 191820, 192300, 192410, 192420]",78261.28,41.66,3.83,0.0,22.56,0.0,0.0,6.77,25.18
6109,2001,2018,"[191710, 191820, 192300, 192410, 192420]",74060.7,44.66,4.69,0.0,21.72,0.0,0.0,7.01,21.92
6110,2001,2019,"[191710, 191820, 192300, 192410, 192420]",73689.75,45.4,4.54,0.0,22.48,0.0,0.0,6.42,21.16
6111,2001,2020,"[191710, 191820, 192300, 192410, 192420]",87210.25,57.37,3.5,0.0,18.41,0.0,0.0,6.25,14.46
6112,2001,2021,"[191710, 191820, 192300, 192410, 192420]",88060.6,58.38,5.06,0.0,14.59,0.0,0.65,6.94,14.38
6113,2001,2022,"[191710, 191820, 192300, 192410, 192420]",111109.28,57.28,4.89,0.0,16.83,0.0,0.69,6.75,13.55
6114,2002,2017,"[191610, 191710, 192410, 192420, 192510]",58145.92,7.62,5.62,0.0,29.88,0.14,0.0,2.95,53.78
6115,2002,2018,"[191610, 191710, 192410, 192420, 192510]",58972.68,9.36,6.09,0.0,31.0,0.17,0.0,2.46,50.91
6116,2002,2019,"[191610, 191710, 192410, 192420, 192510]",56134.97,12.32,6.11,0.0,27.73,0.14,0.0,3.2,50.5
6117,2002,2020,"[191610, 191710, 192410, 192420, 192510]",58718.37,14.3,5.19,2.09,26.95,0.13,0.0,4.25,47.09
6118,2002,2021,"[191610, 191710, 192410, 192420, 192510]",61276.38,14.37,5.4,2.37,32.72,0.0,0.0,4.45,40.69
6119,2002,2022,"[191610, 191710, 192410, 192420, 192510]",61867.74,14.29,2.91,2.32,36.61,0.0,0.0,3.22,40.64
6120,2004,2017,"[191610, 192420, 192510, 192520]",45564.23,6.5,0.98,0.0,34.34,0.0,0.19,0.26,57.73
6121,2004,2018,"[191610, 192420, 192510, 192520]",48201.44,5.96,0.83,0.0,36.33,0.28,0.23,1.62,54.74
6122,2004,2019,"[191610, 192420, 192510, 192520]",49454.45,6.04,0.38,0.0,38.41,0.37,0.0,2.41,52.39
6123,2004,2020,"[191610, 192420, 192510, 192520]",54660.82,6.41,0.32,0.0,42.13,0.5,0.0,2.88,47.76
6124,2004,2021,"[191610, 192420, 192510, 192520]",56772.67,5.49,0.32,0.0,41.43,0.56,0.0,3.36,48.85
6125,2004,2022,"[191610, 192420, 192510, 192520]",62933.13,6.25,0.26,0.0,41.39,0.67,0.0,3.52,47.9
6126,2005,2017,"[191610, 192520, 192620]",40514.25,7.66,1.71,0.0,13.18,0.0,2.16,0.0,75.28
6127,2005,2018,"[191610, 192520, 192620]",43528.86,6.79,0.97,0.0,13.97,0.0,0.6,0.36,77.3
6128,2005,2019,"[191610, 192520, 192620]",45825.3,5.76,1.02,0.0,15.04,0.89,0.0,0.44,76.86
6129,2005,2020,"[191610, 192520, 192620]",48106.86,6.95,1.46,0.0,16.07,0.84,0.0,0.41,74.27
6130,2005,2021,"[191610, 192520, 192620]",56107.9,6.4,3.96,0.0,14.73,0.95,0.0,0.38,73.58
6131,2005,2022,"[191610, 192520, 192620]",61677.63,7.23,3.91,0.0,14.59,0.84,0.21,0.59,72.63
6132,2011,2017,"[192410, 192420, 192510, 211000, 211410, 211500]",56381.65,31.2,4.66,0.0,38.63,0.0,0.0,4.15,21.36
6133,2011,2018,"[192410, 192420, 192510, 211000, 211410, 211500]",58421.63,28.2,3.46,0.0,39.8,0.0,0.0,4.11,24.43
6134,2011,2019,"[192410, 192420, 192510, 211000, 211410, 211500]",66110.18,26.59,4.57,0.0,43.17,0.0,0.0,4.24,21.43
6135,2011,2020,"[192410, 192420, 192510, 211000, 211410, 211500]",61670.87,36.12,4.05,0.0,34.52,0.0,0.17,3.43,21.71
6136,2011,2021,"[192410, 192420, 192510, 211000, 211410, 211500]",70120.65,32.46,2.89,0.0,43.39,0.0,0.17,3.69,17.4
6137,2011,2022,"[192410, 192420, 192510, 211000, 211410, 211500]",72528.25,37.96,3.67,0.0,33.02,0.0,0.2,3.67,21.48
6138,2013,2017,"[192510, 211410, 211420]",42138.01,11.65,4.47,0.81,49.45,0.0,1.58,3.02,29.02
6139,2013,2018,"[192510, 211410, 211420]",39624.58,10.3,1.47,0.82,50.57,0.0,1.78,2.28,32.78
6140,2013,2019,"[192510, 211410, 211420]",43022.64,12.24,1.51,0.87,50.23,0.0,1.97,1.83,31.35
6141,2013,2020,"[192510, 211410, 211420]",51918.01,9.96,3.2,0.0,45.37,0.0,3.05,1.87,36.56
6142,2013,2021,"[192510, 211410, 211420]",48982.36,9.16,3.74,0.1,44.34,0.0,1.42,0.73,40.5
6143,2013,2022,"[192510, 211410, 211420]",48367.39,5.71,4.14,0.36,43.34,0.0,1.38,1.32,43.74
6144,2014,2017,"[192510, 192520, 192620, 211201, 211310, 211420]",41171.27,10.1,6.33,0.0,33.95,0.0,0.0,1.04,48.58
6145,2014,2018,"[192510, 192520, 192620, 211201, 211310, 211420]",43470.78,13.69,8.42,0.0,33.74,0.0,0.0,1.42,42.74
6146,2014,2019,"[192510, 192520, 192620, 211201, 211310, 211420]",44331.45,13.59,8.16,0.0,25.7,0.0,0.2,1.29,51.07
6147,2014,2020,"[192510, 192520, 192620, 211201, 211310, 211420]",48335.97,12.49,9.63,0.0,26.53,0.0,0.21,0.34,50.79
6148,2014,2021,"[192510, 192520, 192620, 211201, 211310, 211420]",51745.76,16.18,3.68,0.0,27.16,0.0,0.2,0.79,51.99
6149,2014,2022,"[192510, 192520, 192620, 211201, 211310, 211420]",55495.13,15.35,4.09,0.0,23.4,0.0,0.25,1.87,55.03
6150,2015,2017,"[192620, 192700, 211122, 211201, 211202]",37748.69,6.42,4.3,0.0,18.64,1.33,0.29,0.7,68.32
6151,2015,2018,"[192620, 192700, 211122, 211201, 211202]",41244.7,7.94,3.66,0.0,17.28,0.94,0.33,0.88,68.98
6152,2015,2019,"[192620, 192700, 211122, 211201, 211202]",42620.5,8.6,4.63,0.0,15.9,0.68,0.27,1.1,68.82
6153,2015,2020,"[192620, 192700, 211122, 211201, 211202]",46672.99,8.21,4.52,0.0,18.94,0.57,0.0,2.46,65.3
6154,2015,2021,"[192620, 192700, 211122, 211201, 211202]",49299.71,9.3,4.32,0.0,18.87,0.54,0.0,2.77,64.2
6155,2015,2022,"[192620, 192700, 211122, 211201, 211202]",52909.59,11.22,4.1,0.24,22.06,0.0,0.34,3.39,58.65
6156,2016,2017,"[211201, 211202, 211310, 211320]",37307.84,3.65,3.2,0.0,12.91,4.47,0.0,0.64,75.13
6157,2016,2018,"[211201, 211202, 211310, 211320]",40604.48,5.03,3.12,0.0,11.67,0.61,0.0,0.38,79.17
6158,2016,2019,"[211201, 211202, 211310, 211320]",42635.38,6.52,2.49,0.0,15.86,0.57,0.0,0.44,74.12
6159,2016,2020,"[211201, 211202, 211310, 211320]",44566.92,9.68,7.04,0.0,16.19,1.3,0.0,0.51,65.27
6160,2016,2021,"[211201, 211202, 211310, 211320]",45287.75,9.73,6.75,0.0,22.58,0.0,0.0,1.75,59.18
6161,2016,2022,"[211201, 211202, 211310, 211320]",43339.03,11.63,6.39,0.0,24.56,0.0,0.0,1.04,56.38
6162,2017,2017,"[211122, 211202, 211310, 211320]",32212.29,11.32,7.42,0.0,21.92,0.0,0.78,0.16,58.4
6163,2017,2018,"[211122, 211202, 211310, 211320]",30423.68,11.02,7.37,0.0,20.91,0.0,0.0,0.0,60.69
6164,2017,2019,"[211122, 211202, 211310, 211320]",31306.54,13.09,4.61,0.51,20.57,0.0,0.0,0.0,61.22
6165,2017,2020,"[211122, 211202, 211310, 211320]",33300.04,9.89,6.35,0.45,23.78,0.0,0.0,8.6,50.92
6166,2017,2021,"[211122, 211202, 211310, 211320]",36316.42,9.6,5.64,0.41,21.9,0.0,0.01,8.06,54.38
6167,2017,2022,"[211122, 211202, 211310, 211320]",38008.99,6.73,5.23,0.3,20.71,0.0,0.01,8.72,58.3
6168,2019,2017,"[192700, 195802, 208610, 211121, 211122, 211202, 211320]",49049.83,16.68,5.73,0.09,35.1,0.51,0.0,1.16,40.73
6169,2019,2018,"[192700, 195802, 208610, 211121, 211122, 211202, 211320]",49657.47,18.01,6.27,0.08,32.84,0.52,0.0,2.04,40.25
6170,2019,2019,"[192700, 195802, 208610, 211121, 211122, 211202, 211320]",49691.54,19.07,6.03,0.06,39.36,0.0,0.0,2.42,33.06
6171,2019,2020,"[192700, 195802, 208610, 211121, 211122, 211124, 211202, 211320]",56781.26,18.23,5.72,0.06,38.01,0.0,0.0,2.14,35.84
6172,2019,2021,"[192700, 195802, 208610, 211121, 211122, 211124, 211202, 211320]",49800.31,17.55,4.31,0.0,36.33,0.0,3.1,3.55,35.16
6173,2019,2022,"[192700, 195802, 208610, 211121, 211122, 211124, 211202, 211320]",57601.62,16.03,8.85,0.0,32.81,0.0,2.77,4.35,35.19
6174,2021,2017,"[211000, 211500, 211701, 211703, 211704]",57116.05,24.72,4.95,0.0,60.42,0.0,0.0,4.57,5.33
6175,2021,2018,"[211000, 211500, 211701, 211703, 211704]",61060.24,27.7,5.86,0.0,58.68,0.0,0.0,3.42,4.35
6176,2021,2019,"[211000, 211500, 211701, 211703, 211704]",74356.31,34.61,5.79,0.0,45.27,0.0,0.37,5.74,8.22
6177,2021,2020,"[211000, 211500, 211701, 211703, 211704]",65652.57,29.16,3.5,0.0,48.5,0.0,0.38,4.86,13.6
6178,2021,2021,"[211000, 211500, 211701, 211703, 211704]",85838.91,35.58,2.99,0.04,38.52,0.0,2.22,4.18,16.48
6179,2021,2022,"[211000, 211500, 211701, 211703, 211704]",94684.13,39.04,3.51,0.03,36.0,0.0,2.3,3.66,15.46
6180,2022,2017,"[211410, 211500, 211701, 211703, 211704, 211802, 211804]",41320.59,14.98,6.26,0.23,46.8,0.0,0.19,2.72,28.82
6181,2022,2018,"[211410, 211500, 211701, 211703, 211704, 211802, 211804]",44302.16,14.43,8.29,0.0,42.56,0.01,0.14,3.09,31.48
6182,2022,2019,"[211410, 211500, 211701, 211703, 211704, 211802, 211804]",48237.74,13.7,7.8,0.0,43.98,0.0,0.14,2.23,32.15
6183,2022,2020,"[211410, 211500, 211701, 211703, 211704, 211802, 211804]",45999.57,11.92,7.38,0.0,48.5,0.0,0.14,2.26,29.8
6184,2022,2021,"[211410, 211500, 211701, 211703, 211704, 211802, 211804]",46524.63,12.21,7.83,0.48,47.17,0.0,0.14,3.44,28.73
6185,2022,2022,"[211410, 211500, 211701, 211703, 211704, 211802, 211804]",50711.95,10.84,6.96,0.37,48.95,0.0,0.0,3.93,28.95
6186,2023,2017,"[211310, 211410, 211420, 211803, 211804, 211910]",40209.97,7.45,1.63,0.68,71.43,0.3,0.38,2.25,15.89
6187,2023,2018,"[211310, 211410, 211420, 211803, 211804, 211910]",44031.74,7.8,1.65,1.21,71.21,0.33,0.0,4.12,13.69
6188,2023,2019,"[211310, 211410, 211420, 211803, 211804, 211910]",46633.66,5.98,2.12,1.25,70.32,0.31,0.0,4.2,15.8
6189,2023,2020,"[211310, 211410, 211420, 211803, 211804, 211910]",47468.16,5.83,2.67,0.79,66.64,0.3,0.01,1.89,21.89
6190,2023,2021,"[211310, 211410, 211420, 211803, 211804, 211910]",48070.9,7.7,2.46,0.8,61.57,0.0,0.0,1.81,25.65
6191,2023,2022,"[211310, 211410, 211420, 211803, 211804, 211910]",50506.0,6.99,4.86,0.0,60.08,0.0,0.0,0.98,27.09
6192,2024,2017,"[211802, 211803, 211804, 212102]",36810.03,14.32,6.88,0.0,42.0,3.8,0.12,1.9,30.98
6193,2024,2018,"[211802, 211803, 211804, 212102]",40639.14,14.5,5.73,0.01,42.22,6.28,0.16,0.92,30.17
6194,2024,2019,"[211802, 211803, 211804, 212102]",43730.87,13.44,5.98,0.26,45.47,3.82,0.17,0.87,29.99
6195,2024,2020,"[211802, 211803, 211804, 212102]",45126.9,15.18,3.98,2.05,38.03,1.73,0.21,0.66,38.18
6196,2024,2021,"[211802, 211803, 211804, 212102]",48446.0,14.39,2.09,1.17,47.04,2.59,0.16,1.84,30.74
6197,2024,2022,"[211802, 211803, 211804, 212102]",50087.66,12.93,2.35,1.26,42.89,1.5,0.0,1.24,37.82
6198,2025,2017,"[211310, 211320, 211803, 211910, 211922]",43088.95,7.15,2.96,0.0,26.72,0.02,0.5,1.28,61.36
6199,2025,2018,"[211310, 211320, 211803, 211910, 211922]",45096.1,9.33,3.81,0.0,28.44,0.0,0.52,1.2,56.69
6200,2025,2019,"[211310, 211320, 211803, 211910, 211922]",46923.98,8.75,3.68,0.0,26.37,0.0,0.52,1.59,59.08
6201,2025,2020,"[211310, 211320, 211803, 211910, 211922]",54622.92,10.47,5.02,0.0,32.7,0.01,0.53,1.46,49.8
6202,2025,2021,"[211310, 211320, 211803, 211910, 211922]",51097.8,10.42,5.67,0.0,29.49,0.0,0.0,0.3,54.11
6203,2025,2022,"[211310, 211320, 211803, 211910, 211922]",60898.58,9.23,6.42,0.0,31.61,0.0,0.0,0.25,52.49
6204,2026,2017,"[211122, 211320, 211921, 211922]",38831.57,8.13,3.15,0.74,38.29,0.0,0.37,5.5,43.8
6205,2026,2018,"[211122, 211320, 211921, 211922]",40567.43,7.82,5.7,0.67,35.61,0.0,0.67,5.75,43.77
6206,2026,2019,"[211122, 211320, 211921, 211922]",42744.01,7.26,5.3,0.86,40.98,0.14,0.0,3.82,41.65
6207,2026,2020,"[211122, 211124, 211320, 211921, 211922]",42695.81,6.29,4.83,1.03,35.12,0.12,0.0,1.25,51.37
6208,2026,2021,"[211122, 211124, 211320, 211921, 211922]",42371.9,5.14,5.14,1.11,34.2,0.15,0.51,1.28,52.47
6209,2026,2022,"[211122, 211124, 211320, 211921, 211922]",44463.35,5.69,7.02,0.38,37.4,0.31,0.59,2.41,46.21
6210,2027,2017,"[211802, 211803, 211910, 211921, 211922, 212101, 212102]",40077.31,10.61,12.29,0.0,43.86,0.74,0.2,3.76,28.55
6211,2027,2018,"[211802, 211803, 211910, 211921, 211922, 212101, 212102]",41829.59,9.82,15.67,0.69,43.87,0.8,0.15,3.5,25.51
6212,2027,2019,"[211802, 211803, 211910, 211921, 211922, 212101, 212102]",41036.21,12.78,17.63,0.35,39.27,0.73,0.17,2.85,26.22
6213,2027,2020,"[211123, 211124, 211802, 211803, 211910, 211921, 211922, 212101, 212102]",42638.33,14.22,17.6,0.49,41.4,0.0,0.89,4.0,21.4
6214,2027,2021,"[211123, 211124, 211802, 211803, 211910, 211921, 211922, 212101, 212102]",43827.66,15.31,19.07,0.73,40.17,0.18,0.78,2.88,20.89
6215,2027,2022,"[211123, 211124, 211802, 211803, 211910, 211921, 211922, 212101, 212102]",45304.39,12.5,16.58,1.13,46.86,0.14,0.94,2.35,19.48
6216,2029,2017,"[208710, 208720, 211121, 211122, 211921, 212101, 212204]",44984.77,13.85,6.33,0.16,32.53,0.36,0.02,1.35,45.4
6217,2029,2018,"[208710, 208720, 211121, 211122, 211921, 212101, 212204]",45847.69,14.89,6.81,0.13,31.0,0.37,0.03,2.0,44.78
6218,2029,2019,"[208710, 208720, 211121, 211122, 211921, 212101, 212204]",47129.92,16.08,6.87,0.17,35.46,0.0,0.01,2.24,39.17
6219,2029,2020,"[208710, 208720, 211121, 211122, 211123, 211124, 211921, 212101, 212204]",56467.77,3.67,3.97,0.15,66.35,0.17,0.0,0.45,25.24
6220,2029,2021,"[208710, 208720, 211121, 211122, 211123, 211124, 211921, 212101, 212204]",59298.32,4.44,3.29,0.62,65.59,0.0,0.0,0.72,25.33
6221,2029,2022,"[208710, 208720, 211121, 211122, 211123, 211124, 211921, 212101, 212204]",66447.79,5.86,1.34,0.33,63.86,0.0,0.16,1.24,27.21
6222,2031,2017,"[211701, 211704, 211802, 212502, 212610, 212702]",40867.04,12.14,4.03,0.0,55.43,0.0,0.42,1.62,26.36
6223,2031,2018,"[211701, 211704, 211802, 212502, 212610, 212702]",40016.44,11.65,4.29,0.0,55.52,0.0,0.44,1.71,26.4
6224,2031,2019,"[211701, 211704, 211802, 212502, 212610, 212702]",43711.6,8.14,2.62,0.0,52.41,0.0,0.36,0.47,36.0
6225,2031,2020,"[211701, 211704, 211802, 212502, 212610, 212702]",51989.21,8.04,2.33,0.0,50.69,0.0,0.59,0.77,37.57
6226,2031,2021,"[211701, 211704, 211802, 212502, 212610, 212702]",51779.06,10.42,2.33,0.0,49.21,0.0,0.67,1.54,35.83
6227,2031,2022,"[211701, 211704, 211802, 212502, 212610, 212702]",66589.06,9.59,3.41,0.0,47.14,0.0,0.69,2.09,37.08
6228,2033,2017,"[211802, 212410, 212420, 212501, 212502, 212610, 212620]",42532.33,14.21,9.12,0.21,38.33,0.01,0.0,3.18,34.95
6229,2033,2018,"[211802, 212410, 212420, 212501, 212502, 212610, 212620]",45068.66,13.92,6.96,0.07,40.98,0.01,0.0,3.9,34.16
6230,2033,2019,"[211802, 212410, 212420, 212501, 212502, 212610, 212620]",45841.8,13.86,6.23,0.08,38.34,0.01,0.0,3.37,38.11
6231,2033,2020,"[211802, 212410, 212420, 212501, 212502, 212610, 212620]",51890.14,11.27,5.68,0.09,38.89,0.0,0.0,4.26,39.81
6232,2033,2021,"[211802, 212410, 212420, 212501, 212502, 212610, 212620]",56089.49,11.74,6.69,0.1,39.74,0.0,0.0,2.9,38.83
6233,2033,2022,"[211802, 212410, 212420, 212501, 212502, 212610, 212620]",58406.53,12.07,5.75,0.07,42.28,0.0,0.29,2.53,37.01
6234,2034,2017,"[211802, 212304, 212410]",41443.69,6.87,6.37,0.03,41.38,0.01,0.17,2.2,42.97
6235,2034,2018,"[211802, 212304, 212410]",42860.93,5.21,6.49,0.01,40.97,0.03,0.24,1.49,45.56
6236,2034,2019,"[211802, 212304, 212410]",45936.58,7.16,3.92,0.01,40.03,0.02,0.22,2.87,45.77
6237,2034,2020,"[211802, 212304, 212410]",44699.84,6.76,2.03,0.02,31.83,0.03,0.0,6.6,52.75
6238,2034,2021,"[211802, 212304, 212410]",48993.93,6.95,1.52,0.01,30.59,0.02,0.0,6.76,54.14
6239,2034,2022,"[211802, 212304, 212410]",48986.5,6.93,1.58,0.0,30.05,0.01,0.01,5.02,56.39
6240,2035,2017,"[211802, 212101, 212102, 212303, 212304, 212410]",26801.3,15.73,1.87,1.01,13.29,0.0,0.0,0.01,68.09
6241,2035,2018,"[211802, 212101, 212102, 212303, 212304, 212410]",29489.07,13.48,3.77,0.39,13.23,0.44,0.0,0.83,67.87
6242,2035,2019,"[211802, 212101, 212102, 212303, 212304, 212410]",30272.32,18.0,4.61,0.38,13.55,0.38,0.0,0.71,62.36
6243,2035,2020,"[211802, 212101, 212102, 212303, 212304, 212410]",31210.06,14.73,5.66,0.42,11.2,0.71,0.0,0.89,66.38
6244,2035,2021,"[211802, 212101, 212102, 212303, 212304, 212410]",36649.09,18.46,6.97,0.38,8.44,0.56,0.0,2.06,63.13
6245,2035,2022,"[211802, 212101, 212102, 212303, 212304, 212410]",41201.43,12.83,7.7,0.0,9.44,0.29,0.35,2.9,66.49
6246,2036,2017,"[212101, 212203, 212303, 212304]",31252.02,6.53,4.13,0.0,21.05,0.0,0.61,0.54,67.15
6247,2036,2018,"[212101, 212203, 212303, 212304]",34435.42,4.78,6.98,0.0,19.0,0.0,0.43,1.52,67.3
6248,2036,2019,"[212101, 212203, 212303, 212304]",41806.0,5.08,7.01,0.44,21.69,0.0,0.47,1.91,63.39
6249,2036,2020,"[212101, 212203, 212303, 212304]",41340.15,5.86,7.25,0.38,19.39,0.0,0.29,2.79,64.05
6250,2036,2021,"[212101, 212203, 212303, 212304]",40378.6,5.42,8.08,0.35,21.11,0.23,0.63,2.67,61.51
6251,2036,2022,"[212101, 212203, 212303, 212304]",35123.04,5.34,8.11,0.41,19.36,0.23,0.0,3.72,62.82
6252,2038,2017,"[212101, 212203, 212204, 212303]",23541.38,3.24,3.64,0.0,21.14,1.23,0.56,0.57,69.63
6253,2038,2018,"[212101, 212203, 212204, 212303]",22973.1,5.4,4.15,0.0,24.82,0.84,0.64,1.41,62.76
6254,2038,2019,"[212101, 212203, 212204, 212303]",27135.86,5.25,5.71,0.0,24.68,0.65,0.79,2.26,60.67
6255,2038,2020,"[211123, 212101, 212203, 212204, 212303]",32857.96,7.54,7.29,0.0,29.68,0.82,0.0,2.38,52.29
6256,2038,2021,"[211123, 212101, 212203, 212204, 212303]",36355.57,8.64,7.25,0.01,32.66,0.0,0.0,1.85,49.59
6257,2038,2022,"[211123, 212101, 212203, 212204, 212303]",39360.6,9.35,5.59,0.0,32.83,0.0,0.0,1.72,50.51
6258,2039,2017,"[208720, 209401, 212204]",26494.79,3.34,7.04,0.51,16.5,0.0,0.0,0.23,72.38
6259,2039,2018,"[208720, 209401, 212204]",28698.69,3.89,7.44,0.38,17.94,0.0,0.0,0.27,70.08
6260,2039,2019,"[208720, 209401, 212204]",34188.94,4.63,8.5,0.47,17.55,0.0,0.0,0.72,68.13
6261,2039,2020,"[208720, 209401, 211123, 212204]",33329.84,5.66,7.15,0.56,18.42,0.0,0.0,0.69,67.52
6262,2039,2021,"[208720, 209401, 211123, 212204]",34322.33,5.76,9.23,0.0,17.21,0.0,0.0,0.68,67.11
6263,2039,2022,"[208720, 209401, 211123, 212204]",40514.65,4.34,5.36,0.0,14.56,0.0,0.0,0.82,74.93
6264,2041,2017,"[212610, 212620, 212701, 212702, 212900, 213100]",49648.7,8.67,5.86,0.0,52.59,0.0,0.0,2.23,30.65
6265,2041,2018,"[212610, 212620, 212701, 212702, 212900, 213100]",43785.04,6.73,11.7,0.0,58.01,0.0,0.0,0.68,22.89
6266,2041,2019,"[212610, 212620, 212701, 212702, 212900, 213100]",47030.38,6.97,10.05,0.0,59.43,0.0,0.0,1.27,22.27
6267,2041,2020,"[212610, 212620, 212701, 212702, 212900, 213100]",59196.29,6.52,14.13,0.0,61.53,0.0,0.0,2.06,15.75
6268,2041,2021,"[212610, 212620, 212701, 212702, 212900, 213100]",71297.13,7.6,12.59,0.27,60.77,0.0,0.0,2.27,16.5
6269,2041,2022,"[212610, 212620, 212701, 212702, 212900, 213100]",71550.99,11.6,11.06,0.22,59.73,0.0,0.0,2.45,14.94
6270,2042,2017,"[212502, 212610, 212620, 212701]",36779.13,4.8,3.58,0.0,42.4,0.0,0.19,2.71,46.33
6271,2042,2018,"[212502, 212610, 212620, 212701]",39395.24,7.63,2.64,0.0,38.82,0.0,0.19,3.48,47.23
6272,2042,2019,"[212502, 212610, 212620, 212701]",43228.55,9.31,2.79,0.0,40.2,0.0,0.17,3.5,44.04
6273,2042,2020,"[212502, 212610, 212620, 212701]",45552.39,9.47,2.52,0.0,42.93,0.0,0.0,5.16,39.93
6274,2042,2021,"[212502, 212610, 212620, 212701]",44941.26,8.07,2.66,0.0,42.32,0.0,0.0,2.84,44.09
6275,2042,2022,"[212502, 212610, 212620, 212701]",45633.92,10.97,3.42,0.0,48.41,0.0,0.0,1.22,35.97
6276,2044,2017,"[212304, 212305, 212410, 212420, 212501]",31321.17,2.31,6.04,1.24,30.5,0.25,0.37,1.27,58.03
6277,2044,2018,"[212304, 212305, 212410, 212420, 212501]",35073.87,3.51,5.99,0.87,31.65,0.36,0.51,1.41,55.69
6278,2044,2019,"[212304, 212305, 212410, 212420, 212501]",40824.06,5.18,6.8,1.16,29.73,0.0,1.52,1.43,54.18
6279,2044,2020,"[212304, 212305, 212410, 212420, 212501]",45418.84,5.85,5.35,0.0,31.07,0.0,1.44,1.64,54.65
6280,2044,2021,"[212304, 212305, 212410, 212420, 212501]",43526.79,5.09,7.0,0.0,22.6,0.0,1.66,1.45,62.2
6281,2044,2022,"[212304, 212305, 212410, 212420, 212501]",48857.88,10.17,6.54,0.0,23.14,0.0,0.76,1.85,57.54
6282,2045,2017,"[212304, 212305, 212306, 212420]",37343.83,3.14,3.11,1.11,19.63,0.0,0.18,0.74,72.08
6283,2045,2018,"[212304, 212305, 212306, 212420]",36251.15,4.06,4.59,1.27,19.07,0.0,0.19,1.12,69.7
6284,2045,2019,"[212304, 212305, 212306, 212420]",37539.84,4.34,3.27,1.45,19.64,0.0,0.23,1.08,69.98
6285,2045,2020,"[212304, 212305, 212306, 212420]",32577.26,5.38,2.76,0.01,18.08,0.0,0.23,1.97,71.57
6286,2045,2021,"[212304, 212305, 212306, 212420]",32971.14,6.11,2.89,0.0,19.88,0.0,0.21,2.19,68.72
6287,2045,2022,"[212304, 212305, 212306, 212420]",46634.46,4.91,3.19,0.0,18.07,0.0,0.22,1.42,72.19
6288,2046,2017,"[212202, 212303, 212304, 212306, 213401]",32536.25,3.29,0.89,0.85,51.31,0.0,0.0,0.88,42.76
6289,2046,2018,"[212202, 212303, 212304, 212306, 213401]",41135.95,3.58,1.38,0.83,43.38,0.0,0.0,0.42,50.42
6290,2046,2019,"[212202, 212303, 212304, 212306, 213401]",40584.61,3.68,1.04,1.02,38.14,0.0,0.0,0.18,55.93
6291,2046,2020,"[212202, 212303, 212304, 212306, 213401]",37470.04,3.13,1.14,1.05,34.23,0.0,0.0,0.73,59.72
6292,2046,2021,"[212202, 212303, 212304, 212306, 213401]",44646.33,4.23,2.16,0.0,34.2,0.0,0.0,0.66,58.76
6293,2046,2022,"[212202, 212303, 212304, 212306, 213401]",54123.72,5.71,4.17,0.0,38.05,0.0,0.0,0.64,51.43
6294,2049,2017,"[209401, 209510, 212202, 212203, 212204, 212303, 212306, 213401]",33330.66,3.47,2.66,0.0,18.99,0.0,0.0,0.01,74.86
6295,2049,2018,"[209401, 209510, 212202, 212203, 212204, 212303, 212306, 213401]",36141.48,4.48,3.24,0.0,19.22,0.0,0.0,0.01,73.04
6296,2049,2019,"[209401, 209510, 212202, 212203, 212204, 212303, 212306, 213401]",39149.66,4.56,4.72,0.0,20.89,0.0,0.01,0.01,69.81
6297,2049,2020,"[209401, 209510, 212202, 212203, 212204, 212303, 212306, 213401]",36881.22,3.7,4.98,0.0,22.33,0.0,0.0,4.29,64.69
6298,2049,2021,"[209401, 209510, 212202, 212203, 212204, 212303, 212306, 213401]",37758.16,3.5,4.85,0.0,18.19,0.0,0.0,4.54,68.92
6299,2049,2022,"[209401, 209510, 212202, 212203, 212204, 212303, 212306, 213401]",52879.64,3.05,4.26,0.0,18.81,0.0,0.0,4.51,69.38
6300,2053,2017,"[212501, 212502, 213100, 213201]",35462.87,2.08,0.81,0.0,49.07,1.96,0.45,0.21,45.41
6301,2053,2018,"[212501, 212502, 213100, 213201]",30374.65,2.72,1.45,0.0,46.5,0.0,0.0,0.63,48.7
6302,2053,2019,"[212501, 212502, 213100, 213201]",32852.9,5.17,1.21,0.0,49.16,0.0,0.0,0.72,43.74
6303,2053,2020,"[212501, 212502, 213100, 213201]",35872.14,5.15,0.97,1.61,45.31,0.0,0.0,0.78,46.18
6304,2053,2021,"[212501, 212502, 213100, 213201]",38202.93,5.6,0.74,2.03,46.97,0.0,0.0,1.52,43.14
6305,2053,2022,"[212501, 212502, 213100, 213201]",40800.0,4.69,1.55,2.06,43.34,0.0,0.0,1.11,47.25
6306,2054,2017,"[212305, 212420, 212501, 213201, 213310]",35474.97,2.03,0.81,0.0,48.96,1.96,0.45,0.21,45.58
6307,2054,2018,"[212305, 212420, 212501, 213201, 213310]",30422.61,2.68,1.45,0.0,46.42,0.0,0.0,0.62,48.83
6308,2054,2019,"[212305, 212420, 212501, 213201, 213310]",32902.59,5.13,1.22,0.01,49.08,0.0,0.01,0.71,43.85
6309,2054,2020,"[212305, 212420, 212501, 213201, 213310]",35923.33,5.11,0.98,1.6,45.27,0.0,0.01,0.77,46.25
6310,2054,2021,"[212305, 212420, 212501, 213201, 213310]",38251.64,5.56,0.75,2.03,46.89,0.0,0.01,1.51,43.25
6311,2054,2022,"[212305, 212420, 212501, 213201, 213310]",40885.31,4.67,1.55,2.06,43.29,0.0,0.0,1.1,47.32
6312,2055,2017,"[212305, 212306, 213201, 213202, 213310, 213320]",47595.03,1.35,1.43,0.0,22.98,0.0,0.0,0.0,74.24
6313,2055,2018,"[212305, 212306, 213201, 213202, 213310, 213320]",50294.05,1.49,1.04,0.0,27.75,0.0,0.0,0.0,69.72
6314,2055,2019,"[212305, 212306, 213201, 213202, 213310, 213320]",48296.05,2.03,2.22,0.76,30.64,0.0,0.0,0.0,64.35
6315,2055,2020,"[212305, 212306, 213201, 213202, 213310, 213320]",52671.31,2.16,2.56,0.77,35.89,0.0,0.0,0.0,58.61
6316,2055,2021,"[212305, 212306, 213201, 213202, 213310, 213320]",60527.86,2.68,1.89,0.87,37.79,0.0,0.0,0.0,56.76
6317,2055,2022,"[212305, 212306, 213201, 213202, 213310, 213320]",69020.84,1.32,1.17,2.55,42.28,0.0,0.0,0.0,52.68
6318,2056,2017,"[212306, 213310, 213320, 213401, 213402]",29892.58,1.45,2.44,0.0,23.47,0.12,0.0,0.0,72.51
6319,2056,2018,"[212306, 213310, 213320, 213401, 213402]",27005.81,1.42,2.1,0.0,28.23,0.16,0.0,0.0,68.09
6320,2056,2019,"[212306, 213310, 213320, 213401, 213402]",26794.45,1.34,2.51,0.0,31.39,0.2,0.0,0.0,64.55
6321,2056,2020,"[212306, 213310, 213320, 213401, 213402]",27160.5,1.22,0.99,0.0,27.75,0.0,0.0,0.0,70.04
6322,2056,2021,"[212306, 213310, 213320, 213401, 213402]",26300.78,1.07,0.98,0.0,33.79,0.0,0.0,0.0,64.17
6323,2056,2022,"[212306, 213310, 213320, 213401, 213402]",33628.17,0.55,1.1,0.0,25.75,0.0,0.0,0.0,72.6
6324,2058,2017,"[209510, 212202, 212306, 213320, 213401]",31421.71,2.6,1.81,0.0,19.56,0.0,0.05,0.97,75.0
6325,2058,2018,"[209510, 212202, 212306, 213320, 213401]",31463.23,3.83,1.9,0.0,21.26,0.0,0.06,0.32,72.64
6326,2058,2019,"[209510, 212202, 212306, 213320, 213401]",33554.18,5.46,2.7,0.0,20.97,0.0,0.06,0.19,70.62
6327,2058,2020,"[209510, 212202, 212306, 213320, 213401]",36247.23,5.19,1.96,0.0,19.48,0.0,0.04,0.27,73.04
6328,2058,2021,"[209510, 212202, 212306, 213320, 213401]",37030.63,4.34,2.38,0.0,20.09,0.0,0.0,0.06,73.14
6329,2058,2022,"[209510, 212202, 212306, 213320, 213401]",46016.62,2.43,2.08,0.0,19.27,0.0,0.0,0.07,76.15
6330,2062,2017,"[212502, 212620, 212701, 212900, 213100, 213201, 213202]",38621.34,7.7,7.33,0.33,43.85,0.0,0.0,0.34,40.45
6331,2062,2018,"[212502, 212620, 212701, 212900, 213100, 213201, 213202]",41714.5,7.56,8.09,0.0,46.3,0.0,0.0,0.41,37.64
6332,2062,2019,"[212502, 212620, 212701, 212900, 213100, 213201, 213202]",44161.98,7.6,11.46,0.0,47.84,0.0,0.0,0.21,32.89
6333,2062,2020,"[212502, 212620, 212701, 212900, 213100, 213201, 213202]",42265.4,4.25,13.89,0.0,53.27,0.0,0.0,0.01,28.57
6334,2062,2021,"[212502, 212620, 212701, 212900, 213100, 213201, 213202]",47220.58,5.21,12.23,0.14,54.4,0.0,0.0,0.08,27.95
6335,2062,2022,"[212502, 212620, 212701, 212900, 213100, 213201, 213202]",55973.42,6.55,16.19,0.21,57.53,0.0,0.0,0.07,19.45
6336,2063,2017,"[213100, 213201, 213202]",35410.14,2.67,2.38,0.0,26.79,0.01,0.0,1.43,66.72
6337,2063,2018,"[213100, 213201, 213202]",37631.63,4.07,1.39,0.0,27.01,0.0,0.0,1.9,65.64
6338,2063,2019,"[213100, 213201, 213202]",38878.78,3.28,0.66,0.0,25.85,0.0,0.0,1.95,68.26
6339,2063,2020,"[213100, 213201, 213202]",38139.3,3.11,0.65,0.01,30.67,0.0,0.41,1.37,63.78
6340,2063,2021,"[213100, 213201, 213202]",43587.85,3.67,1.15,0.01,33.47,0.0,0.39,1.23,60.08
6341,2063,2022,"[213100, 213201, 213202]",62443.46,4.57,1.62,0.01,28.67,0.0,0.38,0.92,63.83
6342,2064,2017,"[213201, 213202, 213310]",35443.45,2.66,2.38,0.0,26.77,0.01,0.0,1.43,66.75
6343,2064,2018,"[213201, 213202, 213310]",37668.5,4.06,1.39,0.0,27.0,0.0,0.0,1.89,65.65
6344,2064,2019,"[213201, 213202, 213310]",38906.38,3.27,0.67,0.0,25.86,0.0,0.0,1.94,68.26
6345,2064,2020,"[213201, 213202, 213310]",38179.77,3.11,0.65,0.01,30.68,0.0,0.41,1.37,63.77
6346,2064,2021,"[213201, 213202, 213310]",43635.9,3.67,1.15,0.01,33.47,0.0,0.39,1.23,60.08
6347,2064,2022,"[213201, 213202, 213310]",62468.24,4.56,1.61,0.01,28.7,0.0,0.38,0.92,63.81
6348,2069,2017,"[209510, 209810, 213320, 213401, 213402]",35882.71,3.61,4.75,0.0,20.97,0.0,0.0,1.24,69.43
6349,2069,2018,"[209510, 209810, 213320, 213401, 213402]",40539.37,4.44,5.34,0.0,22.85,0.0,0.0,0.51,66.85
6350,2069,2019,"[209510, 209810, 213320, 213401, 213402]",42727.89,5.01,5.2,0.0,20.68,0.02,0.0,0.82,68.26
6351,2069,2020,"[209510, 209810, 213320, 213401, 213402]",43571.11,6.26,5.97,0.0,18.29,0.02,0.0,1.12,68.35
6352,2069,2021,"[209510, 209810, 213320, 213401, 213402]",49446.72,6.01,5.23,0.0,17.36,0.02,0.0,1.18,70.2
6353,2069,2022,"[209510, 209810, 213320, 213401, 213402]",51705.75,5.98,3.42,0.0,16.41,0.02,0.0,1.25,72.91
6354,2071,2017,"[212900, 213100, 213202, 218120, 221302, 221303, 221304]",33497.19,3.25,8.35,0.13,17.94,0.0,0.0,0.39,69.94
6355,2071,2018,"[212900, 213100, 213202, 218120, 221302, 221303, 221304]",35247.78,3.74,10.28,0.12,19.44,0.0,0.0,0.5,65.91
6356,2071,2019,"[212900, 213100, 213202, 218120, 221302, 221303, 221304]",41977.81,4.19,9.19,0.0,20.73,0.0,0.23,0.39,65.27
6357,2071,2020,"[212900, 213100, 213202, 218120, 221302, 221303, 221304]",43756.97,3.61,8.56,0.0,17.41,0.0,0.14,0.53,69.75
6358,2071,2021,"[212900, 213100, 213202, 218120, 221302, 221303, 221304]",44291.91,3.97,10.49,0.0,16.18,0.0,0.2,0.4,68.75
6359,2071,2022,"[212900, 213100, 213202, 218120, 221302, 221303, 221304]",50425.52,4.59,14.78,0.0,15.38,0.0,0.23,0.33,64.69
6360,2073,2017,"[213202, 221210, 221303]",31386.87,5.8,5.18,0.42,12.83,0.0,0.0,0.46,75.3
6361,2073,2018,"[213202, 221210, 221303]",35458.41,7.08,4.78,0.42,13.46,0.0,0.0,1.02,73.23
6362,2073,2019,"[213202, 221210, 221303]",39283.52,6.96,3.95,0.0,12.33,0.0,0.0,0.72,76.03
6363,2073,2020,"[213202, 221210, 221303]",34726.56,5.37,5.25,0.0,10.41,0.0,0.0,0.71,78.27
6364,2073,2021,"[213202, 221210, 221303]",41111.23,7.22,5.37,0.0,7.77,0.0,0.0,0.74,78.9
6365,2073,2022,"[213202, 221210, 221303]",48561.61,8.18,5.99,0.0,4.73,0.0,0.0,0.47,80.62
6366,2074,2017,"[213202, 221210, 221220, 221303]",37540.69,5.19,9.04,0.0,9.76,0.0,0.27,1.16,74.58
6367,2074,2018,"[213202, 221210, 221220, 221303]",44254.25,3.68,7.4,0.0,9.44,0.0,0.28,0.65,78.55
6368,2074,2019,"[213202, 221210, 221220, 221303]",50004.84,4.54,6.2,0.0,9.33,0.0,0.0,0.95,78.97
6369,2074,2020,"[213202, 221210, 221220, 221303]",53434.09,6.59,4.31,0.0,7.95,0.0,0.0,0.6,80.55
6370,2074,2021,"[213202, 221210, 221220, 221303]",58492.85,6.76,3.95,0.0,8.08,0.0,0.24,1.07,79.9
6371,2074,2022,"[213202, 221210, 221220, 221303]",65985.97,7.97,4.8,0.0,7.71,0.0,0.32,1.8,77.39
6372,2076,2017,"[213202, 213310, 213320, 213402, 221110, 221120, 221210, 221220]",40382.38,1.32,1.43,0.0,9.33,0.0,0.0,0.19,87.73
6373,2076,2018,"[213202, 213310, 213320, 213402, 221110, 221120, 221210, 221220]",42987.57,2.38,0.6,0.0,13.5,0.0,0.0,0.0,83.52
6374,2076,2019,"[213202, 213310, 213320, 213402, 221110, 221120, 221210, 221220]",43599.72,3.29,0.39,0.0,8.04,0.0,0.0,0.0,88.28
6375,2076,2020,"[213202, 213310, 213320, 213402, 221110, 221120, 221210, 221220]",52599.32,3.25,0.31,0.0,7.77,0.0,0.0,0.25,88.42
6376,2076,2021,"[213202, 213310, 213320, 213402, 221110, 221120, 221210, 221220]",53549.91,3.2,0.48,0.0,7.1,0.0,0.0,0.45,88.78
6377,2076,2022,"[213202, 213310, 213320, 213402, 221110, 221120, 221210, 221220]",57548.63,3.99,0.51,0.0,8.48,0.0,0.0,0.47,86.55
6378,2079,2017,"[213402, 221110, 221120, 224310]",31107.61,2.6,1.9,0.0,4.56,0.0,0.0,0.0,90.93
6379,2079,2018,"[213402, 221110, 221120, 224310]",30806.51,2.51,1.0,0.0,5.02,0.0,0.0,0.0,91.47
6380,2079,2019,"[213402, 221110, 221120, 224310]",34893.59,2.12,1.39,0.0,3.77,0.0,0.0,0.0,92.72
6381,2079,2020,"[213402, 221110, 221120, 224310]",34302.92,2.6,2.22,0.0,8.72,0.0,0.0,0.0,86.46
6382,2079,2021,"[213402, 221110, 221120, 224310]",42771.44,3.96,1.79,0.0,8.86,0.45,0.0,0.0,84.93
6383,2079,2022,"[213402, 221110, 221120, 224310]",46743.14,5.23,1.56,0.0,10.1,0.69,0.0,0.01,82.42
6384,2081,2017,"[218120, 221302, 221303, 221304]",39830.12,6.7,10.35,0.0,9.88,0.0,0.0,1.02,72.05
6385,2081,2018,"[218120, 221302, 221303, 221304]",41365.76,2.33,12.43,0.0,6.94,1.84,0.0,1.25,75.21
6386,2081,2019,"[218120, 221302, 221303, 221304]",37513.01,3.34,12.93,0.0,9.57,2.32,0.0,1.28,70.55
6387,2081,2020,"[218120, 221302, 221303, 221304]",33903.18,3.71,16.89,0.0,8.38,2.7,0.0,1.33,66.99
6388,2081,2021,"[218120, 221302, 221303, 221304]",32487.06,5.56,14.64,0.0,9.33,2.05,0.0,2.08,66.33
6389,2081,2022,"[218120, 221302, 221303, 221304]",34706.99,5.0,11.53,0.0,4.98,2.06,0.0,1.41,75.03
6390,2083,2017,"[221210, 221302, 221303]",39825.13,6.71,10.34,0.0,9.86,0.0,0.0,1.02,72.07
6391,2083,2018,"[221210, 221302, 221303]",41374.38,2.34,12.4,0.0,6.92,1.84,0.0,1.25,75.24
6392,2083,2019,"[221210, 221302, 221303]",37521.31,3.35,12.91,0.0,9.54,2.32,0.0,1.28,70.59
6393,2083,2020,"[221210, 221302, 221303]",33901.53,3.72,16.87,0.0,8.35,2.7,0.0,1.33,67.03
6394,2083,2021,"[221210, 221302, 221303]",32504.42,5.58,14.61,0.0,9.3,2.05,0.0,2.08,66.38
6395,2083,2022,"[221210, 221302, 221303]",34731.3,5.01,11.5,0.0,4.95,2.06,0.0,1.41,75.08
6396,2088,2017,"[221110, 221120, 221602, 224310]",34553.51,0.74,0.07,0.0,2.83,0.0,0.0,0.0,96.35
6397,2088,2018,"[221110, 221120, 221602, 224310]",36129.01,1.59,0.07,0.0,2.46,0.0,0.0,0.0,95.88
6398,2088,2019,"[221110, 221120, 221602, 224310]",38049.54,1.63,0.16,0.0,2.2,0.0,0.0,0.0,96.01
6399,2088,2020,"[221110, 221120, 221602, 224310]",44234.13,1.38,0.17,0.0,4.62,0.0,0.0,0.03,93.8
6400,2088,2021,"[221110, 221120, 221602, 224310]",50060.54,1.1,0.86,0.0,5.9,0.0,0.0,0.1,92.04
6401,2088,2022,"[221110, 221120, 221602, 224310]",47031.13,0.84,0.79,0.0,5.97,0.0,0.0,0.17,92.23
6402,2091,2017,"[218120, 218800, 221302, 221402]",34281.7,7.28,20.09,0.0,15.06,0.0,1.5,0.77,55.3
6403,2091,2018,"[218120, 218800, 221302, 221402]",32888.32,10.44,22.73,0.0,17.33,0.01,0.44,1.46,47.59
6404,2091,2019,"[218120, 218800, 221302, 221402]",37980.96,12.03,23.81,0.0,15.24,0.01,0.45,1.93,46.54
6405,2091,2020,"[218120, 218800, 221302, 221402]",36287.8,10.45,19.72,0.12,13.54,0.01,0.91,3.35,51.9
6406,2091,2021,"[218120, 218800, 221302, 221402]",43326.95,11.7,19.23,0.34,19.54,0.01,0.64,4.17,44.36
6407,2091,2022,"[218120, 218800, 221302, 221402]",53052.53,9.48,18.72,0.29,19.56,0.01,0.58,2.87,48.49
6408,2093,2017,"[221210, 221220, 221302, 221402, 221602]",34259.04,7.27,20.07,0.0,15.06,0.0,1.5,0.77,55.33
6409,2093,2018,"[221210, 221220, 221302, 221402, 221602]",32877.6,10.44,22.71,0.0,17.33,0.0,0.44,1.46,47.63
6410,2093,2019,"[221210, 221220, 221302, 221402, 221602]",38001.45,12.03,23.78,0.0,15.23,0.0,0.45,1.92,46.58
6411,2093,2020,"[221210, 221220, 221302, 221402, 221602]",36328.3,10.45,19.68,0.12,13.53,0.0,0.91,3.34,51.97
6412,2093,2021,"[221210, 221220, 221302, 221402, 221602]",43386.36,11.7,19.19,0.34,19.53,0.0,0.64,4.17,44.42
6413,2093,2022,"[221210, 221220, 221302, 221402, 221602]",53123.55,9.48,18.69,0.29,19.56,0.0,0.59,2.87,48.52
6414,2097,2017,"[221120, 221220, 221402, 221602]",24126.19,2.24,2.52,0.37,5.97,0.0,0.0,0.0,88.9
6415,2097,2018,"[221120, 221220, 221402, 221602]",27798.49,2.98,3.83,0.0,5.34,0.0,0.0,0.82,87.03
6416,2097,2019,"[221120, 221220, 221402, 221602]",36037.06,1.79,5.0,0.0,8.38,0.0,0.0,0.72,84.1
6417,2097,2020,"[221120, 221220, 221402, 221602]",41167.96,3.61,4.74,0.0,8.74,0.0,0.0,0.96,81.95
6418,2097,2021,"[221120, 221220, 221402, 221602]",49321.38,4.04,5.04,0.0,6.91,0.0,0.0,1.28,82.73
6419,2097,2022,"[221120, 221220, 221402, 221602]",52632.81,3.55,6.46,0.0,6.53,0.0,0.0,1.1,82.37
6420,2099,2017,"[221120, 221602, 224310, 224320]",24110.29,2.24,2.52,0.37,5.93,0.0,0.0,0.0,88.93
6421,2099,2018,"[221120, 221602, 224310, 224320]",27770.69,2.98,3.84,0.0,5.29,0.0,0.0,0.82,87.08
6422,2099,2019,"[221120, 221602, 224310, 224320]",35996.5,1.78,5.01,0.0,8.35,0.0,0.0,0.72,84.13
6423,2099,2020,"[221120, 221602, 224310, 224320]",41075.78,3.6,4.75,0.0,8.72,0.0,0.0,0.95,81.97
6424,2099,2021,"[221120, 221602, 224310]",49308.27,4.03,5.05,0.0,6.91,0.0,0.0,1.28,82.74
6425,2099,2022,"[221120, 221602, 224310, 224320]",52544.83,3.53,6.45,0.0,6.51,0.0,0.0,1.09,82.41
6426,2101,2017,"[113231, 113232, 113235, 113237]",77374.0,47.28,7.62,0.02,10.57,0.0,1.35,6.91,26.25
6427,2101,2018,"[113231, 113232, 113235, 113237]",82963.27,48.58,9.12,0.02,11.95,0.0,1.4,3.7,25.23
6428,2101,2019,"[113231, 113232, 113235, 113237]",82187.27,42.02,15.29,0.02,11.35,0.0,1.08,4.41,25.82
6429,2101,2020,"[113231, 113232, 113235, 113237]",116642.43,40.3,12.86,0.0,10.86,0.0,0.66,7.87,27.46
6430,2101,2021,"[113231, 113232, 113235, 113237]",121906.18,37.88,13.42,0.0,13.91,0.0,0.71,7.34,26.73
6431,2101,2022,"[113231, 113232, 113235, 113237]",149833.86,38.79,8.82,0.0,16.9,0.0,0.32,6.77,28.4
6432,2102,2017,"[113231, 113232, 134302, 134423, 134424]",96225.71,59.17,9.49,0.0,16.96,0.0,0.0,5.71,8.67
6433,2102,2018,"[113231, 113232, 134302, 134423, 134424]",105218.17,58.67,12.83,0.0,10.73,0.0,0.0,7.3,10.48
6434,2102,2019,"[113231, 113232, 134302, 134423, 134424]",112509.0,62.92,2.61,0.0,10.99,0.0,0.0,10.77,12.72
6435,2102,2020,"[113231, 113232, 134302, 134423, 134424]",113938.02,63.3,2.73,0.0,10.51,0.0,0.0,15.42,8.04
6436,2102,2021,"[113231, 113232, 134302, 134423, 134424]",122328.95,62.96,2.38,0.0,8.97,0.0,0.0,15.91,9.78
6437,2102,2022,"[113231, 113232, 134302, 134423, 134424]",122101.49,66.31,3.93,0.0,8.2,0.0,0.0,13.14,8.42
6438,2103,2017,"[113231, 113232, 113237, 134302]",103979.46,53.3,2.56,0.0,20.0,0.0,0.0,4.69,19.45
6439,2103,2018,"[113231, 113232, 113237, 134302]",112097.02,58.35,2.17,0.0,17.8,0.0,0.0,4.29,17.39
6440,2103,2019,"[113231, 113232, 113237, 134302]",113075.59,60.83,2.97,0.0,16.03,0.0,0.23,4.57,15.36
6441,2103,2020,"[113231, 113232, 113237, 134302]",126413.54,57.54,4.55,0.0,14.49,0.0,0.25,6.86,16.31
6442,2103,2021,"[113231, 113232, 113237, 134302]",139103.87,57.75,4.08,0.0,11.62,0.0,0.2,7.18,19.16
6443,2103,2022,"[113231, 113232, 113237, 134302]",143455.69,55.29,4.18,0.0,13.7,0.0,0.17,6.64,20.01
6444,2104,2017,"[113232, 113237]",101944.72,52.83,2.95,0.0,19.28,0.0,0.1,4.86,19.98
6445,2104,2018,"[113232, 113237]",109863.21,57.6,2.69,0.0,17.36,0.0,0.11,4.24,18.0
6446,2104,2019,"[113232, 113237]",110701.64,59.38,3.92,0.0,15.68,0.0,0.3,4.55,16.17
6447,2104,2020,"[113232, 113237, 113238, 113239]",46076.16,18.88,1.67,0.9,14.25,0.32,0.0,0.12,63.87
6448,2104,2021,"[113232, 113237, 113238, 113239]",44988.9,14.86,32.02,0.54,10.31,0.46,0.0,0.12,41.68
6449,2104,2022,"[113232, 113237, 113238, 113239]",48942.7,24.71,12.58,1.05,12.2,0.42,0.0,0.7,48.35
6450,2105,2017,"[113232, 113234]",103549.42,53.06,2.58,0.01,19.98,0.0,0.01,4.66,19.71
6451,2105,2018,"[113232, 113234]",111603.26,58.07,2.18,0.01,17.8,0.0,0.01,4.26,17.67
6452,2105,2019,"[113232, 113234]",112597.5,60.56,2.98,0.0,16.05,0.0,0.24,4.53,15.63
6453,2105,2020,"[113232, 113234, 113238, 113239]",58394.18,14.78,7.97,0.0,18.74,0.0,0.39,0.98,57.14
6454,2105,2021,"[113232, 113234, 113238, 113239]",58857.82,16.6,6.28,0.0,25.67,0.0,0.59,2.84,48.02
6455,2105,2022,"[113232, 113234, 113238, 113239]",64344.87,17.55,3.63,0.0,18.14,0.0,0.67,2.9,57.1
6456,2106,2017,"[113234, 113237]",55294.28,27.13,5.56,0.86,17.22,0.0,1.3,0.94,46.98
6457,2106,2018,"[113234, 113237]",56399.36,26.65,5.11,0.58,17.47,0.0,1.29,0.98,47.92
6458,2106,2019,"[113234, 113237]",59618.66,30.8,4.34,0.0,17.93,0.0,1.2,0.85,44.87
6459,2106,2020,"[113234, 113237, 113239, 113425, 113426]",61420.94,23.53,1.64,0.01,17.73,0.0,0.01,0.75,56.33
6460,2106,2021,"[113234, 113237, 113239, 113425, 113426]",61941.26,21.15,5.05,0.0,15.85,0.0,0.0,0.43,57.51
6461,2106,2022,"[113234, 113237, 113239, 113425, 113426]",71095.44,20.72,4.78,0.01,14.78,0.0,0.0,0.33,59.38
6462,2107,2017,[113234],55274.0,27.12,5.56,0.87,17.23,0.0,1.3,0.93,47.0
6463,2107,2018,[113234],56375.0,26.63,5.11,0.58,17.48,0.0,1.29,0.98,47.95
6464,2107,2019,[113234],59598.0,30.79,4.33,0.0,17.93,0.0,1.2,0.85,44.89
6465,2107,2020,"[113234, 113238, 113239, 113425, 113427]",61543.65,23.6,1.62,0.0,17.92,0.0,0.0,0.75,56.11
6466,2107,2021,"[113234, 113238, 113239, 113425, 113427]",61956.65,21.25,4.82,0.0,16.07,0.0,0.0,0.43,57.42
6467,2107,2022,"[113234, 113238, 113239, 113425, 113427]",71205.62,20.77,4.72,0.0,14.92,0.0,0.0,0.3,59.29
6468,2111,2017,"[113231, 134302, 134421, 134422, 134423, 134424]",121173.29,68.06,4.51,0.0,15.77,0.11,0.13,3.88,7.54
6469,2111,2018,"[113231, 134302, 134421, 134422, 134423, 134424]",125694.74,66.43,3.16,0.0,17.2,0.12,0.15,4.21,8.72
6470,2111,2019,"[113231, 134302, 134421, 134422, 134423, 134424]",129454.98,66.7,4.35,0.0,16.57,0.0,0.17,5.4,6.81
6471,2111,2020,"[113231, 134302, 134421, 134422, 134423, 134424, 135205]",130709.25,69.37,3.5,0.0,16.56,0.0,0.0,4.39,6.19
6472,2111,2021,"[113231, 134302, 134421, 134422, 134423, 134424, 135205]",135203.54,66.0,2.96,0.0,19.68,0.0,0.0,4.06,7.3
6473,2111,2022,"[113231, 134302, 134421, 134422, 134423, 134424, 135205]",135799.91,66.66,1.24,0.0,19.06,0.0,0.0,5.46,7.57
6474,2113,2017,"[113231, 113232, 134302, 134303, 134304, 134423]",83271.56,52.38,1.82,0.0,14.14,0.0,0.0,3.38,28.29
6475,2113,2018,"[113231, 113232, 134302, 134303, 134304, 134423]",95866.57,53.92,1.99,0.0,13.93,0.0,0.0,2.63,27.52
6476,2113,2019,"[113231, 113232, 134302, 134303, 134304, 134423]",103736.76,45.33,1.72,0.0,20.63,0.0,0.0,2.4,29.92
6477,2113,2020,"[113231, 113232, 134302, 134303, 134304, 134423]",104466.02,41.11,0.19,0.0,24.14,0.0,0.0,0.38,34.18
6478,2113,2021,"[113231, 113232, 134302, 134303, 134304, 134423]",117854.41,39.6,0.78,0.0,25.62,0.0,0.0,1.67,32.33
6479,2113,2022,"[113231, 113232, 134302, 134303, 134304, 134423]",122524.32,38.45,2.34,0.0,21.62,0.0,0.46,3.55,33.58
6480,2114,2017,"[113232, 134302, 134304]",69916.33,40.45,4.22,0.0,23.45,0.0,1.17,1.59,29.12
6481,2114,2018,"[113232, 134302, 134304]",73182.8,36.57,3.95,0.0,25.3,0.0,4.08,1.45,28.64
6482,2114,2019,"[113232, 134302, 134304]",64211.82,32.33,7.29,0.0,22.97,0.0,4.93,1.42,31.06
6483,2114,2020,"[113232, 134302, 134304]",68485.11,35.64,5.46,0.0,22.07,0.0,6.22,3.47,27.13
6484,2114,2021,"[113232, 134302, 134304]",67561.47,33.46,5.09,0.0,19.38,0.0,2.56,3.5,36.0
6485,2114,2022,"[113232, 134302, 134304]",74933.53,34.46,5.74,0.0,14.42,0.0,3.22,3.91,38.25
6486,2115,2017,"[113232, 113234, 134201, 134304, 134305, 134306]",39256.6,5.83,0.83,0.0,6.27,0.2,0.01,0.35,86.5
6487,2115,2018,"[113232, 113234, 134201, 134304, 134305, 134306]",40474.72,6.42,1.97,0.0,6.72,0.23,0.04,0.36,84.25
6488,2115,2019,"[113232, 113234, 134201, 134304, 134305, 134306]",38020.81,6.55,1.5,0.0,8.79,0.09,0.05,0.61,82.41
6489,2115,2020,"[113232, 113234, 113238, 134201, 134304, 134305, 134306]",39939.1,9.79,2.14,0.0,7.98,0.0,0.07,0.49,79.54
6490,2115,2021,"[113232, 113234, 113238, 134201, 134304, 134305, 134306]",49663.07,9.27,2.53,0.0,7.79,0.0,0.03,0.47,79.91
6491,2115,2022,"[113232, 113234, 113238, 134201, 134304, 134305, 134306]",50650.49,8.57,4.23,0.0,7.19,0.0,0.03,1.1,78.88
6492,2118,2017,"[113234, 134103, 134104, 134201]",68593.62,29.74,5.42,0.07,14.59,1.41,0.0,0.01,48.75
6493,2118,2018,"[113234, 134103, 134104, 134201]",76344.82,32.99,4.94,0.09,15.95,1.36,0.0,0.71,43.96
6494,2118,2019,"[113234, 134103, 134104, 134201]",81898.62,32.64,6.07,0.83,11.32,1.09,0.17,1.21,46.65
6495,2118,2020,"[113234, 113427, 113428, 134103, 134104, 134201]",72542.13,27.56,4.95,0.81,8.7,0.26,0.64,2.41,54.68
6496,2118,2021,"[113234, 113427, 113428, 134103, 134104, 134201]",77503.32,28.19,4.61,0.73,7.49,0.46,0.95,4.3,53.27
6497,2118,2022,"[113234, 113427, 113428, 134103, 134104, 134201]",85104.8,26.43,5.35,0.76,11.92,0.0,1.15,3.87,50.53
6498,2125,2017,"[134201, 134304, 134305, 134306]",75251.1,28.17,4.29,0.0,13.02,0.0,1.08,2.92,50.53
6499,2125,2018,"[134201, 134304, 134305, 134306]",73512.84,29.53,7.66,0.0,13.28,0.0,2.76,2.25,44.52
6500,2125,2019,"[134201, 134304, 134305, 134306]",69245.87,25.82,6.62,0.0,12.33,0.0,0.16,1.74,53.34
6501,2125,2020,"[134201, 134304, 134305, 134306]",55250.8,15.68,7.71,0.0,19.56,0.0,0.06,3.2,53.79
6502,2125,2021,"[134201, 134304, 134305, 134306]",51344.05,14.21,7.37,0.0,18.7,0.0,0.03,4.02,55.66
6503,2125,2022,"[134201, 134304, 134305, 134306]",51575.19,17.54,6.93,0.0,21.44,0.0,0.03,1.23,52.83
6504,2126,2017,"[113234, 134001, 134002, 134103, 134201]",95523.25,30.21,2.47,0.0,15.72,0.0,0.58,1.8,49.21
6505,2126,2018,"[113234, 134001, 134002, 134103, 134201]",90466.29,29.23,2.58,0.0,14.78,0.0,0.62,2.15,50.64
6506,2126,2019,"[113234, 134001, 134002, 134103, 134201]",91709.69,29.18,2.59,0.0,13.03,0.23,0.34,2.72,51.91
6507,2126,2020,"[113234, 134001, 134002, 134103, 134201]",83250.67,26.43,1.71,0.0,23.81,0.28,0.2,2.67,44.88
6508,2126,2021,"[113234, 134001, 134002, 134103, 134201]",86223.6,27.31,2.17,0.0,27.36,0.24,0.31,2.77,39.84
6509,2126,2022,"[113234, 134001, 134002, 134103, 134201]",91991.13,19.61,1.35,0.0,31.74,0.25,0.19,1.96,44.9
6510,2128,2017,"[134101, 134103, 134104]",58648.32,20.66,6.25,0.0,28.56,0.0,0.46,3.98,40.09
6511,2128,2018,"[134101, 134103, 134104]",57405.1,24.29,5.31,0.0,30.34,0.0,0.5,1.87,37.69
6512,2128,2019,"[134101, 134103, 134104]",60638.22,21.03,6.88,0.0,27.57,0.43,0.48,1.28,42.32
6513,2128,2020,"[134101, 134103, 134104]",69514.38,16.27,4.4,0.0,38.35,0.4,0.02,1.91,38.65
6514,2128,2021,"[134101, 134103, 134104]",71983.8,17.32,2.72,0.0,40.16,0.6,0.44,2.88,35.86
6515,2128,2022,"[134101, 134103, 134104]",75200.21,17.88,2.16,0.0,36.89,0.54,0.41,2.49,39.63
6516,2129,2017,"[131600, 134101, 134103, 134104, 134720]",77023.52,19.74,5.21,0.0,28.2,0.0,2.56,2.67,41.63
6517,2129,2018,"[131600, 134101, 134103, 134104, 134720]",66357.93,18.02,4.97,0.0,22.95,0.0,3.54,2.67,47.85
6518,2129,2019,"[131600, 134101, 134103, 134104, 134720]",69475.96,18.92,2.49,0.0,20.68,0.0,3.83,2.63,51.44
6519,2129,2020,"[113423, 113424, 113428, 131600, 134101, 134103, 134104, 134720]",67825.71,17.19,3.1,0.0,20.87,0.0,0.0,0.28,58.56
6520,2129,2021,"[113423, 113424, 113428, 131600, 134101, 134103, 134104, 134720]",69665.72,19.33,3.44,0.0,22.47,0.0,0.46,0.73,53.57
6521,2129,2022,"[113423, 113424, 113428, 131600, 134101, 134103, 134104, 134720]",81411.09,17.15,1.52,0.0,28.14,0.0,0.37,0.93,51.89
6522,2131,2017,"[134421, 134424]",136250.17,69.72,1.51,0.01,18.18,0.0,0.22,4.31,6.05
6523,2131,2018,"[134421, 134424]",141830.97,69.3,0.65,0.01,20.41,0.0,0.25,3.62,5.77
6524,2131,2019,"[134421, 134424]",147648.47,67.87,1.75,0.0,18.41,0.0,0.27,5.48,6.21
6525,2131,2020,"[134421, 134424, 135205]",146504.73,81.56,0.83,2.42,10.54,0.0,0.0,2.74,1.92
6526,2131,2021,"[134421, 134424, 135205]",112208.66,69.76,1.02,2.61,22.74,0.0,0.0,3.05,0.83
6527,2131,2022,"[134421, 134424, 135205]",121387.5,67.56,0.49,2.62,24.76,0.0,0.0,2.97,1.61
6528,2132,2017,"[134421, 134422, 134424]",124322.62,76.79,1.4,2.12,10.84,0.0,0.4,1.81,6.64
6529,2132,2018,"[134421, 134422, 134424]",131290.56,76.62,3.7,2.01,7.56,0.0,0.35,3.39,6.37
6530,2132,2019,"[134421, 134422, 134424]",140340.53,76.18,2.69,0.38,9.09,0.0,0.0,4.09,7.58
6531,2132,2020,"[134421, 134422, 134424, 135204, 135205]",120217.17,62.54,2.75,0.32,13.05,0.0,0.0,11.92,9.41
6532,2132,2021,"[134421, 134422, 134424, 135204, 135205]",122045.79,60.17,3.71,0.6,12.49,0.0,0.0,12.21,10.8
6533,2132,2022,"[134421, 134422, 134424, 135204, 135205]",124781.7,58.96,3.79,0.48,13.44,0.0,0.0,12.97,10.36
6534,2133,2017,"[134302, 134303, 134421, 134422, 134423, 134424, 135102, 135201, 135202]",103378.89,64.57,1.7,0.01,18.27,0.0,0.01,2.41,13.03
6535,2133,2018,"[134302, 134303, 134421, 134422, 134423, 134424, 135102, 135201, 135202]",108905.29,62.12,2.47,0.0,18.21,0.0,0.01,2.48,14.71
6536,2133,2019,"[134302, 134303, 134421, 134422, 134423, 134424, 135102, 135201, 135202]",121109.15,55.24,3.82,0.0,21.46,0.0,0.01,3.3,16.16
6537,2133,2020,"[134302, 134303, 134421, 134422, 134423, 134424, 135102, 135201, 135202, 135204]",130107.91,57.5,4.47,0.0,18.6,0.0,0.0,3.91,15.51
6538,2133,2021,"[134302, 134303, 134421, 134422, 134423, 134424, 135102, 135201, 135202, 135204]",140947.93,57.0,3.17,0.0,19.09,0.0,0.77,3.91,16.07
6539,2133,2022,"[134302, 134303, 134421, 134422, 134423, 134424, 135102, 135201, 135202, 135204]",157566.56,55.12,3.89,0.0,20.91,0.0,1.01,4.24,14.84
6540,2134,2017,"[134302, 134303, 134304, 134422, 135102, 135111]",85548.94,37.05,3.49,0.73,12.61,0.0,0.19,2.98,42.95
6541,2134,2018,"[134302, 134303, 134304, 134422, 135102, 135111]",88609.7,34.83,4.76,1.02,14.85,0.0,0.25,2.89,41.39
6542,2134,2019,"[134302, 134303, 134304, 134422, 135102, 135111]",79027.65,38.42,1.7,0.9,14.81,0.0,0.19,4.13,39.85
6543,2134,2020,"[134302, 134303, 134304, 134422, 135102, 135111]",90407.25,42.59,0.5,0.85,15.72,0.0,0.0,1.62,38.73
6544,2134,2021,"[134302, 134303, 134304, 134422, 135102, 135111]",96290.68,42.7,0.48,0.75,14.14,0.0,0.0,1.66,40.28
6545,2134,2022,"[134302, 134303, 134304, 134422, 135102, 135111]",92533.13,45.24,0.49,0.0,12.55,0.0,0.0,2.32,39.4
6546,2136,2017,"[134201, 134303, 134304, 134306, 134521, 134522]",40513.6,8.29,2.17,0.36,4.81,0.0,1.32,1.04,82.01
6547,2136,2018,"[134201, 134303, 134304, 134306, 134521, 134522]",42750.1,9.14,2.9,0.01,4.79,0.0,0.71,0.75,81.7
6548,2136,2019,"[134201, 134303, 134304, 134306, 134521, 134522]",45301.82,9.29,2.79,0.01,3.85,0.0,0.96,1.34,81.77
6549,2136,2020,"[134201, 134303, 134304, 134306, 134521, 134522]",45441.6,16.78,2.46,0.01,4.67,0.0,0.44,1.64,74.01
6550,2136,2021,"[134201, 134303, 134304, 134306, 134521, 134522]",46184.21,16.53,2.5,0.21,4.33,0.0,1.16,0.72,74.55
6551,2136,2022,"[134201, 134303, 134304, 134306, 134521, 134522]",51021.01,12.91,1.24,0.21,7.97,0.0,0.53,0.73,76.42
6552,2137,2017,"[134001, 134002, 134201, 134521]",53324.59,14.36,1.45,0.39,8.41,0.0,0.27,1.11,74.0
6553,2137,2018,"[134001, 134002, 134201, 134521]",55134.44,18.57,0.81,0.59,6.8,0.0,0.58,0.48,72.17
6554,2137,2019,"[134001, 134002, 134201, 134521]",58454.44,22.76,2.29,0.12,12.28,0.0,0.65,0.52,61.38
6555,2137,2020,"[134001, 134002, 134201, 134521]",61500.6,19.63,3.69,0.0,10.91,0.0,0.71,3.36,61.71
6556,2137,2021,"[134001, 134002, 134201, 134521]",64164.9,21.11,5.26,0.0,9.6,0.0,1.33,6.07,56.63
6557,2137,2022,"[134001, 134002, 134201, 134521]",74018.49,18.1,5.25,0.0,8.11,0.0,0.99,5.85,61.71
6558,2138,2017,"[134002, 134103, 134104, 134201, 134710, 134720]",44449.51,13.52,2.17,0.02,12.54,0.61,0.39,1.54,69.22
6559,2138,2018,"[134002, 134103, 134104, 134201, 134710, 134720]",43841.09,15.35,2.46,0.05,14.01,0.66,0.0,1.77,65.7
6560,2138,2019,"[134002, 134103, 134104, 134201, 134710, 134720]",46167.04,14.76,2.06,0.04,14.39,1.0,0.0,1.42,66.33
6561,2138,2020,"[134002, 134103, 134104, 134201, 134710, 134720]",44557.92,14.35,5.84,0.04,17.32,0.55,0.0,1.14,60.76
6562,2138,2021,"[134002, 134103, 134104, 134201, 134710, 134720]",45223.91,15.59,5.58,0.22,12.15,0.53,0.75,1.16,64.03
6563,2138,2022,"[134002, 134103, 134104, 134201, 134710, 134720]",52886.91,15.35,4.57,0.0,13.94,0.0,0.66,1.21,64.27
6564,2139,2017,"[131701, 134101, 134104, 134710, 134720]",61364.9,23.16,4.97,0.0,21.34,0.0,1.05,2.61,46.87
6565,2139,2018,"[131701, 134101, 134104, 134710, 134720]",63492.1,23.98,6.13,0.0,15.82,0.0,1.32,2.55,50.21
6566,2139,2019,"[131701, 134101, 134104, 134710, 134720]",66634.14,19.06,5.5,0.0,21.48,0.0,1.12,6.26,46.58
6567,2139,2020,"[131701, 134101, 134104, 134710, 134720]",77891.49,16.71,5.92,0.0,13.6,0.0,4.1,2.86,56.81
6568,2139,2021,"[131701, 134101, 134104, 134710, 134720]",76948.87,16.88,3.66,0.0,21.86,0.0,4.2,3.5,49.9
6569,2139,2022,"[131701, 134101, 134104, 134710, 134720]",86342.77,21.24,4.02,0.0,17.63,0.0,3.71,3.1,50.3
6570,2141,2017,"[134421, 137302]",124676.24,77.07,1.37,1.91,10.71,0.03,0.39,2.08,6.44
6571,2141,2018,"[134421, 137302]",131640.79,76.94,3.45,1.81,7.79,0.04,0.34,3.47,6.16
6572,2141,2019,"[134421, 137302]",140835.27,76.56,2.56,0.34,8.96,0.03,0.03,3.99,7.53
6573,2141,2020,"[134421, 135204, 135205, 137302]",122858.08,62.85,4.5,0.8,14.87,0.0,0.21,4.73,12.04
6574,2141,2021,"[134421, 135204, 135205, 137302]",113447.34,59.11,3.89,0.86,18.88,0.0,0.22,5.74,11.31
6575,2141,2022,"[134421, 135204, 135205, 137302]",115590.9,61.64,4.38,0.86,15.74,0.0,0.22,3.99,13.16
6576,2142,2017,"[134422, 135201, 135202, 137301]",110556.51,59.47,2.51,0.5,15.53,0.0,3.91,3.24,14.84
6577,2142,2018,"[134422, 135201, 135202, 137301]",108501.6,58.15,2.83,0.39,15.73,0.0,4.13,3.61,15.16
6578,2142,2019,"[134422, 135201, 135202, 137301]",116322.55,57.09,3.57,0.51,15.91,0.0,4.52,4.46,13.93
6579,2142,2020,"[134422, 135201, 135202, 135204, 137301]",107699.35,59.5,5.5,0.0,13.73,0.0,0.32,4.12,16.83
6580,2142,2021,"[134422, 135201, 135202, 135204, 137301]",112285.27,64.08,5.56,0.0,13.66,0.4,1.87,3.78,10.64
6581,2142,2022,"[134422, 135201, 135202, 135204, 137301]",130143.73,61.68,7.91,1.45,13.51,0.35,2.29,2.83,9.98
6582,2143,2017,"[135102, 135201, 135202, 137301]",104016.08,55.45,9.32,2.07,15.71,0.11,0.18,2.26,14.9
6583,2143,2018,"[135102, 135201, 135202, 137301]",107430.78,55.63,9.54,0.0,16.55,0.1,0.01,2.35,15.82
6584,2143,2019,"[135102, 135201, 135202, 137301]",106592.42,56.18,10.32,0.0,16.82,0.11,0.01,4.09,12.48
6585,2143,2020,"[135102, 135201, 135202, 137301]",105876.71,57.86,7.46,0.0,13.44,0.0,0.0,4.05,17.19
6586,2143,2021,"[135102, 135201, 135202, 137301]",112860.39,63.97,3.22,0.0,11.32,0.0,0.45,5.16,15.89
6587,2143,2022,"[135102, 135201, 135202, 137301]",123499.62,64.43,2.14,0.0,9.44,0.0,0.65,4.7,18.64
6588,2144,2017,"[134303, 134422, 135102, 135111, 135201]",105633.8,58.21,4.81,0.0,17.68,0.0,0.23,1.81,17.26
6589,2144,2018,"[134303, 134422, 135102, 135111, 135201]",127701.25,63.86,4.48,0.0,11.6,0.0,0.89,2.88,16.29
6590,2144,2019,"[134303, 134422, 135102, 135111, 135201]",145282.68,61.91,5.93,0.0,10.9,0.0,1.5,3.84,15.92
6591,2144,2020,"[134303, 134422, 135102, 135111, 135201]",150036.06,62.44,9.77,0.0,8.9,0.0,1.99,2.95,13.94
6592,2144,2021,"[134303, 134422, 135102, 135111, 135201]",157595.1,59.85,9.04,0.0,9.18,0.0,1.74,3.32,16.86
6593,2144,2022,"[134303, 134422, 135102, 135111, 135201]",153731.97,53.53,8.7,0.0,12.79,0.0,1.81,4.35,18.81
6594,2145,2017,"[134303, 135102, 135111]",91334.54,49.0,3.27,0.0,22.15,0.0,0.0,2.54,23.04
6595,2145,2018,"[134303, 135102, 135111]",100939.96,47.41,3.15,0.0,26.61,0.0,0.0,1.86,20.96
6596,2145,2019,"[134303, 135102, 135111]",101601.05,44.66,2.93,0.0,20.76,0.0,0.0,2.33,29.32
6597,2145,2020,"[134303, 135102, 135111, 135115]",102585.23,49.5,2.06,0.0,15.01,0.0,0.0,3.92,29.51
6598,2145,2021,"[134303, 135102, 135111, 135115]",104110.07,46.49,3.84,0.0,14.55,0.0,0.0,5.1,30.03
6599,2145,2022,"[134303, 135102, 135111, 135115]",98550.82,42.93,3.18,0.0,16.14,0.0,0.0,3.8,33.95
6600,2146,2017,"[134001, 134303, 134520, 134521, 134522, 135111]",41542.41,10.28,3.08,0.0,8.49,0.03,0.0,0.62,77.49
6601,2146,2018,"[134001, 134303, 134520, 134521, 134522, 135111]",42178.31,11.36,2.48,0.0,9.51,0.03,0.0,1.11,75.51
6602,2146,2019,"[134001, 134303, 134520, 134521, 134522, 135111]",46245.73,11.95,2.91,0.0,10.39,0.05,0.0,1.49,73.21
6603,2146,2020,"[134001, 134303, 134520, 134521, 134522, 134907, 135111]",39710.88,12.37,1.66,0.0,10.14,0.05,0.0,1.07,74.7
6604,2146,2021,"[134001, 134303, 134520, 134521, 134522, 134907, 135111]",45843.04,11.88,1.88,0.0,10.68,0.0,0.0,1.59,73.98
6605,2146,2022,"[134001, 134303, 134520, 134521, 134522, 134907, 135111]",50386.69,12.62,2.94,0.0,12.7,0.0,0.0,1.45,70.3
6606,2147,2017,"[134001, 134002, 134520, 134521]",53376.03,14.49,1.46,0.4,8.48,0.0,0.26,1.12,73.78
6607,2147,2018,"[134001, 134002, 134520, 134521]",55093.74,18.77,0.83,0.61,6.83,0.0,0.57,0.48,71.91
6608,2147,2019,"[134001, 134002, 134520, 134521]",58344.16,23.0,2.33,0.12,12.27,0.0,0.64,0.52,61.11
6609,2147,2020,"[134001, 134002, 134520, 134521, 134801, 134906]",61579.39,19.84,3.7,0.0,11.1,0.0,0.7,3.41,61.27
6610,2147,2021,"[134001, 134002, 134520, 134521, 134801, 134906]",64248.54,21.34,5.26,0.0,9.76,0.0,1.33,6.14,56.17
6611,2147,2022,"[134001, 134002, 134520, 134521, 134801, 134906]",74130.02,18.36,5.24,0.0,8.21,0.0,1.02,5.91,61.26
6612,2148,2017,"[134002, 134710, 134720, 134904]",50971.68,18.36,3.17,0.2,14.87,0.31,0.52,2.26,60.3
6613,2148,2018,"[134002, 134710, 134720, 134904]",50735.68,19.97,3.7,0.24,13.62,0.34,0.48,1.89,59.77
6614,2148,2019,"[134002, 134710, 134720, 134904]",53444.28,19.06,3.63,0.06,15.6,0.51,0.4,2.79,57.94
6615,2148,2020,"[134002, 134710, 134720, 134801, 134802, 134904]",82749.9,26.82,0.68,0.0,31.09,0.01,0.03,1.75,39.62
6616,2148,2021,"[134002, 134710, 134720, 134801, 134802, 134904]",87580.61,28.4,1.21,0.0,28.06,0.01,0.04,1.76,40.52
6617,2148,2022,"[134002, 134710, 134720, 134801, 134802, 134904]",96750.99,29.47,2.09,0.0,21.63,0.0,3.11,3.04,40.66
6618,2149,2017,"[133000, 134720]",61372.9,23.17,4.97,0.0,21.33,0.0,1.05,2.6,46.87
6619,2149,2018,"[133000, 134720]",63510.39,23.98,6.13,0.0,15.81,0.0,1.32,2.55,50.21
6620,2149,2019,"[133000, 134720]",66650.57,19.06,5.5,0.0,21.48,0.0,1.12,6.27,46.57
6621,2149,2020,"[133000, 134720, 134801, 134802]",88665.25,27.16,5.79,0.0,21.24,0.0,0.05,3.05,42.7
6622,2149,2021,"[133000, 134720, 134801, 134802]",92475.99,30.37,4.27,0.0,20.34,0.0,0.05,3.92,41.04
6623,2149,2022,"[133000, 134720, 134801, 134802]",84015.39,26.24,5.84,0.0,18.38,0.0,0.05,6.05,43.44
6624,2155,2017,"[135102, 135111, 135113]",72332.58,51.8,7.36,0.29,15.93,1.06,0.0,8.98,14.58
6625,2155,2018,"[135102, 135111, 135113]",76157.12,48.97,7.29,0.27,13.86,1.28,0.79,8.49,19.06
6626,2155,2019,"[135102, 135111, 135113]",85839.36,47.78,4.65,0.34,20.78,1.17,1.0,5.55,18.73
6627,2155,2020,"[135102, 135111, 135113, 135115, 137202]",79778.48,49.71,3.56,0.0,22.95,0.77,0.4,3.81,18.79
6628,2155,2021,"[135102, 135111, 135113, 135115, 137202]",90234.16,42.31,6.37,0.0,24.18,0.61,0.23,4.53,21.77
6629,2155,2022,"[135102, 135111, 135113, 135115, 137202]",98327.39,44.23,5.71,0.0,29.21,0.0,0.36,2.85,17.64
6630,2156,2017,"[134520, 135111, 135113]",72424.19,51.65,7.3,0.29,16.01,1.05,0.0,8.9,14.82
6631,2156,2018,"[134520, 135111, 135113]",76249.65,48.8,7.22,0.27,14.07,1.26,0.78,8.4,19.2
6632,2156,2019,"[134520, 135111, 135113]",85738.96,47.59,4.61,0.34,20.81,1.15,0.98,5.5,19.01
6633,2156,2020,"[134520, 135111, 135113, 135115, 135116]",55238.95,56.92,5.99,0.0,14.93,0.38,0.2,1.17,20.42
6634,2156,2021,"[134520, 135111, 135113, 135115, 135116]",77836.54,51.27,4.47,0.0,10.43,0.31,0.11,6.89,26.52
6635,2156,2022,"[134520, 135111, 135113, 135115, 135116]",78778.48,56.16,4.71,0.3,12.04,0.0,0.18,9.17,17.44
6636,2157,2017,"[134001, 134002, 134520, 134901, 134904]",48969.71,28.04,3.67,1.3,9.92,0.0,0.0,5.31,51.76
6637,2157,2018,"[134001, 134002, 134520, 134901, 134904]",44807.22,26.63,4.37,1.26,9.52,0.0,0.44,1.47,56.3
6638,2157,2019,"[134001, 134002, 134520, 134901, 134904]",49888.16,31.38,5.71,0.27,6.92,0.0,0.27,0.77,54.69
6639,2157,2020,"[134001, 134002, 134520, 134801, 134802, 134901, 134904, 134906, 134907]",64568.69,26.77,5.62,0.0,17.83,0.0,0.36,3.77,45.66
6640,2157,2021,"[134001, 134002, 134520, 134801, 134802, 134901, 134904, 134906, 134907]",78754.6,27.37,5.63,0.63,17.18,0.0,0.29,5.1,43.8
6641,2157,2022,"[134001, 134002, 134520, 134801, 134802, 134901, 134904, 134906, 134907]",81332.85,26.21,5.88,0.57,16.32,0.0,0.13,4.87,46.02
6642,2158,2017,"[134520, 134904, 134905, 135113, 137104, 139301]",76166.59,58.39,7.61,0.03,13.83,0.0,0.0,6.29,13.85
6643,2158,2018,"[134520, 134904, 134905, 135113, 137104, 139301]",79055.37,55.59,12.45,0.03,14.23,0.0,0.01,5.56,12.12
6644,2158,2019,"[134520, 134904, 134905, 135113, 137104, 139301]",83329.53,56.68,11.03,0.01,14.37,0.0,0.01,3.66,14.25
6645,2158,2020,"[134520, 134904, 134905, 134907, 135113, 135116, 137104, 139301]",78118.07,47.82,22.94,0.0,13.73,0.0,0.05,3.72,11.74
6646,2158,2021,"[134520, 134904, 134905, 134907, 135113, 135116, 137104, 139301]",85944.64,49.27,21.12,0.13,14.51,0.74,0.04,3.75,10.44
6647,2158,2022,"[134520, 134904, 134905, 134907, 135113, 135116, 137104, 139301]",99427.83,43.33,22.67,0.12,12.19,0.67,0.01,4.34,16.68
6648,2159,2017,"[134901, 134904]",68440.36,68.91,3.9,0.0,8.3,0.0,0.84,3.76,14.28
6649,2159,2018,"[134901, 134904]",68378.81,60.72,3.78,0.0,6.83,0.0,0.61,1.99,26.07
6650,2159,2019,"[134901, 134904]",74121.72,59.01,5.25,0.0,8.53,0.0,0.67,2.01,24.53
6651,2159,2020,"[134802, 134901, 134904]",87901.2,60.51,6.84,0.0,10.36,0.0,0.72,3.05,18.52
6652,2159,2021,"[134802, 134901, 134904]",71814.02,61.35,1.36,0.0,7.29,0.0,0.0,2.5,27.5
6653,2159,2022,"[134802, 134901, 134904]",78700.61,53.84,1.2,0.0,6.3,0.0,0.0,3.09,35.57
6654,2161,2017,"[137000, 137301, 137302]",128082.65,79.21,1.2,0.0,9.88,0.27,0.24,4.47,4.72
6655,2161,2018,"[137000, 137301, 137302]",134967.55,79.41,1.2,0.0,10.19,0.41,0.23,4.15,4.4
6656,2161,2019,"[137000, 137301, 137302]",145281.91,79.5,1.46,0.0,8.2,0.31,0.27,3.17,7.08
6657,2161,2020,"[135204, 135205, 137000, 137301, 137302, 800206]",146963.9,80.46,3.32,0.03,3.95,0.0,0.2,3.12,8.92
6658,2161,2021,"[135204, 135205, 137000, 137301, 137302, 800206]",154458.36,78.7,3.46,0.03,5.23,0.0,0.2,2.24,10.14
6659,2161,2022,"[135204, 135205, 137000, 137301, 137302, 800206]",166933.29,76.71,4.93,0.03,4.88,0.0,0.0,1.39,12.06
6660,2162,2017,"[135102, 135201, 135202, 137000, 137301, 137302]",147147.94,63.06,3.08,0.05,15.9,0.0,0.13,4.52,13.27
6661,2162,2018,"[135102, 135201, 135202, 137000, 137301, 137302]",152054.84,71.43,3.28,0.04,7.7,0.0,0.09,6.06,11.39
6662,2162,2019,"[135102, 135201, 135202, 137000, 137301, 137302]",156129.36,73.9,3.71,0.09,6.19,0.0,0.14,8.44,7.54
6663,2162,2020,"[135102, 135201, 135202, 135204, 137000, 137203, 137301, 137302]",165880.84,74.33,2.01,0.04,5.77,0.0,0.13,10.73,6.97
6664,2162,2021,"[135102, 135201, 135202, 135204, 137000, 137203, 137301, 137302]",168554.03,79.68,0.68,0.0,5.18,0.0,0.57,8.66,5.21
6665,2162,2022,"[135102, 135201, 135202, 135204, 137000, 137203, 137301, 137302]",181284.41,75.83,0.02,0.0,5.58,0.0,3.21,9.04,6.32
6666,2169,2017,"[134901, 134904, 134905, 137104, 139301]",98326.81,66.07,4.4,0.0,13.8,0.0,0.01,2.69,13.02
6667,2169,2018,"[134901, 134904, 134905, 137104, 139301]",104881.22,61.66,5.06,0.0,16.22,0.0,0.01,3.02,14.02
6668,2169,2019,"[134901, 134904, 134905, 137104, 139301]",125855.2,64.9,7.27,0.0,7.77,0.0,0.01,5.75,14.3
6669,2169,2020,"[134901, 134904, 134905, 137104, 139301]",150802.06,54.71,6.48,0.0,11.57,0.0,0.01,13.75,13.48
6670,2169,2021,"[134901, 134904, 134905, 137104, 139301]",155302.11,58.2,4.96,0.0,6.48,0.0,2.83,12.37,15.16
6671,2169,2022,"[134901, 134904, 134905, 137104, 139301]",174729.81,61.53,2.29,0.0,6.36,0.0,2.01,12.99,14.83
6672,2172,2017,"[137000, 137301, 137302, 800204]",103807.86,75.7,5.29,0.44,5.71,0.1,0.67,2.95,9.13
6673,2172,2018,"[137000, 137301, 137302, 800204]",115449.99,75.22,6.02,0.48,6.41,0.12,0.88,3.19,7.67
6674,2172,2019,"[137000, 137301, 137302, 800204]",123588.58,75.02,5.01,0.45,8.6,0.12,0.57,2.61,7.62
6675,2172,2020,"[137000, 137301, 137302, 800204, 800206]",106999.61,75.7,5.51,0.42,7.71,0.19,0.14,2.23,8.1
6676,2172,2021,"[137000, 137301, 137302, 800204, 800206]",95268.75,74.14,2.94,0.63,9.7,0.2,0.47,2.14,9.78
6677,2172,2022,"[137000, 137301, 137302, 800204, 800206]",108351.68,68.61,3.28,0.0,10.6,0.08,0.62,3.1,13.72
6678,2173,2017,"[137000, 137301]",103752.76,75.71,5.29,0.44,5.7,0.1,0.67,2.95,9.14
6679,2173,2018,"[137000, 137301]",115404.33,75.22,6.03,0.48,6.41,0.12,0.88,3.19,7.67
6680,2173,2019,"[137000, 137301]",123544.07,75.01,5.01,0.45,8.6,0.12,0.57,2.61,7.62
6681,2173,2020,"[137000, 137203, 137301]",106902.53,75.69,5.52,0.42,7.72,0.19,0.14,2.22,8.11
6682,2173,2021,"[137000, 137203, 137301]",95145.14,74.12,2.94,0.63,9.71,0.2,0.47,2.14,9.79
6683,2173,2022,"[137000, 137203, 137301]",108230.84,68.6,3.28,0.0,10.61,0.08,0.62,3.1,13.73
6684,2175,2017,"[135102, 135113, 137000, 137301]",101298.38,59.45,5.39,0.15,15.26,0.32,0.21,4.41,14.81
6685,2175,2018,"[135102, 135113, 137000, 137301]",114350.86,62.16,5.35,0.15,10.99,0.39,0.76,4.98,15.23
6686,2175,2019,"[135102, 135113, 137000, 137301]",126540.75,61.26,5.14,0.17,12.8,0.35,1.05,4.78,14.44
6687,2175,2020,"[135102, 135113, 137000, 137202, 137203, 137301]",85190.14,48.04,6.59,0.0,16.68,0.0,0.0,6.21,22.48
6688,2175,2021,"[135102, 135113, 137000, 137202, 137203, 137301]",91616.61,48.74,8.24,0.0,14.25,0.0,0.0,6.65,22.11
6689,2175,2022,"[135102, 135113, 137000, 137202, 137203, 137301]",98541.29,48.07,7.29,0.0,13.72,0.0,0.0,8.16,22.76
6690,2177,2017,"[134905, 135113, 137103, 137104, 139301]",94507.8,68.03,2.13,0.0,8.41,0.0,0.3,7.76,13.36
6691,2177,2018,"[134905, 135113, 137103, 137104, 139301]",97589.45,67.37,2.78,0.09,9.13,0.0,0.69,4.01,15.93
6692,2177,2019,"[134905, 135113, 137103, 137104, 139301]",102225.49,67.53,2.13,0.11,10.66,0.0,0.66,3.97,14.93
6693,2177,2020,"[134905, 135113, 137103, 137104, 137202, 139301]",107232.42,68.93,2.59,0.1,9.7,0.0,0.42,4.63,13.63
6694,2177,2021,"[134905, 135113, 137103, 137104, 137202, 139301]",112085.49,68.43,3.39,0.14,9.77,0.0,0.45,4.29,13.54
6695,2177,2022,"[134905, 135113, 137103, 137104, 137202, 139301]",96713.82,66.12,3.58,0.12,7.61,0.0,0.43,7.72,14.42
6696,2183,2017,"[137000, 137401, 137402, 800101, 800204]",90725.78,82.24,0.64,0.01,6.89,0.0,0.0,1.3,8.92
6697,2183,2018,"[137000, 137401, 137402, 800101, 800204]",100918.9,82.9,3.11,0.01,4.8,0.0,0.96,0.3,7.92
6698,2183,2019,"[137000, 137401, 137402, 800101, 800204]",116078.24,74.91,3.1,0.0,5.07,0.0,0.78,2.06,14.08
6699,2183,2020,"[137000, 137203, 137401, 137402, 800101, 800204]",125575.27,64.87,13.71,0.0,5.36,0.0,1.37,2.76,11.93
6700,2183,2021,"[137000, 137203, 137401, 137402, 800101, 800204]",124753.51,64.06,15.05,0.0,5.36,0.0,0.75,2.28,12.49
6701,2183,2022,"[137000, 137203, 137401, 137402, 800101, 800204]",144921.72,62.8,15.12,0.0,4.12,0.0,0.59,5.93,11.44
6702,2185,2017,"[137401, 137402, 137502, 138000, 800101]",108463.29,66.81,5.31,0.71,11.77,0.0,0.0,2.96,12.44
6703,2185,2018,"[137401, 137402, 137502, 138000, 800101]",109805.95,70.66,4.5,0.68,9.41,0.0,0.0,2.72,12.03
6704,2185,2019,"[137401, 137402, 137502, 138000, 800101]",125758.58,71.37,1.82,0.0,8.85,0.0,0.0,2.65,15.3
6705,2185,2020,"[137202, 137203, 137401, 137402, 137502, 138000, 800101]",123039.63,72.86,2.22,0.0,5.46,0.0,0.61,2.65,16.2
6706,2185,2021,"[137202, 137203, 137401, 137402, 137502, 138000, 800101]",131763.42,71.96,4.92,0.0,5.38,0.0,0.55,3.16,14.03
6707,2185,2022,"[137202, 137203, 137401, 137402, 137502, 138000, 800101]",143607.87,72.52,4.4,0.0,3.34,0.0,1.31,3.37,15.05
6708,2187,2017,"[137103, 137104, 137401, 137501, 137502, 138000]",96889.6,67.21,10.67,0.0,3.84,0.0,0.0,5.04,13.23
6709,2187,2018,"[137103, 137104, 137401, 137501, 137502, 138000]",99765.88,65.2,11.37,0.58,5.71,0.0,0.01,5.91,11.22
6710,2187,2019,"[137103, 137104, 137401, 137501, 137502, 138000]",99718.71,68.46,7.82,0.76,6.77,0.0,0.01,5.62,10.57
6711,2187,2020,"[137103, 137104, 137202, 137401, 137501, 137502, 138000]",99851.19,62.08,7.31,0.82,8.74,0.0,2.92,2.78,15.35
6712,2187,2021,"[137103, 137104, 137202, 137401, 137501, 137502, 138000]",103774.19,58.27,7.12,0.83,8.8,0.0,5.75,5.03,14.21
6713,2187,2022,"[137103, 137104, 137202, 137401, 137501, 137502, 138000]",129067.02,58.22,0.93,0.83,9.71,0.0,8.68,6.92,14.71
6714,2189,2017,"[137104, 137501, 137502, 137504, 138000, 139301, 139402]",74316.29,62.06,5.29,0.43,9.63,0.0,0.0,4.07,18.53
6715,2189,2018,"[137104, 137501, 137502, 137504, 138000, 139301, 139402]",85374.4,61.77,7.54,0.15,6.18,0.0,0.01,4.27,20.08
6716,2189,2019,"[137104, 137501, 137502, 137504, 138000, 139301, 139402]",92462.16,64.61,6.8,0.0,6.65,0.0,0.01,4.06,17.87
6717,2189,2020,"[137104, 137501, 137502, 137504, 138000, 139301, 139402]",94127.66,63.49,5.56,0.0,14.7,0.0,0.0,5.37,10.88
6718,2189,2021,"[137104, 137501, 137502, 137504, 138000, 139301, 139402]",97263.88,64.32,4.51,0.0,14.75,0.0,0.02,5.62,10.79
6719,2189,2022,"[137104, 137501, 137502, 137504, 138000, 139301, 139402]",113010.97,59.54,4.25,0.0,20.57,0.0,0.01,5.55,10.08
6720,2196,2017,"[137401, 137501, 137502, 137504, 138000]",119617.96,75.48,4.69,0.18,6.23,0.0,0.18,2.29,10.96
6721,2196,2018,"[137401, 137501, 137502, 137504, 138000]",128063.59,72.94,6.94,0.24,7.11,0.0,0.0,4.36,8.4
6722,2196,2019,"[137401, 137501, 137502, 137504, 138000]",127986.09,72.1,7.35,0.21,7.71,0.0,0.0,4.97,7.66
6723,2196,2020,"[137401, 137501, 137502, 137504, 138000]",145942.36,74.44,6.24,0.0,4.58,0.73,0.0,6.79,7.22
6724,2196,2021,"[137401, 137501, 137502, 137504, 138000]",140664.47,74.68,5.2,0.0,3.48,0.78,0.01,7.38,8.45
6725,2196,2022,"[137401, 137501, 137502, 137504, 138000]",130870.02,79.11,2.95,0.0,3.73,0.76,0.01,7.49,5.94
6726,2197,2017,"[137501, 137504, 138000, 139402, 139802]",174737.53,91.48,1.39,0.0,2.04,0.0,0.01,1.76,3.33
6727,2197,2018,"[137501, 137504, 138000, 139402, 139802]",158189.14,90.97,0.94,1.29,1.68,0.0,0.01,1.95,3.15
6728,2197,2019,"[137501, 137504, 138000, 139402, 139802]",143840.22,87.32,1.04,1.01,2.77,0.0,0.01,2.98,4.87
6729,2197,2020,"[137501, 137504, 138000, 139402, 139802]",159332.11,79.62,0.74,0.77,2.57,0.0,0.01,4.59,11.71
6730,2197,2021,"[137501, 137504, 138000, 139402, 139802]",175040.46,73.18,3.01,0.59,4.94,0.0,0.01,3.28,14.99
6731,2197,2022,"[137501, 137504, 138000, 139402, 139802]",203513.55,65.68,5.59,0.6,6.5,0.0,0.01,5.33,16.29
6732,2198,2017,"[137401, 137504, 138000, 800101]",119506.29,75.45,4.69,0.18,6.25,0.0,0.18,2.29,10.98
6733,2198,2018,"[137401, 137504, 138000, 800101]",128017.77,72.91,6.95,0.24,7.13,0.0,0.0,4.36,8.41
6734,2198,2019,"[137401, 137504, 138000, 800101]",127982.09,72.07,7.36,0.21,7.72,0.0,0.0,4.98,7.66
6735,2198,2020,"[137401, 137504, 138000, 800101, 800103]",145930.06,74.43,6.25,0.0,4.59,0.73,0.0,6.79,7.21
6736,2198,2021,"[137401, 137504, 138000, 800101, 800103]",140600.7,74.68,5.2,0.0,3.49,0.78,0.0,7.39,8.45
6737,2198,2022,"[137401, 137504, 138000, 800101, 800103]",130700.26,79.15,2.94,0.0,3.72,0.77,0.0,7.5,5.92
6738,2199,2017,"[137504, 138000, 139802, 980019]",175202.69,91.6,1.38,0.0,2.0,0.0,0.0,1.74,3.28
6739,2199,2018,"[137504, 138000, 139802, 980019]",158450.06,91.13,0.92,1.3,1.62,0.0,0.0,1.93,3.1
6740,2199,2019,"[137504, 138000, 139802, 980019]",143895.02,87.47,0.99,1.02,2.71,0.0,0.0,2.97,4.83
6741,2199,2020,"[137504, 138000, 139802, 800103, 980019]",159438.25,79.65,0.69,0.78,2.52,0.0,0.0,4.61,11.76
6742,2199,2021,"[137504, 138000, 139802, 800103, 980019]",175080.1,73.18,2.98,0.59,4.91,0.0,0.0,3.27,15.07
6743,2199,2022,"[137504, 138000, 139802, 800103, 980019]",203699.88,65.59,5.59,0.6,6.47,0.0,0.0,5.34,16.4
