,Census_Tract_ID,Census_Tract_Area,Census_Tract_Length,Reporting_District_ID,Reporting_District_Name,Reporting_District_Length,Reporting_District_Area,Intersecting_Area_SqF
0,101110,12295621.353339376,15083.854287367758,1619,LAPD FOOTHILL 1619,67389.69443536662,132176430.25031577,2054
1,101122,28457743.575427715,31671.455843553864,1619,LAPD FOOTHILL 1619,67389.69443536662,132176430.25031577,23470924
2,101300,27773766.076139838,29384.86060157467,1619,LAPD FOOTHILL 1619,67389.69443536662,132176430.25031577,522973
3,103101,21846686.86044897,25422.127636915837,1619,LAPD FOOTHILL 1619,67389.69443536662,132176430.25031577,9143
4,300301,66719773.3859832,42030.08785455583,1619,LAPD FOOTHILL 1619,67389.69443536662,132176430.25031577,16625
5,930400,16085124831.124014,945040.664101855,1619,LAPD FOOTHILL 1619,67389.69443536662,132176430.25031577,1476136
6,980026,149614439.50981995,102765.53512491619,1619,LAPD FOOTHILL 1619,67389.69443536662,132176430.25031577,106629195
7,101110,12295621.353339376,15083.854287367758,1637,LAPD FOOTHILL 1637,16517.32233795819,13373711.177018987,2526
8,101122,28457743.575427715,31671.455843553864,1637,LAPD FOOTHILL 1637,16517.32233795819,13373711.177018987,3953
9,103101,21846686.86044897,25422.127636915837,1637,LAPD FOOTHILL 1637,16517.32233795819,13373711.177018987,36489
10,103102,13357089.84417399,16530.394260844285,1637,LAPD FOOTHILL 1637,16517.32233795819,13373711.177018987,13325101
11,103201,21039344.777620792,18231.16937560696,1637,LAPD FOOTHILL 1637,16517.32233795819,13373711.177018987,178
12,103402,11829767.980315603,14650.197628715025,1637,LAPD FOOTHILL 1637,16517.32233795819,13373711.177018987,704
13,101110,12295621.353339376,15083.854287367758,1638,LAPD FOOTHILL 1638,15060.951670332359,12286250.576201616,12261364
14,101122,28457743.575427715,31671.455843553864,1638,LAPD FOOTHILL 1638,15060.951670332359,12286250.576201616,11914
15,101221,3811999.6702340813,9161.710543244892,1638,LAPD FOOTHILL 1638,15060.951670332359,12286250.576201616,472
16,103102,13357089.84417399,16530.394260844285,1638,LAPD FOOTHILL 1638,15060.951670332359,12286250.576201616,8017
17,101110,12295621.353339376,15083.854287367758,1639,LAPD FOOTHILL 1639,8917.049208710627,4879139.289888671,225
18,101122,28457743.575427715,31671.455843553864,1639,LAPD FOOTHILL 1639,8917.049208710627,4879139.289888671,4874240
19,101220,7522092.633087869,12698.783810231038,1639,LAPD FOOTHILL 1639,8917.049208710627,4879139.289888671,989
20,101300,27773766.076139838,29384.86060157467,1639,LAPD FOOTHILL 1639,8917.049208710627,4879139.289888671,734
21,980026,149614439.50981995,102765.53512491619,1639,LAPD FOOTHILL 1639,8917.049208710627,4879139.289888671,1139
22,101110,12295621.353339376,15083.854287367758,1656,LAPD FOOTHILL 1656,34324.05812069699,40617320.636899255,5745
23,101400,67915323.05888298,42668.928985777464,1656,LAPD FOOTHILL 1656,34324.05812069699,40617320.636899255,1677796
24,102107,139083341.10495937,63679.43426946343,1656,LAPD FOOTHILL 1656,34324.05812069699,40617320.636899255,12122980
25,103102,13357089.84417399,16530.394260844285,1656,LAPD FOOTHILL 1656,34324.05812069699,40617320.636899255,14256
26,103201,21039344.777620792,18231.16937560696,1656,LAPD FOOTHILL 1656,34324.05812069699,40617320.636899255,15835
27,103300,66105765.827515356,37338.68631657402,1656,LAPD FOOTHILL 1656,34324.05812069699,40617320.636899255,37701
28,103401,15085817.311547711,20468.599514876587,1656,LAPD FOOTHILL 1656,34324.05812069699,40617320.636899255,14918074
29,103402,11829767.980315603,14650.197628715025,1656,LAPD FOOTHILL 1656,34324.05812069699,40617320.636899255,11810653
30,101110,12295621.353339376,15083.854287367758,1657,LAPD FOOTHILL 1657,12082.16041142509,7019536.346352651,17359
31,101220,7522092.633087869,12698.783810231038,1657,LAPD FOOTHILL 1657,12082.16041142509,7019536.346352651,17167
32,101221,3811999.6702340813,9161.710543244892,1657,LAPD FOOTHILL 1657,12082.16041142509,7019536.346352651,3803798
33,101222,3191370.8544584266,9980.600461083694,1657,LAPD FOOTHILL 1657,12082.16041142509,7019536.346352651,3178627
34,101110,12295621.353339376,15083.854287367758,1658,LAPD FOOTHILL 1658,12640.335870920087,7488825.7891950095,1858
35,101122,28457743.575427715,31671.455843553864,1658,LAPD FOOTHILL 1658,12640.335870920087,7488825.7891950095,3352
36,101220,7522092.633087869,12698.783810231038,1658,LAPD FOOTHILL 1658,12640.335870920087,7488825.7891950095,7469613
37,101300,27773766.076139838,29384.86060157467,1658,LAPD FOOTHILL 1658,12640.335870920087,7488825.7891950095,9056
38,101400,67915323.05888298,42668.928985777464,1658,LAPD FOOTHILL 1658,12640.335870920087,7488825.7891950095,2150
39,101110,12295621.353339376,15083.854287367758,1668,LAPD FOOTHILL 1668,45044.154543612705,65942273.48560645,2
40,101220,7522092.633087869,12698.783810231038,1668,LAPD FOOTHILL 1668,45044.154543612705,65942273.48560645,6424
41,101221,3811999.6702340813,9161.710543244892,1668,LAPD FOOTHILL 1668,45044.154543612705,65942273.48560645,6331
42,101222,3191370.8544584266,9980.600461083694,1668,LAPD FOOTHILL 1668,45044.154543612705,65942273.48560645,11564
43,101300,27773766.076139838,29384.86060157467,1668,LAPD FOOTHILL 1668,45044.154543612705,65942273.48560645,199177
44,101400,67915323.05888298,42668.928985777464,1668,LAPD FOOTHILL 1668,45044.154543612705,65942273.48560645,65532149
45,103401,15085817.311547711,20468.599514876587,1668,LAPD FOOTHILL 1668,45044.154543612705,65942273.48560645,148092
46,103402,11829767.980315603,14650.197628715025,1668,LAPD FOOTHILL 1668,45044.154543612705,65942273.48560645,14182
47,101122,28457743.575427715,31671.455843553864,1618,LAPD FOOTHILL 1618,41884.290146818625,47088450.97206589,26965
48,103101,21846686.86044897,25422.127636915837,1618,LAPD FOOTHILL 1618,41884.290146818625,47088450.97206589,21459078
49,103201,21039344.777620792,18231.16937560696,1618,LAPD FOOTHILL 1618,41884.290146818625,47088450.97206589,3763
50,103202,50999127.734168455,45719.36855244339,1618,LAPD FOOTHILL 1618,41884.290146818625,47088450.97206589,9496
51,930400,16085124831.124014,945040.664101855,1618,LAPD FOOTHILL 1618,41884.290146818625,47088450.97206589,278024
52,980026,149614439.50981995,102765.53512491619,1618,LAPD FOOTHILL 1618,41884.290146818625,47088450.97206589,25294509
53,101122,28457743.575427715,31671.455843553864,1659,LAPD FOOTHILL 1659,21178.367512153,20635023.5162115,56035
54,101220,7522092.633087869,12698.783810231038,1659,LAPD FOOTHILL 1659,21178.367512153,20635023.5162115,25091
55,101300,27773766.076139838,29384.86060157467,1659,LAPD FOOTHILL 1659,21178.367512153,20635023.5162115,20475919
56,300301,66719773.3859832,42030.08785455583,1659,LAPD FOOTHILL 1659,21178.367512153,20635023.5162115,5780
57,300400,21619992.059675954,23832.1063694315,1659,LAPD FOOTHILL 1659,21178.367512153,20635023.5162115,185
58,980026,149614439.50981995,102765.53512491619,1659,LAPD FOOTHILL 1659,21178.367512153,20635023.5162115,64197
59,101300,27773766.076139838,29384.86060157467,1669,LAPD FOOTHILL 1669,13864.167956519876,6503231.203328219,6495242
60,101400,67915323.05888298,42668.928985777464,1669,LAPD FOOTHILL 1669,13864.167956519876,6503231.203328219,4944
61,300400,21619992.059675954,23832.1063694315,1669,LAPD FOOTHILL 1669,13864.167956519876,6503231.203328219,552
62,101300,27773766.076139838,29384.86060157467,1679,LAPD FOOTHILL 1679,49222.433875619034,88092315.66523862,58756
63,101400,67915323.05888298,42668.928985777464,1679,LAPD FOOTHILL 1679,49222.433875619034,88092315.66523862,494738
64,102107,139083341.10495937,63679.43426946343,1679,LAPD FOOTHILL 1679,49222.433875619034,88092315.66523862,16806238
65,300701,144319238.1419944,64594.01276040159,1679,LAPD FOOTHILL 1679,49222.433875619034,88092315.66523862,33
66,310100,141177853.01433355,57403.225542835375,1679,LAPD FOOTHILL 1679,49222.433875619034,88092315.66523862,207
67,980020,91832045.7224736,60535.73130130378,1679,LAPD FOOTHILL 1679,49222.433875619034,88092315.66523862,70699648
68,101400,67915323.05888298,42668.928985777464,1667,LAPD FOOTHILL 1667,41958.33232330342,77536930.5077613,178486
69,102107,139083341.10495937,63679.43426946343,1667,LAPD FOOTHILL 1667,41958.33232330342,77536930.5077613,77306054
70,103300,66105765.827515356,37338.68631657402,1667,LAPD FOOTHILL 1667,41958.33232330342,77536930.5077613,18278
71,103401,15085817.311547711,20468.599514876587,1667,LAPD FOOTHILL 1667,41958.33232330342,77536930.5077613,6853
72,121102,81152096.00072522,37632.866416766796,1667,LAPD FOOTHILL 1667,41958.33232330342,77536930.5077613,680
73,102103,12770232.65694983,16349.935001961798,1676,LAPD FOOTHILL 1676,20479.448015301514,6376879.356595205,745333
74,102104,17851202.53053955,27555.466359485115,1676,LAPD FOOTHILL 1676,20479.448015301514,6376879.356595205,417231
75,102105,5303654.196848134,9962.251126453337,1676,LAPD FOOTHILL 1676,20479.448015301514,6376879.356595205,597
76,102107,139083341.10495937,63679.43426946343,1676,LAPD FOOTHILL 1676,20479.448015301514,6376879.356595205,2223425
77,121101,5082880.937961113,10732.457361631305,1676,LAPD FOOTHILL 1676,20479.448015301514,6376879.356595205,2824639
78,122200,18349521.769431364,19428.00161737637,1676,LAPD FOOTHILL 1676,20479.448015301514,6376879.356595205,163511
79,102103,12770232.65694983,16349.935001961798,1677,LAPD FOOTHILL 1677,26451.006800682833,33969612.16054475,10941544
80,102104,17851202.53053955,27555.466359485115,1677,LAPD FOOTHILL 1677,26451.006800682833,33969612.16054475,17106126
81,102105,5303654.196848134,9962.251126453337,1677,LAPD FOOTHILL 1677,26451.006800682833,33969612.16054475,131265
82,102107,139083341.10495937,63679.43426946343,1677,LAPD FOOTHILL 1677,26451.006800682833,33969612.16054475,3309
83,310100,141177853.01433355,57403.225542835375,1677,LAPD FOOTHILL 1677,26451.006800682833,33969612.16054475,1233
84,310400,15141126.68404761,20340.488814564498,1677,LAPD FOOTHILL 1677,26451.006800682833,33969612.16054475,322
85,980020,91832045.7224736,60535.73130130378,1677,LAPD FOOTHILL 1677,26451.006800682833,33969612.16054475,5774027
86,102103,12770232.65694983,16349.935001961798,1678,LAPD FOOTHILL 1678,40112.62044395167,47271087.91913444,1078997
87,102104,17851202.53053955,27555.466359485115,1678,LAPD FOOTHILL 1678,40112.62044395167,47271087.91913444,321023
88,102107,139083341.10495937,63679.43426946343,1678,LAPD FOOTHILL 1678,40112.62044395167,47271087.91913444,30536825
89,310100,141177853.01433355,57403.225542835375,1678,LAPD FOOTHILL 1678,40112.62044395167,47271087.91913444,19
90,980020,91832045.7224736,60535.73130130378,1678,LAPD FOOTHILL 1678,40112.62044395167,47271087.91913444,15317758
91,102105,5303654.196848134,9962.251126453337,1698,LAPD FOOTHILL 1698,19625.593783335087,17389134.310454737,14213
92,122121,4433980.595250115,12008.044492463647,1698,LAPD FOOTHILL 1698,19625.593783335087,17389134.310454737,3015
93,122122,11114633.399059206,15332.01702986795,1698,LAPD FOOTHILL 1698,19625.593783335087,17389134.310454737,9695
94,122200,18349521.769431364,19428.00161737637,1698,LAPD FOOTHILL 1698,19625.593783335087,17389134.310454737,17355761
95,980001,24918085.40988521,22751.71529615117,1698,LAPD FOOTHILL 1698,19625.593783335087,17389134.310454737,504
96,102105,5303654.196848134,9962.251126453337,1699,LAPD FOOTHILL 1699,9842.616196456576,5161686.465192505,5155680
97,122200,18349521.769431364,19428.00161737637,1699,LAPD FOOTHILL 1699,9842.616196456576,5161686.465192505,2718
98,310400,15141126.68404761,20340.488814564498,1699,LAPD FOOTHILL 1699,9842.616196456576,5161686.465192505,1487
99,102107,139083341.10495937,63679.43426946343,1636,LAPD FOOTHILL 1636,25245.181115092848,19772801.893226195,2470
100,103201,21039344.777620792,18231.16937560696,1636,LAPD FOOTHILL 1636,25245.181115092848,19772801.893226195,2690255
101,103202,50999127.734168455,45719.36855244339,1636,LAPD FOOTHILL 1636,25245.181115092848,19772801.893226195,3796059
102,103300,66105765.827515356,37338.68631657402,1636,LAPD FOOTHILL 1636,25245.181115092848,19772801.893226195,11124089
103,103401,15085817.311547711,20468.599514876587,1636,LAPD FOOTHILL 1636,25245.181115092848,19772801.893226195,7479
104,980021,74757707.98444963,51403.146970220405,1636,LAPD FOOTHILL 1636,25245.181115092848,19772801.893226195,2145756
105,102107,139083341.10495937,63679.43426946343,1655,LAPD FOOTHILL 1655,30230.70912755932,53441147.607399255,12675
106,103300,66105765.827515356,37338.68631657402,1655,LAPD FOOTHILL 1655,30230.70912755932,53441147.607399255,53392170
107,121102,81152096.00072522,37632.866416766796,1655,LAPD FOOTHILL 1655,30230.70912755932,53441147.607399255,1810
108,980021,74757707.98444963,51403.146970220405,1655,LAPD FOOTHILL 1655,30230.70912755932,53441147.607399255,16898
109,102107,139083341.10495937,63679.43426946343,1665,LAPD FOOTHILL 1665,30849.599832188796,33471262.8027191,8248
110,103300,66105765.827515356,37338.68631657402,1665,LAPD FOOTHILL 1665,30849.599832188796,33471262.8027191,133451
111,104703,12573746.219412839,15301.049664019276,1665,LAPD FOOTHILL 1665,30849.599832188796,33471262.8027191,1495
112,121102,81152096.00072522,37632.866416766796,1665,LAPD FOOTHILL 1665,30849.599832188796,33471262.8027191,28758262
113,980021,74757707.98444963,51403.146970220405,1665,LAPD FOOTHILL 1665,30849.599832188796,33471262.8027191,4559103
114,102107,139083341.10495937,63679.43426946343,1675,LAPD FOOTHILL 1675,20548.95785098996,21346128.789793916,13056
115,121101,5082880.937961113,10732.457361631305,1675,LAPD FOOTHILL 1675,20548.95785098996,21346128.789793916,2256538
116,121102,81152096.00072522,37632.866416766796,1675,LAPD FOOTHILL 1675,20548.95785098996,21346128.789793916,18910896
117,121222,14367773.741328672,18211.070431817716,1675,LAPD FOOTHILL 1675,20548.95785098996,21346128.789793916,3517
118,121900,18163072.288455144,20093.950541513354,1675,LAPD FOOTHILL 1675,20548.95785098996,21346128.789793916,37059
119,122122,11114633.399059206,15332.01702986795,1675,LAPD FOOTHILL 1675,20548.95785098996,21346128.789793916,104532
120,122200,18349521.769431364,19428.00161737637,1675,LAPD FOOTHILL 1675,20548.95785098996,21346128.789793916,13508
121,103101,21846686.86044897,25422.127636915837,1617,LAPD FOOTHILL 1617,39850.53534091863,44670799.07424109,334269
122,103102,13357089.84417399,16530.394260844285,1617,LAPD FOOTHILL 1617,39850.53534091863,44670799.07424109,4962
123,103201,21039344.777620792,18231.16937560696,1617,LAPD FOOTHILL 1617,39850.53534091863,44670799.07424109,18322027
124,103202,50999127.734168455,45719.36855244339,1617,LAPD FOOTHILL 1617,39850.53534091863,44670799.07424109,16650470
125,930400,16085124831.124014,945040.664101855,1617,LAPD FOOTHILL 1617,39850.53534091863,44670799.07424109,13547
126,980026,149614439.50981995,102765.53512491619,1617,LAPD FOOTHILL 1617,39850.53534091863,44670799.07424109,9330158
127,103202,50999127.734168455,45719.36855244339,1606,LAPD FOOTHILL 1606,20106.55312875462,16202444.694821807,100066
128,104103,10215165.991945658,13241.192064088014,1606,LAPD FOOTHILL 1606,20106.55312875462,16202444.694821807,6796
129,104124,48221678.20697704,39589.7121911457,1606,LAPD FOOTHILL 1606,20106.55312875462,16202444.694821807,16090541
130,103202,50999127.734168455,45719.36855244339,1608,LAPD FOOTHILL 1608,36952.42389915207,34127709.81095584,25819069
131,104124,48221678.20697704,39589.7121911457,1608,LAPD FOOTHILL 1608,36952.42389915207,34127709.81095584,222685
132,930400,16085124831.124014,945040.664101855,1608,LAPD FOOTHILL 1608,36952.42389915207,34127709.81095584,2953
133,980026,149614439.50981995,102765.53512491619,1608,LAPD FOOTHILL 1608,36952.42389915207,34127709.81095584,8071798
134,103202,50999127.734168455,45719.36855244339,1635,LAPD FOOTHILL 1635,26336.580745632353,26101113.18533685,4605609
135,103300,66105765.827515356,37338.68631657402,1635,LAPD FOOTHILL 1635,26336.580745632353,26101113.18533685,1378209
136,104124,48221678.20697704,39589.7121911457,1635,LAPD FOOTHILL 1635,26336.580745632353,26101113.18533685,280
137,980021,74757707.98444963,51403.146970220405,1635,LAPD FOOTHILL 1635,26336.580745632353,26101113.18533685,20108529
138,104103,10215165.991945658,13241.192064088014,1602,LAPD FOOTHILL 1602,19117.07105219437,16099035.101234715,10726
139,104105,6292902.130144351,11640.19023094931,1602,LAPD FOOTHILL 1602,19117.07105219437,16099035.101234715,6718
140,104201,11732587.448173553,14811.353616133018,1602,LAPD FOOTHILL 1602,19117.07105219437,16099035.101234715,2564
141,104203,7620036.268527892,11052.528498280986,1602,LAPD FOOTHILL 1602,19117.07105219437,16099035.101234715,7601294
142,104204,28675847.315137956,30208.005178380296,1602,LAPD FOOTHILL 1602,19117.07105219437,16099035.101234715,8466219
143,106112,34747532.189712614,49778.508986791545,1602,LAPD FOOTHILL 1602,19117.07105219437,16099035.101234715,2839
144,930400,16085124831.124014,945040.664101855,1602,LAPD FOOTHILL 1602,19117.07105219437,16099035.101234715,3938
145,104103,10215165.991945658,13241.192064088014,1603,LAPD FOOTHILL 1603,21341.794881747846,19240342.170957576,66674
146,104124,48221678.20697704,39589.7121911457,1603,LAPD FOOTHILL 1603,21341.794881747846,19240342.170957576,6306
147,104204,28675847.315137956,30208.005178380296,1603,LAPD FOOTHILL 1603,21341.794881747846,19240342.170957576,19038992
148,930400,16085124831.124014,945040.664101855,1603,LAPD FOOTHILL 1603,21341.794881747846,19240342.170957576,122587
149,104103,10215165.991945658,13241.192064088014,1605,LAPD FOOTHILL 1605,13027.15574375155,10019986.803751823,9985217
150,104124,48221678.20697704,39589.7121911457,1605,LAPD FOOTHILL 1605,13027.15574375155,10019986.803751823,25774
151,104204,28675847.315137956,30208.005178380296,1605,LAPD FOOTHILL 1605,13027.15574375155,10019986.803751823,5962
152,104103,10215165.991945658,13241.192064088014,1614,LAPD FOOTHILL 1614,3810.839012224325,644269.6447301839,65318
153,104105,6292902.130144351,11640.19023094931,1614,LAPD FOOTHILL 1614,3810.839012224325,644269.6447301839,575983
154,104108,11803024.887549728,18965.773270421323,1614,LAPD FOOTHILL 1614,3810.839012224325,644269.6447301839,2775
155,104103,10215165.991945658,13241.192064088014,1615,LAPD FOOTHILL 1615,12070.614861449178,5809027.303409879,77342
156,104105,6292902.130144351,11640.19023094931,1615,LAPD FOOTHILL 1615,12070.614861449178,5809027.303409879,1
157,104108,11803024.887549728,18965.773270421323,1615,LAPD FOOTHILL 1615,12070.614861449178,5809027.303409879,3948075
158,104124,48221678.20697704,39589.7121911457,1615,LAPD FOOTHILL 1615,12070.614861449178,5809027.303409879,166196
159,980021,74757707.98444963,51403.146970220405,1615,LAPD FOOTHILL 1615,12070.614861449178,5809027.303409879,1615636
160,104105,6292902.130144351,11640.19023094931,1613,LAPD FOOTHILL 1613,10807.140649211722,5709775.755815954,5702070
161,104108,11803024.887549728,18965.773270421323,1613,LAPD FOOTHILL 1613,10807.140649211722,5709775.755815954,4823
162,104203,7620036.268527892,11052.528498280986,1613,LAPD FOOTHILL 1613,10807.140649211722,5709775.755815954,1186
163,104105,6292902.130144351,11640.19023094931,1623,LAPD FOOTHILL 1623,11099.249763814903,5926780.20583108,4697
164,104203,7620036.268527892,11052.528498280986,1623,LAPD FOOTHILL 1623,11099.249763814903,5926780.20583108,1
165,104321,5595200.693854222,10641.69844696781,1623,LAPD FOOTHILL 1623,11099.249763814903,5926780.20583108,147
166,104610,6373155.815260041,11599.538067893576,1623,LAPD FOOTHILL 1623,11099.249763814903,5926780.20583108,4070
167,104701,5925044.8694201745,11097.877343997372,1623,LAPD FOOTHILL 1623,11099.249763814903,5926780.20583108,5915900
168,104704,17900181.912392087,16925.988722807193,1623,LAPD FOOTHILL 1623,11099.249763814903,5926780.20583108,225
169,104105,6292902.130144351,11640.19023094931,1633,LAPD FOOTHILL 1633,13244.532410651233,9272828.122289838,1545
170,104108,11803024.887549728,18965.773270421323,1633,LAPD FOOTHILL 1633,13244.532410651233,9272828.122289838,7778867
171,104704,17900181.912392087,16925.988722807193,1633,LAPD FOOTHILL 1633,13244.532410651233,9272828.122289838,12
172,980021,74757707.98444963,51403.146970220405,1633,LAPD FOOTHILL 1633,13244.532410651233,9272828.122289838,1489617
173,104105,6292902.130144351,11640.19023094931,1645,LAPD FOOTHILL 1645,16027.334585669943,16812544.38041267,16
174,104108,11803024.887549728,18965.773270421323,1645,LAPD FOOTHILL 1645,16027.334585669943,16812544.38041267,49788
175,104610,6373155.815260041,11599.538067893576,1645,LAPD FOOTHILL 1645,16027.334585669943,16812544.38041267,2989
176,104701,5925044.8694201745,11097.877343997372,1645,LAPD FOOTHILL 1645,16027.334585669943,16812544.38041267,2324
177,104703,12573746.219412839,15301.049664019276,1645,LAPD FOOTHILL 1645,16027.334585669943,16812544.38041267,3
178,104704,17900181.912392087,16925.988722807193,1645,LAPD FOOTHILL 1645,16027.334585669943,16812544.38041267,16752410
179,104108,11803024.887549728,18965.773270421323,1634,LAPD FOOTHILL 1634,24811.067257660954,40797446.672476836,11234
180,104124,48221678.20697704,39589.7121911457,1634,LAPD FOOTHILL 1634,24811.067257660954,40797446.672476836,103299
181,980021,74757707.98444963,51403.146970220405,1634,LAPD FOOTHILL 1634,24811.067257660954,40797446.672476836,40670201
182,104108,11803024.887549728,18965.773270421323,1654,LAPD FOOTHILL 1654,19549.70886038981,17834453.254496243,3901
183,104703,12573746.219412839,15301.049664019276,1654,LAPD FOOTHILL 1654,19549.70886038981,17834453.254496243,12558164
184,104704,17900181.912392087,16925.988722807193,1654,LAPD FOOTHILL 1654,19549.70886038981,17834453.254496243,1136393
185,104824,6371995.352077764,11599.983838265987,1654,LAPD FOOTHILL 1654,19549.70886038981,17834453.254496243,2168
186,980021,74757707.98444963,51403.146970220405,1654,LAPD FOOTHILL 1654,19549.70886038981,17834453.254496243,4128378
187,104201,11732587.448173553,14811.353616133018,1601,LAPD FOOTHILL 1601,14799.919410586584,11748395.434035763,11721204
188,104203,7620036.268527892,11052.528498280986,1601,LAPD FOOTHILL 1601,14799.919410586584,11748395.434035763,5916
189,104204,28675847.315137956,30208.005178380296,1601,LAPD FOOTHILL 1601,14799.919410586584,11748395.434035763,1279
190,104310,16237239.888237996,19099.518165801783,1601,LAPD FOOTHILL 1601,14799.919410586584,11748395.434035763,283
191,106112,34747532.189712614,49778.508986791545,1601,LAPD FOOTHILL 1601,14799.919410586584,11748395.434035763,15515
192,320102,13194185.224648938,16354.311615959206,1601,LAPD FOOTHILL 1601,14799.919410586584,11748395.434035763,818
193,104201,11732587.448173553,14811.353616133018,1611,LAPD FOOTHILL 1611,13060.505345253103,10046237.117434513,3751
194,104310,16237239.888237996,19099.518165801783,1611,LAPD FOOTHILL 1611,13060.505345253103,10046237.117434513,10019799
195,109500,12856453.765456198,20586.126591065797,1611,LAPD FOOTHILL 1611,13060.505345253103,10046237.117434513,7898
196,320102,13194185.224648938,16354.311615959206,1611,LAPD FOOTHILL 1611,13060.505345253103,10046237.117434513,0
197,320201,9893645.495017353,16454.76897054008,1611,LAPD FOOTHILL 1611,13060.505345253103,10046237.117434513,10465
198,320202,17383225.24996267,18518.424828157426,1611,LAPD FOOTHILL 1611,13060.505345253103,10046237.117434513,1474
199,104201,11732587.448173553,14811.353616133018,1612,LAPD FOOTHILL 1612,14536.420233144438,13012721.514891377,172
200,104203,7620036.268527892,11052.528498280986,1612,LAPD FOOTHILL 1612,14536.420233144438,13012721.514891377,9411
201,104310,16237239.888237996,19099.518165801783,1612,LAPD FOOTHILL 1612,14536.420233144438,13012721.514891377,212794
202,104321,5595200.693854222,10641.69844696781,1612,LAPD FOOTHILL 1612,14536.420233144438,13012721.514891377,5593427
203,104322,7451302.5366430655,14607.562846115556,1612,LAPD FOOTHILL 1612,14536.420233144438,13012721.514891377,7189123
204,104701,5925044.8694201745,11097.877343997372,1612,LAPD FOOTHILL 1612,14536.420233144438,13012721.514891377,4034
205,104201,11732587.448173553,14811.353616133018,1919,LAPD MISSION 1919,22766.290928046747,14497622.652878745,22
206,104204,28675847.315137956,30208.005178380296,1919,LAPD MISSION 1919,22766.290928046747,14497622.652878745,0
207,106112,34747532.189712614,49778.508986791545,1919,LAPD MISSION 1919,22766.290928046747,14497622.652878745,14428863
208,106113,15535764.40878641,19829.407025291363,1919,LAPD MISSION 1919,22766.290928046747,14497622.652878745,2832
209,106114,10918013.307688257,17233.45519135153,1919,LAPD MISSION 1919,22766.290928046747,14497622.652878745,245
210,320102,13194185.224648938,16354.311615959206,1919,LAPD MISSION 1919,22766.290928046747,14497622.652878745,56095
211,930400,16085124831.124014,945040.664101855,1919,LAPD MISSION 1919,22766.290928046747,14497622.652878745,5376
212,104310,16237239.888237996,19099.518165801783,1622,LAPD FOOTHILL 1622,17801.20076840803,13623065.724457096,5980205
213,104322,7451302.5366430655,14607.562846115556,1622,LAPD FOOTHILL 1622,17801.20076840803,13623065.724457096,260037
214,104401,7330831.845296077,12432.05345151911,1622,LAPD FOOTHILL 1622,17801.20076840803,13623065.724457096,4429437
215,104403,7459610.768986814,16071.533404970167,1622,LAPD FOOTHILL 1622,17801.20076840803,13623065.724457096,4092
216,104404,5807918.47478888,10935.709464709578,1622,LAPD FOOTHILL 1622,17801.20076840803,13623065.724457096,2942343
217,104610,6373155.815260041,11599.538067893576,1622,LAPD FOOTHILL 1622,17801.20076840803,13623065.724457096,384
218,104701,5925044.8694201745,11097.877343997372,1622,LAPD FOOTHILL 1622,17801.20076840803,13623065.724457096,1
219,109500,12856453.765456198,20586.126591065797,1622,LAPD FOOTHILL 1622,17801.20076840803,13623065.724457096,2707
220,104310,16237239.888237996,19099.518165801783,1944,LAPD MISSION 1944,16503.26987013448,10443639.0919296,19548
221,104401,7330831.845296077,12432.05345151911,1944,LAPD MISSION 1944,16503.26987013448,10443639.0919296,15831
222,104403,7459610.768986814,16071.533404970167,1944,LAPD MISSION 1944,16503.26987013448,10443639.0919296,330425
223,109100,29123462.708499603,26332.22837800942,1944,LAPD MISSION 1944,16503.26987013448,10443639.0919296,1092
224,109400,13893160.900266174,17559.401825368834,1944,LAPD MISSION 1944,16503.26987013448,10443639.0919296,109210
225,109500,12856453.765456198,20586.126591065797,1944,LAPD MISSION 1944,16503.26987013448,10443639.0919296,9846009
226,109601,24194049.10428571,20083.17612576456,1944,LAPD MISSION 1944,16503.26987013448,10443639.0919296,23853
227,119202,10437023.758926574,16864.12432665896,1944,LAPD MISSION 1944,16503.26987013448,10443639.0919296,220
228,320201,9893645.495017353,16454.76897054008,1944,LAPD MISSION 1944,16503.26987013448,10443639.0919296,1
229,320300,18455638.633443937,18337.889044872227,1944,LAPD MISSION 1944,16503.26987013448,10443639.0919296,94563
230,104401,7330831.845296077,12432.05345151911,1621,LAPD FOOTHILL 1621,13447.730773617055,9789174.575310862,2883487
231,104403,7459610.768986814,16071.533404970167,1621,LAPD FOOTHILL 1621,13447.730773617055,9789174.575310862,3894947
232,104404,5807918.47478888,10935.709464709578,1621,LAPD FOOTHILL 1621,13447.730773617055,9789174.575310862,2856808
233,104500,5715190.493765263,11300.665193115226,1621,LAPD FOOTHILL 1621,13447.730773617055,9789174.575310862,305
234,104620,5716992.303002924,11300.43661273783,1621,LAPD FOOTHILL 1621,13447.730773617055,9789174.575310862,61
235,119202,10437023.758926574,16864.12432665896,1621,LAPD FOOTHILL 1621,13447.730773617055,9789174.575310862,150793
236,104403,7459610.768986814,16071.533404970167,1641,LAPD FOOTHILL 1641,13626.515810313238,10769652.9257571,3228025
237,104404,5807918.47478888,10935.709464709578,1641,LAPD FOOTHILL 1641,13626.515810313238,10769652.9257571,1451
238,104500,5715190.493765263,11300.665193115226,1641,LAPD FOOTHILL 1641,13626.515810313238,10769652.9257571,5712595
239,104620,5716992.303002924,11300.43661273783,1641,LAPD FOOTHILL 1641,13626.515810313238,10769652.9257571,17249
240,104821,5723796.180689906,11302.24103665927,1641,LAPD FOOTHILL 1641,13626.515810313238,10769652.9257571,123
241,104822,6504668.796487946,13769.433283916642,1641,LAPD FOOTHILL 1641,13626.515810313238,10769652.9257571,1638022
242,104823,5718767.150614671,11300.803639721833,1641,LAPD FOOTHILL 1641,13626.515810313238,10769652.9257571,2
243,119003,9166982.644244729,12879.89298016365,1641,LAPD FOOTHILL 1641,13626.515810313238,10769652.9257571,168497
244,119004,9143478.716641514,12940.1039618594,1641,LAPD FOOTHILL 1641,13626.515810313238,10769652.9257571,459
245,119202,10437023.758926574,16864.12432665896,1641,LAPD FOOTHILL 1641,13626.515810313238,10769652.9257571,103
246,104404,5807918.47478888,10935.709464709578,1642,LAPD FOOTHILL 1642,11302.66572735563,5708550.204891363,1097
247,104500,5715190.493765263,11300.665193115226,1642,LAPD FOOTHILL 1642,11302.66572735563,5708550.204891363,461
248,104610,6373155.815260041,11599.538067893576,1642,LAPD FOOTHILL 1642,11302.66572735563,5708550.204891363,8544
249,104620,5716992.303002924,11300.43661273783,1642,LAPD FOOTHILL 1642,11302.66572735563,5708550.204891363,5696064
250,104823,5718767.150614671,11300.803639721833,1642,LAPD FOOTHILL 1642,11302.66572735563,5708550.204891363,713
251,104824,6371995.352077764,11599.983838265987,1642,LAPD FOOTHILL 1642,11302.66572735563,5708550.204891363,3
252,104404,5807918.47478888,10935.709464709578,1643,LAPD FOOTHILL 1643,11601.138811431068,6368190.231459408,4554
253,104610,6373155.815260041,11599.538067893576,1643,LAPD FOOTHILL 1643,11601.138811431068,6368190.231459408,6355299
254,104620,5716992.303002924,11300.43661273783,1643,LAPD FOOTHILL 1643,11601.138811431068,6368190.231459408,1949
255,104701,5925044.8694201745,11097.877343997372,1643,LAPD FOOTHILL 1643,11601.138811431068,6368190.231459408,1047
256,104704,17900181.912392087,16925.988722807193,1643,LAPD FOOTHILL 1643,11601.138811431068,6368190.231459408,1123
257,104824,6371995.352077764,11599.983838265987,1643,LAPD FOOTHILL 1643,11601.138811431068,6368190.231459408,2350
258,104500,5715190.493765263,11300.665193115226,1651,LAPD FOOTHILL 1651,13635.33671393882,10771345.966219647,168
259,104821,5723796.180689906,11302.24103665927,1651,LAPD FOOTHILL 1651,13635.33671393882,10771345.966219647,5720686
260,104822,6504668.796487946,13769.433283916642,1651,LAPD FOOTHILL 1651,13635.33671393882,10771345.966219647,4864062
261,104823,5718767.150614671,11300.803639721833,1651,LAPD FOOTHILL 1651,13635.33671393882,10771345.966219647,18759
262,119004,9143478.716641514,12940.1039618594,1651,LAPD FOOTHILL 1651,13635.33671393882,10771345.966219647,164456
263,104703,12573746.219412839,15301.049664019276,1653,LAPD FOOTHILL 1653,14232.46969558071,12069776.15473453,4261
264,104704,17900181.912392087,16925.988722807193,1653,LAPD FOOTHILL 1653,14232.46969558071,12069776.15473453,4673
265,104823,5718767.150614671,11300.803639721833,1653,LAPD FOOTHILL 1653,14232.46969558071,12069776.15473453,5694765
266,104824,6371995.352077764,11599.983838265987,1653,LAPD FOOTHILL 1653,14232.46969558071,12069776.15473453,6362447
267,104703,12573746.219412839,15301.049664019276,1663,LAPD FOOTHILL 1663,20595.795305061034,24351360.400228925,1
268,104821,5723796.180689906,11302.24103665927,1663,LAPD FOOTHILL 1663,20595.795305061034,24351360.400228925,1274
269,104823,5718767.150614671,11300.803639721833,1663,LAPD FOOTHILL 1663,20595.795305061034,24351360.400228925,2811
270,104824,6371995.352077764,11599.983838265987,1663,LAPD FOOTHILL 1663,20595.795305061034,24351360.400228925,3106
271,121010,21950722.970313683,19497.91067040762,1663,LAPD FOOTHILL 1663,20595.795305061034,24351360.400228925,87814
272,121102,81152096.00072522,37632.866416766796,1663,LAPD FOOTHILL 1663,20595.795305061034,24351360.400228925,13367
273,121210,21817534.974554956,18371.989127518707,1663,LAPD FOOTHILL 1663,20595.795305061034,24351360.400228925,18851255
274,121221,5427461.150306466,11054.163578054453,1663,LAPD FOOTHILL 1663,20595.795305061034,24351360.400228925,51840
275,121222,14367773.741328672,18211.070431817716,1663,LAPD FOOTHILL 1663,20595.795305061034,24351360.400228925,5332355
276,104703,12573746.219412839,15301.049664019276,1664,LAPD FOOTHILL 1664,25054.6123272046,33451450.0173947,5983
277,121102,81152096.00072522,37632.866416766796,1664,LAPD FOOTHILL 1664,25054.6123272046,33451450.0173947,33431758
278,121222,14367773.741328672,18211.070431817716,1664,LAPD FOOTHILL 1664,25054.6123272046,33451450.0173947,3138
279,104821,5723796.180689906,11302.24103665927,1661,LAPD FOOTHILL 1661,7810.010104171087,3175187.1648730366,1
280,104822,6504668.796487946,13769.433283916642,1661,LAPD FOOTHILL 1661,7810.010104171087,3175187.1648730366,657
281,119001,11551196.37655044,13964.984200789568,1661,LAPD FOOTHILL 1661,7810.010104171087,3175187.1648730366,212348
282,119004,9143478.716641514,12940.1039618594,1661,LAPD FOOTHILL 1661,7810.010104171087,3175187.1648730366,142
283,121010,21950722.970313683,19497.91067040762,1661,LAPD FOOTHILL 1661,7810.010104171087,3175187.1648730366,1503
284,121210,21817534.974554956,18371.989127518707,1661,LAPD FOOTHILL 1661,7810.010104171087,3175187.1648730366,2959566
285,106010,27098616.76612809,23979.49373879733,1902,LAPD MISSION 1902,26837.45344697025,33522506.532359656,744708
286,106403,11899848.719861014,14300.566400215816,1902,LAPD MISSION 1902,26837.45344697025,33522506.532359656,1236
287,106405,12611159.795039251,14491.75196985276,1902,LAPD MISSION 1902,26837.45344697025,33522506.532359656,11418133
288,106406,21673389.523864087,21131.507999525435,1902,LAPD MISSION 1902,26837.45344697025,33522506.532359656,21303742
289,106408,2465456.70492946,6295.678784055023,1902,LAPD MISSION 1902,26837.45344697025,33522506.532359656,186
290,106510,62320912.97368311,37019.917763757156,1902,LAPD MISSION 1902,26837.45344697025,33522506.532359656,22878
291,930400,16085124831.124014,945040.664101855,1902,LAPD MISSION 1902,26837.45344697025,33522506.532359656,23076
292,106010,27098616.76612809,23979.49373879733,1903,LAPD MISSION 1903,14504.891808706805,10832304.067826757,10824753
293,106406,21673389.523864087,21131.507999525435,1903,LAPD MISSION 1903,14504.891808706805,10832304.067826757,1826
294,930400,16085124831.124014,945040.664101855,1903,LAPD MISSION 1903,14504.891808706805,10832304.067826757,2941
295,106010,27098616.76612809,23979.49373879733,1904,LAPD MISSION 1904,20026.210752274714,17305594.14621674,15497360
296,106020,21718323.772582337,23226.02919903939,1904,LAPD MISSION 1904,20026.210752274714,17305594.14621674,300354
297,106405,12611159.795039251,14491.75196985276,1904,LAPD MISSION 1904,20026.210752274714,17305594.14621674,1168553
298,106406,21673389.523864087,21131.507999525435,1904,LAPD MISSION 1904,20026.210752274714,17305594.14621674,334381
299,106408,2465456.70492946,6295.678784055023,1904,LAPD MISSION 1904,20026.210752274714,17305594.14621674,323
300,930400,16085124831.124014,945040.664101855,1904,LAPD MISSION 1904,20026.210752274714,17305594.14621674,46
301,106010,27098616.76612809,23979.49373879733,1905,LAPD MISSION 1905,11057.565654228321,7631969.494216895,3459
302,106020,21718323.772582337,23226.02919903939,1905,LAPD MISSION 1905,11057.565654228321,7631969.494216895,6478563
303,106112,34747532.189712614,49778.508986791545,1905,LAPD MISSION 1905,11057.565654228321,7631969.494216895,13
304,106113,15535764.40878641,19829.407025291363,1905,LAPD MISSION 1905,11057.565654228321,7631969.494216895,6254
305,106407,2498435.384745963,6355.671933495234,1905,LAPD MISSION 1905,11057.565654228321,7631969.494216895,584144
306,106408,2465456.70492946,6295.678784055023,1905,LAPD MISSION 1905,11057.565654228321,7631969.494216895,557478
307,106010,27098616.76612809,23979.49373879733,1906,LAPD MISSION 1906,18186.967447080526,15004424.136393305,7238
308,106020,21718323.772582337,23226.02919903939,1906,LAPD MISSION 1906,18186.967447080526,15004424.136393305,14931837
309,106111,29992030.231507067,28008.80001576516,1906,LAPD MISSION 1906,18186.967447080526,15004424.136393305,7220
310,106112,34747532.189712614,49778.508986791545,1906,LAPD MISSION 1906,18186.967447080526,15004424.136393305,9634
311,930400,16085124831.124014,945040.664101855,1906,LAPD MISSION 1906,18186.967447080526,15004424.136393305,44411
312,106020,21718323.772582337,23226.02919903939,1907,LAPD MISSION 1907,19768.01808489355,15284718.890887054,169
313,106112,34747532.189712614,49778.508986791545,1907,LAPD MISSION 1907,19768.01808489355,15284718.890887054,18627
314,106113,15535764.40878641,19829.407025291363,1907,LAPD MISSION 1907,19768.01808489355,15284718.890887054,15261661
315,106020,21718323.772582337,23226.02919903939,1908,LAPD MISSION 1908,33260.128865658706,20285583.337708946,376
316,106111,29992030.231507067,28008.80001576516,1908,LAPD MISSION 1908,33260.128865658706,20285583.337708946,288377
317,106112,34747532.189712614,49778.508986791545,1908,LAPD MISSION 1908,33260.128865658706,20285583.337708946,19966983
318,106113,15535764.40878641,19829.407025291363,1908,LAPD MISSION 1908,33260.128865658706,20285583.337708946,14199
319,930400,16085124831.124014,945040.664101855,1908,LAPD MISSION 1908,33260.128865658706,20285583.337708946,9931
320,106020,21718323.772582337,23226.02919903939,1918,LAPD MISSION 1918,17281.365006335534,11168367.817469075,23
321,106112,34747532.189712614,49778.508986791545,1918,LAPD MISSION 1918,17281.365006335534,11168367.817469075,192
322,106113,15535764.40878641,19829.407025291363,1918,LAPD MISSION 1918,17281.365006335534,11168367.817469075,246485
323,106114,10918013.307688257,17233.45519135153,1918,LAPD MISSION 1918,17281.365006335534,11168367.817469075,10905081
324,106403,11899848.719861014,14300.566400215816,1918,LAPD MISSION 1918,17281.365006335534,11168367.817469075,2741
325,106407,2498435.384745963,6355.671933495234,1918,LAPD MISSION 1918,17281.365006335534,11168367.817469075,2656
326,320101,7324167.419989209,10839.320868657645,1918,LAPD MISSION 1918,17281.365006335534,11168367.817469075,652
327,320102,13194185.224648938,16354.311615959206,1918,LAPD MISSION 1918,17281.365006335534,11168367.817469075,7443
328,106111,29992030.231507067,28008.80001576516,1909,LAPD MISSION 1909,28098.704306652457,29971273.93408611,29680062
329,106112,34747532.189712614,49778.508986791545,1909,LAPD MISSION 1909,28098.704306652457,29971273.93408611,262636
330,930400,16085124831.124014,945040.664101855,1909,LAPD MISSION 1909,28098.704306652457,29971273.93408611,20102
331,106114,10918013.307688257,17233.45519135153,1916,LAPD MISSION 1916,14311.918234577379,11864132.016463494,3177
332,106403,11899848.719861014,14300.566400215816,1916,LAPD MISSION 1916,14311.918234577379,11864132.016463494,11850667
333,106407,2498435.384745963,6355.671933495234,1916,LAPD MISSION 1916,14311.918234577379,11864132.016463494,539
334,106408,2465456.70492946,6295.678784055023,1916,LAPD MISSION 1916,14311.918234577379,11864132.016463494,1329
335,320101,7324167.419989209,10839.320868657645,1916,LAPD MISSION 1916,14311.918234577379,11864132.016463494,5245
336,106114,10918013.307688257,17233.45519135153,1917,LAPD MISSION 1917,8423.236318441834,3817561.198702932,183
337,106403,11899848.719861014,14300.566400215816,1917,LAPD MISSION 1917,8423.236318441834,3817561.198702932,389
338,106405,12611159.795039251,14491.75196985276,1917,LAPD MISSION 1917,8423.236318441834,3817561.198702932,63
339,106407,2498435.384745963,6355.671933495234,1917,LAPD MISSION 1917,8423.236318441834,3817561.198702932,1910422
340,106408,2465456.70492946,6295.678784055023,1917,LAPD MISSION 1917,8423.236318441834,3817561.198702932,1905482
341,106403,11899848.719861014,14300.566400215816,1913,LAPD MISSION 1913,19792.04598311954,23781108.96628764,6
342,106405,12611159.795039251,14491.75196985276,1913,LAPD MISSION 1913,19792.04598311954,23781108.96628764,21120
343,106406,21673389.523864087,21131.507999525435,1913,LAPD MISSION 1913,19792.04598311954,23781108.96628764,12886
344,106510,62320912.97368311,37019.917763757156,1913,LAPD MISSION 1913,19792.04598311954,23781108.96628764,16998
345,106520,23741526.45626874,19779.300711994267,1913,LAPD MISSION 1913,19792.04598311954,23781108.96628764,23718638
346,106604,28203053.593531895,26326.170550129285,1913,LAPD MISSION 1913,19792.04598311954,23781108.96628764,1973
347,107010,7369001.026150662,12974.118645869752,1913,LAPD MISSION 1913,19792.04598311954,23781108.96628764,2301
348,107020,10697864.209571095,14666.268806816703,1913,LAPD MISSION 1913,19792.04598311954,23781108.96628764,1132
349,106403,11899848.719861014,14300.566400215816,1915,LAPD MISSION 1915,12985.551691918243,7412600.639751407,41625
350,107010,7369001.026150662,12974.118645869752,1915,LAPD MISSION 1915,12985.551691918243,7412600.639751407,7352512
351,107020,10697864.209571095,14666.268806816703,1915,LAPD MISSION 1915,12985.551691918243,7412600.639751407,15624
352,320101,7324167.419989209,10839.320868657645,1915,LAPD MISSION 1915,12985.551691918243,7412600.639751407,9
353,320202,17383225.24996267,18518.424828157426,1915,LAPD MISSION 1915,12985.551691918243,7412600.639751407,864
354,106406,21673389.523864087,21131.507999525435,1901,LAPD MISSION 1901,31931.30232685478,43695712.4734028,5557
355,106510,62320912.97368311,37019.917763757156,1901,LAPD MISSION 1901,31931.30232685478,43695712.4734028,41669812
356,106603,111084787.80695872,48440.46366269288,1901,LAPD MISSION 1901,31931.30232685478,43695712.4734028,984376
357,920312,146648305.8701303,58362.88671913331,1901,LAPD MISSION 1901,31931.30232685478,43695712.4734028,241
358,930400,16085124831.124014,945040.664101855,1901,LAPD MISSION 1901,31931.30232685478,43695712.4734028,35477
359,980022,69443074.57123019,41632.444590288615,1901,LAPD MISSION 1901,31931.30232685478,43695712.4734028,990061
360,106406,21673389.523864087,21131.507999525435,1912,LAPD MISSION 1912,19174.382071132277,19318275.700536713,9534
361,106510,62320912.97368311,37019.917763757156,1912,LAPD MISSION 1912,19174.382071132277,19318275.700536713,19301634
362,106604,28203053.593531895,26326.170550129285,1912,LAPD MISSION 1912,19174.382071132277,19318275.700536713,1961
363,980022,69443074.57123019,41632.444590288615,1912,LAPD MISSION 1912,19174.382071132277,19318275.700536713,438
364,106510,62320912.97368311,37019.917763757156,1705,LAPD DEVONSHIRE 1705,48885.97840854924,109830426.25294632,1267595
365,106603,111084787.80695872,48440.46366269288,1705,LAPD DEVONSHIRE 1705,48885.97840854924,109830426.25294632,108484143
366,106641,12221119.866895674,19091.784707100498,1705,LAPD DEVONSHIRE 1705,48885.97840854924,109830426.25294632,6111
367,106643,46699507.12448002,32813.78063065663,1705,LAPD DEVONSHIRE 1705,48885.97840854924,109830426.25294632,21594
368,106645,27207863.29931875,30208.29293910037,1705,LAPD DEVONSHIRE 1705,48885.97840854924,109830426.25294632,4
369,108103,27606102.290992156,36634.53328983984,1705,LAPD DEVONSHIRE 1705,48885.97840854924,109830426.25294632,174
370,108104,8890331.618982568,14765.739207920187,1705,LAPD DEVONSHIRE 1705,48885.97840854924,109830426.25294632,10157
371,920303,555022888.3007821,136632.65775634922,1705,LAPD DEVONSHIRE 1705,48885.97840854924,109830426.25294632,974
372,920312,146648305.8701303,58362.88671913331,1705,LAPD DEVONSHIRE 1705,48885.97840854924,109830426.25294632,11
373,920326,789448563.9395859,161678.7676491538,1705,LAPD DEVONSHIRE 1705,48885.97840854924,109830426.25294632,1330
374,980022,69443074.57123019,41632.444590288615,1705,LAPD DEVONSHIRE 1705,48885.97840854924,109830426.25294632,14527
375,106510,62320912.97368311,37019.917763757156,1911,LAPD MISSION 1911,14003.143833466549,10011079.576685302,21911
376,106604,28203053.593531895,26326.170550129285,1911,LAPD MISSION 1911,14003.143833466549,10011079.576685302,9792977
377,980022,69443074.57123019,41632.444590288615,1911,LAPD MISSION 1911,14003.143833466549,10011079.576685302,193765
378,106510,62320912.97368311,37019.917763757156,1921,LAPD MISSION 1921,18445.42453570549,20166143.045066983,31
379,106520,23741526.45626874,19779.300711994267,1921,LAPD MISSION 1921,18445.42453570549,20166143.045066983,12837
380,106604,28203053.593531895,26326.170550129285,1921,LAPD MISSION 1921,18445.42453570549,20166143.045066983,18397787
381,106648,8534183.944797993,13655.966391321166,1921,LAPD MISSION 1921,18445.42453570549,20166143.045066983,2858
382,106649,11975572.944817299,20764.180514610645,1921,LAPD MISSION 1921,18445.42453570549,20166143.045066983,1581180
383,980022,69443074.57123019,41632.444590288615,1921,LAPD MISSION 1921,18445.42453570549,20166143.045066983,166376
384,106520,23741526.45626874,19779.300711994267,1924,LAPD MISSION 1924,20513.676199011246,19071417.22364257,21
385,106604,28203053.593531895,26326.170550129285,1924,LAPD MISSION 1924,20513.676199011246,19071417.22364257,1359
386,106648,8534183.944797993,13655.966391321166,1924,LAPD MISSION 1924,20513.676199011246,19071417.22364257,8527013
387,106649,11975572.944817299,20764.180514610645,1924,LAPD MISSION 1924,20513.676199011246,19071417.22364257,10378313
388,107020,10697864.209571095,14666.268806816703,1924,LAPD MISSION 1924,20513.676199011246,19071417.22364257,5713
389,109100,29123462.708499603,26332.22837800942,1924,LAPD MISSION 1924,20513.676199011246,19071417.22364257,147302
390,109500,12856453.765456198,20586.126591065797,1924,LAPD MISSION 1924,20513.676199011246,19071417.22364257,779
391,320300,18455638.633443937,18337.889044872227,1924,LAPD MISSION 1924,20513.676199011246,19071417.22364257,3085
392,980022,69443074.57123019,41632.444590288615,1924,LAPD MISSION 1924,20513.676199011246,19071417.22364257,2846
393,106520,23741526.45626874,19779.300711994267,1925,LAPD MISSION 1925,14611.445201294513,10683045.845117513,3989
394,106648,8534183.944797993,13655.966391321166,1925,LAPD MISSION 1925,14611.445201294513,10683045.845117513,1307
395,107010,7369001.026150662,12974.118645869752,1925,LAPD MISSION 1925,14611.445201294513,10683045.845117513,12233
396,107020,10697864.209571095,14666.268806816703,1925,LAPD MISSION 1925,14611.445201294513,10683045.845117513,10658384
397,320201,9893645.495017353,16454.76897054008,1925,LAPD MISSION 1925,14611.445201294513,10683045.845117513,1054
398,320202,17383225.24996267,18518.424828157426,1925,LAPD MISSION 1925,14611.445201294513,10683045.845117513,3256
399,106603,111084787.80695872,48440.46366269288,1703,LAPD DEVONSHIRE 1703,14535.804295857337,8608835.343100458,2652
400,108103,27606102.290992156,36634.53328983984,1703,LAPD DEVONSHIRE 1703,14535.804295857337,8608835.343100458,12721
401,108104,8890331.618982568,14765.739207920187,1703,LAPD DEVONSHIRE 1703,14535.804295857337,8608835.343100458,8587690
402,920303,555022888.3007821,136632.65775634922,1703,LAPD DEVONSHIRE 1703,14535.804295857337,8608835.343100458,4003
403,106603,111084787.80695872,48440.46366269288,1707,LAPD DEVONSHIRE 1707,19048.256761911296,12216352.988944102,3186
404,106641,12221119.866895674,19091.784707100498,1707,LAPD DEVONSHIRE 1707,19048.256761911296,12216352.988944102,12191001
405,106642,16979505.964645747,20368.879151594843,1707,LAPD DEVONSHIRE 1707,19048.256761911296,12216352.988944102,4307
406,106643,46699507.12448002,32813.78063065663,1707,LAPD DEVONSHIRE 1707,19048.256761911296,12216352.988944102,3713
407,106645,27207863.29931875,30208.29293910037,1707,LAPD DEVONSHIRE 1707,19048.256761911296,12216352.988944102,11360
408,106603,111084787.80695872,48440.46366269288,1708,LAPD DEVONSHIRE 1708,42491.71934605973,101277957.98787233,5114
409,106641,12221119.866895674,19091.784707100498,1708,LAPD DEVONSHIRE 1708,42491.71934605973,101277957.98787233,81
410,106642,16979505.964645747,20368.879151594843,1708,LAPD DEVONSHIRE 1708,42491.71934605973,101277957.98787233,3440
411,106645,27207863.29931875,30208.29293910037,1708,LAPD DEVONSHIRE 1708,42491.71934605973,101277957.98787233,26245397
412,106646,15888375.274253853,23434.587143297573,1708,LAPD DEVONSHIRE 1708,42491.71934605973,101277957.98787233,8916928
413,980022,69443074.57123019,41632.444590288615,1708,LAPD DEVONSHIRE 1708,42491.71934605973,101277957.98787233,66082579
414,106603,111084787.80695872,48440.46366269288,1714,LAPD DEVONSHIRE 1714,36028.78526777848,26798526.127651192,4812
415,106643,46699507.12448002,32813.78063065663,1714,LAPD DEVONSHIRE 1714,36028.78526777848,26798526.127651192,74500
416,108101,12147387.643247752,14665.58443060663,1714,LAPD DEVONSHIRE 1714,36028.78526777848,26798526.127651192,8672
417,108102,23504175.049987666,18955.338226101296,1714,LAPD DEVONSHIRE 1714,36028.78526777848,26798526.127651192,1629
418,108103,27606102.290992156,36634.53328983984,1714,LAPD DEVONSHIRE 1714,36028.78526777848,26798526.127651192,26690428
419,108104,8890331.618982568,14765.739207920187,1714,LAPD DEVONSHIRE 1714,36028.78526777848,26798526.127651192,12823
420,106603,111084787.80695872,48440.46366269288,1715,LAPD DEVONSHIRE 1715,33012.00560373147,45842161.47004241,1574469
421,106641,12221119.866895674,19091.784707100498,1715,LAPD DEVONSHIRE 1715,33012.00560373147,45842161.47004241,9298
422,106642,16979505.964645747,20368.879151594843,1715,LAPD DEVONSHIRE 1715,33012.00560373147,45842161.47004241,12146
423,106643,46699507.12448002,32813.78063065663,1715,LAPD DEVONSHIRE 1715,33012.00560373147,45842161.47004241,43989483
424,108103,27606102.290992156,36634.53328983984,1715,LAPD DEVONSHIRE 1715,33012.00560373147,45842161.47004241,246631
425,106641,12221119.866895674,19091.784707100498,1716,LAPD DEVONSHIRE 1716,19246.265864846628,15552820.994223256,11842
426,106642,16979505.964645747,20368.879151594843,1716,LAPD DEVONSHIRE 1716,19246.265864846628,15552820.994223256,15531418
427,106643,46699507.12448002,32813.78063065663,1716,LAPD DEVONSHIRE 1716,19246.265864846628,15552820.994223256,4767
428,106645,27207863.29931875,30208.29293910037,1716,LAPD DEVONSHIRE 1716,19246.265864846628,15552820.994223256,1021
429,106646,15888375.274253853,23434.587143297573,1716,LAPD DEVONSHIRE 1716,19246.265864846628,15552820.994223256,165
430,106642,16979505.964645747,20368.879151594843,1717,LAPD DEVONSHIRE 1717,15536.439811036886,8881701.647356765,875
431,106645,27207863.29931875,30208.29293910037,1717,LAPD DEVONSHIRE 1717,15536.439811036886,8881701.647356765,943577
432,106646,15888375.274253853,23434.587143297573,1717,LAPD DEVONSHIRE 1717,15536.439811036886,8881701.647356765,6689634
433,109300,13271683.354187662,17491.54953661986,1717,LAPD DEVONSHIRE 1717,15536.439811036886,8881701.647356765,1245435
434,980022,69443074.57123019,41632.444590288615,1717,LAPD DEVONSHIRE 1717,15536.439811036886,8881701.647356765,1
435,106642,16979505.964645747,20368.879151594843,1729,LAPD DEVONSHIRE 1729,20227.262132668868,19490029.46374888,1423285
436,106643,46699507.12448002,32813.78063065663,1729,LAPD DEVONSHIRE 1729,20227.262132668868,19490029.46374888,2595030
437,108103,27606102.290992156,36634.53328983984,1729,LAPD DEVONSHIRE 1729,20227.262132668868,19490029.46374888,4562
438,111201,20587432.426262848,25205.245882681997,1729,LAPD DEVONSHIRE 1729,20227.262132668868,19490029.46374888,15352249
439,111202,20091109.9988464,20759.95878984923,1729,LAPD DEVONSHIRE 1729,20227.262132668868,19490029.46374888,13092
440,111206,28228463.083514903,24118.123972104397,1729,LAPD DEVONSHIRE 1729,20227.262132668868,19490029.46374888,97321
441,106642,16979505.964645747,20368.879151594843,1737,LAPD DEVONSHIRE 1737,16559.053561541634,16906397.10314914,91
442,106646,15888375.274253853,23434.587143297573,1737,LAPD DEVONSHIRE 1737,16559.053561541634,16906397.10314914,274537
443,109700,17079329.347584516,17939.90535256411,1737,LAPD DEVONSHIRE 1737,16559.053561541634,16906397.10314914,12935
444,111100,11400603.074704345,13561.965144141326,1737,LAPD DEVONSHIRE 1737,16559.053561541634,16906397.10314914,11392053
445,111201,20587432.426262848,25205.245882681997,1737,LAPD DEVONSHIRE 1737,16559.053561541634,16906397.10314914,5218940
446,111202,20091109.9988464,20759.95878984923,1737,LAPD DEVONSHIRE 1737,16559.053561541634,16906397.10314914,74
447,111303,16832231.593705263,18129.870064097784,1737,LAPD DEVONSHIRE 1737,16559.053561541634,16906397.10314914,0
448,111402,10453334.449788043,13233.102888358215,1737,LAPD DEVONSHIRE 1737,16559.053561541634,16906397.10314914,3648
449,106643,46699507.12448002,32813.78063065663,1728,LAPD DEVONSHIRE 1728,19066.705500837565,19456011.75744731,64
450,108101,12147387.643247752,14665.58443060663,1728,LAPD DEVONSHIRE 1728,19066.705500837565,19456011.75744731,151637
451,108103,27606102.290992156,36634.53328983984,1728,LAPD DEVONSHIRE 1728,19066.705500837565,19456011.75744731,167766
452,111201,20587432.426262848,25205.245882681997,1728,LAPD DEVONSHIRE 1728,19066.705500837565,19456011.75744731,3100
453,111204,35639243.48908375,25934.648265831285,1728,LAPD DEVONSHIRE 1728,19066.705500837565,19456011.75744731,10501
454,111206,28228463.083514903,24118.123972104397,1728,LAPD DEVONSHIRE 1728,19066.705500837565,19456011.75744731,19118681
455,106646,15888375.274253853,23434.587143297573,1738,LAPD DEVONSHIRE 1738,12393.456572177818,8545899.4625665,2894
456,109200,10945273.360979864,16021.05116754994,1738,LAPD DEVONSHIRE 1738,12393.456572177818,8545899.4625665,6378
457,109300,13271683.354187662,17491.54953661986,1738,LAPD DEVONSHIRE 1738,12393.456572177818,8545899.4625665,8534454
458,106646,15888375.274253853,23434.587143297573,1739,LAPD DEVONSHIRE 1739,12210.503912536238,3620083.4457437815,369
459,109300,13271683.354187662,17491.54953661986,1739,LAPD DEVONSHIRE 1739,12210.503912536238,3620083.4457437815,243320
460,109700,17079329.347584516,17939.90535256411,1739,LAPD DEVONSHIRE 1739,12210.503912536238,3620083.4457437815,3374024
461,111100,11400603.074704345,13561.965144141326,1739,LAPD DEVONSHIRE 1739,12210.503912536238,3620083.4457437815,1451
462,106649,11975572.944817299,20764.180514610645,1936,LAPD MISSION 1936,7397.331562059661,3063178.9099508575,1773
463,109100,29123462.708499603,26332.22837800942,1936,LAPD MISSION 1936,7397.331562059661,3063178.9099508575,65488
464,109500,12856453.765456198,20586.126591065797,1936,LAPD MISSION 1936,7397.331562059661,3063178.9099508575,2994062
465,320300,18455638.633443937,18337.889044872227,1936,LAPD MISSION 1936,7397.331562059661,3063178.9099508575,1031
466,108101,12147387.643247752,14665.58443060663,1712,LAPD DEVONSHIRE 1712,17544.169288319557,19991094.31222034,2074
467,108102,23504175.049987666,18955.338226101296,1712,LAPD DEVONSHIRE 1712,17544.169288319557,19991094.31222034,19972425
468,108103,27606102.290992156,36634.53328983984,1712,LAPD DEVONSHIRE 1712,17544.169288319557,19991094.31222034,12529
469,108101,12147387.643247752,14665.58443060663,1713,LAPD DEVONSHIRE 1713,14576.412594077121,12004816.279235706,11980300
470,108102,23504175.049987666,18955.338226101296,1713,LAPD DEVONSHIRE 1713,14576.412594077121,12004816.279235706,3454
471,108103,27606102.290992156,36634.53328983984,1713,LAPD DEVONSHIRE 1713,14576.412594077121,12004816.279235706,18517
472,108101,12147387.643247752,14665.58443060663,1727,LAPD DEVONSHIRE 1727,21320.78919234656,28332687.876021948,2128
473,108102,23504175.049987666,18955.338226101296,1727,LAPD DEVONSHIRE 1727,21320.78919234656,28332687.876021948,160484
474,108204,15420095.886617256,22338.876859889577,1727,LAPD DEVONSHIRE 1727,21320.78919234656,28332687.876021948,5045
475,111204,35639243.48908375,25934.648265831285,1727,LAPD DEVONSHIRE 1727,21320.78919234656,28332687.876021948,27143208
476,111206,28228463.083514903,24118.123972104397,1727,LAPD DEVONSHIRE 1727,21320.78919234656,28332687.876021948,194257
477,113102,39509556.776469395,24896.242981352127,1727,LAPD DEVONSHIRE 1727,21320.78919234656,28332687.876021948,821520
478,113301,24263386.436084025,22624.962374821862,1727,LAPD DEVONSHIRE 1727,21320.78919234656,28332687.876021948,63
479,108102,23504175.049987666,18955.338226101296,1701,LAPD DEVONSHIRE 1701,47505.590107944685,95911742.31782599,3361412
480,108103,27606102.290992156,36634.53328983984,1701,LAPD DEVONSHIRE 1701,47505.590107944685,95911742.31782599,446945
481,108104,8890331.618982568,14765.739207920187,1701,LAPD DEVONSHIRE 1701,47505.590107944685,95911742.31782599,277836
482,108202,64352782.13318992,35898.23141529327,1701,LAPD DEVONSHIRE 1701,47505.590107944685,95911742.31782599,61773084
483,108203,14770769.89095371,16693.565075726467,1701,LAPD DEVONSHIRE 1701,47505.590107944685,95911742.31782599,14767347
484,108204,15420095.886617256,22338.876859889577,1701,LAPD DEVONSHIRE 1701,47505.590107944685,95911742.31782599,15220897
485,920303,555022888.3007821,136632.65775634922,1701,LAPD DEVONSHIRE 1701,47505.590107944685,95911742.31782599,46166
486,108202,64352782.13318992,35898.23141529327,1721,LAPD DEVONSHIRE 1721,38375.95592256082,78948595.68387285,65332
487,113211,78395455.10379793,37917.3610190564,1721,LAPD DEVONSHIRE 1721,38375.95592256082,78948595.68387285,78000014
488,113212,10747373.640844852,14207.139901965425,1721,LAPD DEVONSHIRE 1721,38375.95592256082,78948595.68387285,18083
489,113213,14001134.386183364,16855.513728837814,1721,LAPD DEVONSHIRE 1721,38375.95592256082,78948595.68387285,935
490,113237,51094986.59006501,36475.001367819365,1721,LAPD DEVONSHIRE 1721,38375.95592256082,78948595.68387285,337437
491,920303,555022888.3007821,136632.65775634922,1721,LAPD DEVONSHIRE 1721,38375.95592256082,78948595.68387285,507596
492,108202,64352782.13318992,35898.23141529327,1723,LAPD DEVONSHIRE 1723,27566.988256653774,41768850.214099765,304564
493,113101,24410142.120957192,21415.065661863104,1723,LAPD DEVONSHIRE 1723,27566.988256653774,41768850.214099765,24386236
494,113102,39509556.776469395,24896.242981352127,1723,LAPD DEVONSHIRE 1723,27566.988256653774,41768850.214099765,16943933
495,113211,78395455.10379793,37917.3610190564,1723,LAPD DEVONSHIRE 1723,27566.988256653774,41768850.214099765,85026
496,113212,10747373.640844852,14207.139901965425,1723,LAPD DEVONSHIRE 1723,27566.988256653774,41768850.214099765,39915
497,113322,19231486.848601844,20151.453828676775,1723,LAPD DEVONSHIRE 1723,27566.988256653774,41768850.214099765,290
498,113323,7791572.474380615,11024.008775334883,1723,LAPD DEVONSHIRE 1723,27566.988256653774,41768850.214099765,409
499,113324,3492170.48998631,7928.509929953636,1723,LAPD DEVONSHIRE 1723,27566.988256653774,41768850.214099765,557
500,108202,64352782.13318992,35898.23141529327,1725,LAPD DEVONSHIRE 1725,19907.505067873037,21977598.95760247,189
501,108204,15420095.886617256,22338.876859889577,1725,LAPD DEVONSHIRE 1725,19907.505067873037,21977598.95760247,191142
502,111204,35639243.48908375,25934.648265831285,1725,LAPD DEVONSHIRE 1725,19907.505067873037,21977598.95760247,65002
503,113102,39509556.776469395,24896.242981352127,1725,LAPD DEVONSHIRE 1725,19907.505067873037,21977598.95760247,21716632
504,113301,24263386.436084025,22624.962374821862,1725,LAPD DEVONSHIRE 1725,19907.505067873037,21977598.95760247,8
505,113322,19231486.848601844,20151.453828676775,1725,LAPD DEVONSHIRE 1725,19907.505067873037,21977598.95760247,196
506,109100,29123462.708499603,26332.22837800942,1931,LAPD MISSION 1931,15226.88610157694,10231590.155305656,10108888
507,109200,10945273.360979864,16021.05116754994,1931,LAPD MISSION 1931,15226.88610157694,10231590.155305656,45828
508,980022,69443074.57123019,41632.444590288615,1931,LAPD MISSION 1931,15226.88610157694,10231590.155305656,74214
509,109100,29123462.708499603,26332.22837800942,1934,LAPD MISSION 1934,6992.93365582226,2250674.48134659,2162592
510,109200,10945273.360979864,16021.05116754994,1934,LAPD MISSION 1934,6992.93365582226,2250674.48134659,87499
511,109300,13271683.354187662,17491.54953661986,1934,LAPD MISSION 1934,6992.93365582226,2250674.48134659,0
512,109100,29123462.708499603,26332.22837800942,1935,LAPD MISSION 1935,15676.698952453917,12861202.402945407,12857806
513,109100,29123462.708499603,26332.22837800942,1941,LAPD MISSION 1941,8756.34294445962,4366043.356832329,3590245
514,109200,10945273.360979864,16021.05116754994,1941,LAPD MISSION 1941,8756.34294445962,4366043.356832329,0
515,109300,13271683.354187662,17491.54953661986,1941,LAPD MISSION 1941,8756.34294445962,4366043.356832329,75800
516,109400,13893160.900266174,17559.401825368834,1941,LAPD MISSION 1941,8756.34294445962,4366043.356832329,16701
517,109604,12645174.24973559,14357.469587841231,1941,LAPD MISSION 1941,8756.34294445962,4366043.356832329,667589
518,109700,17079329.347584516,17939.90535256411,1941,LAPD MISSION 1941,8756.34294445962,4366043.356832329,14568
519,109100,29123462.708499603,26332.22837800942,1943,LAPD MISSION 1943,17358.635252835036,13483238.146229377,182384
520,109400,13893160.900266174,17559.401825368834,1943,LAPD MISSION 1943,17358.635252835036,13483238.146229377,13297233
521,109100,29123462.708499603,26332.22837800942,1945,LAPD MISSION 1945,17839.594358128514,5879533.49017961,38
522,109400,13893160.900266174,17559.401825368834,1945,LAPD MISSION 1945,17839.594358128514,5879533.49017961,466282
523,109601,24194049.10428571,20083.17612576456,1945,LAPD MISSION 1945,17839.594358128514,5879533.49017961,4200944
524,109604,12645174.24973559,14357.469587841231,1945,LAPD MISSION 1945,17839.594358128514,5879533.49017961,1206385
525,119202,10437023.758926574,16864.12432665896,1945,LAPD MISSION 1945,17839.594358128514,5879533.49017961,4282
526,109200,10945273.360979864,16021.05116754994,1709,LAPD DEVONSHIRE 1709,10267.8222847402,4956390.842467688,3056548
527,980022,69443074.57123019,41632.444590288615,1709,LAPD DEVONSHIRE 1709,10267.8222847402,4956390.842467688,1898576
528,109200,10945273.360979864,16021.05116754994,1718,LAPD DEVONSHIRE 1718,12870.763346173528,10284964.886061871,7110192
529,109300,13271683.354187662,17491.54953661986,1718,LAPD DEVONSHIRE 1718,12870.763346173528,10284964.886061871,3169316
530,980022,69443074.57123019,41632.444590288615,1718,LAPD DEVONSHIRE 1718,12870.763346173528,10284964.886061871,2853
531,109200,10945273.360979864,16021.05116754994,1719,LAPD DEVONSHIRE 1719,3644.0241774557544,636200.1106364733,636037
532,109601,24194049.10428571,20083.17612576456,1954,LAPD MISSION 1954,15853.614194914182,13946602.141104976,6975
533,109603,10751114.556609083,13424.284340359762,1954,LAPD MISSION 1954,15853.614194914182,13946602.141104976,6953326
534,109604,12645174.24973559,14357.469587841231,1954,LAPD MISSION 1954,15853.614194914182,13946602.141104976,6982569
535,109601,24194049.10428571,20083.17612576456,1955,LAPD MISSION 1955,11947.872859657316,9055881.611602686,9052880
536,109604,12645174.24973559,14357.469587841231,1955,LAPD MISSION 1955,11947.872859657316,9055881.611602686,532
537,109601,24194049.10428571,20083.17612576456,1956,LAPD MISSION 1956,11179.455685074143,6698410.021719743,6695908
538,109603,10751114.556609083,13424.284340359762,1956,LAPD MISSION 1956,11179.455685074143,6698410.021719743,622
539,117102,11180019.318405489,13727.986646605379,1956,LAPD MISSION 1956,11179.455685074143,6698410.021719743,45
540,109601,24194049.10428571,20083.17612576456,1958,LAPD MISSION 1958,18320.727526206116,13628552.32227043,4200864
541,119003,9166982.644244729,12879.89298016365,1958,LAPD MISSION 1958,18320.727526206116,13628552.32227043,36209
542,119201,10248164.647228217,12948.107565425931,1958,LAPD MISSION 1958,18320.727526206116,13628552.32227043,4875048
543,119202,10437023.758926574,16864.12432665896,1958,LAPD MISSION 1958,18320.727526206116,13628552.32227043,4510793
544,119310,4615163.0072701685,10049.05078414411,1958,LAPD MISSION 1958,18320.727526206116,13628552.32227043,1820
545,109601,24194049.10428571,20083.17612576456,1962,LAPD MISSION 1962,18675.41428300659,19818199.331359666,4107
546,109603,10751114.556609083,13424.284340359762,1962,LAPD MISSION 1962,18675.41428300659,19818199.331359666,13292
547,117101,8389682.487163398,11700.728607481737,1962,LAPD MISSION 1962,18675.41428300659,19818199.331359666,8368647
548,117102,11180019.318405489,13727.986646605379,1962,LAPD MISSION 1962,18675.41428300659,19818199.331359666,11169847
549,117201,8520574.344511589,13684.255636850543,1962,LAPD MISSION 1962,18675.41428300659,19818199.331359666,159658
550,119310,4615163.0072701685,10049.05078414411,1962,LAPD MISSION 1962,18675.41428300659,19818199.331359666,73058
551,119320,5345155.580398069,9352.133116763289,1962,LAPD MISSION 1962,18675.41428300659,19818199.331359666,24184
552,109601,24194049.10428571,20083.17612576456,1963,LAPD MISSION 1963,9999.9290402246,4541910.272123918,1884
553,117102,11180019.318405489,13727.986646605379,1963,LAPD MISSION 1963,9999.9290402246,4541910.272123918,7082
554,119201,10248164.647228217,12948.107565425931,1963,LAPD MISSION 1963,9999.9290402246,4541910.272123918,4109
555,119202,10437023.758926574,16864.12432665896,1963,LAPD MISSION 1963,9999.9290402246,4541910.272123918,2990
556,119310,4615163.0072701685,10049.05078414411,1963,LAPD MISSION 1963,9999.9290402246,4541910.272123918,4524578
557,109603,10751114.556609083,13424.284340359762,1952,LAPD MISSION 1952,8223.066179787244,3875403.9656658657,3780965
558,109604,12645174.24973559,14357.469587841231,1952,LAPD MISSION 1952,8223.066179787244,3875403.9656658657,10734
559,109700,17079329.347584516,17939.90535256411,1952,LAPD MISSION 1952,8223.066179787244,3875403.9656658657,224
560,109800,15061830.264791707,16580.229375829273,1952,LAPD MISSION 1952,8223.066179787244,3875403.9656658657,79638
561,117201,8520574.344511589,13684.255636850543,1952,LAPD MISSION 1952,8223.066179787244,3875403.9656658657,2773
562,117202,19522776.15710005,18091.28222200597,1952,LAPD MISSION 1952,8223.066179787244,3875403.9656658657,41
563,109603,10751114.556609083,13424.284340359762,1961,LAPD MISSION 1961,13691.367611006746,8509110.816971667,35
564,117201,8520574.344511589,13684.255636850543,1961,LAPD MISSION 1961,13691.367611006746,8509110.816971667,8354507
565,117202,19522776.15710005,18091.28222200597,1961,LAPD MISSION 1961,13691.367611006746,8509110.816971667,150492
566,117404,19003850.086563088,17700.65265948875,1961,LAPD MISSION 1961,13691.367611006746,8509110.816971667,23
567,117405,2172354.1244259565,5943.240609227429,1961,LAPD MISSION 1961,13691.367611006746,8509110.816971667,1778
568,109604,12645174.24973559,14357.469587841231,1951,LAPD MISSION 1951,8201.994225701357,3861510.612453136,3774014
569,109700,17079329.347584516,17939.90535256411,1951,LAPD MISSION 1951,8201.994225701357,3861510.612453136,86482
570,109700,17079329.347584516,17939.90535256411,1747,LAPD DEVONSHIRE 1747,13235.349341399191,10444615.343913553,2506
571,111100,11400603.074704345,13561.965144141326,1747,LAPD DEVONSHIRE 1747,13235.349341399191,10444615.343913553,2828
572,111303,16832231.593705263,18129.870064097784,1747,LAPD DEVONSHIRE 1747,13235.349341399191,10444615.343913553,3893
573,111402,10453334.449788043,13233.102888358215,1747,LAPD DEVONSHIRE 1747,13235.349341399191,10444615.343913553,10432816
574,109700,17079329.347584516,17939.90535256411,1749,LAPD DEVONSHIRE 1749,15601.849677302422,13569872.5271975,13561830
575,111402,10453334.449788043,13233.102888358215,1749,LAPD DEVONSHIRE 1749,15601.849677302422,13569872.5271975,4576
576,109700,17079329.347584516,17939.90535256411,1758,LAPD DEVONSHIRE 1758,10831.897315882801,7469953.838878527,8609
577,109800,15061830.264791707,16580.229375829273,1758,LAPD DEVONSHIRE 1758,10831.897315882801,7469953.838878527,7456327
578,111401,9049528.946333049,12356.94057931747,1758,LAPD DEVONSHIRE 1758,10831.897315882801,7469953.838878527,1415
579,111402,10453334.449788043,13233.102888358215,1758,LAPD DEVONSHIRE 1758,10831.897315882801,7469953.838878527,15
580,117301,14335348.948294219,16182.375505781898,1758,LAPD DEVONSHIRE 1758,10831.897315882801,7469953.838878527,1687
581,109700,17079329.347584516,17939.90535256411,1759,LAPD DEVONSHIRE 1759,10965.514984167115,7520497.558020751,13790
582,109800,15061830.264791707,16580.229375829273,1759,LAPD DEVONSHIRE 1759,10965.514984167115,7520497.558020751,7502546
583,117202,19522776.15710005,18091.28222200597,1759,LAPD DEVONSHIRE 1759,10965.514984167115,7520497.558020751,2206
584,109800,15061830.264791707,16580.229375829273,1757,LAPD DEVONSHIRE 1757,12369.810312772323,9078284.447832549,16213
585,111302,16712782.272246929,17844.482438084004,1757,LAPD DEVONSHIRE 1757,12369.810312772323,9078284.447832549,4478
586,111303,16832231.593705263,18129.870064097784,1757,LAPD DEVONSHIRE 1757,12369.810312772323,9078284.447832549,0
587,111401,9049528.946333049,12356.94057931747,1757,LAPD DEVONSHIRE 1757,12369.810312772323,9078284.447832549,9043902
588,111402,10453334.449788043,13233.102888358215,1757,LAPD DEVONSHIRE 1757,12369.810312772323,9078284.447832549,9704
589,117301,14335348.948294219,16182.375505781898,1757,LAPD DEVONSHIRE 1757,12369.810312772323,9078284.447832549,69
590,117302,22083821.59269504,26192.587015292313,1757,LAPD DEVONSHIRE 1757,12369.810312772323,9078284.447832549,1666
591,109800,15061830.264791707,16580.229375829273,1777,LAPD DEVONSHIRE 1777,16183.180936296621,14317402.34796414,494
592,117202,19522776.15710005,18091.28222200597,1777,LAPD DEVONSHIRE 1777,16183.180936296621,14317402.34796414,3370
593,117301,14335348.948294219,16182.375505781898,1777,LAPD DEVONSHIRE 1777,16183.180936296621,14317402.34796414,14296592
594,117302,22083821.59269504,26192.587015292313,1777,LAPD DEVONSHIRE 1777,16183.180936296621,14317402.34796414,12822
595,117303,19379948.17869039,18107.47861992561,1777,LAPD DEVONSHIRE 1777,16183.180936296621,14317402.34796414,463
596,117404,19003850.086563088,17700.65265948875,1777,LAPD DEVONSHIRE 1777,16183.180936296621,14317402.34796414,1
597,109800,15061830.264791707,16580.229375829273,1778,LAPD DEVONSHIRE 1778,10566.247215106046,6974537.767703014,2710
598,117202,19522776.15710005,18091.28222200597,1778,LAPD DEVONSHIRE 1778,10566.247215106046,6974537.767703014,6964739
599,117301,14335348.948294219,16182.375505781898,1778,LAPD DEVONSHIRE 1778,10566.247215106046,6974537.767703014,5275
600,109800,15061830.264791707,16580.229375829273,1779,LAPD DEVONSHIRE 1779,18031.93703393162,12401989.14258195,27
601,117202,19522776.15710005,18091.28222200597,1779,LAPD DEVONSHIRE 1779,18031.93703393162,12401989.14258195,12392052
602,117301,14335348.948294219,16182.375505781898,1779,LAPD DEVONSHIRE 1779,18031.93703393162,12401989.14258195,5395
603,117404,19003850.086563088,17700.65265948875,1779,LAPD DEVONSHIRE 1779,18031.93703393162,12401989.14258195,1251
604,111100,11400603.074704345,13561.965144141326,1735,LAPD DEVONSHIRE 1735,20827.388759362544,20119374.098711845,1482
605,111201,20587432.426262848,25205.245882681997,1735,LAPD DEVONSHIRE 1735,20827.388759362544,20119374.098711845,8341
606,111202,20091109.9988464,20759.95878984923,1735,LAPD DEVONSHIRE 1735,20827.388759362544,20119374.098711845,20042491
607,111206,28228463.083514903,24118.123972104397,1735,LAPD DEVONSHIRE 1735,20827.388759362544,20119374.098711845,60439
608,111303,16832231.593705263,18129.870064097784,1735,LAPD DEVONSHIRE 1735,20827.388759362544,20119374.098711845,579
609,111304,4708175.119199815,8773.516305795967,1735,LAPD DEVONSHIRE 1735,20827.388759362544,20119374.098711845,1371
610,111202,20091109.9988464,20759.95878984923,1745,LAPD DEVONSHIRE 1745,21370.86880070737,21529205.359788798,30789
611,111205,12474960.660094814,14717.270328646127,1745,LAPD DEVONSHIRE 1745,21370.86880070737,21529205.359788798,89
612,111206,28228463.083514903,24118.123972104397,1745,LAPD DEVONSHIRE 1745,21370.86880070737,21529205.359788798,29989
613,111302,16712782.272246929,17844.482438084004,1745,LAPD DEVONSHIRE 1745,21370.86880070737,21529205.359788798,65
614,111303,16832231.593705263,18129.870064097784,1745,LAPD DEVONSHIRE 1745,21370.86880070737,21529205.359788798,16801685
615,111304,4708175.119199815,8773.516305795967,1745,LAPD DEVONSHIRE 1745,21370.86880070737,21529205.359788798,4661558
616,111204,35639243.48908375,25934.648265831285,1754,LAPD DEVONSHIRE 1754,12385.648013130765,9113513.224383242,5831
617,111205,12474960.660094814,14717.270328646127,1754,LAPD DEVONSHIRE 1754,12385.648013130765,9113513.224383242,9096117
618,111206,28228463.083514903,24118.123972104397,1754,LAPD DEVONSHIRE 1754,12385.648013130765,9113513.224383242,9541
619,111204,35639243.48908375,25934.648265831285,1764,LAPD DEVONSHIRE 1764,22604.63951717041,24282793.55564535,3711
620,113301,24263386.436084025,22624.962374821862,1764,LAPD DEVONSHIRE 1764,22604.63951717041,24282793.55564535,24193077
621,113303,44083459.163402155,31068.5549459757,1764,LAPD DEVONSHIRE 1764,22604.63951717041,24282793.55564535,62334
622,113322,19231486.848601844,20151.453828676775,1764,LAPD DEVONSHIRE 1764,22604.63951717041,24282793.55564535,5943
623,113424,18739915.45323062,20657.89412640651,1764,LAPD DEVONSHIRE 1764,22604.63951717041,24282793.55564535,146
624,115301,17664625.863683183,21878.470721864665,1764,LAPD DEVONSHIRE 1764,22604.63951717041,24282793.55564535,12453
625,111204,35639243.48908375,25934.648265831285,1765,LAPD DEVONSHIRE 1765,12097.252656601378,8447584.649802562,8388356
626,111205,12474960.660094814,14717.270328646127,1765,LAPD DEVONSHIRE 1765,12097.252656601378,8447584.649802562,53904
627,111206,28228463.083514903,24118.123972104397,1765,LAPD DEVONSHIRE 1765,12097.252656601378,8447584.649802562,143
628,113301,24263386.436084025,22624.962374821862,1765,LAPD DEVONSHIRE 1765,12097.252656601378,8447584.649802562,3365
629,111204,35639243.48908375,25934.648265831285,1766,LAPD DEVONSHIRE 1766,13761.64033598415,9890526.476497859,15072
630,111205,12474960.660094814,14717.270328646127,1766,LAPD DEVONSHIRE 1766,13761.64033598415,9890526.476497859,9197
631,113301,24263386.436084025,22624.962374821862,1766,LAPD DEVONSHIRE 1766,13761.64033598415,9890526.476497859,1030
632,115204,8295903.275279482,12905.267222442324,1766,LAPD DEVONSHIRE 1766,13761.64033598415,9890526.476497859,12245
633,115301,17664625.863683183,21878.470721864665,1766,LAPD DEVONSHIRE 1766,13761.64033598415,9890526.476497859,9850827
634,111205,12474960.660094814,14717.270328646127,1743,LAPD DEVONSHIRE 1743,12691.27406276157,8750903.34719365,463
635,111206,28228463.083514903,24118.123972104397,1743,LAPD DEVONSHIRE 1743,12691.27406276157,8750903.34719365,8711884
636,111304,4708175.119199815,8773.516305795967,1743,LAPD DEVONSHIRE 1743,12691.27406276157,8750903.34719365,36617
637,111205,12474960.660094814,14717.270328646127,1755,LAPD DEVONSHIRE 1755,12333.325222695807,6474031.615174883,3295454
638,111302,16712782.272246929,17844.482438084004,1755,LAPD DEVONSHIRE 1755,12333.325222695807,6474031.615174883,16585
639,111303,16832231.593705263,18129.870064097784,1755,LAPD DEVONSHIRE 1755,12333.325222695807,6474031.615174883,15
640,111304,4708175.119199815,8773.516305795967,1755,LAPD DEVONSHIRE 1755,12333.325222695807,6474031.615174883,7559
641,115103,16345329.90108226,22256.531732229185,1755,LAPD DEVONSHIRE 1755,12333.325222695807,6474031.615174883,3152940
642,111205,12474960.660094814,14717.270328646127,1767,LAPD DEVONSHIRE 1767,18169.26864385344,17033095.05329055,16949
643,115103,16345329.90108226,22256.531732229185,1767,LAPD DEVONSHIRE 1767,18169.26864385344,17033095.05329055,2220705
644,115202,18742318.795971405,18760.630155375984,1767,LAPD DEVONSHIRE 1767,18169.26864385344,17033095.05329055,36
645,115203,6509085.229580714,13182.139525323177,1767,LAPD DEVONSHIRE 1767,18169.26864385344,17033095.05329055,6506844
646,115204,8295903.275279482,12905.267222442324,1767,LAPD DEVONSHIRE 1767,18169.26864385344,17033095.05329055,8245088
647,115301,17664625.863683183,21878.470721864665,1767,LAPD DEVONSHIRE 1767,18169.26864385344,17033095.05329055,39631
648,111302,16712782.272246929,17844.482438084004,1756,LAPD DEVONSHIRE 1756,17850.046841243933,16707661.04212633,16674712
649,111303,16832231.593705263,18129.870064097784,1756,LAPD DEVONSHIRE 1756,17850.046841243933,16707661.04212633,22096
650,115101,41786208.75331787,26402.177229248537,1756,LAPD DEVONSHIRE 1756,17850.046841243933,16707661.04212633,2127
651,115103,16345329.90108226,22256.531732229185,1756,LAPD DEVONSHIRE 1756,17850.046841243933,16707661.04212633,4757
652,111302,16712782.272246929,17844.482438084004,1768,LAPD DEVONSHIRE 1768,15861.101000085668,13919159.835359536,7375
653,115101,41786208.75331787,26402.177229248537,1768,LAPD DEVONSHIRE 1768,15861.101000085668,13919159.835359536,13900161
654,115104,10980251.06932336,20303.802988514526,1768,LAPD DEVONSHIRE 1768,15861.101000085668,13919159.835359536,7922
655,117302,22083821.59269504,26192.587015292313,1768,LAPD DEVONSHIRE 1768,15861.101000085668,13919159.835359536,350
656,111302,16712782.272246929,17844.482438084004,1776,LAPD DEVONSHIRE 1776,16080.914684493762,13558113.003935093,1
657,111401,9049528.946333049,12356.94057931747,1776,LAPD DEVONSHIRE 1776,16080.914684493762,13558113.003935093,1970
658,115101,41786208.75331787,26402.177229248537,1776,LAPD DEVONSHIRE 1776,16080.914684493762,13558113.003935093,4952
659,117301,14335348.948294219,16182.375505781898,1776,LAPD DEVONSHIRE 1776,16080.914684493762,13558113.003935093,19214
660,117302,22083821.59269504,26192.587015292313,1776,LAPD DEVONSHIRE 1776,16080.914684493762,13558113.003935093,13528588
661,111302,16712782.272246929,17844.482438084004,1787,LAPD DEVONSHIRE 1787,20294.95800431153,10935010.047428228,5594
662,115101,41786208.75331787,26402.177229248537,1787,LAPD DEVONSHIRE 1787,20294.95800431153,10935010.047428228,13102
663,115103,16345329.90108226,22256.531732229185,1787,LAPD DEVONSHIRE 1787,20294.95800431153,10935010.047428228,12883
664,115104,10980251.06932336,20303.802988514526,1787,LAPD DEVONSHIRE 1787,20294.95800431153,10935010.047428228,10899858
665,115202,18742318.795971405,18760.630155375984,1787,LAPD DEVONSHIRE 1787,20294.95800431153,10935010.047428228,989
666,113101,24410142.120957192,21415.065661863104,1722,LAPD DEVONSHIRE 1722,14221.8351884082,10729901.834147213,1874
667,113211,78395455.10379793,37917.3610190564,1722,LAPD DEVONSHIRE 1722,14221.8351884082,10729901.834147213,36291
668,113212,10747373.640844852,14207.139901965425,1722,LAPD DEVONSHIRE 1722,14221.8351884082,10729901.834147213,10679232
669,113213,14001134.386183364,16855.513728837814,1722,LAPD DEVONSHIRE 1722,14221.8351884082,10729901.834147213,10602
670,113101,24410142.120957192,21415.065661863104,1752,LAPD DEVONSHIRE 1752,13690.278275122495,11343682.78291293,10775
671,113212,10747373.640844852,14207.139901965425,1752,LAPD DEVONSHIRE 1752,13690.278275122495,11343682.78291293,17
672,113213,14001134.386183364,16855.513728837814,1752,LAPD DEVONSHIRE 1752,13690.278275122495,11343682.78291293,55985
673,113322,19231486.848601844,20151.453828676775,1752,LAPD DEVONSHIRE 1752,13690.278275122495,11343682.78291293,5924
674,113323,7791572.474380615,11024.008775334883,1752,LAPD DEVONSHIRE 1752,13690.278275122495,11343682.78291293,7781826
675,113324,3492170.48998631,7928.509929953636,1752,LAPD DEVONSHIRE 1752,13690.278275122495,11343682.78291293,3487036
676,113101,24410142.120957192,21415.065661863104,1753,LAPD DEVONSHIRE 1753,13220.314004773209,10465399.872011429,6706
677,113102,39509556.776469395,24896.242981352127,1753,LAPD DEVONSHIRE 1753,13220.314004773209,10465399.872011429,3501
678,113303,44083459.163402155,31068.5549459757,1753,LAPD DEVONSHIRE 1753,13220.314004773209,10465399.872011429,589
679,113322,19231486.848601844,20151.453828676775,1753,LAPD DEVONSHIRE 1753,13220.314004773209,10465399.872011429,10452555
680,113102,39509556.776469395,24896.242981352127,1763,LAPD DEVONSHIRE 1763,12193.21640534769,8786081.723909464,16134
681,113301,24263386.436084025,22624.962374821862,1763,LAPD DEVONSHIRE 1763,12193.21640534769,8786081.723909464,29496
682,113303,44083459.163402155,31068.5549459757,1763,LAPD DEVONSHIRE 1763,12193.21640534769,8786081.723909464,14
683,113322,19231486.848601844,20151.453828676775,1763,LAPD DEVONSHIRE 1763,12193.21640534769,8786081.723909464,8738648
684,113211,78395455.10379793,37917.3610190564,1751,LAPD DEVONSHIRE 1751,16918.291817214216,13946394.374804808,25316
685,113212,10747373.640844852,14207.139901965425,1751,LAPD DEVONSHIRE 1751,16918.291817214216,13946394.374804808,8219
686,113213,14001134.386183364,16855.513728837814,1751,LAPD DEVONSHIRE 1751,16918.291817214216,13946394.374804808,13910391
687,113237,51094986.59006501,36475.001367819365,1751,LAPD DEVONSHIRE 1751,16918.291817214216,13946394.374804808,11
688,113211,78395455.10379793,37917.3610190564,1761,LAPD DEVONSHIRE 1761,37091.59177624992,44961383.97330574,234361
689,113213,14001134.386183364,16855.513728837814,1761,LAPD DEVONSHIRE 1761,37091.59177624992,44961383.97330574,20738
690,113235,15356123.05578802,28934.931760768915,1761,LAPD DEVONSHIRE 1761,37091.59177624992,44961383.97330574,25800
691,113237,51094986.59006501,36475.001367819365,1761,LAPD DEVONSHIRE 1761,37091.59177624992,44961383.97330574,42653933
692,113239,4673877.340190538,9752.947394088364,1761,LAPD DEVONSHIRE 1761,37091.59177624992,44961383.97330574,0
693,113303,44083459.163402155,31068.5549459757,1761,LAPD DEVONSHIRE 1761,37091.59177624992,44961383.97330574,4094
694,113426,20084002.26870573,21380.911174130684,1761,LAPD DEVONSHIRE 1761,37091.59177624992,44961383.97330574,34723
695,980023,56184257.9366805,39832.92257751432,1761,LAPD DEVONSHIRE 1761,37091.59177624992,44961383.97330574,1978539
696,113213,14001134.386183364,16855.513728837814,1762,LAPD DEVONSHIRE 1762,20933.330387789672,20532082.658773463,16
697,113237,51094986.59006501,36475.001367819365,1762,LAPD DEVONSHIRE 1762,20933.330387789672,20532082.658773463,9289
698,113303,44083459.163402155,31068.5549459757,1762,LAPD DEVONSHIRE 1762,20933.330387789672,20532082.658773463,20495841
699,113322,19231486.848601844,20151.453828676775,1762,LAPD DEVONSHIRE 1762,20933.330387789672,20532082.658773463,11156
700,113323,7791572.474380615,11024.008775334883,1762,LAPD DEVONSHIRE 1762,20933.330387789672,20532082.658773463,7893
701,113324,3492170.48998631,7928.509929953636,1762,LAPD DEVONSHIRE 1762,20933.330387789672,20532082.658773463,3912
702,113231,44571715.7535245,42865.93668670954,2101,LAPD TOPANGA 2101,40978.06558010525,59653561.40180168,1736
703,113232,22234493.918592863,23602.890602800802,2101,LAPD TOPANGA 2101,40978.06558010525,59653561.40180168,26090
704,113235,15356123.05578802,28934.931760768915,2101,LAPD TOPANGA 2101,40978.06558010525,59653561.40180168,60379
705,113237,51094986.59006501,36475.001367819365,2101,LAPD TOPANGA 2101,40978.06558010525,59653561.40180168,8071233
706,980023,56184257.9366805,39832.92257751432,2101,LAPD TOPANGA 2101,40978.06558010525,59653561.40180168,51484080
707,113231,44571715.7535245,42865.93668670954,2102,LAPD TOPANGA 2102,35205.63907620222,21518354.222302433,19411281
708,113232,22234493.918592863,23602.890602800802,2102,LAPD TOPANGA 2102,35205.63907620222,21518354.222302433,126
709,134302,14066048.556700686,15260.781337390994,2102,LAPD TOPANGA 2102,35205.63907620222,21518354.222302433,735
710,134423,16866286.951182123,18426.95333763928,2102,LAPD TOPANGA 2102,35205.63907620222,21518354.222302433,2037
711,134424,39941852.46422324,27350.16139149835,2102,LAPD TOPANGA 2102,35205.63907620222,21518354.222302433,5817
712,980023,56184257.9366805,39832.92257751432,2102,LAPD TOPANGA 2102,35205.63907620222,21518354.222302433,2094863
713,113231,44571715.7535245,42865.93668670954,2103,LAPD TOPANGA 2103,23405.32449196313,22657959.854789514,15665
714,113232,22234493.918592863,23602.890602800802,2103,LAPD TOPANGA 2103,23405.32449196313,22657959.854789514,22021089
715,113237,51094986.59006501,36475.001367819365,2103,LAPD TOPANGA 2103,23405.32449196313,22657959.854789514,1906
716,134302,14066048.556700686,15260.781337390994,2103,LAPD TOPANGA 2103,23405.32449196313,22657959.854789514,744
717,980023,56184257.9366805,39832.92257751432,2103,LAPD TOPANGA 2103,23405.32449196313,22657959.854789514,614463
718,113231,44571715.7535245,42865.93668670954,2111,LAPD TOPANGA 2111,42685.30399790527,43230975.75808245,97128
719,134302,14066048.556700686,15260.781337390994,2111,LAPD TOPANGA 2111,42685.30399790527,43230975.75808245,4750
720,134421,22974734.439443696,19313.332880193007,2111,LAPD TOPANGA 2111,42685.30399790527,43230975.75808245,1475
721,134422,25274199.92265131,25532.206907505646,2111,LAPD TOPANGA 2111,42685.30399790527,43230975.75808245,11726
722,134423,16866286.951182123,18426.95333763928,2111,LAPD TOPANGA 2111,42685.30399790527,43230975.75808245,16751095
723,134424,39941852.46422324,27350.16139149835,2111,LAPD TOPANGA 2111,42685.30399790527,43230975.75808245,26302578
724,135205,28456744.272674643,24915.695730398227,2111,LAPD TOPANGA 2111,42685.30399790527,43230975.75808245,54685
725,113231,44571715.7535245,42865.93668670954,2113,LAPD TOPANGA 2113,15392.418818157097,14137888.753952714,2056
726,113232,22234493.918592863,23602.890602800802,2113,LAPD TOPANGA 2113,15392.418818157097,14137888.753952714,4253
727,134302,14066048.556700686,15260.781337390994,2113,LAPD TOPANGA 2113,15392.418818157097,14137888.753952714,14043959
728,134303,17059177.780221544,17236.45651514083,2113,LAPD TOPANGA 2113,15392.418818157097,14137888.753952714,0
729,134304,10983146.10842655,13572.093246726614,2113,LAPD TOPANGA 2113,15392.418818157097,14137888.753952714,180
730,134423,16866286.951182123,18426.95333763928,2113,LAPD TOPANGA 2113,15392.418818157097,14137888.753952714,84910
731,113232,22234493.918592863,23602.890602800802,2104,LAPD TOPANGA 2104,9638.725184718292,4714060.800501872,73957
732,113237,51094986.59006501,36475.001367819365,2104,LAPD TOPANGA 2104,9638.725184718292,4714060.800501872,6131
733,113238,7638426.461108192,10875.52834912893,2104,LAPD TOPANGA 2104,9638.725184718292,4714060.800501872,770
734,113239,4673877.340190538,9752.947394088364,2104,LAPD TOPANGA 2104,9638.725184718292,4714060.800501872,4632320
735,113232,22234493.918592863,23602.890602800802,2105,LAPD TOPANGA 2105,10987.533392848532,7721955.011080409,99836
736,113234,11009759.111702166,16791.607731331995,2105,LAPD TOPANGA 2105,10987.533392848532,7721955.011080409,907
737,113238,7638426.461108192,10875.52834912893,2105,LAPD TOPANGA 2105,10987.533392848532,7721955.011080409,7607547
738,113239,4673877.340190538,9752.947394088364,2105,LAPD TOPANGA 2105,10987.533392848532,7721955.011080409,12207
739,113232,22234493.918592863,23602.890602800802,2114,LAPD TOPANGA 2114,13509.478742717873,10875254.913255371,5095
740,134302,14066048.556700686,15260.781337390994,2114,LAPD TOPANGA 2114,13509.478742717873,10875254.913255371,6016
741,134304,10983146.10842655,13572.093246726614,2114,LAPD TOPANGA 2114,13509.478742717873,10875254.913255371,10862122
742,113232,22234493.918592863,23602.890602800802,2115,LAPD TOPANGA 2115,8163.10360618071,3898890.772010231,27
743,113234,11009759.111702166,16791.607731331995,2115,LAPD TOPANGA 2115,8163.10360618071,3898890.772010231,15
744,113238,7638426.461108192,10875.52834912893,2115,LAPD TOPANGA 2115,8163.10360618071,3898890.772010231,5198
745,134201,15786890.493951363,16455.951581842095,2115,LAPD TOPANGA 2115,8163.10360618071,3898890.772010231,9358
746,134304,10983146.10842655,13572.093246726614,2115,LAPD TOPANGA 2115,8163.10360618071,3898890.772010231,40228
747,134305,3848663.9079643814,8097.519081705218,2115,LAPD TOPANGA 2115,8163.10360618071,3898890.772010231,3842143
748,134306,6671301.679808432,10337.912988542445,2115,LAPD TOPANGA 2115,8163.10360618071,3898890.772010231,1175
749,113234,11009759.111702166,16791.607731331995,1791,LAPD DEVONSHIRE 1791,18165.629789858813,16470992.277411027,36932
750,113423,7649036.116885614,11075.113964054957,1791,LAPD DEVONSHIRE 1791,18165.629789858813,16470992.277411027,2952
751,113425,3651865.3334342344,7977.653944274561,1791,LAPD DEVONSHIRE 1791,18165.629789858813,16470992.277411027,12754
752,113426,20084002.26870573,21380.911174130684,1791,LAPD DEVONSHIRE 1791,18165.629789858813,16470992.277411027,12563
753,113427,2790247.363642131,9033.410818892382,1791,LAPD DEVONSHIRE 1791,18165.629789858813,16470992.277411027,2757934
754,113428,13674399.84619401,15162.191322892451,1791,LAPD DEVONSHIRE 1791,18165.629789858813,16470992.277411027,13644520
755,113234,11009759.111702166,16791.607731331995,2106,LAPD TOPANGA 2106,8168.296895488672,3606279.8712736126,3526450
756,113237,51094986.59006501,36475.001367819365,2106,LAPD TOPANGA 2106,8168.296895488672,3606279.8712736126,3251
757,113239,4673877.340190538,9752.947394088364,2106,LAPD TOPANGA 2106,8168.296895488672,3606279.8712736126,28250
758,113425,3651865.3334342344,7977.653944274561,2106,LAPD TOPANGA 2106,8168.296895488672,3606279.8712736126,47638
759,113426,20084002.26870573,21380.911174130684,2106,LAPD TOPANGA 2106,8168.296895488672,3606279.8712736126,2
760,113234,11009759.111702166,16791.607731331995,2107,LAPD TOPANGA 2107,11237.659398522164,7488615.98778229,7433443
761,113238,7638426.461108192,10875.52834912893,2107,LAPD TOPANGA 2107,11237.659398522164,7488615.98778229,23470
762,113239,4673877.340190538,9752.947394088364,2107,LAPD TOPANGA 2107,11237.659398522164,7488615.98778229,224
763,113425,3651865.3334342344,7977.653944274561,2107,LAPD TOPANGA 2107,11237.659398522164,7488615.98778229,127
764,113427,2790247.363642131,9033.410818892382,2107,LAPD TOPANGA 2107,11237.659398522164,7488615.98778229,29894
765,113234,11009759.111702166,16791.607731331995,2118,LAPD TOPANGA 2118,17438.939518796917,11337111.612199033,146
766,113427,2790247.363642131,9033.410818892382,2118,LAPD TOPANGA 2118,17438.939518796917,11337111.612199033,1022
767,113428,13674399.84619401,15162.191322892451,2118,LAPD TOPANGA 2118,17438.939518796917,11337111.612199033,21026
768,134103,11307062.916477332,17436.793476234856,2118,LAPD TOPANGA 2118,17438.939518796917,11337111.612199033,11236670
769,134104,6974297.427009365,10562.544377748707,2118,LAPD TOPANGA 2118,17438.939518796917,11337111.612199033,252
770,134201,15786890.493951363,16455.951581842095,2118,LAPD TOPANGA 2118,17438.939518796917,11337111.612199033,75664
771,113234,11009759.111702166,16791.607731331995,2126,LAPD TOPANGA 2126,16320.010635368217,15739298.815881923,9737
772,134001,6280335.427466791,12140.66344432066,2126,LAPD TOPANGA 2126,16320.010635368217,15739298.815881923,46
773,134002,8110430.302692995,13626.243211858413,2126,LAPD TOPANGA 2126,16320.010635368217,15739298.815881923,256
774,134103,11307062.916477332,17436.793476234856,2126,LAPD TOPANGA 2126,16320.010635368217,15739298.815881923,43949
775,134201,15786890.493951363,16455.951581842095,2126,LAPD TOPANGA 2126,16320.010635368217,15739298.815881923,15682182
776,113237,51094986.59006501,36475.001367819365,1771,LAPD DEVONSHIRE 1771,17603.166929906278,11838431.995814608,1319
777,113303,44083459.163402155,31068.5549459757,1771,LAPD DEVONSHIRE 1771,17603.166929906278,11838431.995814608,11821290
778,113426,20084002.26870573,21380.911174130684,1771,LAPD DEVONSHIRE 1771,17603.166929906278,11838431.995814608,13483
779,113301,24263386.436084025,22624.962374821862,1772,LAPD DEVONSHIRE 1772,16282.644268696356,11687762.540403178,16694
780,113303,44083459.163402155,31068.5549459757,1772,LAPD DEVONSHIRE 1772,16282.644268696356,11687762.540403178,11655694
781,113322,19231486.848601844,20151.453828676775,1772,LAPD DEVONSHIRE 1772,16282.644268696356,11687762.540403178,12939
782,113424,18739915.45323062,20657.89412640651,1772,LAPD DEVONSHIRE 1772,16282.644268696356,11687762.540403178,32
783,113301,24263386.436084025,22624.962374821862,1782,LAPD DEVONSHIRE 1782,14969.406077993506,11222449.5397404,14324
784,113303,44083459.163402155,31068.5549459757,1782,LAPD DEVONSHIRE 1782,14969.406077993506,11222449.5397404,17578
785,113424,18739915.45323062,20657.89412640651,1782,LAPD DEVONSHIRE 1782,14969.406077993506,11222449.5397404,11186717
786,113426,20084002.26870573,21380.911174130684,1782,LAPD DEVONSHIRE 1782,14969.406077993506,11222449.5397404,561
787,115301,17664625.863683183,21878.470721864665,1782,LAPD DEVONSHIRE 1782,14969.406077993506,11222449.5397404,4
788,115302,9017482.490621462,12561.948474461235,1782,LAPD DEVONSHIRE 1782,14969.406077993506,11222449.5397404,887
789,113301,24263386.436084025,22624.962374821862,1783,LAPD DEVONSHIRE 1783,12853.359826336075,7857345.94906695,204
790,115202,18742318.795971405,18760.630155375984,1783,LAPD DEVONSHIRE 1783,12853.359826336075,7857345.94906695,78790
791,115204,8295903.275279482,12905.267222442324,1783,LAPD DEVONSHIRE 1783,12853.359826336075,7857345.94906695,26905
792,115301,17664625.863683183,21878.470721864665,1783,LAPD DEVONSHIRE 1783,12853.359826336075,7857345.94906695,7748519
793,115302,9017482.490621462,12561.948474461235,1783,LAPD DEVONSHIRE 1783,12853.359826336075,7857345.94906695,1087
794,115404,10260635.439381069,13012.076259938991,1783,LAPD DEVONSHIRE 1783,12853.359826336075,7857345.94906695,123
795,113303,44083459.163402155,31068.5549459757,1781,LAPD DEVONSHIRE 1781,21596.734750487856,23635908.88795291,17303
796,113424,18739915.45323062,20657.89412640651,1781,LAPD DEVONSHIRE 1781,21596.734750487856,23635908.88795291,2114
797,113425,3651865.3334342344,7977.653944274561,1781,LAPD DEVONSHIRE 1781,21596.734750487856,23635908.88795291,3590639
798,113426,20084002.26870573,21380.911174130684,1781,LAPD DEVONSHIRE 1781,21596.734750487856,23635908.88795291,20018661
799,113427,2790247.363642131,9033.410818892382,1781,LAPD DEVONSHIRE 1781,21596.734750487856,23635908.88795291,847
800,113428,13674399.84619401,15162.191322892451,1781,LAPD DEVONSHIRE 1781,21596.734750487856,23635908.88795291,1658
801,113423,7649036.116885614,11075.113964054957,1792,LAPD DEVONSHIRE 1792,16310.978221671072,15176557.836924108,7632390
802,113424,18739915.45323062,20657.89412640651,1792,LAPD DEVONSHIRE 1792,16310.978221671072,15176557.836924108,7532459
803,113426,20084002.26870573,21380.911174130684,1792,LAPD DEVONSHIRE 1792,16310.978221671072,15176557.836924108,9
804,113428,13674399.84619401,15162.191322892451,1792,LAPD DEVONSHIRE 1792,16310.978221671072,15176557.836924108,4405
805,115302,9017482.490621462,12561.948474461235,1792,LAPD DEVONSHIRE 1792,16310.978221671072,15176557.836924108,4039
806,113423,7649036.116885614,11075.113964054957,2129,LAPD TOPANGA 2129,13973.629508377635,11485188.090320611,12074
807,113424,18739915.45323062,20657.89412640651,2129,LAPD TOPANGA 2129,13973.629508377635,11485188.090320611,22
808,113428,13674399.84619401,15162.191322892451,2129,LAPD TOPANGA 2129,13973.629508377635,11485188.090320611,3
809,131600,23580778.184134122,19437.32419255823,2129,LAPD TOPANGA 2129,13973.629508377635,11485188.090320611,2856
810,134101,11471199.276372658,13966.125273620548,2129,LAPD TOPANGA 2129,13973.629508377635,11485188.090320611,11459387
811,134103,11307062.916477332,17436.793476234856,2129,LAPD TOPANGA 2129,13973.629508377635,11485188.090320611,2331
812,134104,6974297.427009365,10562.544377748707,2129,LAPD TOPANGA 2129,13973.629508377635,11485188.090320611,5657
813,134720,10650527.625006996,13301.314080563325,2129,LAPD TOPANGA 2129,13973.629508377635,11485188.090320611,387
814,113424,18739915.45323062,20657.89412640651,1001,LAPD WEST VALLEY 1001,19424.154105419246,23584385.84044155,12109
815,115302,9017482.490621462,12561.948474461235,1001,LAPD WEST VALLEY 1001,19424.154105419246,23584385.84044155,9216
816,115404,10260635.439381069,13012.076259938991,1001,LAPD WEST VALLEY 1001,19424.154105419246,23584385.84044155,105
817,131021,6053641.289471049,10619.545856587476,1001,LAPD WEST VALLEY 1001,19424.154105419246,23584385.84044155,25321
818,131022,5427135.977461676,10054.969782123639,1001,LAPD WEST VALLEY 1001,19424.154105419246,23584385.84044155,2666
819,131600,23580778.184134122,19437.32419255823,1001,LAPD WEST VALLEY 1001,19424.154105419246,23584385.84044155,23526413
820,131701,7100111.062417344,10658.500784281377,1001,LAPD WEST VALLEY 1001,19424.154105419246,23584385.84044155,173
821,134101,11471199.276372658,13966.125273620548,1001,LAPD WEST VALLEY 1001,19424.154105419246,23584385.84044155,3110
822,134720,10650527.625006996,13301.314080563325,1001,LAPD WEST VALLEY 1001,19424.154105419246,23584385.84044155,1
823,113424,18739915.45323062,20657.89412640651,1793,LAPD DEVONSHIRE 1793,12596.544447059197,9101651.676676719,2301
824,115301,17664625.863683183,21878.470721864665,1793,LAPD DEVONSHIRE 1793,12596.544447059197,9101651.676676719,9339
825,115302,9017482.490621462,12561.948474461235,1793,LAPD DEVONSHIRE 1793,12596.544447059197,9101651.676676719,9000251
826,115404,10260635.439381069,13012.076259938991,1793,LAPD DEVONSHIRE 1793,12596.544447059197,9101651.676676719,87739
827,115101,41786208.75331787,26402.177229248537,1775,LAPD DEVONSHIRE 1775,15864.935834633738,13959758.793581095,13942185
828,115104,10980251.06932336,20303.802988514526,1775,LAPD DEVONSHIRE 1775,15864.935834633738,13959758.793581095,13723
829,117302,22083821.59269504,26192.587015292313,1775,LAPD DEVONSHIRE 1775,15864.935834633738,13959758.793581095,462
830,115101,41786208.75331787,26402.177229248537,1788,LAPD DEVONSHIRE 1788,15852.767726631764,13946344.339101775,13909266
831,115104,10980251.06932336,20303.802988514526,1788,LAPD DEVONSHIRE 1788,15852.767726631764,13946344.339101775,31563
832,115401,20505497.26499034,20433.094250885963,1788,LAPD DEVONSHIRE 1788,15852.767726631764,13946344.339101775,226
833,117302,22083821.59269504,26192.587015292313,1788,LAPD DEVONSHIRE 1788,15852.767726631764,13946344.339101775,1873
834,115101,41786208.75331787,26402.177229248537,1795,LAPD DEVONSHIRE 1795,20432.170933293866,20486354.862921473,4267
835,115104,10980251.06932336,20303.802988514526,1795,LAPD DEVONSHIRE 1795,20432.170933293866,20486354.862921473,8000
836,115401,20505497.26499034,20433.094250885963,1795,LAPD DEVONSHIRE 1795,20432.170933293866,20486354.862921473,20465872
837,115403,7574458.0157017065,11112.59698127841,1795,LAPD DEVONSHIRE 1795,20432.170933293866,20486354.862921473,1385
838,117302,22083821.59269504,26192.587015292313,1795,LAPD DEVONSHIRE 1795,20432.170933293866,20486354.862921473,1802
839,131300,12033304.51924264,14396.225733211204,1795,LAPD DEVONSHIRE 1795,20432.170933293866,20486354.862921473,14
840,115101,41786208.75331787,26402.177229248537,1796,LAPD DEVONSHIRE 1796,13945.703690810427,8513948.341589924,3
841,115401,20505497.26499034,20433.094250885963,1796,LAPD DEVONSHIRE 1796,13945.703690810427,8513948.341589924,1662
842,117302,22083821.59269504,26192.587015292313,1796,LAPD DEVONSHIRE 1796,13945.703690810427,8513948.341589924,8501636
843,117303,19379948.17869039,18107.47861992561,1796,LAPD DEVONSHIRE 1796,13945.703690810427,8513948.341589924,8491
844,115103,16345329.90108226,22256.531732229185,1773,LAPD DEVONSHIRE 1773,7909.290500346883,3501620.274632544,3499614
845,115202,18742318.795971405,18760.630155375984,1773,LAPD DEVONSHIRE 1773,7909.290500346883,3501620.274632544,1196
846,115103,16345329.90108226,22256.531732229185,1774,LAPD DEVONSHIRE 1774,13116.720020745512,6610168.5267864885,6594503
847,115104,10980251.06932336,20303.802988514526,1774,LAPD DEVONSHIRE 1774,13116.720020745512,6610168.5267864885,14126
848,115103,16345329.90108226,22256.531732229185,1785,LAPD DEVONSHIRE 1785,18720.02858006861,19568163.56598082,856147
849,115104,10980251.06932336,20303.802988514526,1785,LAPD DEVONSHIRE 1785,18720.02858006861,19568163.56598082,2461
850,115202,18742318.795971405,18760.630155375984,1785,LAPD DEVONSHIRE 1785,18720.02858006861,19568163.56598082,18650355
851,115203,6509085.229580714,13182.139525323177,1785,LAPD DEVONSHIRE 1785,18720.02858006861,19568163.56598082,762
852,115204,8295903.275279482,12905.267222442324,1785,LAPD DEVONSHIRE 1785,18720.02858006861,19568163.56598082,9813
853,115301,17664625.863683183,21878.470721864665,1785,LAPD DEVONSHIRE 1785,18720.02858006861,19568163.56598082,0
854,115403,7574458.0157017065,11112.59698127841,1785,LAPD DEVONSHIRE 1785,18720.02858006861,19568163.56598082,5341
855,115404,10260635.439381069,13012.076259938991,1785,LAPD DEVONSHIRE 1785,18720.02858006861,19568163.56598082,38829
856,115104,10980251.06932336,20303.802988514526,1794,LAPD DEVONSHIRE 1794,18117.84588430001,17688096.05146421,2
857,115202,18742318.795971405,18760.630155375984,1794,LAPD DEVONSHIRE 1794,18117.84588430001,17688096.05146421,6688
858,115401,20505497.26499034,20433.094250885963,1794,LAPD DEVONSHIRE 1794,18117.84588430001,17688096.05146421,3055
859,115403,7574458.0157017065,11112.59698127841,1794,LAPD DEVONSHIRE 1794,18117.84588430001,17688096.05146421,7556149
860,115404,10260635.439381069,13012.076259938991,1794,LAPD DEVONSHIRE 1794,18117.84588430001,17688096.05146421,10118124
861,115401,20505497.26499034,20433.094250885963,1005,LAPD WEST VALLEY 1005,14396.091132425909,12029751.29009044,10197
862,115403,7574458.0157017065,11112.59698127841,1005,LAPD WEST VALLEY 1005,14396.091132425909,12029751.29009044,12
863,131200,12145358.953559319,14480.990877428818,1005,LAPD WEST VALLEY 1005,14396.091132425909,12029751.29009044,1798
864,131300,12033304.51924264,14396.225733211204,1005,LAPD WEST VALLEY 1005,14396.091132425909,12029751.29009044,12011049
865,131400,11916305.292484732,14307.221323112493,1005,LAPD WEST VALLEY 1005,14396.091132425909,12029751.29009044,3308
866,131802,7095756.6019785935,10655.798998955861,1005,LAPD WEST VALLEY 1005,14396.091132425909,12029751.29009044,463
867,115401,20505497.26499034,20433.094250885963,1006,LAPD WEST VALLEY 1006,14490.746844430603,12150823.496230539,12444
868,131100,11859136.41369884,14177.77205104583,1006,LAPD WEST VALLEY 1006,14490.746844430603,12150823.496230539,4149
869,131200,12145358.953559319,14480.990877428818,1006,LAPD WEST VALLEY 1006,14490.746844430603,12150823.496230539,12128382
870,131300,12033304.51924264,14396.225733211204,1006,LAPD WEST VALLEY 1006,14490.746844430603,12150823.496230539,2823
871,131900,14188183.7905812,15934.649801258372,1006,LAPD WEST VALLEY 1006,14490.746844430603,12150823.496230539,6
872,115401,20505497.26499034,20433.094250885963,1007,LAPD WEST VALLEY 1007,14174.346644829879,11864271.22560026,7020
873,131100,11859136.41369884,14177.77205104583,1007,LAPD WEST VALLEY 1007,14174.346644829879,11864271.22560026,11843283
874,131200,12145358.953559319,14480.990877428818,1007,LAPD WEST VALLEY 1007,14174.346644829879,11864271.22560026,3049
875,132102,14759855.788582252,18876.335377598232,1007,LAPD WEST VALLEY 1007,14174.346644829879,11864271.22560026,352
876,980008,36264531.01247374,33831.207394341895,1007,LAPD WEST VALLEY 1007,14174.346644829879,11864271.22560026,7553
877,115401,20505497.26499034,20433.094250885963,1008,LAPD WEST VALLEY 1008,38201.3620454358,50254870.03371418,0
878,117302,22083821.59269504,26192.587015292313,1008,LAPD WEST VALLEY 1008,38201.3620454358,50254870.03371418,9219
879,117303,19379948.17869039,18107.47861992561,1008,LAPD WEST VALLEY 1008,38201.3620454358,50254870.03371418,4617
880,127400,23481259.378979027,25121.32983754959,1008,LAPD WEST VALLEY 1008,38201.3620454358,50254870.03371418,2957798
881,127603,4643287.951848001,9725.944192222629,1008,LAPD WEST VALLEY 1008,38201.3620454358,50254870.03371418,820
882,127604,4677029.411089872,9875.250627238662,1008,LAPD WEST VALLEY 1008,38201.3620454358,50254870.03371418,5831
883,127605,6981245.817241815,10568.641181626443,1008,LAPD WEST VALLEY 1008,38201.3620454358,50254870.03371418,3487414
884,131100,11859136.41369884,14177.77205104583,1008,LAPD WEST VALLEY 1008,38201.3620454358,50254870.03371418,3406
885,131900,14188183.7905812,15934.649801258372,1008,LAPD WEST VALLEY 1008,38201.3620454358,50254870.03371418,646
886,132101,8723825.913172087,11887.882287593897,1008,LAPD WEST VALLEY 1008,38201.3620454358,50254870.03371418,1732127
887,132102,14759855.788582252,18876.335377598232,1008,LAPD WEST VALLEY 1008,38201.3620454358,50254870.03371418,7750804
888,980008,36264531.01247374,33831.207394341895,1008,LAPD WEST VALLEY 1008,38201.3620454358,50254870.03371418,34288859
889,980024,89196152.31095164,46246.89494829073,1008,LAPD WEST VALLEY 1008,38201.3620454358,50254870.03371418,2
890,115403,7574458.0157017065,11112.59698127841,1004,LAPD WEST VALLEY 1004,14295.483699904993,11913304.198372494,9795
891,115404,10260635.439381069,13012.076259938991,1004,LAPD WEST VALLEY 1004,14295.483699904993,11913304.198372494,0
892,131021,6053641.289471049,10619.545856587476,1004,LAPD WEST VALLEY 1004,14295.483699904993,11913304.198372494,2561
893,131300,12033304.51924264,14396.225733211204,1004,LAPD WEST VALLEY 1004,14295.483699904993,11913304.198372494,5363
894,131400,11916305.292484732,14307.221323112493,1004,LAPD WEST VALLEY 1004,14295.483699904993,11913304.198372494,11892756
895,115404,10260635.439381069,13012.076259938991,1003,LAPD WEST VALLEY 1003,14535.479558522746,11478837.25700354,13376
896,131021,6053641.289471049,10619.545856587476,1003,LAPD WEST VALLEY 1003,14535.479558522746,11478837.25700354,6024362
897,131022,5427135.977461676,10054.969782123639,1003,LAPD WEST VALLEY 1003,14535.479558522746,11478837.25700354,5411536
898,131400,11916305.292484732,14307.221323112493,1003,LAPD WEST VALLEY 1003,14535.479558522746,11478837.25700354,4854
899,131600,23580778.184134122,19437.32419255823,1003,LAPD WEST VALLEY 1003,14535.479558522746,11478837.25700354,22048
900,117101,8389682.487163398,11700.728607481737,1964,LAPD MISSION 1964,9358.170968303823,5333723.984353457,8348
901,119310,4615163.0072701685,10049.05078414411,1964,LAPD MISSION 1964,9358.170968303823,5333723.984353457,4836
902,119320,5345155.580398069,9352.133116763289,1964,LAPD MISSION 1964,9358.170968303823,5333723.984353457,5312292
903,119341,3512711.1795135536,8359.542262009576,1964,LAPD MISSION 1964,9358.170968303823,5333723.984353457,1447
904,119342,2358167.7271913616,6104.94540636161,1964,LAPD MISSION 1964,9358.170968303823,5333723.984353457,5312
905,117101,8389682.487163398,11700.728607481737,1972,LAPD MISSION 1972,8286.149882559866,3637243.0075066905,10374
906,117201,8520574.344511589,13684.255636850543,1972,LAPD MISSION 1972,8286.149882559866,3637243.0075066905,65
907,117405,2172354.1244259565,5943.240609227429,1972,LAPD MISSION 1972,8286.149882559866,3637243.0075066905,33139
908,117510,3606833.320783558,8181.3060605515675,1972,LAPD MISSION 1972,8286.149882559866,3637243.0075066905,3584193
909,117520,3505710.38625784,7772.563954309187,1972,LAPD MISSION 1972,8286.149882559866,3637243.0075066905,1374
910,120108,4164596.8948510117,8449.484232650117,1972,LAPD MISSION 1972,8286.149882559866,3637243.0075066905,7097
911,117101,8389682.487163398,11700.728607481737,1974,LAPD MISSION 1974,9011.943322813622,3831383.1858745376,19
912,117510,3606833.320783558,8181.3060605515675,1974,LAPD MISSION 1974,9011.943322813622,3831383.1858745376,14026
913,119320,5345155.580398069,9352.133116763289,1974,LAPD MISSION 1974,9011.943322813622,3831383.1858745376,7189
914,119340,1314702.0231037186,4632.278681625603,1974,LAPD MISSION 1974,9011.943322813622,3831383.1858745376,1311609
915,119341,3512711.1795135536,8359.542262009576,1974,LAPD MISSION 1974,9011.943322813622,3831383.1858745376,2755
916,120105,5929585.807965533,15758.590529851588,1974,LAPD MISSION 1974,9011.943322813622,3831383.1858745376,540749
917,120108,4164596.8948510117,8449.484232650117,1974,LAPD MISSION 1974,9011.943322813622,3831383.1858745376,1953961
918,117201,8520574.344511589,13684.255636850543,1971,LAPD MISSION 1971,5936.736288096869,2175095.760668958,1292
919,117404,19003850.086563088,17700.65265948875,1971,LAPD MISSION 1971,5936.736288096869,2175095.760668958,43084
920,117405,2172354.1244259565,5943.240609227429,1971,LAPD MISSION 1971,5936.736288096869,2175095.760668958,2130131
921,117202,19522776.15710005,18091.28222200597,1798,LAPD DEVONSHIRE 1798,12542.524473053923,9586173.042018235,4760
922,117404,19003850.086563088,17700.65265948875,1798,LAPD DEVONSHIRE 1798,12542.524473053923,9586173.042018235,9578872
923,117301,14335348.948294219,16182.375505781898,1797,LAPD DEVONSHIRE 1797,18164.9593478722,19397688.895710237,3452
924,117302,22083821.59269504,26192.587015292313,1797,LAPD DEVONSHIRE 1797,18164.9593478722,19397688.895710237,19856
925,117303,19379948.17869039,18107.47861992561,1797,LAPD DEVONSHIRE 1797,18164.9593478722,19397688.895710237,19346724
926,117404,19003850.086563088,17700.65265948875,1797,LAPD DEVONSHIRE 1797,18164.9593478722,19397688.895710237,22513
927,980008,36264531.01247374,33831.207394341895,1797,LAPD DEVONSHIRE 1797,18164.9593478722,19397688.895710237,124
928,117303,19379948.17869039,18107.47861992561,1009,LAPD WEST VALLEY 1009,14758.711714014731,6344612.646531828,8344
929,117404,19003850.086563088,17700.65265948875,1009,LAPD WEST VALLEY 1009,14758.711714014731,6344612.646531828,13475
930,127400,23481259.378979027,25121.32983754959,1009,LAPD WEST VALLEY 1009,14758.711714014731,6344612.646531828,4401851
931,980008,36264531.01247374,33831.207394341895,1009,LAPD WEST VALLEY 1009,14758.711714014731,6344612.646531828,1919243
932,117303,19379948.17869039,18107.47861992561,1799,LAPD DEVONSHIRE 1799,12436.993550267794,9243560.94197644,6294
933,117404,19003850.086563088,17700.65265948875,1799,LAPD DEVONSHIRE 1799,12436.993550267794,9243560.94197644,9234797
934,117404,19003850.086563088,17700.65265948875,1981,LAPD MISSION 1981,10972.334777517066,6304929.935294157,104773
935,117405,2172354.1244259565,5943.240609227429,1981,LAPD MISSION 1981,10972.334777517066,6304929.935294157,6574
936,117407,2134618.8558946652,5893.742738418897,1981,LAPD MISSION 1981,10972.334777517066,6304929.935294157,2132845
937,117408,4052431.763421532,8246.916114475333,1981,LAPD MISSION 1981,10972.334777517066,6304929.935294157,4049079
938,117520,3505710.38625784,7772.563954309187,1981,LAPD MISSION 1981,10972.334777517066,6304929.935294157,4301
939,117530,5993764.562026627,9950.76044500429,1981,LAPD MISSION 1981,10972.334777517066,6304929.935294157,5638
940,127400,23481259.378979027,25121.32983754959,1981,LAPD MISSION 1981,10972.334777517066,6304929.935294157,1
941,127520,3914727.6349724215,7988.037297568631,1981,LAPD MISSION 1981,10972.334777517066,6304929.935294157,1
942,117404,19003850.086563088,17700.65265948875,1991,LAPD MISSION 1991,8026.888322764527,3950316.357857454,0
943,117408,4052431.763421532,8246.916114475333,1991,LAPD MISSION 1991,8026.888322764527,3950316.357857454,2247
944,117530,5993764.562026627,9950.76044500429,1991,LAPD MISSION 1991,8026.888322764527,3950316.357857454,6
945,120010,6087626.434058557,10236.161215254455,1991,LAPD MISSION 1991,8026.888322764527,3950316.357857454,8281
946,127400,23481259.378979027,25121.32983754959,1991,LAPD MISSION 1991,8026.888322764527,3950316.357857454,57053
947,127520,3914727.6349724215,7988.037297568631,1991,LAPD MISSION 1991,8026.888322764527,3950316.357857454,3881640
948,117405,2172354.1244259565,5943.240609227429,1982,LAPD MISSION 1982,7805.715148618647,3489583.3300284347,143
949,117407,2134618.8558946652,5893.742738418897,1982,LAPD MISSION 1982,7805.715148618647,3489583.3300284347,1195
950,117510,3606833.320783558,8181.3060605515675,1982,LAPD MISSION 1982,7805.715148618647,3489583.3300284347,7623
951,117520,3505710.38625784,7772.563954309187,1982,LAPD MISSION 1982,7805.715148618647,3489583.3300284347,3454434
952,120108,4164596.8948510117,8449.484232650117,1982,LAPD MISSION 1982,7805.715148618647,3489583.3300284347,25226
953,117520,3505710.38625784,7772.563954309187,1983,LAPD MISSION 1983,9965.660487084759,6012835.599433815,44024
954,117530,5993764.562026627,9950.76044500429,1983,LAPD MISSION 1983,9965.660487084759,6012835.599433815,5957295
955,120106,2220341.0784839815,6072.528208329014,1983,LAPD MISSION 1983,9965.660487084759,6012835.599433815,642
956,120107,2231008.495194633,6075.286749614152,1983,LAPD MISSION 1983,9965.660487084759,6012835.599433815,9005
957,120108,4164596.8948510117,8449.484232650117,1983,LAPD MISSION 1983,9965.660487084759,6012835.599433815,203
958,117520,3505710.38625784,7772.563954309187,1984,LAPD MISSION 1984,11125.298572675802,6639676.181360573,609
959,117530,5993764.562026627,9950.76044500429,1984,LAPD MISSION 1984,11125.298572675802,6639676.181360573,18920
960,120103,1490376.1916390208,5636.211204030715,1984,LAPD MISSION 1984,11125.298572675802,6639676.181360573,2645
961,120104,4885243.288403458,10176.552287169196,1984,LAPD MISSION 1984,11125.298572675802,6639676.181360573,8175
962,120106,2220341.0784839815,6072.528208329014,1984,LAPD MISSION 1984,11125.298572675802,6639676.181360573,2211312
963,120107,2231008.495194633,6075.286749614152,1984,LAPD MISSION 1984,11125.298572675802,6639676.181360573,2220505
964,120108,4164596.8948510117,8449.484232650117,1984,LAPD MISSION 1984,11125.298572675802,6639676.181360573,2175643
965,117530,5993764.562026627,9950.76044500429,1993,LAPD MISSION 1993,10148.149349250889,6153377.862909637,10154
966,120010,6087626.434058557,10236.161215254455,1993,LAPD MISSION 1993,10148.149349250889,6153377.862909637,6059667
967,120020,5737369.794350879,12182.627456546265,1993,LAPD MISSION 1993,10148.149349250889,6153377.862909637,64264
968,127210,16590336.469076127,19666.15408465267,1993,LAPD MISSION 1993,10148.149349250889,6153377.862909637,143
969,127520,3914727.6349724215,7988.037297568631,1993,LAPD MISSION 1993,10148.149349250889,6153377.862909637,17427
970,117530,5993764.562026627,9950.76044500429,1994,LAPD MISSION 1994,16285.923230636412,5903307.37123055,90
971,120010,6087626.434058557,10236.161215254455,1994,LAPD MISSION 1994,16285.923230636412,5903307.37123055,7201
972,120020,5737369.794350879,12182.627456546265,1994,LAPD MISSION 1994,16285.923230636412,5903307.37123055,5655201
973,120030,4065310.821689173,8102.2070880290785,1994,LAPD MISSION 1994,16285.923230636412,5903307.37123055,217975
974,120104,4885243.288403458,10176.552287169196,1994,LAPD MISSION 1994,16285.923230636412,5903307.37123055,6693
975,120106,2220341.0784839815,6072.528208329014,1994,LAPD MISSION 1994,16285.923230636412,5903307.37123055,7760
976,120300,18498149.961357813,18531.095568450364,1994,LAPD MISSION 1994,16285.923230636412,5903307.37123055,6322
977,127210,16590336.469076127,19666.15408465267,1994,LAPD MISSION 1994,16285.923230636412,5903307.37123055,383
978,119001,11551196.37655044,13964.984200789568,1681,LAPD FOOTHILL 1681,17285.711523516966,16824207.451291442,7339
979,121010,21950722.970313683,19497.91067040762,1681,LAPD FOOTHILL 1681,17285.711523516966,16824207.451291442,16635661
980,121221,5427461.150306466,11054.163578054453,1681,LAPD FOOTHILL 1681,17285.711523516966,16824207.451291442,41600
981,121600,12264569.020578887,16346.074858864717,1681,LAPD FOOTHILL 1681,17285.711523516966,16824207.451291442,1145
982,121802,10232438.891059794,14912.813901026904,1681,LAPD FOOTHILL 1681,17285.711523516966,16824207.451291442,4526
983,122000,35118997.75625338,30499.592223736003,1681,LAPD FOOTHILL 1681,17285.711523516966,16824207.451291442,128677
984,119001,11551196.37655044,13964.984200789568,1969,LAPD MISSION 1969,15670.0443643575,11906839.137555543,4859
985,119003,9166982.644244729,12879.89298016365,1969,LAPD MISSION 1969,15670.0443643575,11906839.137555543,2965174
986,119004,9143478.716641514,12940.1039618594,1969,LAPD MISSION 1969,15670.0443643575,11906839.137555543,8933296
987,119001,11551196.37655044,13964.984200789568,1977,LAPD MISSION 1977,14971.360509261584,13388456.25026186,5734
988,119004,9143478.716641514,12940.1039618594,1977,LAPD MISSION 1977,14971.360509261584,13388456.25026186,20597
989,119400,12071383.078916596,14163.224516273172,1977,LAPD MISSION 1977,14971.360509261584,13388456.25026186,17815
990,119700,14103382.143612789,20314.17549530465,1977,LAPD MISSION 1977,14971.360509261584,13388456.25026186,2727
991,119801,6590353.77050248,11988.802114165977,1977,LAPD MISSION 1977,14971.360509261584,13388456.25026186,6580660
992,119802,6778131.05251827,12322.604998698549,1977,LAPD MISSION 1977,14971.360509261584,13388456.25026186,6754711
993,120400,11471575.827239815,17339.858463364013,1977,LAPD MISSION 1977,14971.360509261584,13388456.25026186,2270
994,119001,11551196.37655044,13964.984200789568,1979,LAPD MISSION 1979,11063.048849461207,6074809.012961582,6024591
995,119004,9143478.716641514,12940.1039618594,1979,LAPD MISSION 1979,11063.048849461207,6074809.012961582,1272
996,122000,35118997.75625338,30499.592223736003,1979,LAPD MISSION 1979,11063.048849461207,6074809.012961582,47104
997,119001,11551196.37655044,13964.984200789568,1988,LAPD MISSION 1988,15961.44991361672,14276266.758854672,5287093
998,119700,14103382.143612789,20314.17549530465,1988,LAPD MISSION 1988,15961.44991361672,14276266.758854672,8937923
999,119802,6778131.05251827,12322.604998698549,1988,LAPD MISSION 1988,15961.44991361672,14276266.758854672,12562
1000,120400,11471575.827239815,17339.858463364013,1988,LAPD MISSION 1988,15961.44991361672,14276266.758854672,12209
1001,122000,35118997.75625338,30499.592223736003,1988,LAPD MISSION 1988,15961.44991361672,14276266.758854672,22198
1002,119001,11551196.37655044,13964.984200789568,1989,LAPD MISSION 1989,15349.187339146754,11547327.455358967,5742
1003,119700,14103382.143612789,20314.17549530465,1989,LAPD MISSION 1989,15349.187339146754,11547327.455358967,4679
1004,121010,21950722.970313683,19497.91067040762,1989,LAPD MISSION 1989,15349.187339146754,11547327.455358967,10753
1005,121600,12264569.020578887,16346.074858864717,1989,LAPD MISSION 1989,15349.187339146754,11547327.455358967,2495
1006,122000,35118997.75625338,30499.592223736003,1989,LAPD MISSION 1989,15349.187339146754,11547327.455358967,11520124
1007,119003,9166982.644244729,12879.89298016365,1959,LAPD MISSION 1959,16221.820006333659,11701985.986852258,5933755
1008,119202,10437023.758926574,16864.12432665896,1959,LAPD MISSION 1959,16221.820006333659,11701985.986852258,5764912
1009,119003,9166982.644244729,12879.89298016365,1967,LAPD MISSION 1967,16767.424856941005,17488396.0158959,60709
1010,119004,9143478.716641514,12940.1039618594,1967,LAPD MISSION 1967,16767.424856941005,17488396.0158959,20547
1011,119201,10248164.647228217,12948.107565425931,1967,LAPD MISSION 1967,16767.424856941005,17488396.0158959,5362694
1012,119341,3512711.1795135536,8359.542262009576,1967,LAPD MISSION 1967,16767.424856941005,17488396.0158959,879
1013,119342,2358167.7271913616,6104.94540636161,1967,LAPD MISSION 1967,16767.424856941005,17488396.0158959,12
1014,119400,12071383.078916596,14163.224516273172,1967,LAPD MISSION 1967,16767.424856941005,17488396.0158959,12038417
1015,119801,6590353.77050248,11988.802114165977,1967,LAPD MISSION 1967,16767.424856941005,17488396.0158959,104
1016,119201,10248164.647228217,12948.107565425931,1966,LAPD MISSION 1966,10156.957671766331,5878817.096622214,3404
1017,119310,4615163.0072701685,10049.05078414411,1966,LAPD MISSION 1966,10156.957671766331,5878817.096622214,9583
1018,119341,3512711.1795135536,8359.542262009576,1966,LAPD MISSION 1966,10156.957671766331,5878817.096622214,3502528
1019,119342,2358167.7271913616,6104.94540636161,1966,LAPD MISSION 1966,10156.957671766331,5878817.096622214,2352177
1020,119400,12071383.078916596,14163.224516273172,1966,LAPD MISSION 1966,10156.957671766331,5878817.096622214,5030
1021,120105,5929585.807965533,15758.590529851588,1966,LAPD MISSION 1966,10156.957671766331,5878817.096622214,4427
1022,119340,1314702.0231037186,4632.278681625603,1985,LAPD MISSION 1985,13526.535863920113,9576374.809589608,2723
1023,119900,11324965.76296739,14653.142244734372,1985,LAPD MISSION 1985,13526.535863920113,9576374.809589608,13495
1024,120103,1490376.1916390208,5636.211204030715,1985,LAPD MISSION 1985,13526.535863920113,9576374.809589608,1487309
1025,120104,4885243.288403458,10176.552287169196,1985,LAPD MISSION 1985,13526.535863920113,9576374.809589608,4861112
1026,120105,5929585.807965533,15758.590529851588,1985,LAPD MISSION 1985,13526.535863920113,9576374.809589608,3206809
1027,120107,2231008.495194633,6075.286749614152,1985,LAPD MISSION 1985,13526.535863920113,9576374.809589608,871
1028,120108,4164596.8948510117,8449.484232650117,1985,LAPD MISSION 1985,13526.535863920113,9576374.809589608,1302
1029,120300,18498149.961357813,18531.095568450364,1985,LAPD MISSION 1985,13526.535863920113,9576374.809589608,21
1030,119341,3512711.1795135536,8359.542262009576,1975,LAPD MISSION 1975,7175.483918580773,2175314.561894683,4103
1031,119400,12071383.078916596,14163.224516273172,1975,LAPD MISSION 1975,7175.483918580773,2175314.561894683,6555
1032,119900,11324965.76296739,14653.142244734372,1975,LAPD MISSION 1975,7175.483918580773,2175314.561894683,146
1033,120105,5929585.807965533,15758.590529851588,1975,LAPD MISSION 1975,7175.483918580773,2175314.561894683,2163887
1034,119400,12071383.078916596,14163.224516273172,1987,LAPD MISSION 1987,17185.509686030706,15043058.045464525,75
1035,119700,14103382.143612789,20314.17549530465,1987,LAPD MISSION 1987,17185.509686030706,15043058.045464525,4034
1036,119801,6590353.77050248,11988.802114165977,1987,LAPD MISSION 1987,17185.509686030706,15043058.045464525,7658
1037,119802,6778131.05251827,12322.604998698549,1987,LAPD MISSION 1987,17185.509686030706,15043058.045464525,8853
1038,119900,11324965.76296739,14653.142244734372,1987,LAPD MISSION 1987,17185.509686030706,15043058.045464525,11301963
1039,120104,4885243.288403458,10176.552287169196,1987,LAPD MISSION 1987,17185.509686030706,15043058.045464525,192
1040,120105,5929585.807965533,15758.590529851588,1987,LAPD MISSION 1987,17185.509686030706,15043058.045464525,12020
1041,120400,11471575.827239815,17339.858463364013,1987,LAPD MISSION 1987,17185.509686030706,15043058.045464525,3703885
1042,119700,14103382.143612789,20314.17549530465,1999,LAPD MISSION 1999,16624.298017771947,12965048.021437442,5149782
1043,119900,11324965.76296739,14653.142244734372,1999,LAPD MISSION 1999,16624.298017771947,12965048.021437442,1
1044,120300,18498149.961357813,18531.095568450364,1999,LAPD MISSION 1999,16624.298017771947,12965048.021437442,12061
1045,120400,11471575.827239815,17339.858463364013,1999,LAPD MISSION 1999,16624.298017771947,12965048.021437442,7726288
1046,122000,35118997.75625338,30499.592223736003,1999,LAPD MISSION 1999,16624.298017771947,12965048.021437442,70084
1047,127103,3078754.6006270116,7541.247234802971,1999,LAPD MISSION 1999,16624.298017771947,12965048.021437442,2939
1048,119900,11324965.76296739,14653.142244734372,1998,LAPD MISSION 1998,18548.369252567623,18534529.220055148,6082
1049,120030,4065310.821689173,8102.2070880290785,1998,LAPD MISSION 1998,18548.369252567623,18534529.220055148,44948
1050,120104,4885243.288403458,10176.552287169196,1998,LAPD MISSION 1998,18548.369252567623,18534529.220055148,7674
1051,120300,18498149.961357813,18531.095568450364,1998,LAPD MISSION 1998,18548.369252567623,18534529.220055148,18444194
1052,120400,11471575.827239815,17339.858463364013,1998,LAPD MISSION 1998,18548.369252567623,18534529.220055148,22169
1053,127102,9248440.216101095,12299.365030022953,1998,LAPD MISSION 1998,18548.369252567623,18534529.220055148,3798
1054,127104,7618187.611424697,11271.061394418586,1998,LAPD MISSION 1998,18548.369252567623,18534529.220055148,165
1055,127210,16590336.469076127,19666.15408465267,1998,LAPD MISSION 1998,18548.369252567623,18534529.220055148,55
1056,120010,6087626.434058557,10236.161215254455,0901,LAPD VAN NUYS 0901,15067.476096801583,11474788.037439443,48
1057,127210,16590336.469076127,19666.15408465267,0901,LAPD VAN NUYS 0901,15067.476096801583,11474788.037439443,21870
1058,127300,11400820.572377402,15057.6559872183,0901,LAPD VAN NUYS 0901,15067.476096801583,11474788.037439443,11299199
1059,127400,23481259.378979027,25121.32983754959,0901,LAPD VAN NUYS 0901,15067.476096801583,11474788.037439443,135896
1060,127520,3914727.6349724215,7988.037297568631,0901,LAPD VAN NUYS 0901,15067.476096801583,11474788.037439443,14581
1061,120010,6087626.434058557,10236.161215254455,0904,LAPD VAN NUYS 0904,19535.185981277373,16454128.54441845,10725
1062,120020,5737369.794350879,12182.627456546265,0904,LAPD VAN NUYS 0904,19535.185981277373,16454128.54441845,10499
1063,120030,4065310.821689173,8102.2070880290785,0904,LAPD VAN NUYS 0904,19535.185981277373,16454128.54441845,15399
1064,127102,9248440.216101095,12299.365030022953,0904,LAPD VAN NUYS 0904,19535.185981277373,16454128.54441845,278
1065,127210,16590336.469076127,19666.15408465267,0904,LAPD VAN NUYS 0904,19535.185981277373,16454128.54441845,16407882
1066,127220,7027601.7035617605,10597.754352620144,0904,LAPD VAN NUYS 0904,19535.185981277373,16454128.54441845,4668
1067,120020,5737369.794350879,12182.627456546265,1995,LAPD MISSION 1995,7834.102737075474,3793312.4151056763,5775
1068,120030,4065310.821689173,8102.2070880290785,1995,LAPD MISSION 1995,7834.102737075474,3793312.4151056763,3785821
1069,120300,18498149.961357813,18531.095568450364,1995,LAPD MISSION 1995,7834.102737075474,3793312.4151056763,627
1070,120300,18498149.961357813,18531.095568450364,0906,LAPD VAN NUYS 0906,12379.355302143545,9275617.287406038,4736
1071,127102,9248440.216101095,12299.365030022953,0906,LAPD VAN NUYS 0906,12379.355302143545,9275617.287406038,9217987
1072,127104,7618187.611424697,11271.061394418586,0906,LAPD VAN NUYS 0906,12379.355302143545,9275617.287406038,37450
1073,127210,16590336.469076127,19666.15408465267,0906,LAPD VAN NUYS 0906,12379.355302143545,9275617.287406038,12714
1074,120300,18498149.961357813,18531.095568450364,0909,LAPD VAN NUYS 0909,13585.46458264602,10661288.883931758,24756
1075,120400,11471575.827239815,17339.858463364013,0909,LAPD VAN NUYS 0909,13585.46458264602,10661288.883931758,1339
1076,122000,35118997.75625338,30499.592223736003,0909,LAPD VAN NUYS 0909,13585.46458264602,10661288.883931758,4290
1077,127102,9248440.216101095,12299.365030022953,0909,LAPD VAN NUYS 0909,13585.46458264602,10661288.883931758,2505
1078,127103,3078754.6006270116,7541.247234802971,0909,LAPD VAN NUYS 0909,13585.46458264602,10661288.883931758,3057507
1079,127104,7618187.611424697,11271.061394418586,0909,LAPD VAN NUYS 0909,13585.46458264602,10661288.883931758,7567681
1080,121010,21950722.970313683,19497.91067040762,1684,LAPD FOOTHILL 1684,17446.94277159883,15425784.590931227,1734
1081,121221,5427461.150306466,11054.163578054453,1684,LAPD FOOTHILL 1684,17446.94277159883,15425784.590931227,12612
1082,121801,5227512.5572240595,10560.213659323705,1684,LAPD FOOTHILL 1684,17446.94277159883,15425784.590931227,5203771
1083,121802,10232438.891059794,14912.813901026904,1684,LAPD FOOTHILL 1684,17446.94277159883,15425784.590931227,10198694
1084,121900,18163072.288455144,20093.950541513354,1684,LAPD FOOTHILL 1684,17446.94277159883,15425784.590931227,4003
1085,121010,21950722.970313683,19497.91067040762,1691,LAPD FOOTHILL 1691,10635.690994628552,5229721.660195366,5176822
1086,121600,12264569.020578887,16346.074858864717,1691,LAPD FOOTHILL 1691,10635.690994628552,5229721.660195366,45284
1087,121802,10232438.891059794,14912.813901026904,1691,LAPD FOOTHILL 1691,10635.690994628552,5229721.660195366,5965
1088,121010,21950722.970313683,19497.91067040762,1693,LAPD FOOTHILL 1693,13283.538785044775,9011133.571543144,29560
1089,121020,8874538.57779908,13130.16940649197,1693,LAPD FOOTHILL 1693,13283.538785044775,9011133.571543144,8863107
1090,121600,12264569.020578887,16346.074858864717,1693,LAPD FOOTHILL 1693,13283.538785044775,9011133.571543144,101110
1091,121801,5227512.5572240595,10560.213659323705,1693,LAPD FOOTHILL 1693,13283.538785044775,9011133.571543144,11719
1092,121802,10232438.891059794,14912.813901026904,1693,LAPD FOOTHILL 1693,13283.538785044775,9011133.571543144,53
1093,123301,14029676.38109086,17682.86308932284,1693,LAPD FOOTHILL 1693,13283.538785044775,9011133.571543144,2720
1094,121020,8874538.57779908,13130.16940649197,1503,LAPD NORTH HOLLYWOOD 1503,17712.06037072634,14209126.72087227,8613
1095,121600,12264569.020578887,16346.074858864717,1503,LAPD NORTH HOLLYWOOD 1503,17712.06037072634,14209126.72087227,40026
1096,121801,5227512.5572240595,10560.213659323705,1503,LAPD NORTH HOLLYWOOD 1503,17712.06037072634,14209126.72087227,15
1097,122410,7609489.689875069,11117.462505614278,1503,LAPD NORTH HOLLYWOOD 1503,17712.06037072634,14209126.72087227,6179
1098,123203,6324538.125795667,12755.872962247795,1503,LAPD NORTH HOLLYWOOD 1503,17712.06037072634,14209126.72087227,14077
1099,123204,3489507.862494978,7926.034559769329,1503,LAPD NORTH HOLLYWOOD 1503,17712.06037072634,14209126.72087227,36219
1100,123301,14029676.38109086,17682.86308932284,1503,LAPD NORTH HOLLYWOOD 1503,17712.06037072634,14209126.72087227,13980094
1101,123304,9461746.252352603,13423.346683185511,1503,LAPD NORTH HOLLYWOOD 1503,17712.06037072634,14209126.72087227,119318
1102,121102,81152096.00072522,37632.866416766796,1672,LAPD FOOTHILL 1672,11174.25217564896,7141426.85342161,3337
1103,121221,5427461.150306466,11054.163578054453,1672,LAPD FOOTHILL 1672,11174.25217564896,7141426.85342161,101770
1104,121222,14367773.741328672,18211.070431817716,1672,LAPD FOOTHILL 1672,11174.25217564896,7141426.85342161,7032848
1105,121802,10232438.891059794,14912.813901026904,1672,LAPD FOOTHILL 1672,11174.25217564896,7141426.85342161,1197
1106,121102,81152096.00072522,37632.866416766796,1673,LAPD FOOTHILL 1673,6698.573187214821,2104020.1001375145,5983
1107,121222,14367773.741328672,18211.070431817716,1673,LAPD FOOTHILL 1673,6698.573187214821,2104020.1001375145,1991356
1108,121802,10232438.891059794,14912.813901026904,1673,LAPD FOOTHILL 1673,6698.573187214821,2104020.1001375145,13881
1109,121900,18163072.288455144,20093.950541513354,1673,LAPD FOOTHILL 1673,6698.573187214821,2104020.1001375145,92119
1110,121221,5427461.150306466,11054.163578054453,1682,LAPD FOOTHILL 1682,10897.76304427105,5219769.013581895,5217919
1111,121802,10232438.891059794,14912.813901026904,1682,LAPD FOOTHILL 1682,10897.76304427105,5219769.013581895,197
1112,121600,12264569.020578887,16346.074858864717,1501,LAPD NORTH HOLLYWOOD 1501,16844.357144718862,16178451.345656691,2573
1113,122000,35118997.75625338,30499.592223736003,1501,LAPD NORTH HOLLYWOOD 1501,16844.357144718862,16178451.345656691,16170908
1114,121600,12264569.020578887,16346.074858864717,1502,LAPD NORTH HOLLYWOOD 1502,16225.3668138316,12077676.157828994,12063235
1115,122000,35118997.75625338,30499.592223736003,1502,LAPD NORTH HOLLYWOOD 1502,16225.3668138316,12077676.157828994,8530
1116,123303,6817488.249743496,13030.057162728412,1502,LAPD NORTH HOLLYWOOD 1502,16225.3668138316,12077676.157828994,5
1117,123304,9461746.252352603,13423.346683185511,1502,LAPD NORTH HOLLYWOOD 1502,16225.3668138316,12077676.157828994,2126
1118,121600,12264569.020578887,16346.074858864717,1512,LAPD NORTH HOLLYWOOD 1512,13023.376055370463,6832456.110453155,4316
1119,122000,35118997.75625338,30499.592223736003,1512,LAPD NORTH HOLLYWOOD 1512,13023.376055370463,6832456.110453155,506
1120,123303,6817488.249743496,13030.057162728412,1512,LAPD NORTH HOLLYWOOD 1512,13023.376055370463,6832456.110453155,6773467
1121,123304,9461746.252352603,13423.346683185511,1512,LAPD NORTH HOLLYWOOD 1512,13023.376055370463,6832456.110453155,51900
1122,123420,8467590.22515626,14727.1048177952,1512,LAPD NORTH HOLLYWOOD 1512,13023.376055370463,6832456.110453155,100
1123,121600,12264569.020578887,16346.074858864717,1513,LAPD NORTH HOLLYWOOD 1513,13316.704453249115,9268102.802642284,543
1124,123303,6817488.249743496,13030.057162728412,1513,LAPD NORTH HOLLYWOOD 1513,13316.704453249115,9268102.802642284,383
1125,123304,9461746.252352603,13423.346683185511,1513,LAPD NORTH HOLLYWOOD 1513,13316.704453249115,9268102.802642284,9264208
1126,121801,5227512.5572240595,10560.213659323705,1504,LAPD NORTH HOLLYWOOD 1504,11151.889926491876,7652589.7378778225,10316
1127,122410,7609489.689875069,11117.462505614278,1504,LAPD NORTH HOLLYWOOD 1504,11151.889926491876,7652589.7378778225,7600829
1128,122420,9285646.478547554,12386.804476443425,1504,LAPD NORTH HOLLYWOOD 1504,11151.889926491876,7652589.7378778225,2081
1129,123203,6324538.125795667,12755.872962247795,1504,LAPD NORTH HOLLYWOOD 1504,11151.889926491876,7652589.7378778225,14387
1130,123205,8155654.961713049,11532.586929211726,1504,LAPD NORTH HOLLYWOOD 1504,11151.889926491876,7652589.7378778225,20
1131,123301,14029676.38109086,17682.86308932284,1504,LAPD NORTH HOLLYWOOD 1504,11151.889926491876,7652589.7378778225,22461
1132,121801,5227512.5572240595,10560.213659323705,1505,LAPD NORTH HOLLYWOOD 1505,12419.89048073774,9339841.172482902,0
1133,121900,18163072.288455144,20093.950541513354,1505,LAPD NORTH HOLLYWOOD 1505,12419.89048073774,9339841.172482902,15499
1134,122120,7747578.485793699,13365.762216088266,1505,LAPD NORTH HOLLYWOOD 1505,12419.89048073774,9339841.172482902,4
1135,122410,7609489.689875069,11117.462505614278,1505,LAPD NORTH HOLLYWOOD 1505,12419.89048073774,9339841.172482902,0
1136,122420,9285646.478547554,12386.804476443425,1505,LAPD NORTH HOLLYWOOD 1505,12419.89048073774,9339841.172482902,9280489
1137,123010,10933643.692257714,13636.394308263183,1505,LAPD NORTH HOLLYWOOD 1505,12419.89048073774,9339841.172482902,24975
1138,123205,8155654.961713049,11532.586929211726,1505,LAPD NORTH HOLLYWOOD 1505,12419.89048073774,9339841.172482902,15717
1139,123206,6488594.389215139,10269.807147517531,1505,LAPD NORTH HOLLYWOOD 1505,12419.89048073774,9339841.172482902,59
1140,121801,5227512.5572240595,10560.213659323705,1685,LAPD FOOTHILL 1685,18138.416231396288,16908357.27984821,0
1141,121802,10232438.891059794,14912.813901026904,1685,LAPD FOOTHILL 1685,18138.416231396288,16908357.27984821,4632
1142,121900,18163072.288455144,20093.950541513354,1685,LAPD FOOTHILL 1685,18138.416231396288,16908357.27984821,16891222
1143,122120,7747578.485793699,13365.762216088266,1685,LAPD FOOTHILL 1685,18138.416231396288,16908357.27984821,142
1144,122122,11114633.399059206,15332.01702986795,1685,LAPD FOOTHILL 1685,18138.416231396288,16908357.27984821,6834
1145,121900,18163072.288455144,20093.950541513354,1687,LAPD FOOTHILL 1687,18163.72987315015,13750153.880395666,707894
1146,122120,7747578.485793699,13365.762216088266,1687,LAPD FOOTHILL 1687,18163.72987315015,13750153.880395666,504
1147,122121,4433980.595250115,12008.044492463647,1687,LAPD FOOTHILL 1687,18163.72987315015,13750153.880395666,4395470
1148,122122,11114633.399059206,15332.01702986795,1687,LAPD FOOTHILL 1687,18163.72987315015,13750153.880395666,8640220
1149,122200,18349521.769431364,19428.00161737637,1687,LAPD FOOTHILL 1687,18163.72987315015,13750153.880395666,1489
1150,121900,18163072.288455144,20093.950541513354,1689,LAPD FOOTHILL 1689,11349.96633518579,3548685.9772834037,405917
1151,122122,11114633.399059206,15332.01702986795,1689,LAPD FOOTHILL 1689,11349.96633518579,3548685.9772834037,2349662
1152,122200,18349521.769431364,19428.00161737637,1689,LAPD FOOTHILL 1689,11349.96633518579,3548685.9772834037,791927
1153,121900,18163072.288455144,20093.950541513354,1695,LAPD FOOTHILL 1695,13390.179468060733,7765621.747563941,3421
1154,122120,7747578.485793699,13365.762216088266,1695,LAPD FOOTHILL 1695,13390.179468060733,7765621.747563941,7719960
1155,122121,4433980.595250115,12008.044492463647,1695,LAPD FOOTHILL 1695,13390.179468060733,7765621.747563941,34008
1156,122200,18349521.769431364,19428.00161737637,1695,LAPD FOOTHILL 1695,13390.179468060733,7765621.747563941,5626
1157,122000,35118997.75625338,30499.592223736003,1511,LAPD NORTH HOLLYWOOD 1511,11482.233997197192,7123292.178891932,7112373
1158,123303,6817488.249743496,13030.057162728412,1511,LAPD NORTH HOLLYWOOD 1511,11482.233997197192,7123292.178891932,668
1159,127103,3078754.6006270116,7541.247234802971,1511,LAPD NORTH HOLLYWOOD 1511,11482.233997197192,7123292.178891932,8047
1160,122000,35118997.75625338,30499.592223736003,1521,LAPD NORTH HOLLYWOOD 1521,9503.724776566916,5375273.056517988,12951
1161,123410,5350547.048154603,9501.506576638938,1521,LAPD NORTH HOLLYWOOD 1521,9503.724776566916,5375273.056517988,5323748
1162,123420,8467590.22515626,14727.1048177952,1521,LAPD NORTH HOLLYWOOD 1521,9503.724776566916,5375273.056517988,36096
1163,123510,8594011.615476783,12270.673720152048,1521,LAPD NORTH HOLLYWOOD 1521,9503.724776566916,5375273.056517988,805
1164,127103,3078754.6006270116,7541.247234802971,1521,LAPD NORTH HOLLYWOOD 1521,9503.724776566916,5375273.056517988,2
1165,122000,35118997.75625338,30499.592223736003,1522,LAPD NORTH HOLLYWOOD 1522,14747.44143560815,8466070.401009217,10460
1166,123303,6817488.249743496,13030.057162728412,1522,LAPD NORTH HOLLYWOOD 1522,14747.44143560815,8466070.401009217,25416
1167,123410,5350547.048154603,9501.506576638938,1522,LAPD NORTH HOLLYWOOD 1522,14747.44143560815,8466070.401009217,6025
1168,123420,8467590.22515626,14727.1048177952,1522,LAPD NORTH HOLLYWOOD 1522,14747.44143560815,8466070.401009217,8405444
1169,123520,5498246.878269499,12490.875055247416,1522,LAPD NORTH HOLLYWOOD 1522,14747.44143560815,8466070.401009217,45
1170,123700,10250472.04137497,13103.936437515471,1522,LAPD NORTH HOLLYWOOD 1522,14747.44143560815,8466070.401009217,16010
1171,122120,7747578.485793699,13365.762216088266,1506,LAPD NORTH HOLLYWOOD 1506,13729.847031110616,11041979.915550115,16989
1172,123010,10933643.692257714,13636.394308263183,1506,LAPD NORTH HOLLYWOOD 1506,13729.847031110616,11041979.915550115,10904988
1173,123020,6088161.9738845555,9872.882888652079,1506,LAPD NORTH HOLLYWOOD 1506,13729.847031110616,11041979.915550115,12919
1174,123103,9712010.118034612,13419.05320505288,1506,LAPD NORTH HOLLYWOOD 1506,13729.847031110616,11041979.915550115,3407
1175,123206,6488594.389215139,10269.807147517531,1506,LAPD NORTH HOLLYWOOD 1506,13729.847031110616,11041979.915550115,12748
1176,980001,24918085.40988521,22751.71529615117,1506,LAPD NORTH HOLLYWOOD 1506,13729.847031110616,11041979.915550115,87209
1177,122120,7747578.485793699,13365.762216088266,1508,LAPD NORTH HOLLYWOOD 1508,7096.003268688839,2931838.0007866863,7377
1178,122200,18349521.769431364,19428.00161737637,1508,LAPD NORTH HOLLYWOOD 1508,7096.003268688839,2931838.0007866863,3979
1179,123020,6088161.9738845555,9872.882888652079,1508,LAPD NORTH HOLLYWOOD 1508,7096.003268688839,2931838.0007866863,2917404
1180,980001,24918085.40988521,22751.71529615117,1508,LAPD NORTH HOLLYWOOD 1508,7096.003268688839,2931838.0007866863,2079
1181,123020,6088161.9738845555,9872.882888652079,1509,LAPD NORTH HOLLYWOOD 1509,7520.5943640992755,3257973.7190567423,3155765
1182,980001,24918085.40988521,22751.71529615117,1509,LAPD NORTH HOLLYWOOD 1509,7520.5943640992755,3257973.7190567423,101096
1183,123103,9712010.118034612,13419.05320505288,1517,LAPD NORTH HOLLYWOOD 1517,10240.90968516291,6441363.903406082,17124
1184,123206,6488594.389215139,10269.807147517531,1517,LAPD NORTH HOLLYWOOD 1517,10240.90968516291,6441363.903406082,6421964
1185,124201,10468289.927607186,13209.638229011141,1517,LAPD NORTH HOLLYWOOD 1517,10240.90968516291,6441363.903406082,89
1186,123103,9712010.118034612,13419.05320505288,1519,LAPD NORTH HOLLYWOOD 1519,13399.733960371826,9670789.223879103,9653063
1187,311100,18349521.40755983,18030.237697048145,1519,LAPD NORTH HOLLYWOOD 1519,13399.733960371826,9670789.223879103,13319
1188,980001,24918085.40988521,22751.71529615117,1519,LAPD NORTH HOLLYWOOD 1519,13399.733960371826,9670789.223879103,1063
1189,123103,9712010.118034612,13419.05320505288,1527,LAPD NORTH HOLLYWOOD 1527,13199.805919891303,10452995.181989158,11035
1190,123104,8413572.184276985,11537.864782102068,1527,LAPD NORTH HOLLYWOOD 1527,13199.805919891303,10452995.181989158,20181
1191,123206,6488594.389215139,10269.807147517531,1527,LAPD NORTH HOLLYWOOD 1527,13199.805919891303,10452995.181989158,18336
1192,124201,10468289.927607186,13209.638229011141,1527,LAPD NORTH HOLLYWOOD 1527,13199.805919891303,10452995.181989158,10399862
1193,123103,9712010.118034612,13419.05320505288,1529,LAPD NORTH HOLLYWOOD 1529,11543.170834263554,8413255.677134527,23669
1194,123104,8413572.184276985,11537.864782102068,1529,LAPD NORTH HOLLYWOOD 1529,11543.170834263554,8413255.677134527,8377731
1195,124201,10468289.927607186,13209.638229011141,1529,LAPD NORTH HOLLYWOOD 1529,11543.170834263554,8413255.677134527,144
1196,311100,18349521.40755983,18030.237697048145,1529,LAPD NORTH HOLLYWOOD 1529,11543.170834263554,8413255.677134527,8778
1197,123104,8413572.184276985,11537.864782102068,1538,LAPD NORTH HOLLYWOOD 1538,10560.237386409062,6982092.887960771,55
1198,124201,10468289.927607186,13209.638229011141,1538,LAPD NORTH HOLLYWOOD 1538,10560.237386409062,6982092.887960771,19334
1199,124203,3490019.013865153,7927.100645206667,1538,LAPD NORTH HOLLYWOOD 1538,10560.237386409062,6982092.887960771,3477671
1200,124204,3491073.757091084,7925.264192388318,1538,LAPD NORTH HOLLYWOOD 1538,10560.237386409062,6982092.887960771,3458224
1201,124300,9590065.301893855,12560.90800107424,1538,LAPD NORTH HOLLYWOOD 1538,10560.237386409062,6982092.887960771,24395
1202,123104,8413572.184276985,11537.864782102068,1539,LAPD NORTH HOLLYWOOD 1539,12531.210549924901,9557092.313986404,12670
1203,124300,9590065.301893855,12560.90800107424,1539,LAPD NORTH HOLLYWOOD 1539,12531.210549924901,9557092.313986404,9534855
1204,311100,18349521.40755983,18030.237697048145,1539,LAPD NORTH HOLLYWOOD 1539,12531.210549924901,9557092.313986404,1204
1205,311200,10644705.354932066,13994.314363389221,1539,LAPD NORTH HOLLYWOOD 1539,12531.210549924901,9557092.313986404,5004
1206,123203,6324538.125795667,12755.872962247795,1514,LAPD NORTH HOLLYWOOD 1514,7933.50535213009,3492376.6886831326,46722
1207,123204,3489507.862494978,7926.034559769329,1514,LAPD NORTH HOLLYWOOD 1514,7933.50535213009,3492376.6886831326,3444508
1208,123203,6324538.125795667,12755.872962247795,1515,LAPD NORTH HOLLYWOOD 1515,12748.550268978808,6273593.475348881,6235156
1209,123205,8155654.961713049,11532.586929211726,1515,LAPD NORTH HOLLYWOOD 1515,12748.550268978808,6273593.475348881,34740
1210,123301,14029676.38109086,17682.86308932284,1515,LAPD NORTH HOLLYWOOD 1515,12748.550268978808,6273593.475348881,1631
1211,123203,6324538.125795667,12755.872962247795,1525,LAPD NORTH HOLLYWOOD 1525,17005.831123602868,14366699.765869785,12113
1212,123204,3489507.862494978,7926.034559769329,1525,LAPD NORTH HOLLYWOOD 1525,17005.831123602868,14366699.765869785,7571
1213,123205,8155654.961713049,11532.586929211726,1525,LAPD NORTH HOLLYWOOD 1525,17005.831123602868,14366699.765869785,113
1214,123800,13884988.855243593,17448.997470852944,1525,LAPD NORTH HOLLYWOOD 1525,17005.831123602868,14366699.765869785,279
1215,123901,13897463.024692494,15030.35455120857,1525,LAPD NORTH HOLLYWOOD 1525,17005.831123602868,14366699.765869785,10249437
1216,123902,7151226.427602453,11695.19721799944,1525,LAPD NORTH HOLLYWOOD 1525,17005.831123602868,14366699.765869785,4038736
1217,124102,6987656.394380351,10573.06295521589,1525,LAPD NORTH HOLLYWOOD 1525,17005.831123602868,14366699.765869785,27463
1218,124103,3486761.9966342403,7921.977729089202,1525,LAPD NORTH HOLLYWOOD 1525,17005.831123602868,14366699.765869785,12410
1219,124104,3492065.212914939,7927.118497100601,1525,LAPD NORTH HOLLYWOOD 1525,17005.831123602868,14366699.765869785,2529
1220,124105,3493113.8088014983,7929.03926551355,1525,LAPD NORTH HOLLYWOOD 1525,17005.831123602868,14366699.765869785,11255
1221,123204,3489507.862494978,7926.034559769329,1524,LAPD NORTH HOLLYWOOD 1524,8794.453293414434,3788063.1736271163,63
1222,123301,14029676.38109086,17682.86308932284,1524,LAPD NORTH HOLLYWOOD 1524,8794.453293414434,3788063.1736271163,18243
1223,123304,9461746.252352603,13423.346683185511,1524,LAPD NORTH HOLLYWOOD 1524,8794.453293414434,3788063.1736271163,482
1224,123800,13884988.855243593,17448.997470852944,1524,LAPD NORTH HOLLYWOOD 1524,8794.453293414434,3788063.1736271163,124607
1225,123901,13897463.024692494,15030.35455120857,1524,LAPD NORTH HOLLYWOOD 1524,8794.453293414434,3788063.1736271163,3643424
1226,123205,8155654.961713049,11532.586929211726,1516,LAPD NORTH HOLLYWOOD 1516,11508.496454054875,8120548.34362285,8084663
1227,123206,6488594.389215139,10269.807147517531,1516,LAPD NORTH HOLLYWOOD 1516,11508.496454054875,8120548.34362285,33171
1228,123205,8155654.961713049,11532.586929211726,1526,LAPD NORTH HOLLYWOOD 1526,13215.330654306545,10486014.058817767,17674
1229,123206,6488594.389215139,10269.807147517531,1526,LAPD NORTH HOLLYWOOD 1526,13215.330654306545,10486014.058817767,111
1230,124103,3486761.9966342403,7921.977729089202,1526,LAPD NORTH HOLLYWOOD 1526,13215.330654306545,10486014.058817767,3473179
1231,124104,3492065.212914939,7927.118497100601,1526,LAPD NORTH HOLLYWOOD 1526,13215.330654306545,10486014.058817767,3488358
1232,124105,3493113.8088014983,7929.03926551355,1526,LAPD NORTH HOLLYWOOD 1526,13215.330654306545,10486014.058817767,3457936
1233,124201,10468289.927607186,13209.638229011141,1526,LAPD NORTH HOLLYWOOD 1526,13215.330654306545,10486014.058817767,45216
1234,123303,6817488.249743496,13030.057162728412,1523,LAPD NORTH HOLLYWOOD 1523,13115.926021379522,10270918.983506111,15387
1235,123304,9461746.252352603,13423.346683185511,1523,LAPD NORTH HOLLYWOOD 1523,13115.926021379522,10270918.983506111,10399
1236,123700,10250472.04137497,13103.936437515471,1523,LAPD NORTH HOLLYWOOD 1523,13115.926021379522,10270918.983506111,10181850
1237,123800,13884988.855243593,17448.997470852944,1523,LAPD NORTH HOLLYWOOD 1523,13115.926021379522,10270918.983506111,59973
1238,123304,9461746.252352603,13423.346683185511,1532,LAPD NORTH HOLLYWOOD 1532,17399.585622665596,13675593.912553325,10279
1239,123800,13884988.855243593,17448.997470852944,1532,LAPD NORTH HOLLYWOOD 1532,17399.585622665596,13675593.912553325,13633662
1240,123902,7151226.427602453,11695.19721799944,1532,LAPD NORTH HOLLYWOOD 1532,17399.585622665596,13675593.912553325,27158
1241,123410,5350547.048154603,9501.506576638938,0919,LAPD VAN NUYS 0919,12225.61354230244,8574882.286020016,19099
1242,123510,8594011.615476783,12270.673720152048,0919,LAPD VAN NUYS 0919,12225.61354230244,8574882.286020016,8526531
1243,123520,5498246.878269499,12490.875055247416,0919,LAPD VAN NUYS 0919,12225.61354230244,8574882.286020016,16920
1244,127103,3078754.6006270116,7541.247234802971,0919,LAPD VAN NUYS 0919,12225.61354230244,8574882.286020016,9321
1245,127104,7618187.611424697,11271.061394418586,0919,LAPD VAN NUYS 0919,12225.61354230244,8574882.286020016,4
1246,127920,6982234.682146825,10569.20637179929,0919,LAPD VAN NUYS 0919,12225.61354230244,8574882.286020016,363
1247,123410,5350547.048154603,9501.506576638938,0929,LAPD VAN NUYS 0929,12461.54807303055,5487898.969744239,11
1248,123420,8467590.22515626,14727.1048177952,0929,LAPD VAN NUYS 0929,12461.54807303055,5487898.969744239,16781
1249,123510,8594011.615476783,12270.673720152048,0929,LAPD VAN NUYS 0929,12461.54807303055,5487898.969744239,29398
1250,123520,5498246.878269499,12490.875055247416,0929,LAPD VAN NUYS 0929,12461.54807303055,5487898.969744239,5439997
1251,123420,8467590.22515626,14727.1048177952,0939,LAPD VAN NUYS 0939,18148.836070070553,16469007.317810183,6499
1252,123520,5498246.878269499,12490.875055247416,0939,LAPD VAN NUYS 0939,18148.836070070553,16469007.317810183,9658
1253,123601,16494226.634890188,18301.282857831913,0939,LAPD VAN NUYS 0939,18148.836070070553,16469007.317810183,16061223
1254,123700,10250472.04137497,13103.936437515471,0939,LAPD VAN NUYS 0939,18148.836070070553,16469007.317810183,33154
1255,124400,10500728.150029251,13194.515347622713,0939,LAPD VAN NUYS 0939,18148.836070070553,16469007.317810183,347650
1256,124500,8695824.57175791,14054.898760455786,0939,LAPD VAN NUYS 0939,18148.836070070553,16469007.317810183,5561
1257,123510,8594011.615476783,12270.673720152048,0916,LAPD VAN NUYS 0916,10586.721454857814,7000920.637222649,15146
1258,127104,7618187.611424697,11271.061394418586,0916,LAPD VAN NUYS 0916,10586.721454857814,7000920.637222649,10599
1259,127910,6993754.404970082,10580.382396063882,0916,LAPD VAN NUYS 0916,10586.721454857814,7000920.637222649,2848
1260,127920,6982234.682146825,10569.20637179929,0916,LAPD VAN NUYS 0916,10586.721454857814,7000920.637222649,6970209
1261,123510,8594011.615476783,12270.673720152048,0926,LAPD VAN NUYS 0926,15847.236561735399,13945687.125527538,19483
1262,123520,5498246.878269499,12490.875055247416,0926,LAPD VAN NUYS 0926,15847.236561735399,13945687.125527538,19179
1263,127910,6993754.404970082,10580.382396063882,0926,LAPD VAN NUYS 0926,15847.236561735399,13945687.125527538,7123
1264,127920,6982234.682146825,10569.20637179929,0926,LAPD VAN NUYS 0926,15847.236561735399,13945687.125527538,8335
1265,128101,6984201.745147113,10570.758150539223,0926,LAPD VAN NUYS 0926,15847.236561735399,13945687.125527538,6964433
1266,128102,6983275.122529546,10570.697159349376,0926,LAPD VAN NUYS 0926,15847.236561735399,13945687.125527538,6922919
1267,123520,5498246.878269499,12490.875055247416,0937,LAPD VAN NUYS 0937,9920.35639606697,5885132.71289124,78
1268,123602,9985609.134839319,14187.456703587075,0937,LAPD VAN NUYS 0937,9920.35639606697,5885132.71289124,33589
1269,128101,6984201.745147113,10570.758150539223,0937,LAPD VAN NUYS 0937,9920.35639606697,5885132.71289124,17618
1270,128220,5979977.103186289,10040.053173280254,0937,LAPD VAN NUYS 0937,9920.35639606697,5885132.71289124,5832040
1271,123520,5498246.878269499,12490.875055247416,0938,LAPD VAN NUYS 0938,13994.98101445837,9741683.465670705,10653
1272,123601,16494226.634890188,18301.282857831913,0938,LAPD VAN NUYS 0938,13994.98101445837,9741683.465670705,87711
1273,123602,9985609.134839319,14187.456703587075,0938,LAPD VAN NUYS 0938,13994.98101445837,9741683.465670705,9640266
1274,123601,16494226.634890188,18301.282857831913,0948,LAPD VAN NUYS 0948,14112.536593639174,8737151.317498093,46151
1275,123602,9985609.134839319,14187.456703587075,0948,LAPD VAN NUYS 0948,14112.536593639174,8737151.317498093,307774
1276,124500,8695824.57175791,14054.898760455786,0948,LAPD VAN NUYS 0948,14112.536593639174,8737151.317498093,8380465
1277,123601,16494226.634890188,18301.282857831913,0969,LAPD VAN NUYS 0969,17891.090069546663,14617978.388690336,116656
1278,124000,14531311.736291861,16693.340711682293,0969,LAPD VAN NUYS 0969,17891.090069546663,14617978.388690336,22203
1279,124500,8695824.57175791,14054.898760455786,0969,LAPD VAN NUYS 0969,17891.090069546663,14617978.388690336,81053
1280,124700,14659153.195822697,17855.509967639253,0969,LAPD VAN NUYS 0969,17891.090069546663,14617978.388690336,14393284
1281,143402,6976620.250859616,10582.34308940494,0969,LAPD VAN NUYS 0969,17891.090069546663,14617978.388690336,22
1282,123601,16494226.634890188,18301.282857831913,1531,LAPD NORTH HOLLYWOOD 1531,13408.148346977587,10205764.829888185,176477
1283,123700,10250472.04137497,13103.936437515471,1531,LAPD NORTH HOLLYWOOD 1531,13408.148346977587,10205764.829888185,16156
1284,123800,13884988.855243593,17448.997470852944,1531,LAPD NORTH HOLLYWOOD 1531,13408.148346977587,10205764.829888185,38555
1285,124400,10500728.150029251,13194.515347622713,1531,LAPD NORTH HOLLYWOOD 1531,13408.148346977587,10205764.829888185,9954719
1286,124902,3644289.5060963235,8062.469727018315,1531,LAPD NORTH HOLLYWOOD 1531,13408.148346977587,10205764.829888185,16531
1287,123601,16494226.634890188,18301.282857831913,1541,LAPD NORTH HOLLYWOOD 1541,11584.468322513361,7794409.048159093,738
1288,124000,14531311.736291861,16693.340711682293,1541,LAPD NORTH HOLLYWOOD 1541,11584.468322513361,7794409.048159093,7552276
1289,124400,10500728.150029251,13194.515347622713,1541,LAPD NORTH HOLLYWOOD 1541,11584.468322513361,7794409.048159093,194938
1290,124700,14659153.195822697,17855.509967639253,1541,LAPD NORTH HOLLYWOOD 1541,11584.468322513361,7794409.048159093,26932
1291,124902,3644289.5060963235,8062.469727018315,1541,LAPD NORTH HOLLYWOOD 1541,11584.468322513361,7794409.048159093,969
1292,124903,3351724.2335503884,7812.200916864503,1541,LAPD NORTH HOLLYWOOD 1541,11584.468322513361,7794409.048159093,15983
1293,123602,9985609.134839319,14187.456703587075,0946,LAPD VAN NUYS 0946,13962.509820334959,11665444.725867843,849
1294,124500,8695824.57175791,14054.898760455786,0946,LAPD VAN NUYS 0946,13962.509820334959,11665444.725867843,65100
1295,128220,5979977.103186289,10040.053173280254,0946,LAPD VAN NUYS 0946,13962.509820334959,11665444.725867843,139609
1296,128601,7339199.217948719,13840.627797604202,0946,LAPD VAN NUYS 0946,13962.509820334959,11665444.725867843,2762609
1297,128602,12209301.959016625,14527.215280342314,0946,LAPD VAN NUYS 0946,13962.509820334959,11665444.725867843,8693658
1298,123800,13884988.855243593,17448.997470852944,1533,LAPD NORTH HOLLYWOOD 1533,9718.937631565697,3068764.2154887044,4404
1299,123902,7151226.427602453,11695.19721799944,1533,LAPD NORTH HOLLYWOOD 1533,9718.937631565697,3068764.2154887044,3063333
1300,123800,13884988.855243593,17448.997470852944,1543,LAPD NORTH HOLLYWOOD 1543,10565.189397748669,6977398.537031539,18943
1301,123902,7151226.427602453,11695.19721799944,1543,LAPD NORTH HOLLYWOOD 1543,10565.189397748669,6977398.537031539,71
1302,124902,3644289.5060963235,8062.469727018315,1543,LAPD NORTH HOLLYWOOD 1543,10565.189397748669,6977398.537031539,3625578
1303,124903,3351724.2335503884,7812.200916864503,1543,LAPD NORTH HOLLYWOOD 1543,10565.189397748669,6977398.537031539,3307828
1304,125101,6993797.274367082,10577.594763349696,1543,LAPD NORTH HOLLYWOOD 1543,10565.189397748669,6977398.537031539,22655
1305,123902,7151226.427602453,11695.19721799944,1545,LAPD NORTH HOLLYWOOD 1545,15862.102327195835,13974271.45139023,19528
1306,124102,6987656.394380351,10573.06295521589,1545,LAPD NORTH HOLLYWOOD 1545,15862.102327195835,13974271.45139023,95
1307,125101,6993797.274367082,10577.594763349696,1545,LAPD NORTH HOLLYWOOD 1545,15862.102327195835,13974271.45139023,6968663
1308,125102,6984254.144381817,10570.906722694914,1545,LAPD NORTH HOLLYWOOD 1545,15862.102327195835,13974271.45139023,6944647
1309,125200,14032632.246596295,15860.723076078264,1545,LAPD NORTH HOLLYWOOD 1545,15862.102327195835,13974271.45139023,36599
1310,124000,14531311.736291861,16693.340711682293,1544,LAPD NORTH HOLLYWOOD 1544,10573.524486949365,6991456.957886698,6940423
1311,124903,3351724.2335503884,7812.200916864503,1544,LAPD NORTH HOLLYWOOD 1544,10573.524486949365,6991456.957886698,26794
1312,125101,6993797.274367082,10577.594763349696,1544,LAPD NORTH HOLLYWOOD 1544,10573.524486949365,6991456.957886698,116
1313,125102,6984254.144381817,10570.906722694914,1544,LAPD NORTH HOLLYWOOD 1544,10573.524486949365,6991456.957886698,21100
1314,143402,6976620.250859616,10582.34308940494,1544,LAPD NORTH HOLLYWOOD 1544,10573.524486949365,6991456.957886698,678
1315,124000,14531311.736291861,16693.340711682293,1551,LAPD NORTH HOLLYWOOD 1551,6975.736520703397,1996299.2152835936,11580
1316,124700,14659153.195822697,17855.509967639253,1551,LAPD NORTH HOLLYWOOD 1551,6975.736520703397,1996299.2152835936,436
1317,125102,6984254.144381817,10570.906722694914,1551,LAPD NORTH HOLLYWOOD 1551,6975.736520703397,1996299.2152835936,7
1318,143301,6246426.565023414,13124.082236366186,1551,LAPD NORTH HOLLYWOOD 1551,6975.736520703397,1996299.2152835936,1520
1319,143402,6976620.250859616,10582.34308940494,1551,LAPD NORTH HOLLYWOOD 1551,6975.736520703397,1996299.2152835936,1982080
1320,124102,6987656.394380351,10573.06295521589,1535,LAPD NORTH HOLLYWOOD 1535,10577.19062305288,6989152.213977158,6941081
1321,124105,3493113.8088014983,7929.03926551355,1535,LAPD NORTH HOLLYWOOD 1535,10577.19062305288,6989152.213977158,22739
1322,124201,10468289.927607186,13209.638229011141,1535,LAPD NORTH HOLLYWOOD 1535,10577.19062305288,6989152.213977158,58
1323,124203,3490019.013865153,7927.100645206667,1535,LAPD NORTH HOLLYWOOD 1535,10577.19062305288,6989152.213977158,11144
1324,124204,3491073.757091084,7925.264192388318,1535,LAPD NORTH HOLLYWOOD 1535,10577.19062305288,6989152.213977158,11749
1325,124102,6987656.394380351,10573.06295521589,1547,LAPD NORTH HOLLYWOOD 1547,14055.732104109158,6410031.659315788,16637
1326,124204,3491073.757091084,7925.264192388318,1547,LAPD NORTH HOLLYWOOD 1547,14055.732104109158,6410031.659315788,121
1327,125200,14032632.246596295,15860.723076078264,1547,LAPD NORTH HOLLYWOOD 1547,14055.732104109158,6410031.659315788,6361644
1328,125310,11344368.79594952,19251.093850750745,1547,LAPD NORTH HOLLYWOOD 1547,14055.732104109158,6410031.659315788,8016
1329,125322,4016990.463358236,8863.782487810617,1547,LAPD NORTH HOLLYWOOD 1547,14055.732104109158,6410031.659315788,10085
1330,125402,7889271.706314236,11288.354035733448,1547,LAPD NORTH HOLLYWOOD 1547,14055.732104109158,6410031.659315788,605
1331,125403,1811797.3064604185,6036.3952419634525,1547,LAPD NORTH HOLLYWOOD 1547,14055.732104109158,6410031.659315788,10646
1332,143301,6246426.565023414,13124.082236366186,1547,LAPD NORTH HOLLYWOOD 1547,14055.732104109158,6410031.659315788,67
1333,124204,3491073.757091084,7925.264192388318,1549,LAPD NORTH HOLLYWOOD 1549,19226.80355170389,11226572.858391108,19770
1334,124300,9590065.301893855,12560.90800107424,1549,LAPD NORTH HOLLYWOOD 1549,19226.80355170389,11226572.858391108,27445
1335,125310,11344368.79594952,19251.093850750745,1549,LAPD NORTH HOLLYWOOD 1549,19226.80355170389,11226572.858391108,11132333
1336,125600,11003262.23623889,14763.873615046421,1549,LAPD NORTH HOLLYWOOD 1549,19226.80355170389,11226572.858391108,667
1337,311200,10644705.354932066,13994.314363389221,1549,LAPD NORTH HOLLYWOOD 1549,19226.80355170389,11226572.858391108,25386
1338,311400,10108104.339646673,15209.478282959242,1549,LAPD NORTH HOLLYWOOD 1549,19226.80355170389,11226572.858391108,17011
1339,124500,8695824.57175791,14054.898760455786,0957,LAPD VAN NUYS 0957,7938.867672363985,3490423.0250743874,973
1340,124600,12055244.0381722,14291.048268105022,0957,LAPD VAN NUYS 0957,7938.867672363985,3490423.0250743874,19854
1341,128602,12209301.959016625,14527.215280342314,0957,LAPD VAN NUYS 0957,7938.867672363985,3490423.0250743874,3468503
1342,124500,8695824.57175791,14054.898760455786,0966,LAPD VAN NUYS 0966,14325.719451669764,12089726.29115875,159921
1343,124600,12055244.0381722,14291.048268105022,0966,LAPD VAN NUYS 0966,14325.719451669764,12089726.29115875,11894109
1344,124700,14659153.195822697,17855.509967639253,0966,LAPD VAN NUYS 0966,14325.719451669764,12089726.29115875,31207
1345,128704,8965439.168876493,12103.947871150393,0966,LAPD VAN NUYS 0966,14325.719451669764,12089726.29115875,624
1346,124600,12055244.0381722,14291.048268105022,0964,LAPD VAN NUYS 0964,16978.73620115995,17734312.9628151,28234
1347,128500,10481214.386024313,13224.656638247021,0964,LAPD VAN NUYS 0964,16978.73620115995,17734312.9628151,36042
1348,128602,12209301.959016625,14527.215280342314,0964,LAPD VAN NUYS 0964,16978.73620115995,17734312.9628151,34484
1349,128703,8910739.958274482,11759.030029188336,0964,LAPD VAN NUYS 0964,16978.73620115995,17734312.9628151,8774681
1350,128704,8965439.168876493,12103.947871150393,0964,LAPD VAN NUYS 0964,16978.73620115995,17734312.9628151,8854634
1351,128910,14388073.489851689,17404.423033375588,0964,LAPD VAN NUYS 0964,16978.73620115995,17734312.9628151,697
1352,124600,12055244.0381722,14291.048268105022,0976,LAPD VAN NUYS 0976,9050.887268253346,4126671.0375635577,109171
1353,124700,14659153.195822697,17855.509967639253,0976,LAPD VAN NUYS 0976,9050.887268253346,4126671.0375635577,45
1354,141101,8170710.473618708,11728.907215168772,0976,LAPD VAN NUYS 0976,9050.887268253346,4126671.0375635577,4014061
1355,143401,11938069.828114025,14981.899845096339,0976,LAPD VAN NUYS 0976,9050.887268253346,4126671.0375635577,1429
1356,143500,13327076.164475316,18907.639294869983,0976,LAPD VAN NUYS 0976,9050.887268253346,4126671.0375635577,629
1357,124600,12055244.0381722,14291.048268105022,0989,LAPD VAN NUYS 0989,16069.21122449069,12569130.526997944,21
1358,128704,8965439.168876493,12103.947871150393,0989,LAPD VAN NUYS 0989,16069.21122449069,12569130.526997944,65717
1359,141101,8170710.473618708,11728.907215168772,0989,LAPD VAN NUYS 0989,16069.21122449069,12569130.526997944,4151114
1360,141102,8383648.904312444,15328.385123255848,0989,LAPD VAN NUYS 0989,16069.21122449069,12569130.526997944,8342573
1361,141201,7545646.496950091,12115.153492735832,0989,LAPD VAN NUYS 0989,16069.21122449069,12569130.526997944,2355
1362,141202,7536244.1734377835,12658.332346407115,0989,LAPD VAN NUYS 0989,16069.21122449069,12569130.526997944,0
1363,141700,34917644.266775854,31997.527759144676,0989,LAPD VAN NUYS 0989,16069.21122449069,12569130.526997944,1430
1364,143500,13327076.164475316,18907.639294869983,0989,LAPD VAN NUYS 0989,16069.21122449069,12569130.526997944,43
1365,143902,27199022.83278482,34224.69368397816,0989,LAPD VAN NUYS 0989,16069.21122449069,12569130.526997944,1830
1366,124700,14659153.195822697,17855.509967639253,0979,LAPD VAN NUYS 0979,9883.597379941977,6127281.349976512,104141
1367,141101,8170710.473618708,11728.907215168772,0979,LAPD VAN NUYS 0979,9883.597379941977,6127281.349976512,146
1368,143401,11938069.828114025,14981.899845096339,0979,LAPD VAN NUYS 0979,9883.597379941977,6127281.349976512,6020985
1369,124700,14659153.195822697,17855.509967639253,1562,LAPD NORTH HOLLYWOOD 1562,14439.816197389488,10964407.610547494,98330
1370,143301,6246426.565023414,13124.082236366186,1562,LAPD NORTH HOLLYWOOD 1562,14439.816197389488,10964407.610547494,59
1371,143302,11157767.613619981,16035.814975089183,1562,LAPD NORTH HOLLYWOOD 1562,14439.816197389488,10964407.610547494,1045
1372,143401,11938069.828114025,14981.899845096339,1562,LAPD NORTH HOLLYWOOD 1562,14439.816197389488,10964407.610547494,5882434
1373,143402,6976620.250859616,10582.34308940494,1562,LAPD NORTH HOLLYWOOD 1562,14439.816197389488,10964407.610547494,4978862
1374,125102,6984254.144381817,10570.906722694914,1546,LAPD NORTH HOLLYWOOD 1546,13192.317817354075,7617306.517975389,44
1375,125200,14032632.246596295,15860.723076078264,1546,LAPD NORTH HOLLYWOOD 1546,13192.317817354075,7617306.517975389,7614642
1376,125102,6984254.144381817,10570.906722694914,1553,LAPD NORTH HOLLYWOOD 1553,13918.31576562056,6334233.587121336,16077
1377,125200,14032632.246596295,15860.723076078264,1553,LAPD NORTH HOLLYWOOD 1553,13918.31576562056,6334233.587121336,13305
1378,125402,7889271.706314236,11288.354035733448,1553,LAPD NORTH HOLLYWOOD 1553,13918.31576562056,6334233.587121336,274782
1379,143301,6246426.565023414,13124.082236366186,1553,LAPD NORTH HOLLYWOOD 1553,13918.31576562056,6334233.587121336,6027884
1380,125200,14032632.246596295,15860.723076078264,1555,LAPD NORTH HOLLYWOOD 1555,14418.28224543226,11578389.700855555,1611
1381,125322,4016990.463358236,8863.782487810617,1555,LAPD NORTH HOLLYWOOD 1555,14418.28224543226,11578389.700855555,21785
1382,125402,7889271.706314236,11288.354035733448,1555,LAPD NORTH HOLLYWOOD 1555,14418.28224543226,11578389.700855555,7346941
1383,125403,1811797.3064604185,6036.3952419634525,1555,LAPD NORTH HOLLYWOOD 1555,14418.28224543226,11578389.700855555,1800519
1384,125404,2469661.9580294886,8591.643310191077,1555,LAPD NORTH HOLLYWOOD 1555,14418.28224543226,11578389.700855555,2374847
1385,125502,5628290.556008441,9622.55792102862,1555,LAPD NORTH HOLLYWOOD 1555,14418.28224543226,11578389.700855555,10053
1386,143301,6246426.565023414,13124.082236366186,1555,LAPD NORTH HOLLYWOOD 1555,14418.28224543226,11578389.700855555,18561
1387,125310,11344368.79594952,19251.093850750745,1548,LAPD NORTH HOLLYWOOD 1548,13194.071813329963,6939333.54515806,190330
1388,125321,2790573.451047953,6882.614225339492,1548,LAPD NORTH HOLLYWOOD 1548,13194.071813329963,6939333.54515806,2768713
1389,125322,4016990.463358236,8863.782487810617,1548,LAPD NORTH HOLLYWOOD 1548,13194.071813329963,6939333.54515806,3977854
1390,125310,11344368.79594952,19251.093850750745,1557,LAPD NORTH HOLLYWOOD 1557,13250.052716512431,10667343.724649535,101
1391,125321,2790573.451047953,6882.614225339492,1557,LAPD NORTH HOLLYWOOD 1557,13250.052716512431,10667343.724649535,20872
1392,125322,4016990.463358236,8863.782487810617,1557,LAPD NORTH HOLLYWOOD 1557,13250.052716512431,10667343.724649535,5862
1393,125404,2469661.9580294886,8591.643310191077,1557,LAPD NORTH HOLLYWOOD 1557,13250.052716512431,10667343.724649535,93947
1394,125501,4995201.973937029,9227.603633894962,1557,LAPD NORTH HOLLYWOOD 1557,13250.052716512431,10667343.724649535,4993426
1395,125502,5628290.556008441,9622.55792102862,1557,LAPD NORTH HOLLYWOOD 1557,13250.052716512431,10667343.724649535,5533709
1396,125600,11003262.23623889,14763.873615046421,1557,LAPD NORTH HOLLYWOOD 1557,13250.052716512431,10667343.724649535,15624
1397,125310,11344368.79594952,19251.093850750745,1559,LAPD NORTH HOLLYWOOD 1559,14647.54024322781,10842037.779538656,9566
1398,125501,4995201.973937029,9227.603633894962,1559,LAPD NORTH HOLLYWOOD 1559,14647.54024322781,10842037.779538656,1
1399,125502,5628290.556008441,9622.55792102862,1559,LAPD NORTH HOLLYWOOD 1559,14647.54024322781,10842037.779538656,1264
1400,125600,11003262.23623889,14763.873615046421,1559,LAPD NORTH HOLLYWOOD 1559,14647.54024322781,10842037.779538656,10823491
1401,311400,10108104.339646673,15209.478282959242,1559,LAPD NORTH HOLLYWOOD 1559,14647.54024322781,10842037.779538656,3122
1402,311602,11956659.008981181,17199.361304375747,1559,LAPD NORTH HOLLYWOOD 1559,14647.54024322781,10842037.779538656,669
1403,125402,7889271.706314236,11288.354035733448,1565,LAPD NORTH HOLLYWOOD 1565,10078.354760478229,4387431.582701733,92032
1404,143200,10301572.9592493,14060.067521757257,1565,LAPD NORTH HOLLYWOOD 1565,10078.354760478229,4387431.582701733,4292932
1405,143301,6246426.565023414,13124.082236366186,1565,LAPD NORTH HOLLYWOOD 1565,10078.354760478229,4387431.582701733,195
1406,143302,11157767.613619981,16035.814975089183,1565,LAPD NORTH HOLLYWOOD 1565,10078.354760478229,4387431.582701733,239
1407,143603,5655785.73488888,13494.06534059382,1565,LAPD NORTH HOLLYWOOD 1565,10078.354760478229,4387431.582701733,479
1408,125402,7889271.706314236,11288.354035733448,1566,LAPD NORTH HOLLYWOOD 1566,11337.86059088029,6213246.653358127,172131
1409,125502,5628290.556008441,9622.55792102862,1566,LAPD NORTH HOLLYWOOD 1566,11337.86059088029,6213246.653358127,175
1410,143101,14733761.966787083,18487.39605269909,1566,LAPD NORTH HOLLYWOOD 1566,11337.86059088029,6213246.653358127,3130
1411,143102,4210680.787971393,8677.418427452052,1566,LAPD NORTH HOLLYWOOD 1566,11337.86059088029,6213246.653358127,22892
1412,143200,10301572.9592493,14060.067521757257,1566,LAPD NORTH HOLLYWOOD 1566,11337.86059088029,6213246.653358127,5977051
1413,143603,5655785.73488888,13494.06534059382,1566,LAPD NORTH HOLLYWOOD 1566,11337.86059088029,6213246.653358127,35644
1414,125502,5628290.556008441,9622.55792102862,1567,LAPD NORTH HOLLYWOOD 1567,9451.64122608406,3380350.047115725,81005
1415,143101,14733761.966787083,18487.39605269909,1567,LAPD NORTH HOLLYWOOD 1567,9451.64122608406,3380350.047115725,426896
1416,143102,4210680.787971393,8677.418427452052,1567,LAPD NORTH HOLLYWOOD 1567,9451.64122608406,3380350.047115725,2869837
1417,980039,14641665.375626998,19526.113646827605,1567,LAPD NORTH HOLLYWOOD 1567,9451.64122608406,3380350.047115725,1391
1418,125502,5628290.556008441,9622.55792102862,1569,LAPD NORTH HOLLYWOOD 1569,16760.94085910178,16166645.216542091,71
1419,125600,11003262.23623889,14763.873615046421,1569,LAPD NORTH HOLLYWOOD 1569,16760.94085910178,16166645.216542091,159322
1420,143101,14733761.966787083,18487.39605269909,1569,LAPD NORTH HOLLYWOOD 1569,16760.94085910178,16166645.216542091,14284110
1421,143102,4210680.787971393,8677.418427452052,1569,LAPD NORTH HOLLYWOOD 1569,16760.94085910178,16166645.216542091,1316430
1422,189704,10477813.759512931,25872.926649310415,1569,LAPD NORTH HOLLYWOOD 1569,16760.94085910178,16166645.216542091,17062
1423,311602,11956659.008981181,17199.361304375747,1569,LAPD NORTH HOLLYWOOD 1569,16760.94085910178,16166645.216542091,1913
1424,980039,14641665.375626998,19526.113646827605,1569,LAPD NORTH HOLLYWOOD 1569,16760.94085910178,16166645.216542091,381803
1425,127102,9248440.216101095,12299.365030022953,0905,LAPD VAN NUYS 0905,10538.80605872576,6946749.155981841,7134
1426,127210,16590336.469076127,19666.15408465267,0905,LAPD VAN NUYS 0905,10538.80605872576,6946749.155981841,10701
1427,127220,7027601.7035617605,10597.754352620144,0905,LAPD VAN NUYS 0905,10538.80605872576,6946749.155981841,6926902
1428,127102,9248440.216101095,12299.365030022953,0914,LAPD VAN NUYS 0914,15865.253922377213,13992395.447725257,84
1429,127210,16590336.469076127,19666.15408465267,0914,LAPD VAN NUYS 0914,15865.253922377213,13992395.447725257,131660
1430,127220,7027601.7035617605,10597.754352620144,0914,LAPD VAN NUYS 0914,15865.253922377213,13992395.447725257,93997
1431,127803,6897436.314904471,10521.746271905571,0914,LAPD VAN NUYS 0914,15865.253922377213,13992395.447725257,6885889
1432,127804,6868353.648440596,10483.568634666663,0914,LAPD VAN NUYS 0914,15865.253922377213,13992395.447725257,6841375
1433,127910,6993754.404970082,10580.382396063882,0914,LAPD VAN NUYS 0914,15865.253922377213,13992395.447725257,35343
1434,127102,9248440.216101095,12299.365030022953,0915,LAPD VAN NUYS 0915,10567.356256339543,6963542.503982289,13928
1435,127104,7618187.611424697,11271.061394418586,0915,LAPD VAN NUYS 0915,10567.356256339543,6963542.503982289,2
1436,127910,6993754.404970082,10580.382396063882,0915,LAPD VAN NUYS 0915,10567.356256339543,6963542.503982289,6946326
1437,127920,6982234.682146825,10569.20637179929,0915,LAPD VAN NUYS 0915,10567.356256339543,6963542.503982289,1215
1438,127210,16590336.469076127,19666.15408465267,0911,LAPD VAN NUYS 0911,15227.065207379108,12715607.35825161,210
1439,127300,11400820.572377402,15057.6559872183,0911,LAPD VAN NUYS 0911,15227.065207379108,12715607.35825161,98448
1440,127400,23481259.378979027,25121.32983754959,0911,LAPD VAN NUYS 0911,15227.065207379108,12715607.35825161,1698
1441,127603,4643287.951848001,9725.944192222629,0911,LAPD VAN NUYS 0911,15227.065207379108,12715607.35825161,21328
1442,127604,4677029.411089872,9875.250627238662,0911,LAPD VAN NUYS 0911,15227.065207379108,12715607.35825161,27642
1443,127606,5852103.902344195,9732.730951229987,0911,LAPD VAN NUYS 0911,15227.065207379108,12715607.35825161,55732
1444,127711,10199768.030496355,13542.469922168139,0911,LAPD VAN NUYS 0911,15227.065207379108,12715607.35825161,6358994
1445,127712,6135131.613904659,9824.356994730259,0911,LAPD VAN NUYS 0911,15227.065207379108,12715607.35825161,6133405
1446,127804,6868353.648440596,10483.568634666663,0911,LAPD VAN NUYS 0911,15227.065207379108,12715607.35825161,10151
1447,127805,6614074.627363511,13204.827280556114,0911,LAPD VAN NUYS 0911,15227.065207379108,12715607.35825161,1458
1448,127806,7352993.193411208,13484.535497158258,0911,LAPD VAN NUYS 0911,15227.065207379108,12715607.35825161,2942
1449,127400,23481259.378979027,25121.32983754959,1018,LAPD WEST VALLEY 1018,18357.749763214953,13010294.346235165,12977199
1450,980008,36264531.01247374,33831.207394341895,1018,LAPD WEST VALLEY 1018,18357.749763214953,13010294.346235165,29550
1451,127400,23481259.378979027,25121.32983754959,1019,LAPD WEST VALLEY 1019,12236.289175313783,2771186.941863538,2770425
1452,127400,23481259.378979027,25121.32983754959,1029,LAPD WEST VALLEY 1029,12535.911720344991,9422415.040853174,172954
1453,127603,4643287.951848001,9725.944192222629,1029,LAPD WEST VALLEY 1029,12535.911720344991,9422415.040853174,4603491
1454,127604,4677029.411089872,9875.250627238662,1029,LAPD WEST VALLEY 1029,12535.911720344991,9422415.040853174,4642269
1455,980008,36264531.01247374,33831.207394341895,1029,LAPD WEST VALLEY 1029,12535.911720344991,9422415.040853174,1105
1456,127603,4643287.951848001,9725.944192222629,1039,LAPD WEST VALLEY 1039,12332.508623558093,9299351.422574876,16366
1457,127605,6981245.817241815,10568.641181626443,1039,LAPD WEST VALLEY 1039,12332.508623558093,9299351.422574876,3488411
1458,127606,5852103.902344195,9732.730951229987,1039,LAPD WEST VALLEY 1039,12332.508623558093,9299351.422574876,5791918
1459,980024,89196152.31095164,46246.89494829073,1039,LAPD WEST VALLEY 1039,12332.508623558093,9299351.422574876,73
1460,127605,6981245.817241815,10568.641181626443,1049,LAPD WEST VALLEY 1049,35097.09306889231,72807822.58374964,3506
1461,127606,5852103.902344195,9732.730951229987,1049,LAPD WEST VALLEY 1049,35097.09306889231,72807822.58374964,2760
1462,132101,8723825.913172087,11887.882287593897,1049,LAPD WEST VALLEY 1049,35097.09306889231,72807822.58374964,8417
1463,139001,13344180.14522421,17734.572191981017,1049,LAPD WEST VALLEY 1049,35097.09306889231,72807822.58374964,7971
1464,980024,89196152.31095164,46246.89494829073,1049,LAPD WEST VALLEY 1049,35097.09306889231,72807822.58374964,72764812
1465,127606,5852103.902344195,9732.730951229987,0931,LAPD VAN NUYS 0931,8199.383436053906,3885362.033080856,59
1466,127711,10199768.030496355,13542.469922168139,0931,LAPD VAN NUYS 0931,8199.383436053906,3885362.033080856,3805900
1467,127806,7352993.193411208,13484.535497158258,0931,LAPD VAN NUYS 0931,8199.383436053906,3885362.033080856,4
1468,128302,7414485.407120329,12437.524362665603,0931,LAPD VAN NUYS 0931,8199.383436053906,3885362.033080856,1725
1469,128400,18576516.58832843,22571.820336243458,0931,LAPD VAN NUYS 0931,8199.383436053906,3885362.033080856,61856
1470,980024,89196152.31095164,46246.89494829073,0931,LAPD VAN NUYS 0931,8199.383436053906,3885362.033080856,14703
1471,127711,10199768.030496355,13542.469922168139,0923,LAPD VAN NUYS 0923,15885.792737921505,14005225.353583016,26
1472,127803,6897436.314904471,10521.746271905571,0923,LAPD VAN NUYS 0923,15885.792737921505,14005225.353583016,9534
1473,127804,6868353.648440596,10483.568634666663,0923,LAPD VAN NUYS 0923,15885.792737921505,14005225.353583016,14859
1474,127805,6614074.627363511,13204.827280556114,0923,LAPD VAN NUYS 0923,15885.792737921505,14005225.353583016,6610692
1475,127806,7352993.193411208,13484.535497158258,0923,LAPD VAN NUYS 0923,15885.792737921505,14005225.353583016,7323488
1476,127910,6993754.404970082,10580.382396063882,0923,LAPD VAN NUYS 0923,15885.792737921505,14005225.353583016,35
1477,128102,6983275.122529546,10570.697159349376,0923,LAPD VAN NUYS 0923,15885.792737921505,14005225.353583016,42506
1478,127711,10199768.030496355,13542.469922168139,0932,LAPD VAN NUYS 0932,12340.476933827409,7291416.307053645,518
1479,127806,7352993.193411208,13484.535497158258,0932,LAPD VAN NUYS 0932,12340.476933827409,7291416.307053645,19830
1480,128302,7414485.407120329,12437.524362665603,0932,LAPD VAN NUYS 0932,12340.476933827409,7291416.307053645,7267335
1481,128303,4455381.347901709,9765.859296295017,0932,LAPD VAN NUYS 0932,12340.476933827409,7291416.307053645,1604
1482,127711,10199768.030496355,13542.469922168139,0941,LAPD VAN NUYS 0941,22599.686598964494,18940607.848938935,31424
1483,128210,5919273.865417955,9764.438275064485,0941,LAPD VAN NUYS 0941,22599.686598964494,18940607.848938935,618
1484,128302,7414485.407120329,12437.524362665603,0941,LAPD VAN NUYS 0941,22599.686598964494,18940607.848938935,137313
1485,128303,4455381.347901709,9765.859296295017,0941,LAPD VAN NUYS 0941,22599.686598964494,18940607.848938935,96663
1486,128400,18576516.58832843,22571.820336243458,0941,LAPD VAN NUYS 0941,22599.686598964494,18940607.848938935,18473416
1487,128500,10481214.386024313,13224.656638247021,0941,LAPD VAN NUYS 0941,22599.686598964494,18940607.848938935,22541
1488,128601,7339199.217948719,13840.627797604202,0941,LAPD VAN NUYS 0941,22599.686598964494,18940607.848938935,25316
1489,980024,89196152.31095164,46246.89494829073,0941,LAPD VAN NUYS 0941,22599.686598964494,18940607.848938935,147724
1490,127806,7352993.193411208,13484.535497158258,0933,LAPD VAN NUYS 0933,9729.754441426656,4405823.334424155,4578
1491,128102,6983275.122529546,10570.697159349376,0933,LAPD VAN NUYS 0933,9729.754441426656,4405823.334424155,73
1492,128210,5919273.865417955,9764.438275064485,0933,LAPD VAN NUYS 0933,9729.754441426656,4405823.334424155,38123
1493,128302,7414485.407120329,12437.524362665603,0933,LAPD VAN NUYS 0933,9729.754441426656,4405823.334424155,5948
1494,128303,4455381.347901709,9765.859296295017,0933,LAPD VAN NUYS 0933,9729.754441426656,4405823.334424155,4355791
1495,128101,6984201.745147113,10570.758150539223,0935,LAPD VAN NUYS 0935,9659.15434586117,5778665.951881928,21
1496,128102,6983275.122529546,10570.697159349376,0935,LAPD VAN NUYS 0935,9659.15434586117,5778665.951881928,15684
1497,128210,5919273.865417955,9764.438275064485,0935,LAPD VAN NUYS 0935,9659.15434586117,5778665.951881928,5755034
1498,128220,5979977.103186289,10040.053173280254,0935,LAPD VAN NUYS 0935,9659.15434586117,5778665.951881928,6181
1499,128210,5919273.865417955,9764.438275064485,0943,LAPD VAN NUYS 0943,13669.799460068041,11388931.269737571,123712
1500,128220,5979977.103186289,10040.053173280254,0943,LAPD VAN NUYS 0943,13669.799460068041,11388931.269737571,309
1501,128500,10481214.386024313,13224.656638247021,0943,LAPD VAN NUYS 0943,13669.799460068041,11388931.269737571,6705755
1502,128601,7339199.217948719,13840.627797604202,0943,LAPD VAN NUYS 0943,13669.799460068041,11388931.269737571,4549031
1503,128602,12209301.959016625,14527.215280342314,0943,LAPD VAN NUYS 0943,13669.799460068041,11388931.269737571,6651
1504,128400,18576516.58832843,22571.820336243458,0952,LAPD VAN NUYS 0952,17452.16713504559,15869522.709287962,35759
1505,128500,10481214.386024313,13224.656638247021,0952,LAPD VAN NUYS 0952,17452.16713504559,15869522.709287962,51880
1506,128801,5296822.222604366,9461.718618536437,0952,LAPD VAN NUYS 0952,17452.16713504559,15869522.709287962,5280543
1507,128802,10452953.601143891,13223.964171950885,0952,LAPD VAN NUYS 0952,17452.16713504559,15869522.709287962,10411428
1508,980024,89196152.31095164,46246.89494829073,0952,LAPD VAN NUYS 0952,17452.16713504559,15869522.709287962,85180
1509,128500,10481214.386024313,13224.656638247021,0955,LAPD VAN NUYS 0955,9071.055520014128,3664856.784833088,3661524
1510,128602,12209301.959016625,14527.215280342314,0955,LAPD VAN NUYS 0955,9071.055520014128,3664856.784833088,2206
1511,128500,10481214.386024313,13224.656638247021,0963,LAPD VAN NUYS 0963,16995.48560755527,11801954.66039469,261
1512,128703,8910739.958274482,11759.030029188336,0963,LAPD VAN NUYS 0963,16995.48560755527,11801954.66039469,30235
1513,128801,5296822.222604366,9461.718618536437,0963,LAPD VAN NUYS 0963,16995.48560755527,11801954.66039469,14720
1514,128802,10452953.601143891,13223.964171950885,0963,LAPD VAN NUYS 0963,16995.48560755527,11801954.66039469,38388
1515,128910,14388073.489851689,17404.423033375588,0963,LAPD VAN NUYS 0963,16995.48560755527,11801954.66039469,11699557
1516,980024,89196152.31095164,46246.89494829073,0963,LAPD VAN NUYS 0963,16995.48560755527,11801954.66039469,15234
1517,128703,8910739.958274482,11759.030029188336,0985,LAPD VAN NUYS 0985,17351.605838703385,15228790.871901216,103063
1518,128704,8965439.168876493,12103.947871150393,0985,LAPD VAN NUYS 0985,17351.605838703385,15228790.871901216,41639
1519,128910,14388073.489851689,17404.423033375588,0985,LAPD VAN NUYS 0985,17351.605838703385,15228790.871901216,143
1520,141102,8383648.904312444,15328.385123255848,0985,LAPD VAN NUYS 0985,17351.605838703385,15228790.871901216,26498
1521,141201,7545646.496950091,12115.153492735832,0985,LAPD VAN NUYS 0985,17351.605838703385,15228790.871901216,7535902
1522,141202,7536244.1734377835,12658.332346407115,0985,LAPD VAN NUYS 0985,17351.605838703385,15228790.871901216,7507759
1523,141304,7666046.194053967,14136.139088364756,0985,LAPD VAN NUYS 0985,17351.605838703385,15228790.871901216,2043
1524,141600,42034369.16793692,37482.079909399756,0985,LAPD VAN NUYS 0985,17351.605838703385,15228790.871901216,5302
1525,141700,34917644.266775854,31997.527759144676,0985,LAPD VAN NUYS 0985,17351.605838703385,15228790.871901216,1651
1526,128910,14388073.489851689,17404.423033375588,0961,LAPD VAN NUYS 0961,9001.576320266095,2363204.2699328256,2351396
1527,980024,89196152.31095164,46246.89494829073,0961,LAPD VAN NUYS 0961,9001.576320266095,2363204.2699328256,11105
1528,128910,14388073.489851689,17404.423033375588,0971,LAPD VAN NUYS 0971,11638.625509313968,7700280.490505073,236967
1529,141303,2828156.8493704977,7096.509127775012,0971,LAPD VAN NUYS 0971,11638.625509313968,7700280.490505073,11319
1530,141305,7439679.342394936,11418.443684268786,0971,LAPD VAN NUYS 0971,11638.625509313968,7700280.490505073,7418995
1531,141400,21337124.717517015,19434.998195079752,0971,LAPD VAN NUYS 0971,11638.625509313968,7700280.490505073,29131
1532,980024,89196152.31095164,46246.89494829073,0971,LAPD VAN NUYS 0971,11638.625509313968,7700280.490505073,1559
1533,128910,14388073.489851689,17404.423033375588,0974,LAPD VAN NUYS 0974,9840.73750194334,5820263.615193073,94985
1534,141201,7545646.496950091,12115.153492735832,0974,LAPD VAN NUYS 0974,9840.73750194334,5820263.615193073,5024
1535,141202,7536244.1734377835,12658.332346407115,0974,LAPD VAN NUYS 0974,9840.73750194334,5820263.615193073,0
1536,141303,2828156.8493704977,7096.509127775012,0974,LAPD VAN NUYS 0974,9840.73750194334,5820263.615193073,2809934
1537,141304,7666046.194053967,14136.139088364756,0974,LAPD VAN NUYS 0974,9840.73750194334,5820263.615193073,2908536
1538,131022,5427135.977461676,10054.969782123639,1012,LAPD WEST VALLEY 1012,10090.165131329564,6336680.585333326,11670
1539,131023,6339742.682897617,10095.477654100081,1012,LAPD WEST VALLEY 1012,10090.165131329564,6336680.585333326,6276264
1540,131400,11916305.292484732,14307.221323112493,1012,LAPD WEST VALLEY 1012,10090.165131329564,6336680.585333326,26
1541,131600,23580778.184134122,19437.32419255823,1012,LAPD WEST VALLEY 1012,10090.165131329564,6336680.585333326,71
1542,131702,7761381.872559118,11155.236635791998,1012,LAPD WEST VALLEY 1012,10090.165131329564,6336680.585333326,42029
1543,131801,7064102.645384283,10634.07584470226,1012,LAPD WEST VALLEY 1012,10090.165131329564,6336680.585333326,5127
1544,131023,6339742.682897617,10095.477654100081,1015,LAPD WEST VALLEY 1015,15837.078195116403,13940696.861232301,54
1545,131300,12033304.51924264,14396.225733211204,1015,LAPD WEST VALLEY 1015,15837.078195116403,13940696.861232301,11128
1546,131400,11916305.292484732,14307.221323112493,1015,LAPD WEST VALLEY 1015,15837.078195116403,13940696.861232301,12531
1547,131801,7064102.645384283,10634.07584470226,1015,LAPD WEST VALLEY 1015,15837.078195116403,13940696.861232301,6953330
1548,131802,7095756.6019785935,10655.798998955861,1015,LAPD WEST VALLEY 1015,15837.078195116403,13940696.861232301,6959972
1549,131900,14188183.7905812,15934.649801258372,1015,LAPD WEST VALLEY 1015,15837.078195116403,13940696.861232301,290
1550,131023,6339742.682897617,10095.477654100081,1024,LAPD WEST VALLEY 1024,12366.923757687291,9307372.593744444,61933
1551,131024,9212622.665047195,12287.142926067901,1024,LAPD WEST VALLEY 1024,12366.923757687291,9307372.593744444,9188889
1552,131702,7761381.872559118,11155.236635791998,1024,LAPD WEST VALLEY 1024,12366.923757687291,9307372.593744444,252
1553,131801,7064102.645384283,10634.07584470226,1024,LAPD WEST VALLEY 1024,12366.923757687291,9307372.593744444,156
1554,132301,6791553.401019268,13146.981631134335,1024,LAPD WEST VALLEY 1024,12366.923757687291,9307372.593744444,4145
1555,132302,6970277.964336892,13199.856354246322,1024,LAPD WEST VALLEY 1024,12366.923757687291,9307372.593744444,205
1556,132501,7585902.834714285,11008.284804704848,1024,LAPD WEST VALLEY 1024,12366.923757687291,9307372.593744444,28892
1557,132502,6724907.024614989,10978.745543980596,1024,LAPD WEST VALLEY 1024,12366.923757687291,9307372.593744444,12894
1558,132700,14222014.810983103,15692.724206588497,1024,LAPD WEST VALLEY 1024,12366.923757687291,9307372.593744444,1158
1559,132900,12852276.72029767,18197.014207930137,1024,LAPD WEST VALLEY 1024,12366.923757687291,9307372.593744444,4
1560,133102,9215566.68968381,12061.651339207145,1024,LAPD WEST VALLEY 1024,12366.923757687291,9307372.593744444,6621
1561,131024,9212622.665047195,12287.142926067901,1023,LAPD WEST VALLEY 1023,16164.752284631464,14257949.596451564,12387
1562,131701,7100111.062417344,10658.500784281377,1023,LAPD WEST VALLEY 1023,16164.752284631464,14257949.596451564,173
1563,131702,7761381.872559118,11155.236635791998,1023,LAPD WEST VALLEY 1023,16164.752284631464,14257949.596451564,93050
1564,132501,7585902.834714285,11008.284804704848,1023,LAPD WEST VALLEY 1023,16164.752284631464,14257949.596451564,7553625
1565,132502,6724907.024614989,10978.745543980596,1023,LAPD WEST VALLEY 1023,16164.752284631464,14257949.596451564,6592375
1566,133000,10787218.862102324,14158.010735952776,1023,LAPD WEST VALLEY 1023,16164.752284631464,14257949.596451564,2966
1567,133102,9215566.68968381,12061.651339207145,1023,LAPD WEST VALLEY 1023,16164.752284631464,14257949.596451564,53
1568,131024,9212622.665047195,12287.142926067901,1025,LAPD WEST VALLEY 1025,15848.250094349212,13976717.560058527,2400
1569,131801,7064102.645384283,10634.07584470226,1025,LAPD WEST VALLEY 1025,15848.250094349212,13976717.560058527,103791
1570,131802,7095756.6019785935,10655.798998955861,1025,LAPD WEST VALLEY 1025,15848.250094349212,13976717.560058527,131410
1571,132001,10425781.10342768,13176.723605214947,1025,LAPD WEST VALLEY 1025,15848.250094349212,13976717.560058527,152
1572,132002,17223434.682629574,21045.826038669737,1025,LAPD WEST VALLEY 1025,15848.250094349212,13976717.560058527,11
1573,132301,6791553.401019268,13146.981631134335,1025,LAPD WEST VALLEY 1025,15848.250094349212,13976717.560058527,6784582
1574,132302,6970277.964336892,13199.856354246322,1025,LAPD WEST VALLEY 1025,15848.250094349212,13976717.560058527,6950521
1575,132700,14222014.810983103,15692.724206588497,1025,LAPD WEST VALLEY 1025,15848.250094349212,13976717.560058527,413
1576,131024,9212622.665047195,12287.142926067901,1033,LAPD WEST VALLEY 1033,16861.643312115557,16130048.23342759,5809
1577,132502,6724907.024614989,10978.745543980596,1033,LAPD WEST VALLEY 1033,16861.643312115557,16130048.23342759,115309
1578,132900,12852276.72029767,18197.014207930137,1033,LAPD WEST VALLEY 1033,16861.643312115557,16130048.23342759,708
1579,133000,10787218.862102324,14158.010735952776,1033,LAPD WEST VALLEY 1033,16861.643312115557,16130048.23342759,76
1580,133101,7144927.03752089,10976.437742456148,1033,LAPD WEST VALLEY 1033,16861.643312115557,16130048.23342759,6965833
1581,133102,9215566.68968381,12061.651339207145,1033,LAPD WEST VALLEY 1033,16861.643312115557,16130048.23342759,9035894
1582,134901,11430800.774278212,15182.444911952878,1033,LAPD WEST VALLEY 1033,16861.643312115557,16130048.23342759,2563
1583,131024,9212622.665047195,12287.142926067901,1035,LAPD WEST VALLEY 1035,15613.029683992861,13985628.076402776,942
1584,132001,10425781.10342768,13176.723605214947,1035,LAPD WEST VALLEY 1035,15613.029683992861,13985628.076402776,86
1585,132302,6970277.964336892,13199.856354246322,1035,LAPD WEST VALLEY 1035,15613.029683992861,13985628.076402776,16962
1586,132700,14222014.810983103,15692.724206588497,1035,LAPD WEST VALLEY 1035,15613.029683992861,13985628.076402776,13963033
1587,132900,12852276.72029767,18197.014207930137,1035,LAPD WEST VALLEY 1035,15613.029683992861,13985628.076402776,1125
1588,980024,89196152.31095164,46246.89494829073,1035,LAPD WEST VALLEY 1035,15613.029683992861,13985628.076402776,1
1589,131100,11859136.41369884,14177.77205104583,1017,LAPD WEST VALLEY 1017,15846.01283062865,13955985.061642071,5286
1590,131200,12145358.953559319,14480.990877428818,1017,LAPD WEST VALLEY 1017,15846.01283062865,13955985.061642071,9112
1591,131300,12033304.51924264,14396.225733211204,1017,LAPD WEST VALLEY 1017,15846.01283062865,13955985.061642071,2
1592,131802,7095756.6019785935,10655.798998955861,1017,LAPD WEST VALLEY 1017,15846.01283062865,13955985.061642071,2093
1593,131900,14188183.7905812,15934.649801258372,1017,LAPD WEST VALLEY 1017,15846.01283062865,13955985.061642071,13932312
1594,132102,14759855.788582252,18876.335377598232,1017,LAPD WEST VALLEY 1017,15846.01283062865,13955985.061642071,3630
1595,131600,23580778.184134122,19437.32419255823,1011,LAPD WEST VALLEY 1011,16338.677967395162,14617259.39146942,24120
1596,131701,7100111.062417344,10658.500784281377,1011,LAPD WEST VALLEY 1011,16338.677967395162,14617259.39146942,6965334
1597,131702,7761381.872559118,11155.236635791998,1011,LAPD WEST VALLEY 1011,16338.677967395162,14617259.39146942,7624268
1598,134720,10650527.625006996,13301.314080563325,1011,LAPD WEST VALLEY 1011,16338.677967395162,14617259.39146942,227
1599,131701,7100111.062417344,10658.500784281377,1021,LAPD WEST VALLEY 1021,14093.243909186935,10841889.732156651,131075
1600,132501,7585902.834714285,11008.284804704848,1021,LAPD WEST VALLEY 1021,14093.243909186935,10841889.732156651,1626
1601,132502,6724907.024614989,10978.745543980596,1021,LAPD WEST VALLEY 1021,14093.243909186935,10841889.732156651,2753
1602,133000,10787218.862102324,14158.010735952776,1021,LAPD WEST VALLEY 1021,14093.243909186935,10841889.732156651,10665144
1603,134720,10650527.625006996,13301.314080563325,1021,LAPD WEST VALLEY 1021,14093.243909186935,10841889.732156651,99
1604,134802,10227080.17759298,12886.245462737035,1021,LAPD WEST VALLEY 1021,14093.243909186935,10841889.732156651,9504
1605,134901,11430800.774278212,15182.444911952878,1021,LAPD WEST VALLEY 1021,14093.243909186935,10841889.732156651,29228
1606,131701,7100111.062417344,10658.500784281377,2139,LAPD TOPANGA 2139,13200.89282652164,10477291.149243906,1768
1607,134101,11471199.276372658,13966.125273620548,2139,LAPD TOPANGA 2139,13200.89282652164,10477291.149243906,5548
1608,134104,6974297.427009365,10562.544377748707,2139,LAPD TOPANGA 2139,13200.89282652164,10477291.149243906,7838
1609,134710,6141778.731943398,9944.812411492157,2139,LAPD TOPANGA 2139,13200.89282652164,10477291.149243906,6944
1610,134720,10650527.625006996,13301.314080563325,2139,LAPD TOPANGA 2139,13200.89282652164,10477291.149243906,10452925
1611,131802,7095756.6019785935,10655.798998955861,1027,LAPD WEST VALLEY 1027,15850.915627194434,13965642.59061724,71
1612,131900,14188183.7905812,15934.649801258372,1027,LAPD WEST VALLEY 1027,15850.915627194434,13965642.59061724,251272
1613,132001,10425781.10342768,13176.723605214947,1027,LAPD WEST VALLEY 1027,15850.915627194434,13965642.59061724,3471947
1614,132002,17223434.682629574,21045.826038669737,1027,LAPD WEST VALLEY 1027,15850.915627194434,13965642.59061724,10236324
1615,132102,14759855.788582252,18876.335377598232,1027,LAPD WEST VALLEY 1027,15850.915627194434,13965642.59061724,410
1616,132301,6791553.401019268,13146.981631134335,1027,LAPD WEST VALLEY 1027,15850.915627194434,13965642.59061724,1161
1617,132302,6970277.964336892,13199.856354246322,1027,LAPD WEST VALLEY 1027,15850.915627194434,13965642.59061724,872
1618,131900,14188183.7905812,15934.649801258372,1028,LAPD WEST VALLEY 1028,15872.639526981446,13994849.707325142,49
1619,132002,17223434.682629574,21045.826038669737,1028,LAPD WEST VALLEY 1028,15872.639526981446,13994849.707325142,3346
1620,132101,8723825.913172087,11887.882287593897,1028,LAPD WEST VALLEY 1028,15872.639526981446,13994849.707325142,6978457
1621,132102,14759855.788582252,18876.335377598232,1028,LAPD WEST VALLEY 1028,15872.639526981446,13994849.707325142,7000766
1622,980008,36264531.01247374,33831.207394341895,1028,LAPD WEST VALLEY 1028,15872.639526981446,13994849.707325142,8505
1623,980024,89196152.31095164,46246.89494829073,1028,LAPD WEST VALLEY 1028,15872.639526981446,13994849.707325142,2
1624,132001,10425781.10342768,13176.723605214947,1037,LAPD WEST VALLEY 1037,17227.829035365474,16779766.47961626,6950928
1625,132002,17223434.682629574,21045.826038669737,1037,LAPD WEST VALLEY 1037,17227.829035365474,16779766.47961626,6979289
1626,132101,8723825.913172087,11887.882287593897,1037,LAPD WEST VALLEY 1037,17227.829035365474,16779766.47961626,2486
1627,132102,14759855.788582252,18876.335377598232,1037,LAPD WEST VALLEY 1037,17227.829035365474,16779766.47961626,9
1628,132302,6970277.964336892,13199.856354246322,1037,LAPD WEST VALLEY 1037,17227.829035365474,16779766.47961626,1
1629,132700,14222014.810983103,15692.724206588497,1037,LAPD WEST VALLEY 1037,17227.829035365474,16779766.47961626,3141
1630,980024,89196152.31095164,46246.89494829073,1037,LAPD WEST VALLEY 1037,17227.829035365474,16779766.47961626,2839561
1631,132700,14222014.810983103,15692.724206588497,1034,LAPD WEST VALLEY 1034,20361.1069452842,15428820.63613587,250731
1632,132900,12852276.72029767,18197.014207930137,1034,LAPD WEST VALLEY 1034,20361.1069452842,15428820.63613587,12403921
1633,133102,9215566.68968381,12061.651339207145,1034,LAPD WEST VALLEY 1034,20361.1069452842,15428820.63613587,6626
1634,980024,89196152.31095164,46246.89494829073,1034,LAPD WEST VALLEY 1034,20361.1069452842,15428820.63613587,2763664
1635,132900,12852276.72029767,18197.014207930137,1043,LAPD WEST VALLEY 1043,8011.0497893675165,3671915.265119564,28
1636,133102,9215566.68968381,12061.651339207145,1043,LAPD WEST VALLEY 1043,8011.0497893675165,3671915.265119564,89691
1637,139301,30843790.999394927,26908.093878128766,1043,LAPD WEST VALLEY 1043,8011.0497893675165,3671915.265119564,2315
1638,139302,3641075.0989485746,7960.590531219638,1043,LAPD WEST VALLEY 1043,8011.0497893675165,3671915.265119564,3576563
1639,139303,4472901.079450431,9039.501435958427,1043,LAPD WEST VALLEY 1043,8011.0497893675165,3671915.265119564,2414
1640,132900,12852276.72029767,18197.014207930137,1044,LAPD WEST VALLEY 1044,8790.61535404958,4444100.007309008,113779
1641,133102,9215566.68968381,12061.651339207145,1044,LAPD WEST VALLEY 1044,8790.61535404958,4444100.007309008,6
1642,139200,12399572.360783111,14017.097083953873,1044,LAPD WEST VALLEY 1044,8790.61535404958,4444100.007309008,990
1643,139302,3641075.0989485746,7960.590531219638,1044,LAPD WEST VALLEY 1044,8790.61535404958,4444100.007309008,3544
1644,139303,4472901.079450431,9039.501435958427,1044,LAPD WEST VALLEY 1044,8790.61535404958,4444100.007309008,4324673
1645,132900,12852276.72029767,18197.014207930137,1045,LAPD WEST VALLEY 1045,14708.956697073725,12560502.023614192,233109
1646,139001,13344180.14522421,17734.572191981017,1045,LAPD WEST VALLEY 1045,14708.956697073725,12560502.023614192,4580
1647,139200,12399572.360783111,14017.097083953873,1045,LAPD WEST VALLEY 1045,14708.956697073725,12560502.023614192,12236801
1648,139303,4472901.079450431,9039.501435958427,1045,LAPD WEST VALLEY 1045,14708.956697073725,12560502.023614192,82817
1649,132900,12852276.72029767,18197.014207930137,1047,LAPD WEST VALLEY 1047,20556.846654489673,23224350.272258226,96389
1650,139001,13344180.14522421,17734.572191981017,1047,LAPD WEST VALLEY 1047,20556.846654489673,23224350.272258226,13120190
1651,139200,12399572.360783111,14017.097083953873,1047,LAPD WEST VALLEY 1047,20556.846654489673,23224350.272258226,3484
1652,980024,89196152.31095164,46246.89494829073,1047,LAPD WEST VALLEY 1047,20556.846654489673,23224350.272258226,9998160
1653,133000,10787218.862102324,14158.010735952776,1031,LAPD WEST VALLEY 1031,10491.61969090515,6840340.452024246,116575
1654,133101,7144927.03752089,10976.437742456148,1031,LAPD WEST VALLEY 1031,10491.61969090515,6840340.452024246,1528
1655,134802,10227080.17759298,12886.245462737035,1031,LAPD WEST VALLEY 1031,10491.61969090515,6840340.452024246,200
1656,134901,11430800.774278212,15182.444911952878,1031,LAPD WEST VALLEY 1031,10491.61969090515,6840340.452024246,6720466
1657,133000,10787218.862102324,14158.010735952776,2149,LAPD TOPANGA 2149,12877.080355150583,10198463.746215818,12
1658,134720,10650527.625006996,13301.314080563325,2149,LAPD TOPANGA 2149,12877.080355150583,10198463.746215818,131699
1659,134801,9947561.664136048,13016.0862855137,2149,LAPD TOPANGA 2149,12877.080355150583,10198463.746215818,382
1660,134802,10227080.17759298,12886.245462737035,2149,LAPD TOPANGA 2149,12877.080355150583,10198463.746215818,10064118
1661,133101,7144927.03752089,10976.437742456148,1041,LAPD WEST VALLEY 1041,19734.317517610853,18620759.789671212,175879
1662,133102,9215566.68968381,12061.651339207145,1041,LAPD WEST VALLEY 1041,19734.317517610853,18620759.789671212,74450
1663,134901,11430800.774278212,15182.444911952878,1041,LAPD WEST VALLEY 1041,19734.317517610853,18620759.789671212,139170
1664,139301,30843790.999394927,26908.093878128766,1041,LAPD WEST VALLEY 1041,19734.317517610853,18620759.789671212,18225307
1665,139302,3641075.0989485746,7960.590531219638,1041,LAPD WEST VALLEY 1041,19734.317517610853,18620759.789671212,1559
1666,134001,6280335.427466791,12140.66344432066,2137,LAPD TOPANGA 2137,11235.782529830687,7865041.403596962,3486658
1667,134002,8110430.302692995,13626.243211858413,2137,LAPD TOPANGA 2137,11235.782529830687,7865041.403596962,4362463
1668,134201,15786890.493951363,16455.951581842095,2137,LAPD TOPANGA 2137,11235.782529830687,7865041.403596962,1262
1669,134521,3786338.2146408367,8186.6708308644875,2137,LAPD TOPANGA 2137,11235.782529830687,7865041.403596962,13057
1670,134001,6280335.427466791,12140.66344432066,2146,LAPD TOPANGA 2146,13203.264578719863,10467222.954266788,1345
1671,134303,17059177.780221544,17236.45651514083,2146,LAPD TOPANGA 2146,13203.264578719863,10467222.954266788,29979
1672,134520,10410480.771681769,13162.398281191065,2146,LAPD TOPANGA 2146,13203.264578719863,10467222.954266788,10397294
1673,134521,3786338.2146408367,8186.6708308644875,2146,LAPD TOPANGA 2146,13203.264578719863,10467222.954266788,3113
1674,134522,6622491.90034817,10276.044268486576,2146,LAPD TOPANGA 2146,13203.264578719863,10467222.954266788,6976
1675,134907,4213747.718913888,9405.296869401946,2146,LAPD TOPANGA 2146,13203.264578719863,10467222.954266788,6
1676,135111,11190476.143083079,13450.521597646528,2146,LAPD TOPANGA 2146,13203.264578719863,10467222.954266788,26431
1677,134001,6280335.427466791,12140.66344432066,2147,LAPD TOPANGA 2147,10944.00620423321,6485847.959752974,2785264
1678,134002,8110430.302692995,13626.243211858413,2147,LAPD TOPANGA 2147,10944.00620423321,6485847.959752974,3638132
1679,134520,10410480.771681769,13162.398281191065,2147,LAPD TOPANGA 2147,10944.00620423321,6485847.959752974,1746
1680,134521,3786338.2146408367,8186.6708308644875,2147,LAPD TOPANGA 2147,10944.00620423321,6485847.959752974,4
1681,134801,9947561.664136048,13016.0862855137,2147,LAPD TOPANGA 2147,10944.00620423321,6485847.959752974,58365
1682,134906,1881279.9337965993,7329.323050257846,2147,LAPD TOPANGA 2147,10944.00620423321,6485847.959752974,998
1683,134001,6280335.427466791,12140.66344432066,2157,LAPD TOPANGA 2157,19297.62126250282,15370011.68179387,5747
1684,134002,8110430.302692995,13626.243211858413,2157,LAPD TOPANGA 2157,19297.62126250282,15370011.68179387,27230
1685,134520,10410480.771681769,13162.398281191065,2157,LAPD TOPANGA 2157,19297.62126250282,15370011.68179387,2720
1686,134801,9947561.664136048,13016.0862855137,2157,LAPD TOPANGA 2157,19297.62126250282,15370011.68179387,39802
1687,134802,10227080.17759298,12886.245462737035,2157,LAPD TOPANGA 2157,19297.62126250282,15370011.68179387,23
1688,134901,11430800.774278212,15182.444911952878,2157,LAPD TOPANGA 2157,19297.62126250282,15370011.68179387,1868
1689,134904,11191145.48270027,15680.840583790925,2157,LAPD TOPANGA 2157,19297.62126250282,15370011.68179387,10410120
1690,134906,1881279.9337965993,7329.323050257846,2157,LAPD TOPANGA 2157,19297.62126250282,15370011.68179387,1879893
1691,134907,4213747.718913888,9405.296869401946,2157,LAPD TOPANGA 2157,19297.62126250282,15370011.68179387,2999372
1692,134002,8110430.302692995,13626.243211858413,2138,LAPD TOPANGA 2138,9901.992818731253,6102543.795813005,63296
1693,134103,11307062.916477332,17436.793476234856,2138,LAPD TOPANGA 2138,9901.992818731253,6102543.795813005,3628
1694,134104,6974297.427009365,10562.544377748707,2138,LAPD TOPANGA 2138,9901.992818731253,6102543.795813005,4748
1695,134201,15786890.493951363,16455.951581842095,2138,LAPD TOPANGA 2138,9901.992818731253,6102543.795813005,68
1696,134710,6141778.731943398,9944.812411492157,2138,LAPD TOPANGA 2138,9901.992818731253,6102543.795813005,6029511
1697,134720,10650527.625006996,13301.314080563325,2138,LAPD TOPANGA 2138,9901.992818731253,6102543.795813005,12
1698,134002,8110430.302692995,13626.243211858413,2148,LAPD TOPANGA 2148,13053.317533990254,10057793.327183599,17378
1699,134710,6141778.731943398,9944.812411492157,2148,LAPD TOPANGA 2148,13053.317533990254,10057793.327183599,104036
1700,134720,10650527.625006996,13301.314080563325,2148,LAPD TOPANGA 2148,13053.317533990254,10057793.327183599,62869
1701,134801,9947561.664136048,13016.0862855137,2148,LAPD TOPANGA 2148,13053.317533990254,10057793.327183599,9846883
1702,134802,10227080.17759298,12886.245462737035,2148,LAPD TOPANGA 2148,13053.317533990254,10057793.327183599,4067
1703,134904,11191145.48270027,15680.840583790925,2148,LAPD TOPANGA 2148,13053.317533990254,10057793.327183599,20405
1704,134101,11471199.276372658,13966.125273620548,2128,LAPD TOPANGA 2128,10561.643858530975,6974652.562759873,689
1705,134103,11307062.916477332,17436.793476234856,2128,LAPD TOPANGA 2128,10561.643858530975,6974652.562759873,18161
1706,134104,6974297.427009365,10562.544377748707,2128,LAPD TOPANGA 2128,10561.643858530975,6974652.562759873,6954338
1707,134201,15786890.493951363,16455.951581842095,2125,LAPD TOPANGA 2125,10395.343558685037,6748635.268489415,11602
1708,134304,10983146.10842655,13572.093246726614,2125,LAPD TOPANGA 2125,10395.343558685037,6748635.268489415,68014
1709,134305,3848663.9079643814,8097.519081705218,2125,LAPD TOPANGA 2125,10395.343558685037,6748635.268489415,5787
1710,134306,6671301.679808432,10337.912988542445,2125,LAPD TOPANGA 2125,10395.343558685037,6748635.268489415,6661934
1711,134201,15786890.493951363,16455.951581842095,2136,LAPD TOPANGA 2136,13196.664018548145,10462152.4919111,3613
1712,134303,17059177.780221544,17236.45651514083,2136,LAPD TOPANGA 2136,13196.664018548145,10462152.4919111,65852
1713,134304,10983146.10842655,13572.093246726614,2136,LAPD TOPANGA 2136,13196.664018548145,10462152.4919111,89
1714,134306,6671301.679808432,10337.912988542445,2136,LAPD TOPANGA 2136,13196.664018548145,10462152.4919111,6909
1715,134521,3786338.2146408367,8186.6708308644875,2136,LAPD TOPANGA 2136,13196.664018548145,10462152.4919111,3769409
1716,134522,6622491.90034817,10276.044268486576,2136,LAPD TOPANGA 2136,13196.664018548145,10462152.4919111,6614227
1717,134302,14066048.556700686,15260.781337390994,2133,LAPD TOPANGA 2133,25899.609386420452,25516588.934932586,113
1718,134303,17059177.780221544,17236.45651514083,2133,LAPD TOPANGA 2133,25899.609386420452,25516588.934932586,57085
1719,134421,22974734.439443696,19313.332880193007,2133,LAPD TOPANGA 2133,25899.609386420452,25516588.934932586,23470
1720,134422,25274199.92265131,25532.206907505646,2133,LAPD TOPANGA 2133,25899.609386420452,25516588.934932586,25243644
1721,134423,16866286.951182123,18426.95333763928,2133,LAPD TOPANGA 2133,25899.609386420452,25516588.934932586,25376
1722,134424,39941852.46422324,27350.16139149835,2133,LAPD TOPANGA 2133,25899.609386420452,25516588.934932586,1636
1723,135102,17958064.70343231,18952.725200175213,2133,LAPD TOPANGA 2133,25899.609386420452,25516588.934932586,19277
1724,135201,16487042.077697838,18595.2000683827,2133,LAPD TOPANGA 2133,25899.609386420452,25516588.934932586,93500
1725,135202,18971223.83195236,17817.553308466853,2133,LAPD TOPANGA 2133,25899.609386420452,25516588.934932586,48002
1726,135204,19993004.33849676,18737.621280980246,2133,LAPD TOPANGA 2133,25899.609386420452,25516588.934932586,22
1727,134302,14066048.556700686,15260.781337390994,2134,LAPD TOPANGA 2134,17057.511955856695,17024682.098785337,7213
1728,134303,17059177.780221544,17236.45651514083,2134,LAPD TOPANGA 2134,17057.511955856695,17024682.098785337,16901484
1729,134304,10983146.10842655,13572.093246726614,2134,LAPD TOPANGA 2134,17057.511955856695,17024682.098785337,10470
1730,134422,25274199.92265131,25532.206907505646,2134,LAPD TOPANGA 2134,17057.511955856695,17024682.098785337,708
1731,135102,17958064.70343231,18952.725200175213,2134,LAPD TOPANGA 2134,17057.511955856695,17024682.098785337,9693
1732,135111,11190476.143083079,13450.521597646528,2134,LAPD TOPANGA 2134,17057.511955856695,17024682.098785337,91927
1733,134303,17059177.780221544,17236.45651514083,2144,LAPD TOPANGA 2144,18869.53703433877,17896723.37849032,596
1734,134422,25274199.92265131,25532.206907505646,2144,LAPD TOPANGA 2144,18869.53703433877,17896723.37849032,8278
1735,135102,17958064.70343231,18952.725200175213,2144,LAPD TOPANGA 2144,18869.53703433877,17896723.37849032,17877159
1736,135111,11190476.143083079,13450.521597646528,2144,LAPD TOPANGA 2144,18869.53703433877,17896723.37849032,3971
1737,135201,16487042.077697838,18595.2000683827,2144,LAPD TOPANGA 2144,18869.53703433877,17896723.37849032,3351
1738,134303,17059177.780221544,17236.45651514083,2145,LAPD TOPANGA 2145,13375.328787908422,11006612.43024987,989
1739,135102,17958064.70343231,18952.725200175213,2145,LAPD TOPANGA 2145,13375.328787908422,11006612.43024987,12344
1740,135111,11190476.143083079,13450.521597646528,2145,LAPD TOPANGA 2145,13375.328787908422,11006612.43024987,10990598
1741,135115,3589811.8411038057,8176.141863434999,2145,LAPD TOPANGA 2145,13375.328787908422,11006612.43024987,559
1742,134421,22974734.439443696,19313.332880193007,2131,LAPD TOPANGA 2131,14870.31863446094,12238780.277952848,89
1743,134424,39941852.46422324,27350.16139149835,2131,LAPD TOPANGA 2131,14870.31863446094,12238780.277952848,21387
1744,135205,28456744.272674643,24915.695730398227,2131,LAPD TOPANGA 2131,14870.31863446094,12238780.277952848,12181218
1745,134421,22974734.439443696,19313.332880193007,2132,LAPD TOPANGA 2132,18998.740233409946,23224320.294519164,22941233
1746,134422,25274199.92265131,25532.206907505646,2132,LAPD TOPANGA 2132,18998.740233409946,23224320.294519164,3803
1747,134424,39941852.46422324,27350.16139149835,2132,LAPD TOPANGA 2132,18998.740233409946,23224320.294519164,95944
1748,135204,19993004.33849676,18737.621280980246,2132,LAPD TOPANGA 2132,18998.740233409946,23224320.294519164,174312
1749,135205,28456744.272674643,24915.695730398227,2132,LAPD TOPANGA 2132,18998.740233409946,23224320.294519164,5208
1750,134421,22974734.439443696,19313.332880193007,2141,LAPD TOPANGA 2141,26080.629636994938,29510525.54608665,4687
1751,135204,19993004.33849676,18737.621280980246,2141,LAPD TOPANGA 2141,26080.629636994938,29510525.54608665,19785231
1752,135205,28456744.272674643,24915.695730398227,2141,LAPD TOPANGA 2141,26080.629636994938,29510525.54608665,9714440
1753,137302,26336488.27756602,25068.05163517182,2141,LAPD TOPANGA 2141,26080.629636994938,29510525.54608665,550
1754,134422,25274199.92265131,25532.206907505646,2142,LAPD TOPANGA 2142,17769.09264804586,18905186.85946519,1620
1755,135201,16487042.077697838,18595.2000683827,2142,LAPD TOPANGA 2142,17769.09264804586,18905186.85946519,640
1756,135202,18971223.83195236,17817.553308466853,2142,LAPD TOPANGA 2142,17769.09264804586,18905186.85946519,18881189
1757,135204,19993004.33849676,18737.621280980246,2142,LAPD TOPANGA 2142,17769.09264804586,18905186.85946519,17723
1758,137301,17325461.926004466,20267.872612713163,2142,LAPD TOPANGA 2142,17769.09264804586,18905186.85946519,691
1759,134520,10410480.771681769,13162.398281191065,2156,LAPD TOPANGA 2156,15545.614349919959,13438096.627620345,6217
1760,135111,11190476.143083079,13450.521597646528,2156,LAPD TOPANGA 2156,15545.614349919959,13438096.627620345,64599
1761,135113,6927095.904334945,13080.962638416808,2156,LAPD TOPANGA 2156,15545.614349919959,13438096.627620345,3310970
1762,135115,3589811.8411038057,8176.141863434999,2156,LAPD TOPANGA 2156,15545.614349919959,13438096.627620345,35879
1763,135116,10079453.13084349,13024.323848884036,2156,LAPD TOPANGA 2156,15545.614349919959,13438096.627620345,10017737
1764,134520,10410480.771681769,13162.398281191065,2158,LAPD TOPANGA 2158,25435.60482490444,29872855.073690813,436
1765,134904,11191145.48270027,15680.840583790925,2158,LAPD TOPANGA 2158,25435.60482490444,29872855.073690813,757508
1766,134905,27841675.52268328,22067.992187713266,2158,LAPD TOPANGA 2158,25435.60482490444,29872855.073690813,27790356
1767,134907,4213747.718913888,9405.296869401946,2158,LAPD TOPANGA 2158,25435.60482490444,29872855.073690813,1213509
1768,135113,6927095.904334945,13080.962638416808,2158,LAPD TOPANGA 2158,25435.60482490444,29872855.073690813,34947
1769,135116,10079453.13084349,13024.323848884036,2158,LAPD TOPANGA 2158,25435.60482490444,29872855.073690813,59701
1770,137104,27605172.202308603,23404.405580344242,2158,LAPD TOPANGA 2158,25435.60482490444,29872855.073690813,16
1771,139301,30843790.999394927,26908.093878128766,2158,LAPD TOPANGA 2158,25435.60482490444,29872855.073690813,10025
1772,134802,10227080.17759298,12886.245462737035,2159,LAPD TOPANGA 2159,9164.941781561194,4583526.119494871,146908
1773,134901,11430800.774278212,15182.444911952878,2159,LAPD TOPANGA 2159,9164.941781561194,4583526.119494871,4434993
1774,134904,11191145.48270027,15680.840583790925,2159,LAPD TOPANGA 2159,9164.941781561194,4583526.119494871,600
1775,134901,11430800.774278212,15182.444911952878,2169,LAPD TOPANGA 2169,14942.95658928723,12314943.586524805,99912
1776,134904,11191145.48270027,15680.840583790925,2169,LAPD TOPANGA 2169,14942.95658928723,12314943.586524805,127
1777,134905,27841675.52268328,22067.992187713266,2169,LAPD TOPANGA 2169,14942.95658928723,12314943.586524805,4478
1778,137104,27605172.202308603,23404.405580344242,2169,LAPD TOPANGA 2169,14942.95658928723,12314943.586524805,20141
1779,139301,30843790.999394927,26908.093878128766,2169,LAPD TOPANGA 2169,14942.95658928723,12314943.586524805,12187502
1780,134905,27841675.52268328,22067.992187713266,2177,LAPD TOPANGA 2177,27910.30930201912,35493054.014234684,40910
1781,135113,6927095.904334945,13080.962638416808,2177,LAPD TOPANGA 2177,27910.30930201912,35493054.014234684,66165
1782,137103,8177038.076469958,11777.66050567272,2177,LAPD TOPANGA 2177,27910.30930201912,35493054.014234684,8072232
1783,137104,27605172.202308603,23404.405580344242,2177,LAPD TOPANGA 2177,27910.30930201912,35493054.014234684,27235667
1784,137202,9364189.268381845,13002.348487643465,2177,LAPD TOPANGA 2177,27910.30930201912,35493054.014234684,70489
1785,139301,30843790.999394927,26908.093878128766,2177,LAPD TOPANGA 2177,27910.30930201912,35493054.014234684,25
1786,135102,17958064.70343231,18952.725200175213,2143,LAPD TOPANGA 2143,18430.072373342187,16410440.92080678,3022
1787,135201,16487042.077697838,18595.2000683827,2143,LAPD TOPANGA 2143,18430.072373342187,16410440.92080678,16372686
1788,135202,18971223.83195236,17817.553308466853,2143,LAPD TOPANGA 2143,18430.072373342187,16410440.92080678,25008
1789,137301,17325461.926004466,20267.872612713163,2143,LAPD TOPANGA 2143,18430.072373342187,16410440.92080678,6730
1790,135102,17958064.70343231,18952.725200175213,2155,LAPD TOPANGA 2155,10947.111889265807,7105612.23761284,16874
1791,135111,11190476.143083079,13450.521597646528,2155,LAPD TOPANGA 2155,10947.111889265807,7105612.23761284,10791
1792,135113,6927095.904334945,13080.962638416808,2155,LAPD TOPANGA 2155,10947.111889265807,7105612.23761284,3508597
1793,135115,3589811.8411038057,8176.141863434999,2155,LAPD TOPANGA 2155,10947.111889265807,7105612.23761284,3552672
1794,137202,9364189.268381845,13002.348487643465,2155,LAPD TOPANGA 2155,10947.111889265807,7105612.23761284,15283
1795,135102,17958064.70343231,18952.725200175213,2162,LAPD TOPANGA 2162,20307.656704539528,17385567.201116998,8621
1796,135201,16487042.077697838,18595.2000683827,2162,LAPD TOPANGA 2162,20307.656704539528,17385567.201116998,13857
1797,135202,18971223.83195236,17817.553308466853,2162,LAPD TOPANGA 2162,20307.656704539528,17385567.201116998,13690
1798,135204,19993004.33849676,18737.621280980246,2162,LAPD TOPANGA 2162,20307.656704539528,17385567.201116998,19
1799,137000,32407951.16156222,32602.346876977754,2162,LAPD TOPANGA 2162,20307.656704539528,17385567.201116998,21849
1800,137203,12099806.856804347,14510.430306778757,2162,LAPD TOPANGA 2162,20307.656704539528,17385567.201116998,25168
1801,137301,17325461.926004466,20267.872612713163,2162,LAPD TOPANGA 2162,20307.656704539528,17385567.201116998,17294668
1802,137302,26336488.27756602,25068.05163517182,2162,LAPD TOPANGA 2162,20307.656704539528,17385567.201116998,4532
1803,135102,17958064.70343231,18952.725200175213,2175,LAPD TOPANGA 2175,19052.225542516862,21198399.89899168,7694
1804,135113,6927095.904334945,13080.962638416808,2175,LAPD TOPANGA 2175,19052.225542516862,21198399.89899168,5034
1805,137000,32407951.16156222,32602.346876977754,2175,LAPD TOPANGA 2175,19052.225542516862,21198399.89899168,2441
1806,137202,9364189.268381845,13002.348487643465,2175,LAPD TOPANGA 2175,19052.225542516862,21198399.89899168,9203036
1807,137203,12099806.856804347,14510.430306778757,2175,LAPD TOPANGA 2175,19052.225542516862,21198399.89899168,11973707
1808,137301,17325461.926004466,20267.872612713163,2175,LAPD TOPANGA 2175,19052.225542516862,21198399.89899168,2338
1809,135204,19993004.33849676,18737.621280980246,2161,LAPD TOPANGA 2161,24079.015436972637,26641160.49788999,12357
1810,135205,28456744.272674643,24915.695730398227,2161,LAPD TOPANGA 2161,24079.015436972637,26641160.49788999,307630
1811,137000,32407951.16156222,32602.346876977754,2161,LAPD TOPANGA 2161,24079.015436972637,26641160.49788999,5370
1812,137301,17325461.926004466,20267.872612713163,2161,LAPD TOPANGA 2161,24079.015436972637,26641160.49788999,838
1813,137302,26336488.27756602,25068.05163517182,2161,LAPD TOPANGA 2161,24079.015436972637,26641160.49788999,26308466
1814,800206,99745938.20047265,49605.95110155958,2161,LAPD TOPANGA 2161,24079.015436972637,26641160.49788999,1074
1815,137000,32407951.16156222,32602.346876977754,2172,LAPD TOPANGA 2172,27390.008987873895,19716246.398049887,19676766
1816,137301,17325461.926004466,20267.872612713163,2172,LAPD TOPANGA 2172,27390.008987873895,19716246.398049887,16253
1817,137302,26336488.27756602,25068.05163517182,2172,LAPD TOPANGA 2172,27390.008987873895,19716246.398049887,17780
1818,800204,86627959.77287532,58746.063501886274,2172,LAPD TOPANGA 2172,27390.008987873895,19716246.398049887,1
1819,800206,99745938.20047265,49605.95110155958,2172,LAPD TOPANGA 2172,27390.008987873895,19716246.398049887,1910
1820,137000,32407951.16156222,32602.346876977754,2173,LAPD TOPANGA 2173,15524.303277756386,12501153.71002622,12495542
1821,137203,12099806.856804347,14510.430306778757,2173,LAPD TOPANGA 2173,15524.303277756386,12501153.71002622,2464
1822,137301,17325461.926004466,20267.872612713163,2173,LAPD TOPANGA 2173,15524.303277756386,12501153.71002622,791
1823,137000,32407951.16156222,32602.346876977754,2183,LAPD TOPANGA 2183,30416.744268180177,33508134.167035293,194784
1824,137203,12099806.856804347,14510.430306778757,2183,LAPD TOPANGA 2183,30416.744268180177,33508134.167035293,52225
1825,137401,25590865.96379028,26377.21475163197,2183,LAPD TOPANGA 2183,30416.744268180177,33508134.167035293,183878
1826,137402,33175391.230133314,30889.371186471217,2183,LAPD TOPANGA 2183,30416.744268180177,33508134.167035293,33067268
1827,800101,87143308.85676299,55793.37654637862,2183,LAPD TOPANGA 2183,30416.744268180177,33508134.167035293,84
1828,800204,86627959.77287532,58746.063501886274,2183,LAPD TOPANGA 2183,30416.744268180177,33508134.167035293,3354
1829,137103,8177038.076469958,11777.66050567272,2187,LAPD TOPANGA 2187,19261.830576885986,22733692.618909713,103132
1830,137104,27605172.202308603,23404.405580344242,2187,LAPD TOPANGA 2187,19261.830576885986,22733692.618909713,125016
1831,137202,9364189.268381845,13002.348487643465,2187,LAPD TOPANGA 2187,19261.830576885986,22733692.618909713,552
1832,137401,25590865.96379028,26377.21475163197,2187,LAPD TOPANGA 2187,19261.830576885986,22733692.618909713,38571
1833,137501,27063405.61382728,24228.646378690304,2187,LAPD TOPANGA 2187,19261.830576885986,22733692.618909713,8962
1834,137502,22497691.042691328,19258.4265640139,2187,LAPD TOPANGA 2187,19261.830576885986,22733692.618909713,22451856
1835,138000,48135943.08801229,31253.130379156933,2187,LAPD TOPANGA 2187,19261.830576885986,22733692.618909713,809
1836,137104,27605172.202308603,23404.405580344242,2189,LAPD TOPANGA 2189,24267.44843833084,26690627.390312474,218374
1837,137501,27063405.61382728,24228.646378690304,2189,LAPD TOPANGA 2189,24267.44843833084,26690627.390312474,26319792
1838,137502,22497691.042691328,19258.4265640139,2189,LAPD TOPANGA 2189,24267.44843833084,26690627.390312474,4205
1839,137504,41305116.38695859,32874.77387474606,2189,LAPD TOPANGA 2189,24267.44843833084,26690627.390312474,1652
1840,138000,48135943.08801229,31253.130379156933,2189,LAPD TOPANGA 2189,24267.44843833084,26690627.390312474,5404
1841,139301,30843790.999394927,26908.093878128766,2189,LAPD TOPANGA 2189,24267.44843833084,26690627.390312474,118234
1842,139402,26304322.716514245,28597.989184937556,2189,LAPD TOPANGA 2189,24267.44843833084,26690627.390312474,16984
1843,137202,9364189.268381845,13002.348487643465,2185,LAPD TOPANGA 2185,25936.99643110317,25542579.37112109,72968
1844,137203,12099806.856804347,14510.430306778757,2185,LAPD TOPANGA 2185,25936.99643110317,25542579.37112109,43900
1845,137401,25590865.96379028,26377.21475163197,2185,LAPD TOPANGA 2185,25936.99643110317,25542579.37112109,25355961
1846,137402,33175391.230133314,30889.371186471217,2185,LAPD TOPANGA 2185,25936.99643110317,25542579.37112109,55506
1847,137502,22497691.042691328,19258.4265640139,2185,LAPD TOPANGA 2185,25936.99643110317,25542579.37112109,1614
1848,138000,48135943.08801229,31253.130379156933,2185,LAPD TOPANGA 2185,25936.99643110317,25542579.37112109,7431
1849,800101,87143308.85676299,55793.37654637862,2185,LAPD TOPANGA 2185,25936.99643110317,25542579.37112109,1
1850,137401,25590865.96379028,26377.21475163197,2196,LAPD TOPANGA 2196,29748.66731495037,36789198.68370068,1532
1851,137501,27063405.61382728,24228.646378690304,2196,LAPD TOPANGA 2196,29748.66731495037,36789198.68370068,10357
1852,137502,22497691.042691328,19258.4265640139,2196,LAPD TOPANGA 2196,29748.66731495037,36789198.68370068,35273
1853,137504,41305116.38695859,32874.77387474606,2196,LAPD TOPANGA 2196,29748.66731495037,36789198.68370068,93513
1854,138000,48135943.08801229,31253.130379156933,2196,LAPD TOPANGA 2196,29748.66731495037,36789198.68370068,36640448
1855,137401,25590865.96379028,26377.21475163197,2198,LAPD TOPANGA 2198,24215.420943953577,11355907.079156077,5258
1856,137504,41305116.38695859,32874.77387474606,2198,LAPD TOPANGA 2198,24215.420943953577,11355907.079156077,80
1857,138000,48135943.08801229,31253.130379156933,2198,LAPD TOPANGA 2198,24215.420943953577,11355907.079156077,11335965
1858,800101,87143308.85676299,55793.37654637862,2198,LAPD TOPANGA 2198,24215.420943953577,11355907.079156077,0
1859,800103,198856351.05701715,83088.75523578477,2198,LAPD TOPANGA 2198,24215.420943953577,11355907.079156077,12073
1860,137501,27063405.61382728,24228.646378690304,1061,LAPD WEST VALLEY 1061,17932.30501774471,16282306.34166756,687051
1861,137504,41305116.38695859,32874.77387474606,1061,LAPD WEST VALLEY 1061,17932.30501774471,16282306.34166756,327
1862,139301,30843790.999394927,26908.093878128766,1061,LAPD WEST VALLEY 1061,17932.30501774471,16282306.34166756,182237
1863,139402,26304322.716514245,28597.989184937556,1061,LAPD WEST VALLEY 1061,17932.30501774471,16282306.34166756,15408690
1864,139802,65400730.69453208,46975.28501516354,1061,LAPD WEST VALLEY 1061,17932.30501774471,16282306.34166756,167
1865,137501,27063405.61382728,24228.646378690304,2197,LAPD TOPANGA 2197,26276.311552593823,32987673.4489359,31176
1866,137504,41305116.38695859,32874.77387474606,2197,LAPD TOPANGA 2197,26276.311552593823,32987673.4489359,32548025
1867,138000,48135943.08801229,31253.130379156933,2197,LAPD TOPANGA 2197,26276.311552593823,32987673.4489359,129538
1868,139402,26304322.716514245,28597.989184937556,2197,LAPD TOPANGA 2197,26276.311552593823,32987673.4489359,5851
1869,139802,65400730.69453208,46975.28501516354,2197,LAPD TOPANGA 2197,26276.311552593823,32987673.4489359,265433
1870,137504,41305116.38695859,32874.77387474606,0801,LAPD WEST LOS ANGELES 0801,81280.05144133883,209198075.29568675,26583
1871,139802,65400730.69453208,46975.28501516354,0801,LAPD WEST LOS ANGELES 0801,81280.05144133883,209198075.29568675,18398
1872,262601,38968307.02216995,35450.35481259411,0801,LAPD WEST LOS ANGELES 0801,81280.05144133883,209198075.29568675,27884147
1873,800103,198856351.05701715,83088.75523578477,0801,LAPD WEST LOS ANGELES 0801,81280.05144133883,209198075.29568675,21738
1874,800104,368507387.69689256,154192.8982343085,0801,LAPD WEST LOS ANGELES 0801,81280.05144133883,209198075.29568675,10440
1875,980019,476197470.6328313,155767.63294323967,0801,LAPD WEST LOS ANGELES 0801,81280.05144133883,209198075.29568675,180998377
1876,262604,61091451.21961057,52810.6311718736,0801,LAPD WEST LOS ANGELES 0801,81280.05144133883,209198075.29568675,183745
1877,800506,284150327.65787554,98459.13757049298,0801,LAPD WEST LOS ANGELES 0801,81280.05144133883,209198075.29568675,1014
1878,137504,41305116.38695859,32874.77387474606,1091,LAPD WEST VALLEY 1091,50047.08829231242,63647767.799297296,407084
1879,139402,26304322.716514245,28597.989184937556,1091,LAPD WEST VALLEY 1091,50047.08829231242,63647767.799297296,33117
1880,139703,50898904.865778014,41376.80231751922,1091,LAPD WEST VALLEY 1091,50047.08829231242,63647767.799297296,457174
1881,139801,39466682.49516586,27776.59951972691,1091,LAPD WEST VALLEY 1091,50047.08829231242,63647767.799297296,1115310
1882,139802,65400730.69453208,46975.28501516354,1091,LAPD WEST VALLEY 1091,50047.08829231242,63647767.799297296,61603038
1883,980019,476197470.6328313,155767.63294323967,1091,LAPD WEST VALLEY 1091,50047.08829231242,63647767.799297296,16452
1884,137504,41305116.38695859,32874.77387474606,2199,LAPD TOPANGA 2199,13157.923146870293,8248866.819874952,8216467
1885,138000,48135943.08801229,31253.130379156933,2199,LAPD TOPANGA 2199,13157.923146870293,8248866.819874952,5588
1886,139802,65400730.69453208,46975.28501516354,2199,LAPD TOPANGA 2199,13157.923146870293,8248866.819874952,19971
1887,800103,198856351.05701715,83088.75523578477,2199,LAPD TOPANGA 2199,13157.923146870293,8248866.819874952,4173
1888,980019,476197470.6328313,155767.63294323967,2199,LAPD TOPANGA 2199,13157.923146870293,8248866.819874952,700
1889,139001,13344180.14522421,17734.572191981017,1065,LAPD WEST VALLEY 1065,10778.281756092141,6997198.902340273,282
1890,139200,12399572.360783111,14017.097083953873,1065,LAPD WEST VALLEY 1065,10778.281756092141,6997198.902340273,114856
1891,139502,11275140.057618711,16958.941470665563,1065,LAPD WEST VALLEY 1065,10778.281756092141,6997198.902340273,891
1892,139504,3111312.4481849778,8102.194680918983,1065,LAPD WEST VALLEY 1065,10778.281756092141,6997198.902340273,3099376
1893,139505,1821398.900819495,6648.2808540097985,1065,LAPD WEST VALLEY 1065,10778.281756092141,6997198.902340273,1816632
1894,139506,1964296.13844799,6284.296790010613,1065,LAPD WEST VALLEY 1065,10778.281756092141,6997198.902340273,1958515
1895,139600,26665920.90495047,20761.201672889983,1065,LAPD WEST VALLEY 1065,10778.281756092141,6997198.902340273,4834
1896,139001,13344180.14522421,17734.572191981017,1067,LAPD WEST VALLEY 1067,17981.039036040595,19772551.478092488,207562
1897,139504,3111312.4481849778,8102.194680918983,1067,LAPD WEST VALLEY 1067,17981.039036040595,19772551.478092488,4359
1898,139600,26665920.90495047,20761.201672889983,1067,LAPD WEST VALLEY 1067,17981.039036040595,19772551.478092488,19553947
1899,139701,36582509.77149424,32947.29544899242,1067,LAPD WEST VALLEY 1067,17981.039036040595,19772551.478092488,1395
1900,139001,13344180.14522421,17734.572191981017,1068,LAPD WEST VALLEY 1068,9993.452253554302,2860302.1576030753,87
1901,139600,26665920.90495047,20761.201672889983,1068,LAPD WEST VALLEY 1068,9993.452253554302,2860302.1576030753,2916
1902,139701,36582509.77149424,32947.29544899242,1068,LAPD WEST VALLEY 1068,9993.452253554302,2860302.1576030753,2697623
1903,980024,89196152.31095164,46246.89494829073,1068,LAPD WEST VALLEY 1068,9993.452253554302,2860302.1576030753,158889
1904,139200,12399572.360783111,14017.097083953873,1075,LAPD WEST VALLEY 1075,16981.711206565928,11287272.66511049,40285
1905,139303,4472901.079450431,9039.501435958427,1075,LAPD WEST VALLEY 1075,16981.711206565928,11287272.66511049,152
1906,139401,9765085.111484535,12733.708329833078,1075,LAPD WEST VALLEY 1075,16981.711206565928,11287272.66511049,5301
1907,139502,11275140.057618711,16958.941470665563,1075,LAPD WEST VALLEY 1075,16981.711206565928,11287272.66511049,11217943
1908,139504,3111312.4481849778,8102.194680918983,1075,LAPD WEST VALLEY 1075,16981.711206565928,11287272.66511049,6766
1909,139505,1821398.900819495,6648.2808540097985,1075,LAPD WEST VALLEY 1075,16981.711206565928,11287272.66511049,4295
1910,139506,1964296.13844799,6284.296790010613,1075,LAPD WEST VALLEY 1075,16981.711206565928,11287272.66511049,5277
1911,139600,26665920.90495047,20761.201672889983,1075,LAPD WEST VALLEY 1075,16981.711206565928,11287272.66511049,952
1912,139703,50898904.865778014,41376.80231751922,1075,LAPD WEST VALLEY 1075,16981.711206565928,11287272.66511049,3389
1913,139301,30843790.999394927,26908.093878128766,1063,LAPD WEST VALLEY 1063,18896.4320284534,20818992.07470066,110988
1914,139302,3641075.0989485746,7960.590531219638,1063,LAPD WEST VALLEY 1063,18896.4320284534,20818992.07470066,58513
1915,139303,4472901.079450431,9039.501435958427,1063,LAPD WEST VALLEY 1063,18896.4320284534,20818992.07470066,61730
1916,139401,9765085.111484535,12733.708329833078,1063,LAPD WEST VALLEY 1063,18896.4320284534,20818992.07470066,9757361
1917,139402,26304322.716514245,28597.989184937556,1063,LAPD WEST VALLEY 1063,18896.4320284534,20818992.07470066,10804252
1918,139502,11275140.057618711,16958.941470665563,1063,LAPD WEST VALLEY 1063,18896.4320284534,20818992.07470066,20122
1919,139703,50898904.865778014,41376.80231751922,1063,LAPD WEST VALLEY 1063,18896.4320284534,20818992.07470066,114
1920,139801,39466682.49516586,27776.59951972691,1063,LAPD WEST VALLEY 1063,18896.4320284534,20818992.07470066,774
1921,139402,26304322.716514245,28597.989184937556,1083,LAPD WEST VALLEY 1083,27845.34112433536,38580492.8596588,26487
1922,139703,50898904.865778014,41376.80231751922,1083,LAPD WEST VALLEY 1083,27845.34112433536,38580492.8596588,4861
1923,139801,39466682.49516586,27776.59951972691,1083,LAPD WEST VALLEY 1083,27845.34112433536,38580492.8596588,38223804
1924,139802,65400730.69453208,46975.28501516354,1083,LAPD WEST VALLEY 1083,27845.34112433536,38580492.8596588,315745
1925,139402,26304322.716514245,28597.989184937556,1094,LAPD WEST VALLEY 1094,41560.536066087865,59749884.144480556,2635
1926,139502,11275140.057618711,16958.941470665563,1094,LAPD WEST VALLEY 1094,41560.536066087865,59749884.144480556,29901
1927,139600,26665920.90495047,20761.201672889983,1094,LAPD WEST VALLEY 1094,41560.536066087865,59749884.144480556,38
1928,139703,50898904.865778014,41376.80231751922,1094,LAPD WEST VALLEY 1094,41560.536066087865,59749884.144480556,50385992
1929,139704,68360795.99611488,43907.468922871856,1094,LAPD WEST VALLEY 1094,41560.536066087865,59749884.144480556,6053315
1930,139801,39466682.49516586,27776.59951972691,1094,LAPD WEST VALLEY 1094,41560.536066087865,59749884.144480556,116975
1931,139802,65400730.69453208,46975.28501516354,1094,LAPD WEST VALLEY 1094,41560.536066087865,59749884.144480556,3135663
1932,980019,476197470.6328313,155767.63294323967,1094,LAPD WEST VALLEY 1094,41560.536066087865,59749884.144480556,9812
1933,139502,11275140.057618711,16958.941470665563,1077,LAPD WEST VALLEY 1077,13603.748861101201,7040796.080725786,3375
1934,139600,26665920.90495047,20761.201672889983,1077,LAPD WEST VALLEY 1077,13603.748861101201,7040796.080725786,7031837
1935,139701,36582509.77149424,32947.29544899242,1077,LAPD WEST VALLEY 1077,13603.748861101201,7040796.080725786,605
1936,139704,68360795.99611488,43907.468922871856,1077,LAPD WEST VALLEY 1077,13603.748861101201,7040796.080725786,3088
1937,139600,26665920.90495047,20761.201672889983,1078,LAPD WEST VALLEY 1078,16007.389125626363,14243671.666118357,2504
1938,139701,36582509.77149424,32947.29544899242,1078,LAPD WEST VALLEY 1078,16007.389125626363,14243671.666118357,14158231
1939,141400,21337124.717517015,19434.998195079752,1078,LAPD WEST VALLEY 1078,16007.389125626363,14243671.666118357,9855
1940,980024,89196152.31095164,46246.89494829073,1078,LAPD WEST VALLEY 1078,16007.389125626363,14243671.666118357,69091
1941,139600,26665920.90495047,20761.201672889983,1088,LAPD WEST VALLEY 1088,25054.64147322191,19727762.742439292,33273
1942,139701,36582509.77149424,32947.29544899242,1088,LAPD WEST VALLEY 1088,25054.64147322191,19727762.742439292,19658386
1943,139704,68360795.99611488,43907.468922871856,1088,LAPD WEST VALLEY 1088,25054.64147322191,19727762.742439292,17925
1944,139705,32758541.31547984,38575.468443178404,1088,LAPD WEST VALLEY 1088,25054.64147322191,19727762.742439292,11792
1945,141400,21337124.717517015,19434.998195079752,1088,LAPD WEST VALLEY 1088,25054.64147322191,19727762.742439292,884
1946,139600,26665920.90495047,20761.201672889983,1097,LAPD WEST VALLEY 1097,57308.203841084316,90739973.85522352,28480
1947,139701,36582509.77149424,32947.29544899242,1097,LAPD WEST VALLEY 1097,57308.203841084316,90739973.85522352,56063
1948,139703,50898904.865778014,41376.80231751922,1097,LAPD WEST VALLEY 1097,57308.203841084316,90739973.85522352,6685
1949,139704,68360795.99611488,43907.468922871856,1097,LAPD WEST VALLEY 1097,57308.203841084316,90739973.85522352,62203771
1950,139705,32758541.31547984,38575.468443178404,1097,LAPD WEST VALLEY 1097,57308.203841084316,90739973.85522352,28274286
1951,141400,21337124.717517015,19434.998195079752,1097,LAPD WEST VALLEY 1097,57308.203841084316,90739973.85522352,1914
1952,141500,35251880.60420389,31415.464545428,1097,LAPD WEST VALLEY 1097,57308.203841084316,90739973.85522352,20013
1953,262301,140540824.98377058,74504.43843876739,1097,LAPD WEST VALLEY 1097,57308.203841084316,90739973.85522352,122148
1954,262400,121292178.07919145,75093.03149915505,1097,LAPD WEST VALLEY 1097,57308.203841084316,90739973.85522352,594
1955,980019,476197470.6328313,155767.63294323967,1097,LAPD WEST VALLEY 1097,57308.203841084316,90739973.85522352,749
1956,139703,50898904.865778014,41376.80231751922,0802,LAPD WEST LOS ANGELES 0802,100225.93896785458,244620724.06931704,27434
1957,139704,68360795.99611488,43907.468922871856,0802,LAPD WEST LOS ANGELES 0802,100225.93896785458,244620724.06931704,6808
1958,139802,65400730.69453208,46975.28501516354,0802,LAPD WEST LOS ANGELES 0802,100225.93896785458,244620724.06931704,26269
1959,262400,121292178.07919145,75093.03149915505,0802,LAPD WEST LOS ANGELES 0802,100225.93896785458,244620724.06931704,1518781
1960,262501,17635347.441013005,19927.67282182449,0802,LAPD WEST LOS ANGELES 0802,100225.93896785458,244620724.06931704,17547909
1961,262601,38968307.02216995,35450.35481259411,0802,LAPD WEST LOS ANGELES 0802,100225.93896785458,244620724.06931704,6987
1962,980019,476197470.6328313,155767.63294323967,0802,LAPD WEST LOS ANGELES 0802,100225.93896785458,244620724.06931704,225252991
1963,262604,61091451.21961057,52810.6311718736,0802,LAPD WEST LOS ANGELES 0802,100225.93896785458,244620724.06931704,163064
1964,262706,25140140.44988287,22722.337175469343,0802,LAPD WEST LOS ANGELES 0802,100225.93896785458,244620724.06931704,1760
1965,262802,35923425.2223758,38712.64917573984,0802,LAPD WEST LOS ANGELES 0802,100225.93896785458,244620724.06931704,2
1966,139704,68360795.99611488,43907.468922871856,0803,LAPD WEST LOS ANGELES 0803,79336.92490238178,155216637.3539235,31945
1967,262301,140540824.98377058,74504.43843876739,0803,LAPD WEST LOS ANGELES 0803,79336.92490238178,155216637.3539235,1690515
1968,262303,28139675.046829,29228.962683062127,0803,LAPD WEST LOS ANGELES 0803,79336.92490238178,155216637.3539235,13800
1969,262400,121292178.07919145,75093.03149915505,0803,LAPD WEST LOS ANGELES 0803,79336.92490238178,155216637.3539235,119543033
1970,980019,476197470.6328313,155767.63294323967,0803,LAPD WEST LOS ANGELES 0803,79336.92490238178,155216637.3539235,33887711
1971,262802,35923425.2223758,38712.64917573984,0803,LAPD WEST LOS ANGELES 0803,79336.92490238178,155216637.3539235,4273
1972,139704,68360795.99611488,43907.468922871856,0804,LAPD WEST LOS ANGELES 0804,75729.96148909822,142143530.19629773,25239
1973,139705,32758541.31547984,38575.468443178404,0804,LAPD WEST LOS ANGELES 0804,75729.96148909822,142143530.19629773,59890
1974,141500,35251880.60420389,31415.464545428,0804,LAPD WEST LOS ANGELES 0804,75729.96148909822,142143530.19629773,26273
1975,262200,92227670.69561936,52227.52257384811,0804,LAPD WEST LOS ANGELES 0804,75729.96148909822,142143530.19629773,78973
1976,262301,140540824.98377058,74504.43843876739,0804,LAPD WEST LOS ANGELES 0804,75729.96148909822,142143530.19629773,138534774
1977,262302,32974910.26209948,32417.74760167836,0804,LAPD WEST LOS ANGELES 0804,75729.96148909822,142143530.19629773,3269306
1978,262303,28139675.046829,29228.962683062127,0804,LAPD WEST LOS ANGELES 0804,75729.96148909822,142143530.19629773,32471
1979,262400,121292178.07919145,75093.03149915505,0804,LAPD WEST LOS ANGELES 0804,75729.96148909822,142143530.19629773,73775
1980,139705,32758541.31547984,38575.468443178404,1098,LAPD WEST VALLEY 1098,9219.654299065849,4430177.62665201,4388556
1981,141500,35251880.60420389,31415.464545428,1098,LAPD WEST VALLEY 1098,9219.654299065849,4430177.62665201,36015
1982,262301,140540824.98377058,74504.43843876739,1098,LAPD WEST VALLEY 1098,9219.654299065849,4430177.62665201,4301
1983,139705,32758541.31547984,38575.468443178404,1099,LAPD WEST VALLEY 1099,29432.352659309607,34723591.071352646,14592
1984,141306,6448497.1508110035,12450.087572375644,1099,LAPD WEST VALLEY 1099,29432.352659309607,34723591.071352646,443
1985,141400,21337124.717517015,19434.998195079752,1099,LAPD WEST VALLEY 1099,29432.352659309607,34723591.071352646,29003
1986,141500,35251880.60420389,31415.464545428,1099,LAPD WEST VALLEY 1099,29432.352659309607,34723591.071352646,34253723
1987,141600,42034369.16793692,37482.079909399756,1099,LAPD WEST VALLEY 1099,29432.352659309607,34723591.071352646,415571
1988,141101,8170710.473618708,11728.907215168772,0998,LAPD VAN NUYS 0998,34780.97422480513,27242668.4668871,2746
1989,141102,8383648.904312444,15328.385123255848,0998,LAPD VAN NUYS 0998,34780.97422480513,27242668.4668871,923
1990,141700,34917644.266775854,31997.527759144676,0998,LAPD VAN NUYS 0998,34780.97422480513,27242668.4668871,14888
1991,143500,13327076.164475316,18907.639294869983,0998,LAPD VAN NUYS 0998,34780.97422480513,27242668.4668871,72530
1992,143901,56976916.49823695,42046.852126583966,0998,LAPD VAN NUYS 0998,34780.97422480513,27242668.4668871,51439
1993,143902,27199022.83278482,34224.69368397816,0998,LAPD VAN NUYS 0998,34780.97422480513,27242668.4668871,27058189
1994,261102,85593604.90936728,56704.29184209315,0998,LAPD VAN NUYS 0998,34780.97422480513,27242668.4668871,30038
1995,261104,49492157.67372215,45653.617290695605,0998,LAPD VAN NUYS 0998,34780.97422480513,27242668.4668871,2835
1996,141102,8383648.904312444,15328.385123255848,0994,LAPD VAN NUYS 0994,31846.495799357697,34881559.80169325,10964
1997,141202,7536244.1734377835,12658.332346407115,0994,LAPD VAN NUYS 0994,31846.495799357697,34881559.80169325,18250
1998,141600,42034369.16793692,37482.079909399756,0994,LAPD VAN NUYS 0994,31846.495799357697,34881559.80169325,18250
1999,141700,34917644.266775854,31997.527759144676,0994,LAPD VAN NUYS 0994,31846.495799357697,34881559.80169325,34773520
2000,143902,27199022.83278482,34224.69368397816,0994,LAPD VAN NUYS 0994,31846.495799357697,34881559.80169325,39401
2001,261102,85593604.90936728,56704.29184209315,0994,LAPD VAN NUYS 0994,31846.495799357697,34881559.80169325,8989
2002,261200,81700628.93103792,59606.1094844355,0994,LAPD VAN NUYS 0994,31846.495799357697,34881559.80169325,969
2003,141202,7536244.1734377835,12658.332346407115,0984,LAPD VAN NUYS 0984,9732.692893173651,4742879.5735193165,4360
2004,141303,2828156.8493704977,7096.509127775012,0984,LAPD VAN NUYS 0984,9732.692893173651,4742879.5735193165,4861
2005,141304,7666046.194053967,14136.139088364756,0984,LAPD VAN NUYS 0984,9732.692893173651,4742879.5735193165,4729107
2006,141306,6448497.1508110035,12450.087572375644,0984,LAPD VAN NUYS 0984,9732.692893173651,4742879.5735193165,1605
2007,141600,42034369.16793692,37482.079909399756,0984,LAPD VAN NUYS 0984,9732.692893173651,4742879.5735193165,1483
2008,141202,7536244.1734377835,12658.332346407115,0991,LAPD VAN NUYS 0991,38091.899858443874,41593037.75318269,3497
2009,141304,7666046.194053967,14136.139088364756,0991,LAPD VAN NUYS 0991,38091.899858443874,41593037.75318269,17332
2010,141306,6448497.1508110035,12450.087572375644,0991,LAPD VAN NUYS 0991,38091.899858443874,41593037.75318269,17141
2011,141600,42034369.16793692,37482.079909399756,0991,LAPD VAN NUYS 0991,38091.899858443874,41593037.75318269,41432744
2012,141700,34917644.266775854,31997.527759144676,0991,LAPD VAN NUYS 0991,38091.899858443874,41593037.75318269,73923
2013,261200,81700628.93103792,59606.1094844355,0991,LAPD VAN NUYS 0991,38091.899858443874,41593037.75318269,1333
2014,262100,94415428.26986438,70340.38052244819,0991,LAPD VAN NUYS 0991,38091.899858443874,41593037.75318269,21391
2015,262200,92227670.69561936,52227.52257384811,0991,LAPD VAN NUYS 0991,38091.899858443874,41593037.75318269,12908
2016,141303,2828156.8493704977,7096.509127775012,0981,LAPD VAN NUYS 0981,12323.378084727385,6338956.054811339,1178
2017,141304,7666046.194053967,14136.139088364756,0981,LAPD VAN NUYS 0981,12323.378084727385,6338956.054811339,6666
2018,141305,7439679.342394936,11418.443684268786,0981,LAPD VAN NUYS 0981,12323.378084727385,6338956.054811339,18454
2019,141306,6448497.1508110035,12450.087572375644,0981,LAPD VAN NUYS 0981,12323.378084727385,6338956.054811339,6308773
2020,141400,21337124.717517015,19434.998195079752,0981,LAPD VAN NUYS 0981,12323.378084727385,6338956.054811339,76
2021,141600,42034369.16793692,37482.079909399756,0981,LAPD VAN NUYS 0981,12323.378084727385,6338956.054811339,1892
2022,141306,6448497.1508110035,12450.087572375644,1089,LAPD WEST VALLEY 1089,13548.09121071046,7267545.839078201,118587
2023,141400,21337124.717517015,19434.998195079752,1089,LAPD WEST VALLEY 1089,13548.09121071046,7267545.839078201,7143065
2024,141500,35251880.60420389,31415.464545428,1089,LAPD WEST VALLEY 1089,13548.09121071046,7267545.839078201,3760
2025,141400,21337124.717517015,19434.998195079752,1079,LAPD WEST VALLEY 1079,15407.223255330448,14422862.450397592,14116980
2026,980024,89196152.31095164,46246.89494829073,1079,LAPD WEST VALLEY 1079,15407.223255330448,14422862.450397592,301699
2027,141500,35251880.60420389,31415.464545428,0805,LAPD WEST LOS ANGELES 0805,52282.064118300856,92336545.92616186,603
2028,141600,42034369.16793692,37482.079909399756,0805,LAPD WEST LOS ANGELES 0805,52282.064118300856,92336545.92616186,21090
2029,262100,94415428.26986438,70340.38052244819,0805,LAPD WEST LOS ANGELES 0805,52282.064118300856,92336545.92616186,95166
2030,262200,92227670.69561936,52227.52257384811,0805,LAPD WEST LOS ANGELES 0805,52282.064118300856,92336545.92616186,91895736
2031,262301,140540824.98377058,74504.43843876739,0805,LAPD WEST LOS ANGELES 0805,52282.064118300856,92336545.92616186,43078
2032,262302,32974910.26209948,32417.74760167836,0805,LAPD WEST LOS ANGELES 0805,52282.064118300856,92336545.92616186,248717
2033,265410,7648041.150330674,16061.51960768249,0805,LAPD WEST LOS ANGELES 0805,52282.064118300856,92336545.92616186,164
2034,265420,7865803.833000923,12339.13175125644,0805,LAPD WEST LOS ANGELES 0805,52282.064118300856,92336545.92616186,2862
2035,141500,35251880.60420389,31415.464545428,0843,LAPD WEST LOS ANGELES 0843,7017.662866451393,1071050.5118330035,901077
2036,141600,42034369.16793692,37482.079909399756,0843,LAPD WEST LOS ANGELES 0843,7017.662866451393,1071050.5118330035,948
2037,262200,92227670.69561936,52227.52257384811,0843,LAPD WEST LOS ANGELES 0843,7017.662866451393,1071050.5118330035,168303
2038,262301,140540824.98377058,74504.43843876739,0843,LAPD WEST LOS ANGELES 0843,7017.662866451393,1071050.5118330035,398
2039,141600,42034369.16793692,37482.079909399756,0806,LAPD WEST LOS ANGELES 0806,69772.66075973806,93345528.92090419,29042
2040,261200,81700628.93103792,59606.1094844355,0806,LAPD WEST LOS ANGELES 0806,69772.66075973806,93345528.92090419,231259
2041,262100,94415428.26986438,70340.38052244819,0806,LAPD WEST LOS ANGELES 0806,69772.66075973806,93345528.92090419,93021996
2042,262200,92227670.69561936,52227.52257384811,0806,LAPD WEST LOS ANGELES 0806,69772.66075973806,93345528.92090419,18048
2043,265100,25424207.100035295,24407.435791763724,0806,LAPD WEST LOS ANGELES 0806,69772.66075973806,93345528.92090419,2426
2044,265301,17176772.4367197,20495.487119927137,0806,LAPD WEST LOS ANGELES 0806,69772.66075973806,93345528.92090419,11637
2045,700700,38002136.42706234,32140.976495075727,0806,LAPD WEST LOS ANGELES 0806,69772.66075973806,93345528.92090419,385
2046,141600,42034369.16793692,37482.079909399756,0807,LAPD WEST LOS ANGELES 0807,58793.655609513014,82819246.88653643,95143
2047,141700,34917644.266775854,31997.527759144676,0807,LAPD WEST LOS ANGELES 0807,58793.655609513014,82819246.88653643,2482
2048,261102,85593604.90936728,56704.29184209315,0807,LAPD WEST LOS ANGELES 0807,58793.655609513014,82819246.88653643,107046
2049,261200,81700628.93103792,59606.1094844355,0807,LAPD WEST LOS ANGELES 0807,58793.655609513014,82819246.88653643,81406540
2050,262100,94415428.26986438,70340.38052244819,0807,LAPD WEST LOS ANGELES 0807,58793.655609513014,82819246.88653643,1180893
2051,700700,38002136.42706234,32140.976495075727,0807,LAPD WEST LOS ANGELES 0807,58793.655609513014,82819246.88653643,65
2052,141700,34917644.266775854,31997.527759144676,0808,LAPD WEST LOS ANGELES 0808,55608.35423854388,85196516.2705996,38521
2053,143901,56976916.49823695,42046.852126583966,0808,LAPD WEST LOS ANGELES 0808,55608.35423854388,85196516.2705996,89
2054,143902,27199022.83278482,34224.69368397816,0808,LAPD WEST LOS ANGELES 0808,55608.35423854388,85196516.2705996,54871
2055,261102,85593604.90936728,56704.29184209315,0808,LAPD WEST LOS ANGELES 0808,55608.35423854388,85196516.2705996,84911591
2056,261104,49492157.67372215,45653.617290695605,0808,LAPD WEST LOS ANGELES 0808,55608.35423854388,85196516.2705996,119559
2057,261200,81700628.93103792,59606.1094844355,0808,LAPD WEST LOS ANGELES 0808,55608.35423854388,85196516.2705996,30789
2058,700700,38002136.42706234,32140.976495075727,0808,LAPD WEST LOS ANGELES 0808,55608.35423854388,85196516.2705996,12273
2059,143101,14733761.966787083,18487.39605269909,1586,LAPD NORTH HOLLYWOOD 1586,8640.390596020425,4210779.128111445,8118
2060,143200,10301572.9592493,14060.067521757257,1586,LAPD NORTH HOLLYWOOD 1586,8640.390596020425,4210779.128111445,5882
2061,143603,5655785.73488888,13494.06534059382,1586,LAPD NORTH HOLLYWOOD 1586,8640.390596020425,4210779.128111445,1504322
2062,143605,3544582.5898027737,8243.704753741797,1586,LAPD NORTH HOLLYWOOD 1586,8640.390596020425,4210779.128111445,2620825
2063,143700,35385350.82348223,37368.09363053764,1586,LAPD NORTH HOLLYWOOD 1586,8640.390596020425,4210779.128111445,5779
2064,980039,14641665.375626998,19526.113646827605,1586,LAPD NORTH HOLLYWOOD 1586,8640.390596020425,4210779.128111445,64323
2065,143200,10301572.9592493,14060.067521757257,1563,LAPD NORTH HOLLYWOOD 1563,16128.817711316085,11328557.842904864,1368
2066,143301,6246426.565023414,13124.082236366186,1563,LAPD NORTH HOLLYWOOD 1563,16128.817711316085,11328557.842904864,195985
2067,143302,11157767.613619981,16035.814975089183,1563,LAPD NORTH HOLLYWOOD 1563,16128.817711316085,11328557.842904864,11123345
2068,143402,6976620.250859616,10582.34308940494,1563,LAPD NORTH HOLLYWOOD 1563,16128.817711316085,11328557.842904864,211
2069,143602,13131129.243971497,16670.545918419957,1563,LAPD NORTH HOLLYWOOD 1563,16128.817711316085,11328557.842904864,3715
2070,143200,10301572.9592493,14060.067521757257,1583,LAPD NORTH HOLLYWOOD 1583,16670.26401725067,13128287.07418504,2
2071,143302,11157767.613619981,16035.814975089183,1583,LAPD NORTH HOLLYWOOD 1583,16670.26401725067,13128287.07418504,29263
2072,143402,6976620.250859616,10582.34308940494,1583,LAPD NORTH HOLLYWOOD 1583,16670.26401725067,13128287.07418504,2
2073,143500,13327076.164475316,18907.639294869983,1583,LAPD NORTH HOLLYWOOD 1583,16670.26401725067,13128287.07418504,1055
2074,143602,13131129.243971497,16670.545918419957,1583,LAPD NORTH HOLLYWOOD 1583,16670.26401725067,13128287.07418504,13086628
2075,143603,5655785.73488888,13494.06534059382,1583,LAPD NORTH HOLLYWOOD 1583,16670.26401725067,13128287.07418504,145
2076,143606,2619296.6997388946,12326.482784210517,1583,LAPD NORTH HOLLYWOOD 1583,16670.26401725067,13128287.07418504,1092
2077,143801,15406756.291782046,21428.124940163092,1583,LAPD NORTH HOLLYWOOD 1583,16670.26401725067,13128287.07418504,4916
2078,143901,56976916.49823695,42046.852126583966,1583,LAPD NORTH HOLLYWOOD 1583,16670.26401725067,13128287.07418504,603
2079,143200,10301572.9592493,14060.067521757257,1585,LAPD NORTH HOLLYWOOD 1585,14892.553865119924,7649389.779178749,20669
2080,143602,13131129.243971497,16670.545918419957,1585,LAPD NORTH HOLLYWOOD 1585,14892.553865119924,7649389.779178749,845
2081,143603,5655785.73488888,13494.06534059382,1585,LAPD NORTH HOLLYWOOD 1585,14892.553865119924,7649389.779178749,4113170
2082,143605,3544582.5898027737,8243.704753741797,1585,LAPD NORTH HOLLYWOOD 1585,14892.553865119924,7649389.779178749,922412
2083,143606,2619296.6997388946,12326.482784210517,1585,LAPD NORTH HOLLYWOOD 1585,14892.553865119924,7649389.779178749,2586004
2084,143700,35385350.82348223,37368.09363053764,1585,LAPD NORTH HOLLYWOOD 1585,14892.553865119924,7649389.779178749,26
2085,143802,12536514.857556256,31513.42547347475,1585,LAPD NORTH HOLLYWOOD 1585,14892.553865119924,7649389.779178749,3522
2086,143401,11938069.828114025,14981.899845096339,1581,LAPD NORTH HOLLYWOOD 1581,18827.488698169862,13167796.184562143,29278
2087,143402,6976620.250859616,10582.34308940494,1581,LAPD NORTH HOLLYWOOD 1581,18827.488698169862,13167796.184562143,12405
2088,143500,13327076.164475316,18907.639294869983,1581,LAPD NORTH HOLLYWOOD 1581,18827.488698169862,13167796.184562143,13118954
2089,143602,13131129.243971497,16670.545918419957,1581,LAPD NORTH HOLLYWOOD 1581,18827.488698169862,13167796.184562143,797
2090,143901,56976916.49823695,42046.852126583966,1581,LAPD NORTH HOLLYWOOD 1581,18827.488698169862,13167796.184562143,1933
2091,143500,13327076.164475316,18907.639294869983,1591,LAPD NORTH HOLLYWOOD 1591,41624.77509284509,57132179.64864073,129382
2092,143801,15406756.291782046,21428.124940163092,1591,LAPD NORTH HOLLYWOOD 1591,41624.77509284509,57132179.64864073,24732
2093,143802,12536514.857556256,31513.42547347475,1591,LAPD NORTH HOLLYWOOD 1591,41624.77509284509,57132179.64864073,19147
2094,143901,56976916.49823695,42046.852126583966,1591,LAPD NORTH HOLLYWOOD 1591,41624.77509284509,57132179.64864073,56764943
2095,143902,27199022.83278482,34224.69368397816,1591,LAPD NORTH HOLLYWOOD 1591,41624.77509284509,57132179.64864073,35667
2096,261103,22388941.04705999,27838.499890349194,1591,LAPD NORTH HOLLYWOOD 1591,41624.77509284509,57132179.64864073,127827
2097,261104,49492157.67372215,45653.617290695605,1591,LAPD NORTH HOLLYWOOD 1591,41624.77509284509,57132179.64864073,10631
2098,143602,13131129.243971497,16670.545918419957,1595,LAPD NORTH HOLLYWOOD 1595,21051.70921298606,15418681.294182438,32468
2099,143801,15406756.291782046,21428.124940163092,1595,LAPD NORTH HOLLYWOOD 1595,21051.70921298606,15418681.294182438,15347849
2100,143802,12536514.857556256,31513.42547347475,1595,LAPD NORTH HOLLYWOOD 1595,21051.70921298606,15418681.294182438,27610
2101,143901,56976916.49823695,42046.852126583966,1595,LAPD NORTH HOLLYWOOD 1595,21051.70921298606,15418681.294182438,5317
2102,143602,13131129.243971497,16670.545918419957,1596,LAPD NORTH HOLLYWOOD 1596,30945.893660260015,12507433.918683128,2095
2103,143606,2619296.6997388946,12326.482784210517,1596,LAPD NORTH HOLLYWOOD 1596,30945.893660260015,12507433.918683128,30734
2104,143700,35385350.82348223,37368.09363053764,1596,LAPD NORTH HOLLYWOOD 1596,30945.893660260015,12507433.918683128,15199
2105,143801,15406756.291782046,21428.124940163092,1596,LAPD NORTH HOLLYWOOD 1596,30945.893660260015,12507433.918683128,23826
2106,143802,12536514.857556256,31513.42547347475,1596,LAPD NORTH HOLLYWOOD 1596,30945.893660260015,12507433.918683128,12412346
2107,143901,56976916.49823695,42046.852126583966,1596,LAPD NORTH HOLLYWOOD 1596,30945.893660260015,12507433.918683128,2016
2108,194102,37710234.87473533,38288.1554985049,1596,LAPD NORTH HOLLYWOOD 1596,30945.893660260015,12507433.918683128,16709
2109,143605,3544582.5898027737,8243.704753741797,1587,LAPD NORTH HOLLYWOOD 1587,12893.870871217166,2429469.244828293,58
2110,143700,35385350.82348223,37368.09363053764,1587,LAPD NORTH HOLLYWOOD 1587,12893.870871217166,2429469.244828293,2414401
2111,980039,14641665.375626998,19526.113646827605,1587,LAPD NORTH HOLLYWOOD 1587,12893.870871217166,2429469.244828293,14103
2112,143606,2619296.6997388946,12326.482784210517,1599,LAPD NORTH HOLLYWOOD 1599,33863.295310298876,32793139.81977387,523
2113,143700,35385350.82348223,37368.09363053764,1599,LAPD NORTH HOLLYWOOD 1599,33863.295310298876,32793139.81977387,32656993
2114,143802,12536514.857556256,31513.42547347475,1599,LAPD NORTH HOLLYWOOD 1599,33863.295310298876,32793139.81977387,27799
2115,189702,15699524.847689992,23121.728291354688,1599,LAPD NORTH HOLLYWOOD 1599,33863.295310298876,32793139.81977387,54235
2116,194101,27368995.706868097,33899.95231588035,1599,LAPD NORTH HOLLYWOOD 1599,33863.295310298876,32793139.81977387,26436
2117,194102,37710234.87473533,38288.1554985049,1599,LAPD NORTH HOLLYWOOD 1599,33863.295310298876,32793139.81977387,14942
2118,143700,35385350.82348223,37368.09363053764,0615,LAPD HOLLYWOOD 0615,43550.19182611551,46997094.82108461,92033
2119,189400,15572866.81099133,29227.415756096758,0615,LAPD HOLLYWOOD 0615,43550.19182611551,46997094.82108461,3456806
2120,189600,11523874.014348004,20188.04542192615,0615,LAPD HOLLYWOOD 0615,43550.19182611551,46997094.82108461,282460
2121,189702,15699524.847689992,23121.728291354688,0615,LAPD HOLLYWOOD 0615,43550.19182611551,46997094.82108461,142042
2122,189703,36424459.549189575,43353.964435795686,0615,LAPD HOLLYWOOD 0615,43550.19182611551,46997094.82108461,29983387
2123,189704,10477813.759512931,25872.926649310415,0615,LAPD HOLLYWOOD 0615,43550.19182611551,46997094.82108461,4445550
2124,980009,228869386.76103112,81127.02446262276,0615,LAPD HOLLYWOOD 0615,43550.19182611551,46997094.82108461,8576575
2125,143700,35385350.82348223,37368.09363053764,0622,LAPD HOLLYWOOD 0622,40772.5497303335,65052158.3727663,74740
2126,143802,12536514.857556256,31513.42547347475,0622,LAPD HOLLYWOOD 0622,40772.5497303335,65052158.3727663,41549
2127,189702,15699524.847689992,23121.728291354688,0622,LAPD HOLLYWOOD 0622,40772.5497303335,65052158.3727663,34639
2128,189905,2780937.665045482,6976.506227876375,0622,LAPD HOLLYWOOD 0622,40772.5497303335,65052158.3727663,336
2129,194101,27368995.706868097,33899.95231588035,0622,LAPD HOLLYWOOD 0622,40772.5497303335,65052158.3727663,27287589
2130,194102,37710234.87473533,38288.1554985049,0622,LAPD HOLLYWOOD 0622,40772.5497303335,65052158.3727663,37569207
2131,194200,28019872.210367937,29548.083770131692,0622,LAPD HOLLYWOOD 0622,40772.5497303335,65052158.3727663,15523
2132,261103,22388941.04705999,27838.499890349194,0622,LAPD HOLLYWOOD 0622,40772.5497303335,65052158.3727663,4161
2133,143700,35385350.82348223,37368.09363053764,0625,LAPD HOLLYWOOD 0625,24140.65040196617,14076600.702371875,23581
2134,189600,11523874.014348004,20188.04542192615,0625,LAPD HOLLYWOOD 0625,24140.65040196617,14076600.702371875,19344
2135,189702,15699524.847689992,23121.728291354688,0625,LAPD HOLLYWOOD 0625,24140.65040196617,14076600.702371875,14011030
2136,189703,36424459.549189575,43353.964435795686,0625,LAPD HOLLYWOOD 0625,24140.65040196617,14076600.702371875,500
2137,190202,2275158.7716431883,6643.154703696763,0625,LAPD HOLLYWOOD 0625,24140.65040196617,14076600.702371875,277
2138,194101,27368995.706868097,33899.95231588035,0625,LAPD HOLLYWOOD 0625,24140.65040196617,14076600.702371875,16419
2139,143700,35385350.82348223,37368.09363053764,1588,LAPD NORTH HOLLYWOOD 1588,14932.12429950857,4982290.528650643,53523
2140,189703,36424459.549189575,43353.964435795686,1588,LAPD NORTH HOLLYWOOD 1588,14932.12429950857,4982290.528650643,6181
2141,189704,10477813.759512931,25872.926649310415,1588,LAPD NORTH HOLLYWOOD 1588,14932.12429950857,4982290.528650643,4917722
2142,311601,18352022.01993989,18686.280982725937,1588,LAPD NORTH HOLLYWOOD 1588,14932.12429950857,4982290.528650643,10
2143,311602,11956659.008981181,17199.361304375747,1588,LAPD NORTH HOLLYWOOD 1588,14932.12429950857,4982290.528650643,357
2144,980039,14641665.375626998,19526.113646827605,1588,LAPD NORTH HOLLYWOOD 1588,14932.12429950857,4982290.528650643,2620
2145,143802,12536514.857556256,31513.42547347475,0621,LAPD HOLLYWOOD 0621,25984.98761166613,19716201.165695317,21
2146,143901,56976916.49823695,42046.852126583966,0621,LAPD HOLLYWOOD 0621,25984.98761166613,19716201.165695317,55524
2147,194102,37710234.87473533,38288.1554985049,0621,LAPD HOLLYWOOD 0621,25984.98761166613,19716201.165695317,28545
2148,194200,28019872.210367937,29548.083770131692,0621,LAPD HOLLYWOOD 0621,25984.98761166613,19716201.165695317,888
2149,194300,26597779.074150193,35303.636972730106,0621,LAPD HOLLYWOOD 0621,25984.98761166613,19716201.165695317,2888128
2150,261103,22388941.04705999,27838.499890349194,0621,LAPD HOLLYWOOD 0621,25984.98761166613,19716201.165695317,16735837
2151,700600,61184707.763384975,47191.85539758201,0621,LAPD HOLLYWOOD 0621,25984.98761166613,19716201.165695317,142
2152,143901,56976916.49823695,42046.852126583966,0809,LAPD WEST LOS ANGELES 0809,51236.0666012238,50483023.20000728,75256
2153,194300,26597779.074150193,35303.636972730106,0809,LAPD WEST LOS ANGELES 0809,51236.0666012238,50483023.20000728,7
2154,261102,85593604.90936728,56704.29184209315,0809,LAPD WEST LOS ANGELES 0809,51236.0666012238,50483023.20000728,48303
2155,261103,22388941.04705999,27838.499890349194,0809,LAPD WEST LOS ANGELES 0809,51236.0666012238,50483023.20000728,5476598
2156,261104,49492157.67372215,45653.617290695605,0809,LAPD WEST LOS ANGELES 0809,51236.0666012238,50483023.20000728,44826140
2157,700600,61184707.763384975,47191.85539758201,0809,LAPD WEST LOS ANGELES 0809,51236.0666012238,50483023.20000728,15618
2158,700700,38002136.42706234,32140.976495075727,0809,LAPD WEST LOS ANGELES 0809,51236.0666012238,50483023.20000728,23408
2159,181000,44543384.70224259,37799.83955292015,1105,LAPD NORTHEAST 1105,17113.575949796017,14530706.027867388,14468597
2160,181300,15510655.439350495,21437.949799172817,1105,LAPD NORTHEAST 1105,17113.575949796017,14530706.027867388,593
2161,181400,9463031.478301862,14429.046463504428,1105,LAPD NORTHEAST 1105,17113.575949796017,14530706.027867388,46103
2162,300902,47352163.71328764,36957.52911682414,1105,LAPD NORTHEAST 1105,17113.575949796017,14530706.027867388,2760
2163,301000,22281599.2335663,21107.760260039257,1105,LAPD NORTHEAST 1105,17113.575949796017,14530706.027867388,5997
2164,302104,6128928.50269009,12263.787171630274,1105,LAPD NORTHEAST 1105,17113.575949796017,14530706.027867388,238
2165,181000,44543384.70224259,37799.83955292015,1109,LAPD NORTHEAST 1109,26245.659614739863,30115694.39729055,29985689
2166,181400,9463031.478301862,14429.046463504428,1109,LAPD NORTHEAST 1109,26245.659614739863,30115694.39729055,63395
2167,181500,11778970.26703146,17895.198609483727,1109,LAPD NORTHEAST 1109,26245.659614739863,30115694.39729055,15941
2168,300902,47352163.71328764,36957.52911682414,1109,LAPD NORTHEAST 1109,26245.659614739863,30115694.39729055,23410
2169,460800,72586091.7721417,42259.73009423414,1109,LAPD NORTHEAST 1109,26245.659614739863,30115694.39729055,4960
2170,463800,30863331.26127467,30072.53676441893,1109,LAPD NORTHEAST 1109,26245.659614739863,30115694.39729055,8655
2171,181000,44543384.70224259,37799.83955292015,1113,LAPD NORTHEAST 1113,23053.316649029428,15658563.340985956,7630
2172,181300,15510655.439350495,21437.949799172817,1113,LAPD NORTHEAST 1113,23053.316649029428,15658563.340985956,15241754
2173,181400,9463031.478301862,14429.046463504428,1113,LAPD NORTHEAST 1113,23053.316649029428,15658563.340985956,3002
2174,181600,13454684.098709252,17952.905094429098,1113,LAPD NORTHEAST 1113,23053.316649029428,15658563.340985956,1874
2175,183402,5526588.294741537,11220.137004507887,1113,LAPD NORTHEAST 1113,23053.316649029428,15658563.340985956,3095
2176,186100,14499171.907800317,21970.246328523885,1113,LAPD NORTHEAST 1113,23053.316649029428,15658563.340985956,393426
2177,302102,11146809.486341214,18268.295311991726,1113,LAPD NORTHEAST 1113,23053.316649029428,15658563.340985956,608
2178,302104,6128928.50269009,12263.787171630274,1113,LAPD NORTHEAST 1113,23053.316649029428,15658563.340985956,257
2179,181000,44543384.70224259,37799.83955292015,1115,LAPD NORTHEAST 1115,14480.196494124732,9384987.374537257,1800
2180,181300,15510655.439350495,21437.949799172817,1115,LAPD NORTHEAST 1115,14480.196494124732,9384987.374537257,2388
2181,181400,9463031.478301862,14429.046463504428,1115,LAPD NORTHEAST 1115,14480.196494124732,9384987.374537257,9341856
2182,181500,11778970.26703146,17895.198609483727,1115,LAPD NORTHEAST 1115,14480.196494124732,9384987.374537257,17026
2183,181600,13454684.098709252,17952.905094429098,1115,LAPD NORTHEAST 1115,14480.196494124732,9384987.374537257,17703
2184,181000,44543384.70224259,37799.83955292015,1119,LAPD NORTHEAST 1119,17740.15451163233,11803756.964333676,42679
2185,181500,11778970.26703146,17895.198609483727,1119,LAPD NORTHEAST 1119,17740.15451163233,11803756.964333676,11729173
2186,183101,10418565.69692027,17031.553973714283,1119,LAPD NORTHEAST 1119,17740.15451163233,11803756.964333676,7115
2187,183221,7607138.708424687,12827.573746035223,1119,LAPD NORTHEAST 1119,17740.15451163233,11803756.964333676,509
2188,183222,9995845.45724165,16899.841440369488,1119,LAPD NORTHEAST 1119,17740.15451163233,11803756.964333676,17900
2189,463800,30863331.26127467,30072.53676441893,1119,LAPD NORTHEAST 1119,17740.15451163233,11803756.964333676,976
2190,181300,15510655.439350495,21437.949799172817,1112,LAPD NORTHEAST 1112,23103.29537969648,14427149.053898348,250056
2191,186100,14499171.907800317,21970.246328523885,1112,LAPD NORTHEAST 1112,23103.29537969648,14427149.053898348,14081128
2192,186201,5618755.447078239,12105.648736162295,1112,LAPD NORTHEAST 1112,23103.29537969648,14427149.053898348,1659
2193,186202,4394286.675186224,11049.874478835343,1112,LAPD NORTHEAST 1112,23103.29537969648,14427149.053898348,59100
2194,186301,12491036.393912772,17918.949082421695,1112,LAPD NORTHEAST 1112,23103.29537969648,14427149.053898348,15816
2195,302102,11146809.486341214,18268.295311991726,1112,LAPD NORTHEAST 1112,23103.29537969648,14427149.053898348,13023
2196,181300,15510655.439350495,21437.949799172817,1117,LAPD NORTHEAST 1117,18688.581658293537,16802648.006973803,1415
2197,181400,9463031.478301862,14429.046463504428,1117,LAPD NORTHEAST 1117,18688.581658293537,16802648.006973803,4114
2198,181600,13454684.098709252,17952.905094429098,1117,LAPD NORTHEAST 1117,18688.581658293537,16802648.006973803,13414422
2199,183222,9995845.45724165,16899.841440369488,1117,LAPD NORTHEAST 1117,18688.581658293537,16802648.006973803,474347
2200,183300,5826344.37330465,10264.321649325226,1117,LAPD NORTHEAST 1117,18688.581658293537,16802648.006973803,3187
2201,183401,5223873.286822479,10480.956055486346,1117,LAPD NORTHEAST 1117,18688.581658293537,16802648.006973803,3078
2202,183402,5526588.294741537,11220.137004507887,1117,LAPD NORTHEAST 1117,18688.581658293537,16802648.006973803,2893768
2203,186100,14499171.907800317,21970.246328523885,1117,LAPD NORTHEAST 1117,18688.581658293537,16802648.006973803,10
2204,186201,5618755.447078239,12105.648736162295,1117,LAPD NORTHEAST 1117,18688.581658293537,16802648.006973803,733
2205,181400,9463031.478301862,14429.046463504428,1107,LAPD NORTHEAST 1107,19321.691371571644,13403358.366315426,311
2206,181500,11778970.26703146,17895.198609483727,1107,LAPD NORTHEAST 1107,19321.691371571644,13403358.366315426,9842
2207,181600,13454684.098709252,17952.905094429098,1107,LAPD NORTHEAST 1107,19321.691371571644,13403358.366315426,7178
2208,183101,10418565.69692027,17031.553973714283,1107,LAPD NORTHEAST 1107,19321.691371571644,13403358.366315426,685
2209,183220,5760984.865488821,13315.745501571244,1107,LAPD NORTHEAST 1107,19321.691371571644,13403358.366315426,7430
2210,183221,7607138.708424687,12827.573746035223,1107,LAPD NORTHEAST 1107,19321.691371571644,13403358.366315426,7591935
2211,183222,9995845.45724165,16899.841440369488,1107,LAPD NORTHEAST 1107,19321.691371571644,13403358.366315426,5779807
2212,181500,11778970.26703146,17895.198609483727,1128,LAPD NORTHEAST 1128,17433.53563988562,10409689.29809295,1157
2213,183101,10418565.69692027,17031.553973714283,1128,LAPD NORTHEAST 1128,17433.53563988562,10409689.29809295,10361233
2214,183103,7081005.553879471,19689.55378728367,1128,LAPD NORTHEAST 1128,17433.53563988562,10409689.29809295,2540
2215,183104,7177217.014402335,16087.088087753425,1128,LAPD NORTHEAST 1128,17433.53563988562,10409689.29809295,2822
2216,183220,5760984.865488821,13315.745501571244,1128,LAPD NORTHEAST 1128,17433.53563988562,10409689.29809295,0
2217,183221,7607138.708424687,12827.573746035223,1128,LAPD NORTHEAST 1128,17433.53563988562,10409689.29809295,196
2218,183701,5929404.438085381,12531.344956506193,1128,LAPD NORTHEAST 1128,17433.53563988562,10409689.29809295,25637
2219,463800,30863331.26127467,30072.53676441893,1128,LAPD NORTHEAST 1128,17433.53563988562,10409689.29809295,11233
2220,181600,13454684.098709252,17952.905094429098,1125,LAPD NORTHEAST 1125,13190.000672254022,7863873.71701192,7438
2221,183300,5826344.37330465,10264.321649325226,1125,LAPD NORTHEAST 1125,13190.000672254022,7863873.71701192,7536
2222,183401,5223873.286822479,10480.956055486346,1125,LAPD NORTHEAST 1125,13190.000672254022,7863873.71701192,5213145
2223,183402,5526588.294741537,11220.137004507887,1125,LAPD NORTHEAST 1125,13190.000672254022,7863873.71701192,2622833
2224,183510,5386503.600217624,10456.904952131134,1125,LAPD NORTHEAST 1125,13190.000672254022,7863873.71701192,2160
2225,186201,5618755.447078239,12105.648736162295,1125,LAPD NORTHEAST 1125,13190.000672254022,7863873.71701192,6237
2226,186203,9070402.674499484,15825.685372679047,1125,LAPD NORTHEAST 1125,13190.000672254022,7863873.71701192,960
2227,183101,10418565.69692027,17031.553973714283,1127,LAPD NORTHEAST 1127,13284.114433955383,5768343.630004771,19566
2228,183220,5760984.865488821,13315.745501571244,1127,LAPD NORTHEAST 1127,13284.114433955383,5768343.630004771,5739040
2229,183221,7607138.708424687,12827.573746035223,1127,LAPD NORTHEAST 1127,13284.114433955383,5768343.630004771,5339
2230,183620,5569786.879239715,9445.373174856413,1127,LAPD NORTHEAST 1127,13284.114433955383,5768343.630004771,1715
2231,183101,10418565.69692027,17031.553973714283,1129,LAPD NORTHEAST 1129,17669.376376667093,13816177.486678371,1491
2232,183103,7081005.553879471,19689.55378728367,1129,LAPD NORTHEAST 1129,17669.376376667093,13816177.486678371,6577866
2233,183104,7177217.014402335,16087.088087753425,1129,LAPD NORTHEAST 1129,17669.376376667093,13816177.486678371,7168241
2234,183701,5929404.438085381,12531.344956506193,1129,LAPD NORTHEAST 1129,17669.376376667093,13816177.486678371,12187
2235,463800,30863331.26127467,30072.53676441893,1129,LAPD NORTHEAST 1129,17669.376376667093,13816177.486678371,2597
2236,480602,17824541.831862785,22301.759005437252,1129,LAPD NORTHEAST 1129,17669.376376667093,13816177.486678371,47261
2237,183101,10418565.69692027,17031.553973714283,1138,LAPD NORTHEAST 1138,9449.01041278834,5565801.361538642,2078
2238,183220,5760984.865488821,13315.745501571244,1138,LAPD NORTHEAST 1138,9449.01041278834,5565801.361538642,1776
2239,183610,4075528.4311408736,9804.40067431831,1138,LAPD NORTHEAST 1138,9449.01041278834,5565801.361538642,1352
2240,183620,5569786.879239715,9445.373174856413,1138,LAPD NORTHEAST 1138,9449.01041278834,5565801.361538642,5557448
2241,183701,5929404.438085381,12531.344956506193,1138,LAPD NORTHEAST 1138,9449.01041278834,5565801.361538642,550
2242,183101,10418565.69692027,17031.553973714283,1139,LAPD NORTHEAST 1139,12181.505397144976,5809641.1086584395,21051
2243,183620,5569786.879239715,9445.373174856413,1139,LAPD NORTHEAST 1139,12181.505397144976,5809641.1086584395,1395
2244,183701,5929404.438085381,12531.344956506193,1139,LAPD NORTHEAST 1139,12181.505397144976,5809641.1086584395,5780611
2245,183810,4896689.875887851,10289.066625254976,1139,LAPD NORTHEAST 1139,12181.505397144976,5809641.1086584395,308
2246,183820,3322202.845936264,10487.572704586843,1139,LAPD NORTHEAST 1139,12181.505397144976,5809641.1086584395,3546
2247,183103,7081005.553879471,19689.55378728367,0404,LAPD HOLLENBECK 0404,17550.379363783166,9597702.659548858,2698
2248,183701,5929404.438085381,12531.344956506193,0404,LAPD HOLLENBECK 0404,17550.379363783166,9597702.659548858,88770
2249,183702,9605920.268001465,17111.310174481787,0404,LAPD HOLLENBECK 0404,17550.379363783166,9597702.659548858,9382089
2250,199300,27892002.070503533,31628.100910196295,0404,LAPD HOLLENBECK 0404,17550.379363783166,9597702.659548858,383
2251,201302,10674503.14844296,14999.881599082397,0404,LAPD HOLLENBECK 0404,17550.379363783166,9597702.659548858,23055
2252,480702,23421364.004118167,22292.379304806276,0404,LAPD HOLLENBECK 0404,17550.379363783166,9597702.659548858,96166
2253,183103,7081005.553879471,19689.55378728367,0405,LAPD HOLLENBECK 0405,3539.2040414574935,521370.99838149233,493024
2254,183701,5929404.438085381,12531.344956506193,0405,LAPD HOLLENBECK 0405,3539.2040414574935,521370.99838149233,109
2255,183702,9605920.268001465,17111.310174481787,0405,LAPD HOLLENBECK 0405,3539.2040414574935,521370.99838149233,7929
2256,480602,17824541.831862785,22301.759005437252,0405,LAPD HOLLENBECK 0405,3539.2040414574935,521370.99838149233,2115
2257,480702,23421364.004118167,22292.379304806276,0405,LAPD HOLLENBECK 0405,3539.2040414574935,521370.99838149233,17944
2258,183220,5760984.865488821,13315.745501571244,1118,LAPD NORTHEAST 1118,9798.771327782635,4075641.1511780284,961
2259,183510,5386503.600217624,10456.904952131134,1118,LAPD NORTHEAST 1118,9798.771327782635,4075641.1511780284,0
2260,183610,4075528.4311408736,9804.40067431831,1118,LAPD NORTHEAST 1118,9798.771327782635,4075641.1511780284,4065007
2261,183620,5569786.879239715,9445.373174856413,1118,LAPD NORTHEAST 1118,9798.771327782635,4075641.1511780284,6630
2262,183701,5929404.438085381,12531.344956506193,1118,LAPD NORTHEAST 1118,9798.771327782635,4075641.1511780284,620
2263,183810,4896689.875887851,10289.066625254976,1118,LAPD NORTHEAST 1118,9798.771327782635,4075641.1511780284,529
2264,183220,5760984.865488821,13315.745501571244,1126,LAPD NORTHEAST 1126,12862.51070768699,9561394.881262045,9098
2265,183221,7607138.708424687,12827.573746035223,1126,LAPD NORTHEAST 1126,12862.51070768699,9561394.881262045,5644
2266,183222,9995845.45724165,16899.841440369488,1126,LAPD NORTHEAST 1126,12862.51070768699,9561394.881262045,3719217
2267,183300,5826344.37330465,10264.321649325226,1126,LAPD NORTHEAST 1126,12862.51070768699,9561394.881262045,5811769
2268,183401,5223873.286822479,10480.956055486346,1126,LAPD NORTHEAST 1126,12862.51070768699,9561394.881262045,175
2269,183510,5386503.600217624,10456.904952131134,1126,LAPD NORTHEAST 1126,12862.51070768699,9561394.881262045,9511
2270,183610,4075528.4311408736,9804.40067431831,1126,LAPD NORTHEAST 1126,12862.51070768699,9561394.881262045,1597
2271,183300,5826344.37330465,10264.321649325226,1116,LAPD NORTHEAST 1116,10435.653737835664,5376032.795903089,1178
2272,183401,5223873.286822479,10480.956055486346,1116,LAPD NORTHEAST 1116,10435.653737835664,5376032.795903089,624
2273,183510,5386503.600217624,10456.904952131134,1116,LAPD NORTHEAST 1116,10435.653737835664,5376032.795903089,5358650
2274,183520,4603630.952021759,9181.872540431546,1116,LAPD NORTHEAST 1116,10435.653737835664,5376032.795903089,4689
2275,183610,4075528.4311408736,9804.40067431831,1116,LAPD NORTHEAST 1116,10435.653737835664,5376032.795903089,2538
2276,185102,15746381.473975101,27682.730203068342,1116,LAPD NORTHEAST 1116,10435.653737835664,5376032.795903089,3858
2277,186203,9070402.674499484,15825.685372679047,1116,LAPD NORTHEAST 1116,10435.653737835664,5376032.795903089,2021
2278,183401,5223873.286822479,10480.956055486346,1136,LAPD NORTHEAST 1136,23388.741619936187,19072067.096704178,4477
2279,183402,5526588.294741537,11220.137004507887,1136,LAPD NORTHEAST 1136,23388.741619936187,19072067.096704178,4408
2280,183510,5386503.600217624,10456.904952131134,1136,LAPD NORTHEAST 1136,23388.741619936187,19072067.096704178,4639
2281,185102,15746381.473975101,27682.730203068342,1136,LAPD NORTHEAST 1136,23388.741619936187,19072067.096704178,30997
2282,186100,14499171.907800317,21970.246328523885,1136,LAPD NORTHEAST 1136,23388.741619936187,19072067.096704178,9623
2283,186201,5618755.447078239,12105.648736162295,1136,LAPD NORTHEAST 1136,23388.741619936187,19072067.096704178,5607600
2284,186202,4394286.675186224,11049.874478835343,1136,LAPD NORTHEAST 1136,23388.741619936187,19072067.096704178,4327143
2285,186203,9070402.674499484,15825.685372679047,1136,LAPD NORTHEAST 1136,23388.741619936187,19072067.096704178,9054979
2286,186301,12491036.393912772,17918.949082421695,1136,LAPD NORTHEAST 1136,23388.741619936187,19072067.096704178,754
2287,186302,18139341.782479733,17905.21935438151,1136,LAPD NORTHEAST 1136,23388.741619936187,19072067.096704178,18842
2288,183510,5386503.600217624,10456.904952131134,1137,LAPD NORTHEAST 1137,9175.19054372279,4619305.945276568,8690
2289,183520,4603630.952021759,9181.872540431546,1137,LAPD NORTHEAST 1137,9175.19054372279,4619305.945276568,4596606
2290,183610,4075528.4311408736,9804.40067431831,1137,LAPD NORTHEAST 1137,9175.19054372279,4619305.945276568,1838
2291,183810,4896689.875887851,10289.066625254976,1137,LAPD NORTHEAST 1137,9175.19054372279,4619305.945276568,5944
2292,185101,8773447.402297318,18663.597141089183,1137,LAPD NORTHEAST 1137,9175.19054372279,4619305.945276568,1259
2293,185102,15746381.473975101,27682.730203068342,1137,LAPD NORTHEAST 1137,9175.19054372279,4619305.945276568,2832
2294,183510,5386503.600217624,10456.904952131134,1148,LAPD NORTHEAST 1148,25181.575050998425,23294896.856685687,374
2295,183520,4603630.952021759,9181.872540431546,1148,LAPD NORTHEAST 1148,25181.575050998425,23294896.856685687,208
2296,183810,4896689.875887851,10289.066625254976,1148,LAPD NORTHEAST 1148,25181.575050998425,23294896.856685687,1027
2297,183820,3322202.845936264,10487.572704586843,1148,LAPD NORTHEAST 1148,25181.575050998425,23294896.856685687,4116
2298,185101,8773447.402297318,18663.597141089183,1148,LAPD NORTHEAST 1148,25181.575050998425,23294896.856685687,7585162
2299,185102,15746381.473975101,27682.730203068342,1148,LAPD NORTHEAST 1148,25181.575050998425,23294896.856685687,15630367
2300,185202,12978068.850966584,17415.35121041009,1148,LAPD NORTHEAST 1148,25181.575050998425,23294896.856685687,4413
2301,185204,10372194.65325292,17362.70700747483,1148,LAPD NORTHEAST 1148,25181.575050998425,23294896.856685687,21421
2302,186203,9070402.674499484,15825.685372679047,1148,LAPD NORTHEAST 1148,25181.575050998425,23294896.856685687,4521
2303,186302,18139341.782479733,17905.21935438151,1148,LAPD NORTHEAST 1148,25181.575050998425,23294896.856685687,2454
2304,199400,7503405.8687037835,16929.536529036915,1148,LAPD NORTHEAST 1148,25181.575050998425,23294896.856685687,30121
2305,183610,4075528.4311408736,9804.40067431831,1149,LAPD NORTHEAST 1149,10326.199712492948,4890575.717970281,1302
2306,183701,5929404.438085381,12531.344956506193,1149,LAPD NORTHEAST 1149,10326.199712492948,4890575.717970281,3623
2307,183810,4896689.875887851,10289.066625254976,1149,LAPD NORTHEAST 1149,10326.199712492948,4890575.717970281,4878847
2308,183820,3322202.845936264,10487.572704586843,1149,LAPD NORTHEAST 1149,10326.199712492948,4890575.717970281,4525
2309,183701,5929404.438085381,12531.344956506193,0403,LAPD HOLLENBECK 0403,15161.349200530953,5903673.661325493,7852
2310,183702,9605920.268001465,17111.310174481787,0403,LAPD HOLLENBECK 0403,15161.349200530953,5903673.661325493,180281
2311,183820,3322202.845936264,10487.572704586843,0403,LAPD HOLLENBECK 0403,15161.349200530953,5903673.661325493,56975
2312,185101,8773447.402297318,18663.597141089183,0403,LAPD HOLLENBECK 0403,15161.349200530953,5903673.661325493,35290
2313,199300,27892002.070503533,31628.100910196295,0403,LAPD HOLLENBECK 0403,15161.349200530953,5903673.661325493,5553322
2314,199400,7503405.8687037835,16929.536529036915,0403,LAPD HOLLENBECK 0403,15161.349200530953,5903673.661325493,67185
2315,183701,5929404.438085381,12531.344956506193,1169,LAPD NORTHEAST 1169,10344.178586138723,3265694.649243073,6657
2316,183810,4896689.875887851,10289.066625254976,1169,LAPD NORTHEAST 1169,10344.178586138723,3265694.649243073,7754
2317,183820,3322202.845936264,10487.572704586843,1169,LAPD NORTHEAST 1169,10344.178586138723,3265694.649243073,3248197
2318,185101,8773447.402297318,18663.597141089183,1169,LAPD NORTHEAST 1169,10344.178586138723,3265694.649243073,1560
2319,183702,9605920.268001465,17111.310174481787,0402,LAPD HOLLENBECK 0402,23192.888761919927,18921487.031048693,9838
2320,199110,9708508.640832203,14255.807623426801,0402,LAPD HOLLENBECK 0402,23192.888761919927,18921487.031048693,278
2321,199202,10273091.993661683,18301.576123255807,0402,LAPD HOLLENBECK 0402,23192.888761919927,18921487.031048693,16331
2322,199300,27892002.070503533,31628.100910196295,0402,LAPD HOLLENBECK 0402,23192.888761919927,18921487.031048693,18534944
2323,199400,7503405.8687037835,16929.536529036915,0402,LAPD HOLLENBECK 0402,23192.888761919927,18921487.031048693,4312
2324,201301,9323319.56683412,19559.435790279185,0402,LAPD HOLLENBECK 0402,23192.888761919927,18921487.031048693,344093
2325,201302,10674503.14844296,14999.881599082397,0402,LAPD HOLLENBECK 0402,23192.888761919927,18921487.031048693,2772
2326,183702,9605920.268001465,17111.310174481787,0406,LAPD HOLLENBECK 0406,15044.284457958367,10659167.817028953,21200
2327,199300,27892002.070503533,31628.100910196295,0406,LAPD HOLLENBECK 0406,15044.284457958367,10659167.817028953,27
2328,201110,10913332.25069026,16183.430157422059,0406,LAPD HOLLENBECK 0406,15044.284457958367,10659167.817028953,1836
2329,201301,9323319.56683412,19559.435790279185,0406,LAPD HOLLENBECK 0406,15044.284457958367,10659167.817028953,3973
2330,201302,10674503.14844296,14999.881599082397,0406,LAPD HOLLENBECK 0406,15044.284457958367,10659167.817028953,10626962
2331,480702,23421364.004118167,22292.379304806276,0406,LAPD HOLLENBECK 0406,15044.284457958367,10659167.817028953,94
2332,183820,3322202.845936264,10487.572704586843,1159,LAPD NORTHEAST 1159,5981.895443756521,1149713.9312586682,3288
2333,185101,8773447.402297318,18663.597141089183,1159,LAPD NORTHEAST 1159,5981.895443756521,1149713.9312586682,1145890
2334,185101,8773447.402297318,18663.597141089183,0401,LAPD HOLLENBECK 0401,10117.692069547664,2270826.522440075,66
2335,199002,14479074.40276544,20810.191023656094,0401,LAPD HOLLENBECK 0401,10117.692069547664,2270826.522440075,279
2336,199300,27892002.070503533,31628.100910196295,0401,LAPD HOLLENBECK 0401,10117.692069547664,2270826.522440075,10580
2337,199400,7503405.8687037835,16929.536529036915,0401,LAPD HOLLENBECK 0401,10117.692069547664,2270826.522440075,2258838
2338,185101,8773447.402297318,18663.597141089183,1179,LAPD NORTHEAST 1179,8824.273418810308,3745921.5819083396,155
2339,185102,15746381.473975101,27682.730203068342,1179,LAPD NORTHEAST 1179,8824.273418810308,3745921.5819083396,0
2340,185202,12978068.850966584,17415.35121041009,1179,LAPD NORTHEAST 1179,8824.273418810308,3745921.5819083396,3822
2341,199002,14479074.40276544,20810.191023656094,1179,LAPD NORTHEAST 1179,8824.273418810308,3745921.5819083396,2512
2342,199400,7503405.8687037835,16929.536529036915,1179,LAPD NORTHEAST 1179,8824.273418810308,3745921.5819083396,3737686
2343,185102,15746381.473975101,27682.730203068342,1135,LAPD NORTHEAST 1135,31432.87612529476,29225186.700026166,674
2344,185203,5899570.430386368,11949.35082024134,1135,LAPD NORTHEAST 1135,31432.87612529476,29225186.700026166,151
2345,185204,10372194.65325292,17362.70700747483,1135,LAPD NORTHEAST 1135,31432.87612529476,29225186.700026166,4368
2346,186100,14499171.907800317,21970.246328523885,1135,LAPD NORTHEAST 1135,31432.87612529476,29225186.700026166,5057
2347,186202,4394286.675186224,11049.874478835343,1135,LAPD NORTHEAST 1135,31432.87612529476,29225186.700026166,6077
2348,186203,9070402.674499484,15825.685372679047,1135,LAPD NORTHEAST 1135,31432.87612529476,29225186.700026166,3805
2349,186301,12491036.393912772,17918.949082421695,1135,LAPD NORTHEAST 1135,31432.87612529476,29225186.700026166,11126585
2350,186302,18139341.782479733,17905.21935438151,1135,LAPD NORTHEAST 1135,31432.87612529476,29225186.700026166,18050234
2351,186401,10370782.443554087,17895.702093262556,1135,LAPD NORTHEAST 1135,31432.87612529476,29225186.700026166,2108
2352,186403,5872994.310279738,11992.562937544792,1135,LAPD NORTHEAST 1135,31432.87612529476,29225186.700026166,969
2353,186404,4317771.046679916,8867.00099955289,1135,LAPD NORTHEAST 1135,31432.87612529476,29225186.700026166,11018
2354,302506,9754383.117076797,15033.971213973546,1135,LAPD NORTHEAST 1135,31432.87612529476,29225186.700026166,1162
2355,185102,15746381.473975101,27682.730203068342,1147,LAPD NORTHEAST 1147,21483.75682297639,16458770.298244555,51287
2356,185202,12978068.850966584,17415.35121041009,1147,LAPD NORTHEAST 1147,21483.75682297639,16458770.298244555,18052
2357,185203,5899570.430386368,11949.35082024134,1147,LAPD NORTHEAST 1147,21483.75682297639,16458770.298244555,5883470
2358,185204,10372194.65325292,17362.70700747483,1147,LAPD NORTHEAST 1147,21483.75682297639,16458770.298244555,10328458
2359,186302,18139341.782479733,17905.21935438151,1147,LAPD NORTHEAST 1147,21483.75682297639,16458770.298244555,1024
2360,186404,4317771.046679916,8867.00099955289,1147,LAPD NORTHEAST 1147,21483.75682297639,16458770.298244555,6859
2361,187102,23579786.272269156,38378.69919365897,1147,LAPD NORTHEAST 1147,21483.75682297639,16458770.298244555,162162
2362,185102,15746381.473975101,27682.730203068342,1158,LAPD NORTHEAST 1158,17283.41078277631,12988124.364146093,19148
2363,185202,12978068.850966584,17415.35121041009,1158,LAPD NORTHEAST 1158,17283.41078277631,12988124.364146093,12936535
2364,185203,5899570.430386368,11949.35082024134,1158,LAPD NORTHEAST 1158,17283.41078277631,12988124.364146093,27
2365,185204,10372194.65325292,17362.70700747483,1158,LAPD NORTHEAST 1158,17283.41078277631,12988124.364146093,13235
2366,185310,4532369.8887022715,12164.17908262269,1158,LAPD NORTHEAST 1158,17283.41078277631,12988124.364146093,7982
2367,199002,14479074.40276544,20810.191023656094,1158,LAPD NORTHEAST 1158,17283.41078277631,12988124.364146093,2148
2368,199400,7503405.8687037835,16929.536529036915,1158,LAPD NORTHEAST 1158,17283.41078277631,12988124.364146093,3066
2369,185202,12978068.850966584,17415.35121041009,1178,LAPD NORTHEAST 1178,12167.441505993867,4542643.205387429,8782
2370,185203,5899570.430386368,11949.35082024134,1178,LAPD NORTHEAST 1178,12167.441505993867,4542643.205387429,11346
2371,185310,4532369.8887022715,12164.17908262269,1178,LAPD NORTHEAST 1178,12167.441505993867,4542643.205387429,4510390
2372,185320,5986319.311939157,12738.94777471024,1178,LAPD NORTHEAST 1178,12167.441505993867,4542643.205387429,7842
2373,199002,14479074.40276544,20810.191023656094,1178,LAPD NORTHEAST 1178,12167.441505993867,4542643.205387429,2197
2374,185202,12978068.850966584,17415.35121041009,1189,LAPD NORTHEAST 1189,13233.426083192313,2906079.5550313313,487
2375,185310,4532369.8887022715,12164.17908262269,1189,LAPD NORTHEAST 1189,13233.426083192313,2906079.5550313313,59
2376,185320,5986319.311939157,12738.94777471024,1189,LAPD NORTHEAST 1189,13233.426083192313,2906079.5550313313,25
2377,199002,14479074.40276544,20810.191023656094,1189,LAPD NORTHEAST 1189,13233.426083192313,2906079.5550313313,2895881
2378,199400,7503405.8687037835,16929.536529036915,1189,LAPD NORTHEAST 1189,13233.426083192313,2906079.5550313313,6784
2379,980010,41264616.998483635,36580.17834027472,1189,LAPD NORTHEAST 1189,13233.426083192313,2906079.5550313313,1493
2380,185203,5899570.430386368,11949.35082024134,1134,LAPD NORTHEAST 1134,16269.41229026782,11705454.745698672,469
2381,186301,12491036.393912772,17918.949082421695,1134,LAPD NORTHEAST 1134,16269.41229026782,11705454.745698672,13
2382,186302,18139341.782479733,17905.21935438151,1134,LAPD NORTHEAST 1134,16269.41229026782,11705454.745698672,58667
2383,186401,10370782.443554087,17895.702093262556,1134,LAPD NORTHEAST 1134,16269.41229026782,11705454.745698672,126060
2384,186403,5872994.310279738,11992.562937544792,1134,LAPD NORTHEAST 1134,16269.41229026782,11705454.745698672,5869426
2385,186404,4317771.046679916,8867.00099955289,1134,LAPD NORTHEAST 1134,16269.41229026782,11705454.745698672,4297965
2386,187102,23579786.272269156,38378.69919365897,1134,LAPD NORTHEAST 1134,16269.41229026782,11705454.745698672,1347656
2387,185203,5899570.430386368,11949.35082024134,1177,LAPD NORTHEAST 1177,14081.590405121693,9057096.886659322,1445
2388,185310,4532369.8887022715,12164.17908262269,1177,LAPD NORTHEAST 1177,14081.590405121693,9057096.886659322,11857
2389,185320,5986319.311939157,12738.94777471024,1177,LAPD NORTHEAST 1177,14081.590405121693,9057096.886659322,5975704
2390,187102,23579786.272269156,38378.69919365897,1177,LAPD NORTHEAST 1177,14081.590405121693,9057096.886659322,2678556
2391,199002,14479074.40276544,20810.191023656094,1177,LAPD NORTHEAST 1177,14081.590405121693,9057096.886659322,379564
2392,980010,41264616.998483635,36580.17834027472,1177,LAPD NORTHEAST 1177,14081.590405121693,9057096.886659322,5814
2393,186301,12491036.393912772,17918.949082421695,1124,LAPD NORTHEAST 1124,18109.262617107095,11566702.85074488,1342323
2394,186401,10370782.443554087,17895.702093262556,1124,LAPD NORTHEAST 1124,18109.262617107095,11566702.85074488,10200742
2395,187101,8483179.308222916,12910.607387665605,1124,LAPD NORTHEAST 1124,18109.262617107095,11566702.85074488,5142
2396,187102,23579786.272269156,38378.69919365897,1124,LAPD NORTHEAST 1124,18109.262617107095,11566702.85074488,12331
2397,302505,5769178.815288951,15679.789915299236,1124,LAPD NORTHEAST 1124,18109.262617107095,11566702.85074488,1007
2398,302506,9754383.117076797,15033.971213973546,1124,LAPD NORTHEAST 1124,18109.262617107095,11566702.85074488,99
2399,186401,10370782.443554087,17895.702093262556,1133,LAPD NORTHEAST 1133,24935.812907670082,20323071.59648271,36785
2400,187101,8483179.308222916,12910.607387665605,1133,LAPD NORTHEAST 1133,24935.812907670082,20323071.59648271,7807904
2401,187102,23579786.272269156,38378.69919365897,1133,LAPD NORTHEAST 1133,24935.812907670082,20323071.59648271,12469329
2402,187200,10239846.921493808,15559.656139200173,1133,LAPD NORTHEAST 1133,24935.812907670082,20323071.59648271,161
2403,302505,5769178.815288951,15679.789915299236,1133,LAPD NORTHEAST 1133,24935.812907670082,20323071.59648271,43
2404,187101,8483179.308222916,12910.607387665605,1123,LAPD NORTHEAST 1123,12791.33301762431,10175901.966963768,173500
2405,188100,22692976.776497766,25959.53565292814,1123,LAPD NORTHEAST 1123,12791.33301762431,10175901.966963768,11415
2406,188300,9933262.073366174,12689.029409438908,1123,LAPD NORTHEAST 1123,12791.33301762431,10175901.966963768,9912735
2407,302401,14763514.317200985,17996.81687952485,1123,LAPD NORTHEAST 1123,12791.33301762431,10175901.966963768,330
2408,980009,228869386.76103112,81127.02446262276,1123,LAPD NORTHEAST 1123,12791.33301762431,10175901.966963768,73584
2409,187101,8483179.308222916,12910.607387665605,1132,LAPD NORTHEAST 1132,20257.062430139067,17644409.350546416,15704
2410,187300,12580918.296027083,19454.912890901134,1132,LAPD NORTHEAST 1132,20257.062430139067,17644409.350546416,65
2411,188201,8354825.6342773065,17041.606203262774,1132,LAPD NORTHEAST 1132,20257.062430139067,17644409.350546416,8282382
2412,188202,8177322.120514323,11794.883591830105,1132,LAPD NORTHEAST 1132,20257.062430139067,17644409.350546416,8137523
2413,188300,9933262.073366174,12689.029409438908,1132,LAPD NORTHEAST 1132,20257.062430139067,17644409.350546416,6139
2414,189102,6761960.412901734,12162.014429077264,1132,LAPD NORTHEAST 1132,20257.062430139067,17644409.350546416,3144
2415,195100,20400873.427235536,21728.676987625302,1132,LAPD NORTHEAST 1132,20257.062430139067,17644409.350546416,292
2416,195201,6466990.210426529,13793.857323264587,1132,LAPD NORTHEAST 1132,20257.062430139067,17644409.350546416,1764
2417,980009,228869386.76103112,81127.02446262276,1132,LAPD NORTHEAST 1132,20257.062430139067,17644409.350546416,1189934
2418,187101,8483179.308222916,12910.607387665605,1145,LAPD NORTHEAST 1145,24435.413957939287,18851892.321439702,476436
2419,187102,23579786.272269156,38378.69919365897,1145,LAPD NORTHEAST 1145,24435.413957939287,18851892.321439702,554919
2420,187200,10239846.921493808,15559.656139200173,1145,LAPD NORTHEAST 1145,24435.413957939287,18851892.321439702,2534281
2421,187300,12580918.296027083,19454.912890901134,1145,LAPD NORTHEAST 1145,24435.413957939287,18851892.321439702,11294418
2422,188201,8354825.6342773065,17041.606203262774,1145,LAPD NORTHEAST 1145,24435.413957939287,18851892.321439702,13231
2423,195100,20400873.427235536,21728.676987625302,1145,LAPD NORTHEAST 1145,24435.413957939287,18851892.321439702,6585
2424,195500,13080072.18990431,19969.43416703028,1145,LAPD NORTHEAST 1145,24435.413957939287,18851892.321439702,180
2425,197410,14997000.806472821,18531.58848579733,1145,LAPD NORTHEAST 1145,24435.413957939287,18851892.321439702,3846139
2426,980009,228869386.76103112,81127.02446262276,1145,LAPD NORTHEAST 1145,24435.413957939287,18851892.321439702,229
2427,980010,41264616.998483635,36580.17834027472,1145,LAPD NORTHEAST 1145,24435.413957939287,18851892.321439702,117214
2428,187102,23579786.272269156,38378.69919365897,1146,LAPD NORTHEAST 1146,12469.48851436914,8019468.752753526,252164
2429,187200,10239846.921493808,15559.656139200173,1146,LAPD NORTHEAST 1146,12469.48851436914,8019468.752753526,7607944
2430,187300,12580918.296027083,19454.912890901134,1146,LAPD NORTHEAST 1146,12469.48851436914,8019468.752753526,1639
2431,197200,8364430.119837312,14833.14177089205,1146,LAPD NORTHEAST 1146,12469.48851436914,8019468.752753526,47651
2432,197410,14997000.806472821,18531.58848579733,1146,LAPD NORTHEAST 1146,12469.48851436914,8019468.752753526,95676
2433,980010,41264616.998483635,36580.17834027472,1146,LAPD NORTHEAST 1146,12469.48851436914,8019468.752753526,10840
2434,187102,23579786.272269156,38378.69919365897,1157,LAPD NORTHEAST 1157,9975.390202368057,5734269.403292421,5731433
2435,197200,8364430.119837312,14833.14177089205,1157,LAPD NORTHEAST 1157,9975.390202368057,5734269.403292421,258
2436,187102,23579786.272269156,38378.69919365897,1176,LAPD NORTHEAST 1176,14607.423388868961,9025750.265289867,360771
2437,187200,10239846.921493808,15559.656139200173,1176,LAPD NORTHEAST 1176,14607.423388868961,9025750.265289867,92937
2438,197200,8364430.119837312,14833.14177089205,1176,LAPD NORTHEAST 1176,14607.423388868961,9025750.265289867,8312728
2439,199002,14479074.40276544,20810.191023656094,1176,LAPD NORTHEAST 1176,14607.423388868961,9025750.265289867,166
2440,980010,41264616.998483635,36580.17834027472,1176,LAPD NORTHEAST 1176,14607.423388868961,9025750.265289867,255055
2441,187300,12580918.296027083,19454.912890901134,1144,LAPD NORTHEAST 1144,21399.44237376771,20361946.334359556,8277
2442,188201,8354825.6342773065,17041.606203262774,1144,LAPD NORTHEAST 1144,21399.44237376771,20361946.334359556,6259
2443,195100,20400873.427235536,21728.676987625302,1144,LAPD NORTHEAST 1144,21399.44237376771,20361946.334359556,20314922
2444,195201,6466990.210426529,13793.857323264587,1144,LAPD NORTHEAST 1144,21399.44237376771,20361946.334359556,2375
2445,195202,9450220.006630998,14520.094325256974,1144,LAPD NORTHEAST 1144,21399.44237376771,20361946.334359556,8552
2446,195400,11090253.810661009,17054.023235691984,1144,LAPD NORTHEAST 1144,21399.44237376771,20361946.334359556,9098
2447,195500,13080072.18990431,19969.43416703028,1144,LAPD NORTHEAST 1144,21399.44237376771,20361946.334359556,3659
2448,187300,12580918.296027083,19454.912890901134,1172,LAPD NORTHEAST 1172,20003.981412010136,13147569.63612828,2123
2449,195100,20400873.427235536,21728.676987625302,1172,LAPD NORTHEAST 1172,20003.981412010136,13147569.63612828,31883
2450,195400,11090253.810661009,17054.023235691984,1172,LAPD NORTHEAST 1172,20003.981412010136,13147569.63612828,23016
2451,195500,13080072.18990431,19969.43416703028,1172,LAPD NORTHEAST 1172,20003.981412010136,13147569.63612828,13044546
2452,195600,5678700.807149701,11167.787060221925,1172,LAPD NORTHEAST 1172,20003.981412010136,13147569.63612828,4442
2453,195803,4062124.9988980033,9006.744409595289,1172,LAPD NORTHEAST 1172,20003.981412010136,13147569.63612828,24
2454,197410,14997000.806472821,18531.58848579733,1172,LAPD NORTHEAST 1172,20003.981412010136,13147569.63612828,1088
2455,197420,6625853.294983115,11620.140237364621,1172,LAPD NORTHEAST 1172,20003.981412010136,13147569.63612828,34682
2456,187300,12580918.296027083,19454.912890901134,1173,LAPD NORTHEAST 1173,12813.940993067927,8667396.727932824,1268893
2457,195500,13080072.18990431,19969.43416703028,1173,LAPD NORTHEAST 1173,12813.940993067927,8667396.727932824,6453
2458,197300,7042090.872374993,15215.65431521394,1173,LAPD NORTHEAST 1173,12813.940993067927,8667396.727932824,4279
2459,197410,14997000.806472821,18531.58848579733,1173,LAPD NORTHEAST 1173,12813.940993067927,8667396.727932824,7360239
2460,197420,6625853.294983115,11620.140237364621,1173,LAPD NORTHEAST 1173,12813.940993067927,8667396.727932824,23694
2461,188100,22692976.776497766,25959.53565292814,1102,LAPD NORTHEAST 1102,26596.21124571295,23860281.627505176,22661388
2462,188300,9933262.073366174,12689.029409438908,1102,LAPD NORTHEAST 1102,26596.21124571295,23860281.627505176,705
2463,301601,24312180.45072931,26095.75325722477,1102,LAPD NORTHEAST 1102,26596.21124571295,23860281.627505176,8211
2464,301702,8923311.875386652,12339.440856786812,1102,LAPD NORTHEAST 1102,26596.21124571295,23860281.627505176,161892
2465,302401,14763514.317200985,17996.81687952485,1102,LAPD NORTHEAST 1102,26596.21124571295,23860281.627505176,6144
2466,980009,228869386.76103112,81127.02446262276,1102,LAPD NORTHEAST 1102,26596.21124571295,23860281.627505176,1012001
2467,188201,8354825.6342773065,17041.606203262774,1122,LAPD NORTHEAST 1122,6474.055163315075,2194495.2945732097,32454
2468,188202,8177322.120514323,11794.883591830105,1122,LAPD NORTHEAST 1122,6474.055163315075,2194495.2945732097,9790
2469,188300,9933262.073366174,12689.029409438908,1122,LAPD NORTHEAST 1122,6474.055163315075,2194495.2945732097,5654
2470,980009,228869386.76103112,81127.02446262276,1122,LAPD NORTHEAST 1122,6474.055163315075,2194495.2945732097,2145667
2471,188201,8354825.6342773065,17041.606203262774,1143,LAPD NORTHEAST 1143,18153.700963943633,15905240.265571322,16946
2472,189102,6761960.412901734,12162.014429077264,1143,LAPD NORTHEAST 1143,18153.700963943633,15905240.265571322,1056
2473,195100,20400873.427235536,21728.676987625302,1143,LAPD NORTHEAST 1143,18153.700963943633,15905240.265571322,3164
2474,195201,6466990.210426529,13793.857323264587,1143,LAPD NORTHEAST 1143,18153.700963943633,15905240.265571322,6458866
2475,195202,9450220.006630998,14520.094325256974,1143,LAPD NORTHEAST 1143,18153.700963943633,15905240.265571322,9413087
2476,195300,6246653.322185709,11071.702968116411,1143,LAPD NORTHEAST 1143,18153.700963943633,15905240.265571322,5372
2477,188202,8177322.120514323,11794.883591830105,1101,LAPD NORTHEAST 1101,65116.31722259432,157217741.35577986,24390
2478,189102,6761960.412901734,12162.014429077264,1101,LAPD NORTHEAST 1101,65116.31722259432,157217741.35577986,10138
2479,189202,11136029.989395304,17379.287896423255,1101,LAPD NORTHEAST 1101,65116.31722259432,157217741.35577986,24941
2480,189300,20450347.980434433,25805.74471859465,1101,LAPD NORTHEAST 1101,65116.31722259432,157217741.35577986,213
2481,301601,24312180.45072931,26095.75325722477,1101,LAPD NORTHEAST 1101,65116.31722259432,157217741.35577986,161
2482,301602,10709878.213196829,15494.008773177022,1101,LAPD NORTHEAST 1101,65116.31722259432,157217741.35577986,18280
2483,311601,18352022.01993989,18686.280982725937,1101,LAPD NORTHEAST 1101,65116.31722259432,157217741.35577986,677
2484,311700,25324717.89785788,20887.496437397826,1101,LAPD NORTHEAST 1101,65116.31722259432,157217741.35577986,5526
2485,311801,6524746.316407445,12074.972380785262,1101,LAPD NORTHEAST 1101,65116.31722259432,157217741.35577986,343
2486,980009,228869386.76103112,81127.02446262276,1101,LAPD NORTHEAST 1101,65116.31722259432,157217741.35577986,157069555
2487,188202,8177322.120514323,11794.883591830105,1142,LAPD NORTHEAST 1142,16283.177509632322,10958175.52753187,2187
2488,189101,4254115.405545151,8256.53744052244,1142,LAPD NORTHEAST 1142,16283.177509632322,10958175.52753187,4244480
2489,189102,6761960.412901734,12162.014429077264,1142,LAPD NORTHEAST 1142,16283.177509632322,10958175.52753187,6658287
2490,189201,3505709.4563220767,7950.8419048378555,1142,LAPD NORTHEAST 1142,16283.177509632322,10958175.52753187,38
2491,189202,11136029.989395304,17379.287896423255,1142,LAPD NORTHEAST 1142,16283.177509632322,10958175.52753187,680
2492,195201,6466990.210426529,13793.857323264587,1142,LAPD NORTHEAST 1142,16283.177509632322,10958175.52753187,1248
2493,195202,9450220.006630998,14520.094325256974,1142,LAPD NORTHEAST 1142,16283.177509632322,10958175.52753187,4083
2494,980009,228869386.76103112,81127.02446262276,1142,LAPD NORTHEAST 1142,16283.177509632322,10958175.52753187,42594
2495,189101,4254115.405545151,8256.53744052244,1141,LAPD NORTHEAST 1141,20031.29208458196,14714418.488409875,126
2496,189102,6761960.412901734,12162.014429077264,1141,LAPD NORTHEAST 1141,20031.29208458196,14714418.488409875,86519
2497,189201,3505709.4563220767,7950.8419048378555,1141,LAPD NORTHEAST 1141,20031.29208458196,14714418.488409875,3499072
2498,189202,11136029.989395304,17379.287896423255,1141,LAPD NORTHEAST 1141,20031.29208458196,14714418.488409875,11097987
2499,189300,20450347.980434433,25805.74471859465,1141,LAPD NORTHEAST 1141,20031.29208458196,14714418.488409875,19930
2500,190401,1796752.675997566,5352.448943437797,1141,LAPD NORTHEAST 1141,20031.29208458196,14714418.488409875,929
2501,191201,6159853.675180413,9951.821008239023,1141,LAPD NORTHEAST 1141,20031.29208458196,14714418.488409875,110
2502,980009,228869386.76103112,81127.02446262276,1141,LAPD NORTHEAST 1141,20031.29208458196,14714418.488409875,3660
2503,189101,4254115.405545151,8256.53744052244,1151,LAPD NORTHEAST 1151,9948.727753903377,6148342.16163913,0
2504,189201,3505709.4563220767,7950.8419048378555,1151,LAPD NORTHEAST 1151,9948.727753903377,6148342.16163913,5113
2505,191201,6159853.675180413,9951.821008239023,1151,LAPD NORTHEAST 1151,9948.727753903377,6148342.16163913,6140627
2506,191302,4547375.211013231,9355.998822244494,1151,LAPD NORTHEAST 1151,9948.727753903377,6148342.16163913,23
2507,195300,6246653.322185709,11071.702968116411,1151,LAPD NORTHEAST 1151,9948.727753903377,6148342.16163913,11
2508,189101,4254115.405545151,8256.53744052244,1152,LAPD NORTHEAST 1152,11075.857852626843,6252319.47938073,7725
2509,191302,4547375.211013231,9355.998822244494,1152,LAPD NORTHEAST 1152,11075.857852626843,6252319.47938073,3821
2510,195202,9450220.006630998,14520.094325256974,1152,LAPD NORTHEAST 1152,11075.857852626843,6252319.47938073,17622
2511,195300,6246653.322185709,11071.702968116411,1152,LAPD NORTHEAST 1152,11075.857852626843,6252319.47938073,6220500
2512,189201,3505709.4563220767,7950.8419048378555,0639,LAPD HOLLYWOOD 0639,7927.4294228185045,3487389.6036778605,26
2513,189300,20450347.980434433,25805.74471859465,0639,LAPD HOLLYWOOD 0639,7927.4294228185045,3487389.6036778605,9504
2514,190303,1760119.246444386,5299.2912814760575,0639,LAPD HOLLYWOOD 0639,7927.4294228185045,3487389.6036778605,192
2515,190401,1796752.675997566,5352.448943437797,0639,LAPD HOLLYWOOD 0639,7927.4294228185045,3487389.6036778605,1790700
2516,190402,1691439.607709749,5221.3916302048565,0639,LAPD HOLLYWOOD 0639,7927.4294228185045,3487389.6036778605,1685533
2517,189201,3505709.4563220767,7950.8419048378555,0649,LAPD HOLLYWOOD 0649,6616.457872312969,2627172.3066065246,1
2518,190401,1796752.675997566,5352.448943437797,0649,LAPD HOLLYWOOD 0649,6616.457872312969,2627172.3066065246,4359
2519,190402,1691439.607709749,5221.3916302048565,0649,LAPD HOLLYWOOD 0649,6616.457872312969,2627172.3066065246,1992
2520,190510,3427014.77382389,7981.117831192824,0649,LAPD HOLLYWOOD 0649,6616.457872312969,2627172.3066065246,324
2521,190520,2625881.6139949667,6612.057711975645,0649,LAPD HOLLYWOOD 0649,6616.457872312969,2627172.3066065246,2618197
2522,191201,6159853.675180413,9951.821008239023,0649,LAPD HOLLYWOOD 0649,6616.457872312969,2627172.3066065246,1212
2523,189202,11136029.989395304,17379.287896423255,1153,LAPD NORTHEAST 1153,16348.984855889472,8018477.270461785,7825
2524,189300,20450347.980434433,25805.74471859465,1153,LAPD NORTHEAST 1153,16348.984855889472,8018477.270461785,7744150
2525,190401,1796752.675997566,5352.448943437797,1153,LAPD NORTHEAST 1153,16348.984855889472,8018477.270461785,23
2526,980009,228869386.76103112,81127.02446262276,1153,LAPD NORTHEAST 1153,16348.984855889472,8018477.270461785,263199
2527,189300,20450347.980434433,25805.74471859465,0627,LAPD HOLLYWOOD 0627,35361.89497274833,20719278.174173508,7989
2528,189400,15572866.81099133,29227.415756096758,0627,LAPD HOLLYWOOD 0627,35361.89497274833,20719278.174173508,12024110
2529,189501,3691369.697088901,9296.864585487836,0627,LAPD HOLLYWOOD 0627,35361.89497274833,20719278.174173508,5364
2530,189502,2683324.5192369684,7299.366955856948,0627,LAPD HOLLYWOOD 0627,35361.89497274833,20719278.174173508,1856
2531,189600,11523874.014348004,20188.04542192615,0627,LAPD HOLLYWOOD 0627,35361.89497274833,20719278.174173508,5514
2532,980009,228869386.76103112,81127.02446262276,0627,LAPD HOLLYWOOD 0627,35361.89497274833,20719278.174173508,8666235
2533,189300,20450347.980434433,25805.74471859465,0628,LAPD HOLLYWOOD 0628,12915.765052174143,6379073.724630507,2997
2534,189400,15572866.81099133,29227.415756096758,0628,LAPD HOLLYWOOD 0628,12915.765052174143,6379073.724630507,28572
2535,189501,3691369.697088901,9296.864585487836,0628,LAPD HOLLYWOOD 0628,12915.765052174143,6379073.724630507,3675696
2536,189502,2683324.5192369684,7299.366955856948,0628,LAPD HOLLYWOOD 0628,12915.765052174143,6379073.724630507,2665437
2537,189600,11523874.014348004,20188.04542192615,0628,LAPD HOLLYWOOD 0628,12915.765052174143,6379073.724630507,3820
2538,189300,20450347.980434433,25805.74471859465,0629,LAPD HOLLYWOOD 0629,20876.85323261938,17365324.746555816,12650975
2539,189400,15572866.81099133,29227.415756096758,0629,LAPD HOLLYWOOD 0629,20876.85323261938,17365324.746555816,482
2540,189501,3691369.697088901,9296.864585487836,0629,LAPD HOLLYWOOD 0629,20876.85323261938,17365324.746555816,2499
2541,980009,228869386.76103112,81127.02446262276,0629,LAPD HOLLYWOOD 0629,20876.85323261938,17365324.746555816,4704393
2542,189300,20450347.980434433,25805.74471859465,0638,LAPD HOLLYWOOD 0638,11996.9915204475,4259290.275078316,6298
2543,189501,3691369.697088901,9296.864585487836,0638,LAPD HOLLYWOOD 0638,11996.9915204475,4259290.275078316,6329
2544,189502,2683324.5192369684,7299.366955856948,0638,LAPD HOLLYWOOD 0638,11996.9915204475,4259290.275078316,6228
2545,189600,11523874.014348004,20188.04542192615,0638,LAPD HOLLYWOOD 0638,11996.9915204475,4259290.275078316,2975
2546,190302,2581477.3694955586,9434.624827707337,0638,LAPD HOLLYWOOD 0638,11996.9915204475,4259290.275078316,2476526
2547,190303,1760119.246444386,5299.2912814760575,0638,LAPD HOLLYWOOD 0638,11996.9915204475,4259290.275078316,1756799
2548,190402,1691439.607709749,5221.3916302048565,0638,LAPD HOLLYWOOD 0638,11996.9915204475,4259290.275078316,2406
2549,189400,15572866.81099133,29227.415756096758,0626,LAPD HOLLYWOOD 0626,16606.48273565726,8198864.414997414,56736
2550,189502,2683324.5192369684,7299.366955856948,0626,LAPD HOLLYWOOD 0626,16606.48273565726,8198864.414997414,8733
2551,189600,11523874.014348004,20188.04542192615,0626,LAPD HOLLYWOOD 0626,16606.48273565726,8198864.414997414,7911425
2552,189703,36424459.549189575,43353.964435795686,0626,LAPD HOLLYWOOD 0626,16606.48273565726,8198864.414997414,218736
2553,189600,11523874.014348004,20188.04542192615,0635,LAPD HOLLYWOOD 0635,9059.05538828747,3274008.6225079503,3266609
2554,189702,15699524.847689992,23121.728291354688,0635,LAPD HOLLYWOOD 0635,9059.05538828747,3274008.6225079503,5499
2555,189703,36424459.549189575,43353.964435795686,0635,LAPD HOLLYWOOD 0635,9059.05538828747,3274008.6225079503,612
2556,189600,11523874.014348004,20188.04542192615,0636,LAPD HOLLYWOOD 0636,9704.019268151753,4741598.549866992,26281
2557,189702,15699524.847689992,23121.728291354688,0636,LAPD HOLLYWOOD 0636,9704.019268151753,4741598.549866992,3807
2558,190201,2441732.8201675136,6951.861666647951,0636,LAPD HOLLYWOOD 0636,9704.019268151753,4741598.549866992,2434889
2559,190202,2275158.7716431883,6643.154703696763,0636,LAPD HOLLYWOOD 0636,9704.019268151753,4741598.549866992,2262118
2560,191000,6982346.090483507,11184.156686645947,0636,LAPD HOLLYWOOD 0636,9704.019268151753,4741598.549866992,12627
2561,189600,11523874.014348004,20188.04542192615,0637,LAPD HOLLYWOOD 0637,7821.682437905808,2658903.024826585,902
2562,190302,2581477.3694955586,9434.624827707337,0637,LAPD HOLLYWOOD 0637,7821.682437905808,2658903.024826585,102611
2563,191000,6982346.090483507,11184.156686645947,0637,LAPD HOLLYWOOD 0637,7821.682437905808,2658903.024826585,2554322
2564,189702,15699524.847689992,23121.728291354688,0645,LAPD HOLLYWOOD 0645,14210.766390121247,7907944.103422575,1442191
2565,189903,903792.7350174646,4148.746180096777,0645,LAPD HOLLYWOOD 0645,14210.766390121247,7907944.103422575,605
2566,189904,1717859.999410351,5282.079056791363,0645,LAPD HOLLYWOOD 0645,14210.766390121247,7907944.103422575,3864
2567,189906,2182591.8501376254,5943.374633856944,0645,LAPD HOLLYWOOD 0645,14210.766390121247,7907944.103422575,170
2568,190101,2415023.4449793426,6832.130176888864,0645,LAPD HOLLYWOOD 0645,14210.766390121247,7907944.103422575,2410763
2569,190102,4049647.9896587715,8766.927230500321,0645,LAPD HOLLYWOOD 0645,14210.766390121247,7907944.103422575,4034357
2570,190202,2275158.7716431883,6643.154703696763,0645,LAPD HOLLYWOOD 0645,14210.766390121247,7907944.103422575,3531
2571,190701,4762957.718815918,9891.61421204491,0645,LAPD HOLLYWOOD 0645,14210.766390121247,7907944.103422575,2340
2572,190702,2152792.9770431262,5909.32843018442,0645,LAPD HOLLYWOOD 0645,14210.766390121247,7907944.103422575,2122
2573,194101,27368995.706868097,33899.95231588035,0645,LAPD HOLLYWOOD 0645,14210.766390121247,7907944.103422575,4903
2574,700101,7255567.451123971,13621.815398849578,0645,LAPD HOLLYWOOD 0645,14210.766390121247,7907944.103422575,0
2575,189703,36424459.549189575,43353.964435795686,1589,LAPD NORTH HOLLYWOOD 1589,30435.288141683726,52268467.96213497,6201006
2576,189704,10477813.759512931,25872.926649310415,1589,LAPD NORTH HOLLYWOOD 1589,30435.288141683726,52268467.96213497,1091970
2577,311601,18352022.01993989,18686.280982725937,1589,LAPD NORTH HOLLYWOOD 1589,30435.288141683726,52268467.96213497,2763
2578,980009,228869386.76103112,81127.02446262276,1589,LAPD NORTH HOLLYWOOD 1589,30435.288141683726,52268467.96213497,44952629
2579,189801,4421018.988281174,10113.93427399976,0632,LAPD HOLLYWOOD 0632,37459.43385156202,34052382.46518008,1769976
2580,194102,37710234.87473533,38288.1554985049,0632,LAPD HOLLYWOOD 0632,37459.43385156202,34052382.46518008,61677
2581,194200,28019872.210367937,29548.083770131692,0632,LAPD HOLLYWOOD 0632,37459.43385156202,34052382.46518008,27960624
2582,194300,26597779.074150193,35303.636972730106,0632,LAPD HOLLYWOOD 0632,37459.43385156202,34052382.46518008,4206974
2583,261103,22388941.04705999,27838.499890349194,0632,LAPD HOLLYWOOD 0632,37459.43385156202,34052382.46518008,36407
2584,700200,7523640.405527794,14072.866257790005,0632,LAPD HOLLYWOOD 0632,37459.43385156202,34052382.46518008,1842
2585,700300,6535097.875463082,14233.81372821289,0632,LAPD HOLLYWOOD 0632,37459.43385156202,34052382.46518008,2139
2586,700502,5425279.8316498,10805.421034358586,0632,LAPD HOLLYWOOD 0632,37459.43385156202,34052382.46518008,117
2587,189801,4421018.988281174,10113.93427399976,0642,LAPD HOLLYWOOD 0642,9771.434940898826,6033570.44985072,2618755
2588,189802,3433588.1635206225,7873.146346269434,0642,LAPD HOLLYWOOD 0642,9771.434940898826,6033570.44985072,3393656
2589,189905,2780937.665045482,6976.506227876375,0642,LAPD HOLLYWOOD 0642,9771.434940898826,6033570.44985072,1989
2590,189907,1746429.8729544862,5286.4850585109825,0642,LAPD HOLLYWOOD 0642,9771.434940898826,6033570.44985072,2184
2591,194101,27368995.706868097,33899.95231588035,0642,LAPD HOLLYWOOD 0642,9771.434940898826,6033570.44985072,5527
2592,194102,37710234.87473533,38288.1554985049,0642,LAPD HOLLYWOOD 0642,9771.434940898826,6033570.44985072,5154
2593,700200,7523640.405527794,14072.866257790005,0642,LAPD HOLLYWOOD 0642,9771.434940898826,6033570.44985072,3991
2594,189903,903792.7350174646,4148.746180096777,0643,LAPD HOLLYWOOD 0643,9565.825833161334,5399619.603550753,902837
2595,189904,1717859.999410351,5282.079056791363,0643,LAPD HOLLYWOOD 0643,9565.825833161334,5399619.603550753,1702737
2596,189905,2780937.665045482,6976.506227876375,0643,LAPD HOLLYWOOD 0643,9565.825833161334,5399619.603550753,2770348
2597,190101,2415023.4449793426,6832.130176888864,0643,LAPD HOLLYWOOD 0643,9565.825833161334,5399619.603550753,3317
2598,190102,4049647.9896587715,8766.927230500321,0643,LAPD HOLLYWOOD 0643,9565.825833161334,5399619.603550753,592
2599,194101,27368995.706868097,33899.95231588035,0643,LAPD HOLLYWOOD 0643,9565.825833161334,5399619.603550753,17697
2600,189904,1717859.999410351,5282.079056791363,0644,LAPD HOLLYWOOD 0644,8535.120485182802,3831431.6614722363,10590
2601,189905,2780937.665045482,6976.506227876375,0644,LAPD HOLLYWOOD 0644,8535.120485182802,3831431.6614722363,7190
2602,189906,2182591.8501376254,5943.374633856944,0644,LAPD HOLLYWOOD 0644,8535.120485182802,3831431.6614722363,2116827
2603,189907,1746429.8729544862,5286.4850585109825,0644,LAPD HOLLYWOOD 0644,8535.120485182802,3831431.6614722363,1694755
2604,190102,4049647.9896587715,8766.927230500321,0644,LAPD HOLLYWOOD 0644,8535.120485182802,3831431.6614722363,577
2605,190102,4049647.9896587715,8766.927230500321,0646,LAPD HOLLYWOOD 0646,12495.40847190598,6906817.191343447,68
2606,190201,2441732.8201675136,6951.861666647951,0646,LAPD HOLLYWOOD 0646,12495.40847190598,6906817.191343447,5874
2607,190202,2275158.7716431883,6643.154703696763,0646,LAPD HOLLYWOOD 0646,12495.40847190598,6906817.191343447,8335
2608,190701,4762957.718815918,9891.61421204491,0646,LAPD HOLLYWOOD 0646,12495.40847190598,6906817.191343447,4745601
2609,190702,2152792.9770431262,5909.32843018442,0646,LAPD HOLLYWOOD 0646,12495.40847190598,6906817.191343447,2139114
2610,190802,5239268.652644499,9249.700405998006,0646,LAPD HOLLYWOOD 0646,12495.40847190598,6906817.191343447,1545
2611,191000,6982346.090483507,11184.156686645947,0646,LAPD HOLLYWOOD 0646,12495.40847190598,6906817.191343447,3538
2612,190102,4049647.9896587715,8766.927230500321,0663,LAPD HOLLYWOOD 0663,11888.374746777723,8336095.205954333,6433
2613,190702,2152792.9770431262,5909.32843018442,0663,LAPD HOLLYWOOD 0663,11888.374746777723,8336095.205954333,9902
2614,190802,5239268.652644499,9249.700405998006,0663,LAPD HOLLYWOOD 0663,11888.374746777723,8336095.205954333,512
2615,191810,4351163.390164875,9234.500263655384,0663,LAPD HOLLYWOOD 0663,11888.374746777723,8336095.205954333,3330
2616,191901,8322072.656780996,11883.439439610383,0663,LAPD HOLLYWOOD 0663,11888.374746777723,8336095.205954333,8303640
2617,192001,5713104.830003995,11592.717776331969,0663,LAPD HOLLYWOOD 0663,11888.374746777723,8336095.205954333,2221
2618,700101,7255567.451123971,13621.815398849578,0663,LAPD HOLLYWOOD 0663,11888.374746777723,8336095.205954333,6175
2619,700102,5284605.462387212,13568.187885106363,0663,LAPD HOLLYWOOD 0663,11888.374746777723,8336095.205954333,569
2620,190302,2581477.3694955586,9434.624827707337,0647,LAPD HOLLYWOOD 0647,9509.307674216714,4441220.855669204,106
2621,190510,3427014.77382389,7981.117831192824,0647,LAPD HOLLYWOOD 0647,9509.307674216714,4441220.855669204,46381
2622,191000,6982346.090483507,11184.156686645947,0647,LAPD HOLLYWOOD 0647,9509.307674216714,4441220.855669204,4392942
2623,190302,2581477.3694955586,9434.624827707337,0648,LAPD HOLLYWOOD 0648,7916.543199549002,3377834.915650248,1192
2624,190303,1760119.246444386,5299.2912814760575,0648,LAPD HOLLYWOOD 0648,7916.543199549002,3377834.915650248,2410
2625,190402,1691439.607709749,5221.3916302048565,0648,LAPD HOLLYWOOD 0648,7916.543199549002,3377834.915650248,813
2626,190510,3427014.77382389,7981.117831192824,0648,LAPD HOLLYWOOD 0648,7916.543199549002,3377834.915650248,3369468
2627,190520,2625881.6139949667,6612.057711975645,0648,LAPD HOLLYWOOD 0648,7916.543199549002,3377834.915650248,2570
2628,190510,3427014.77382389,7981.117831192824,0659,LAPD HOLLYWOOD 0659,7507.129628713745,2934118.6534860767,1253
2629,190520,2625881.6139949667,6612.057711975645,0659,LAPD HOLLYWOOD 0659,7507.129628713745,2934118.6534860767,4029
2630,190901,5276300.588336497,9290.822749061326,0659,LAPD HOLLYWOOD 0659,7507.129628713745,2934118.6534860767,573
2631,191110,2935770.351038734,7507.323334672928,0659,LAPD HOLLYWOOD 0659,7507.129628713745,2934118.6534860767,2926417
2632,191201,6159853.675180413,9951.821008239023,0659,LAPD HOLLYWOOD 0659,7507.129628713745,2934118.6534860767,631
2633,190510,3427014.77382389,7981.117831192824,0668,LAPD HOLLYWOOD 0668,9288.655183373796,5272423.088349425,8187
2634,190901,5276300.588336497,9290.822749061326,0668,LAPD HOLLYWOOD 0668,9288.655183373796,5272423.088349425,5257291
2635,191000,6982346.090483507,11184.156686645947,0668,LAPD HOLLYWOOD 0668,9288.655183373796,5272423.088349425,1257
2636,191110,2935770.351038734,7507.323334672928,0668,LAPD HOLLYWOOD 0668,9288.655183373796,5272423.088349425,789
2637,191120,4086485.781542627,8373.032154317503,0668,LAPD HOLLYWOOD 0668,9288.655183373796,5272423.088349425,2735
2638,190701,4762957.718815918,9891.61421204491,0666,LAPD HOLLYWOOD 0666,11893.938350607425,8738914.722405411,13126
2639,190702,2152792.9770431262,5909.32843018442,0666,LAPD HOLLYWOOD 0666,11893.938350607425,8738914.722405411,800
2640,190801,3489474.2509989548,7925.329662174455,0666,LAPD HOLLYWOOD 0666,11893.938350607425,8738914.722405411,3482377
2641,190802,5239268.652644499,9249.700405998006,0666,LAPD HOLLYWOOD 0666,11893.938350607425,8738914.722405411,5228340
2642,190902,5241761.853088032,9257.056884776202,0666,LAPD HOLLYWOOD 0666,11893.938350607425,8738914.722405411,1710
2643,191000,6982346.090483507,11184.156686645947,0666,LAPD HOLLYWOOD 0666,11893.938350607425,8738914.722405411,8326
2644,191901,8322072.656780996,11883.439439610383,0666,LAPD HOLLYWOOD 0666,11893.938350607425,8738914.722405411,722
2645,190801,3489474.2509989548,7925.329662174455,0656,LAPD HOLLYWOOD 0656,9234.276059153468,4340567.01108498,2731
2646,190802,5239268.652644499,9249.700405998006,0656,LAPD HOLLYWOOD 0656,9234.276059153468,4340567.01108498,6772
2647,190902,5241761.853088032,9257.056884776202,0656,LAPD HOLLYWOOD 0656,9234.276059153468,4340567.01108498,5
2648,191710,7627441.7695561955,13209.029778441858,0656,LAPD HOLLYWOOD 0656,9234.276059153468,4340567.01108498,7205
2649,191810,4351163.390164875,9234.500263655384,0656,LAPD HOLLYWOOD 0656,9234.276059153468,4340567.01108498,4322100
2650,190801,3489474.2509989548,7925.329662174455,0667,LAPD HOLLYWOOD 0667,9266.457122884822,5255679.328333612,2957
2651,190901,5276300.588336497,9290.822749061326,0667,LAPD HOLLYWOOD 0667,9266.457122884822,5255679.328333612,9003
2652,190902,5241761.853088032,9257.056884776202,0667,LAPD HOLLYWOOD 0667,9266.457122884822,5255679.328333612,5235060
2653,191000,6982346.090483507,11184.156686645947,0667,LAPD HOLLYWOOD 0667,9266.457122884822,5255679.328333612,6521
2654,190901,5276300.588336497,9290.822749061326,0657,LAPD HOLLYWOOD 0657,6954.139883235621,2850456.3437295253,6516
2655,191120,4086485.781542627,8373.032154317503,0657,LAPD HOLLYWOOD 0657,6954.139883235621,2850456.3437295253,20
2656,191610,4498406.675930394,9410.998592979602,0657,LAPD HOLLYWOOD 0657,6954.139883235621,2850456.3437295253,7494
2657,191710,7627441.7695561955,13209.029778441858,0657,LAPD HOLLYWOOD 0657,6954.139883235621,2850456.3437295253,1104
2658,191720,2845123.187248124,6946.316445253603,0657,LAPD HOLLYWOOD 0657,6954.139883235621,2850456.3437295253,2834146
2659,190901,5276300.588336497,9290.822749061326,0669,LAPD HOLLYWOOD 0669,8370.14233364755,4084852.656529631,751
2660,191110,2935770.351038734,7507.323334672928,0669,LAPD HOLLYWOOD 0669,8370.14233364755,4084852.656529631,7349
2661,191120,4086485.781542627,8373.032154317503,0669,LAPD HOLLYWOOD 0669,8370.14233364755,4084852.656529631,4074149
2662,191201,6159853.675180413,9951.821008239023,0669,LAPD HOLLYWOOD 0669,8370.14233364755,4084852.656529631,0
2663,191204,2164407.5412006476,5918.997613921744,0669,LAPD HOLLYWOOD 0669,8370.14233364755,4084852.656529631,907
2664,190901,5276300.588336497,9290.822749061326,0677,LAPD HOLLYWOOD 0677,13215.917560287788,7620862.522205271,0
2665,190902,5241761.853088032,9257.056884776202,0677,LAPD HOLLYWOOD 0677,13215.917560287788,7620862.522205271,2855
2666,191610,4498406.675930394,9410.998592979602,0677,LAPD HOLLYWOOD 0677,13215.917560287788,7620862.522205271,6473
2667,191710,7627441.7695561955,13209.029778441858,0677,LAPD HOLLYWOOD 0677,13215.917560287788,7620862.522205271,7598599
2668,191720,2845123.187248124,6946.316445253603,0677,LAPD HOLLYWOOD 0677,13215.917560287788,7620862.522205271,9804
2669,192410,7361268.920749461,10853.941434561744,0677,LAPD HOLLYWOOD 0677,13215.917560287788,7620862.522205271,0
2670,191120,4086485.781542627,8373.032154317503,0678,LAPD HOLLYWOOD 0678,9419.978952289059,4564904.583111017,3834
2671,191500,6903622.396591517,10328.444293226168,0678,LAPD HOLLYWOOD 0678,9419.978952289059,4564904.583111017,11
2672,191610,4498406.675930394,9410.998592979602,0678,LAPD HOLLYWOOD 0678,9419.978952289059,4564904.583111017,4469439
2673,191620,2463246.375424449,7019.869875943937,0678,LAPD HOLLYWOOD 0678,9419.978952289059,4564904.583111017,89709
2674,192610,4471291.153169816,9148.656873981598,0678,LAPD HOLLYWOOD 0678,9419.978952289059,4564904.583111017,7
2675,191120,4086485.781542627,8373.032154317503,0679,LAPD HOLLYWOOD 0679,6898.004047276692,2379201.0951997545,4051
2676,191204,2164407.5412006476,5918.997613921744,0679,LAPD HOLLYWOOD 0679,6898.004047276692,2379201.0951997545,2
2677,191500,6903622.396591517,10328.444293226168,0679,LAPD HOLLYWOOD 0679,6898.004047276692,2379201.0951997545,1644
2678,191620,2463246.375424449,7019.869875943937,0679,LAPD HOLLYWOOD 0679,6898.004047276692,2379201.0951997545,2372508
2679,191201,6159853.675180413,9951.821008239023,1161,LAPD NORTHEAST 1161,5918.813347578921,2163992.4467604277,5561
2680,191203,2208777.338004439,5985.1469830262495,1161,LAPD NORTHEAST 1161,5918.813347578921,2163992.4467604277,313
2681,191204,2164407.5412006476,5918.997613921744,1161,LAPD NORTHEAST 1161,5918.813347578921,2163992.4467604277,2157212
2682,191201,6159853.675180413,9951.821008239023,1162,LAPD NORTHEAST 1162,12006.566964606733,7498204.492788818,718
2683,191203,2208777.338004439,5985.1469830262495,1162,LAPD NORTHEAST 1162,12006.566964606733,7498204.492788818,1316
2684,191301,2944230.5281533995,8542.864192851524,1162,LAPD NORTHEAST 1162,12006.566964606733,7498204.492788818,2935809
2685,191302,4547375.211013231,9355.998822244494,1162,LAPD NORTHEAST 1162,12006.566964606733,7498204.492788818,4541609
2686,191410,3351636.2158293165,7438.637777291776,1162,LAPD NORTHEAST 1162,12006.566964606733,7498204.492788818,594
2687,195300,6246653.322185709,11071.702968116411,1162,LAPD NORTHEAST 1162,12006.566964606733,7498204.492788818,6476
2688,195400,11090253.810661009,17054.023235691984,1162,LAPD NORTHEAST 1162,12006.566964606733,7498204.492788818,5813
2689,195901,3130914.426826522,8190.0158634461495,1162,LAPD NORTHEAST 1162,12006.566964606733,7498204.492788818,2691
2690,191201,6159853.675180413,9951.821008239023,1163,LAPD NORTHEAST 1163,5996.143180372173,2213778.0165725234,8420
2691,191203,2208777.338004439,5985.1469830262495,1163,LAPD NORTHEAST 1163,5996.143180372173,2213778.0165725234,2202830
2692,191204,2164407.5412006476,5918.997613921744,1163,LAPD NORTHEAST 1163,5996.143180372173,2213778.0165725234,341
2693,191301,2944230.5281533995,8542.864192851524,1163,LAPD NORTHEAST 1163,5996.143180372173,2213778.0165725234,1213
2694,191410,3351636.2158293165,7438.637777291776,1163,LAPD NORTHEAST 1163,5996.143180372173,2213778.0165725234,3
2695,191500,6903622.396591517,10328.444293226168,1163,LAPD NORTHEAST 1163,5996.143180372173,2213778.0165725234,37
2696,191203,2208777.338004439,5985.1469830262495,0201,LAPD RAMPART 0201,10302.822349422564,6881453.1372451065,3387
2697,191204,2164407.5412006476,5918.997613921744,0201,LAPD RAMPART 0201,10302.822349422564,6881453.1372451065,5037
2698,191410,3351636.2158293165,7438.637777291776,0201,LAPD RAMPART 0201,10302.822349422564,6881453.1372451065,970
2699,191420,2445268.56641392,6614.973533099295,0201,LAPD RAMPART 0201,10302.822349422564,6881453.1372451065,1617
2700,191500,6903622.396591517,10328.444293226168,0201,LAPD RAMPART 0201,10302.822349422564,6881453.1372451065,6867537
2701,191301,2944230.5281533995,8542.864192851524,0202,LAPD RAMPART 0202,7409.691694077471,3334002.04459067,943
2702,191410,3351636.2158293165,7438.637777291776,0202,LAPD RAMPART 0202,7409.691694077471,3334002.04459067,3330630
2703,191500,6903622.396591517,10328.444293226168,0202,LAPD RAMPART 0202,7409.691694077471,3334002.04459067,1009
2704,191301,2944230.5281533995,8542.864192851524,0204,LAPD RAMPART 0204,13415.019707506455,9431728.057953881,2964
2705,191410,3351636.2158293165,7438.637777291776,0204,LAPD RAMPART 0204,13415.019707506455,9431728.057953881,12393
2706,191420,2445268.56641392,6614.973533099295,0204,LAPD RAMPART 0204,13415.019707506455,9431728.057953881,2863
2707,192700,5717757.340444776,9614.054321936232,0204,LAPD RAMPART 0204,13415.019707506455,9431728.057953881,781
2708,195400,11090253.810661009,17054.023235691984,0204,LAPD RAMPART 0204,13415.019707506455,9431728.057953881,1125
2709,195802,4332629.912311367,9935.908865013778,0204,LAPD RAMPART 0204,13415.019707506455,9431728.057953881,1752
2710,195803,4062124.9988980033,9006.744409595289,0204,LAPD RAMPART 0204,13415.019707506455,9431728.057953881,4914
2711,195901,3130914.426826522,8190.0158634461495,0204,LAPD RAMPART 0204,13415.019707506455,9431728.057953881,3123865
2712,195902,3742492.6156339217,8216.515848999894,0204,LAPD RAMPART 0204,13415.019707506455,9431728.057953881,3737156
2713,195903,2562591.993549857,6738.806173762205,0204,LAPD RAMPART 0204,13415.019707506455,9431728.057953881,2539850
2714,191301,2944230.5281533995,8542.864192851524,1171,LAPD NORTHEAST 1171,16875.16359102797,11106064.964873172,2048
2715,195100,20400873.427235536,21728.676987625302,1171,LAPD NORTHEAST 1171,16875.16359102797,11106064.964873172,35208
2716,195202,9450220.006630998,14520.094325256974,1171,LAPD NORTHEAST 1171,16875.16359102797,11106064.964873172,2856
2717,195300,6246653.322185709,11071.702968116411,1171,LAPD NORTHEAST 1171,16875.16359102797,11106064.964873172,11645
2718,195400,11090253.810661009,17054.023235691984,1171,LAPD NORTHEAST 1171,16875.16359102797,11106064.964873172,11044032
2719,195500,13080072.18990431,19969.43416703028,1171,LAPD NORTHEAST 1171,16875.16359102797,11106064.964873172,550
2720,195901,3130914.426826522,8190.0158634461495,1171,LAPD NORTHEAST 1171,16875.16359102797,11106064.964873172,3015
2721,195902,3742492.6156339217,8216.515848999894,1171,LAPD NORTHEAST 1171,16875.16359102797,11106064.964873172,1911
2722,191410,3351636.2158293165,7438.637777291776,0203,LAPD RAMPART 0203,6597.738263585707,2434095.198067667,5617
2723,191420,2445268.56641392,6614.973533099295,0203,LAPD RAMPART 0203,6597.738263585707,2434095.198067667,2427331
2724,191500,6903622.396591517,10328.444293226168,0203,LAPD RAMPART 0203,6597.738263585707,2434095.198067667,106
2725,191420,2445268.56641392,6614.973533099295,0211,LAPD RAMPART 0211,9207.90958595477,4495232.134929709,22
2726,191500,6903622.396591517,10328.444293226168,0211,LAPD RAMPART 0211,9207.90958595477,4495232.134929709,30364
2727,191610,4498406.675930394,9410.998592979602,0211,LAPD RAMPART 0211,9207.90958595477,4495232.134929709,98
2728,192520,3313098.5027888254,7806.68124677529,0211,LAPD RAMPART 0211,9207.90958595477,4495232.134929709,2648
2729,192610,4471291.153169816,9148.656873981598,0211,LAPD RAMPART 0211,9207.90958595477,4495232.134929709,4459762
2730,192620,2621589.808745825,7268.93645380325,0211,LAPD RAMPART 0211,9207.90958595477,4495232.134929709,156
2731,192700,5717757.340444776,9614.054321936232,0211,LAPD RAMPART 0211,9207.90958595477,4495232.134929709,274
2732,191420,2445268.56641392,6614.973533099295,0212,LAPD RAMPART 0212,9609.568379365892,5720040.206722299,12388
2733,192610,4471291.153169816,9148.656873981598,0212,LAPD RAMPART 0212,9609.568379365892,5720040.206722299,2569
2734,192620,2621589.808745825,7268.93645380325,0212,LAPD RAMPART 0212,9609.568379365892,5720040.206722299,11
2735,192700,5717757.340444776,9614.054321936232,0212,LAPD RAMPART 0212,9609.568379365892,5720040.206722299,5701626
2736,195903,2562591.993549857,6738.806173762205,0212,LAPD RAMPART 0212,9609.568379365892,5720040.206722299,880
2737,211121,2302635.5782996644,7588.943499599046,0212,LAPD RAMPART 0212,9609.568379365892,5720040.206722299,109
2738,191610,4498406.675930394,9410.998592979602,2002,LAPD OLYMPIC 2002,7931.773870759468,3491082.3957648333,26
2739,191710,7627441.7695561955,13209.029778441858,2002,LAPD OLYMPIC 2002,7931.773870759468,3491082.3957648333,6747
2740,192410,7361268.920749461,10853.941434561744,2002,LAPD OLYMPIC 2002,7931.773870759468,3491082.3957648333,113
2741,192420,3497148.749826758,7935.454544859148,2002,LAPD OLYMPIC 2002,7931.773870759468,3491082.3957648333,3478042
2742,192510,3667687.059434929,8117.778674158083,2002,LAPD OLYMPIC 2002,7931.773870759468,3491082.3957648333,4698
2743,191610,4498406.675930394,9410.998592979602,2004,LAPD OLYMPIC 2004,8122.303624079636,3674964.4193534944,6710
2744,192420,3497148.749826758,7935.454544859148,2004,LAPD OLYMPIC 2004,8122.303624079636,3674964.4193534944,628
2745,192510,3667687.059434929,8117.778674158083,2004,LAPD OLYMPIC 2004,8122.303624079636,3674964.4193534944,3656576
2746,192520,3313098.5027888254,7806.68124677529,2004,LAPD OLYMPIC 2004,8122.303624079636,3674964.4193534944,9510
2747,191610,4498406.675930394,9410.998592979602,2005,LAPD OLYMPIC 2005,7813.195138345696,3306217.99829352,6289
2748,192520,3313098.5027888254,7806.68124677529,2005,LAPD OLYMPIC 2005,7813.195138345696,3306217.99829352,3296340
2749,192620,2621589.808745825,7268.93645380325,2005,LAPD OLYMPIC 2005,7813.195138345696,3306217.99829352,2195
2750,191710,7627441.7695561955,13209.029778441858,0676,LAPD HOLLYWOOD 0676,9251.687001954495,4375282.328401509,3646
2751,191810,4351163.390164875,9234.500263655384,0676,LAPD HOLLYWOOD 0676,9251.687001954495,4375282.328401509,23974
2752,191820,4356427.2080494715,9240.10092946224,0676,LAPD HOLLYWOOD 0676,9251.687001954495,4375282.328401509,4345887
2753,192410,7361268.920749461,10853.941434561744,0676,LAPD HOLLYWOOD 0676,9251.687001954495,4375282.328401509,0
2754,191710,7627441.7695561955,13209.029778441858,2001,LAPD OLYMPIC 2001,10851.116112562846,7351120.2232457185,7006
2755,191820,4356427.2080494715,9240.10092946224,2001,LAPD OLYMPIC 2001,10851.116112562846,7351120.2232457185,60
2756,192300,9466568.281489432,12502.505884109885,2001,LAPD OLYMPIC 2001,10851.116112562846,7351120.2232457185,1163
2757,192410,7361268.920749461,10853.941434561744,2001,LAPD OLYMPIC 2001,10851.116112562846,7351120.2232457185,7331111
2758,192420,3497148.749826758,7935.454544859148,2001,LAPD OLYMPIC 2001,10851.116112562846,7351120.2232457185,8745
2759,191810,4351163.390164875,9234.500263655384,0706,LAPD WILSHIRE 0706,11558.91942543543,7819787.606319678,1
2760,191820,4356427.2080494715,9240.10092946224,0706,LAPD WILSHIRE 0706,11558.91942543543,7819787.606319678,1817
2761,191901,8322072.656780996,11883.439439610383,0706,LAPD WILSHIRE 0706,11558.91942543543,7819787.606319678,14255
2762,191902,7817628.451745596,11569.812031270021,0706,LAPD WILSHIRE 0706,11558.91942543543,7819787.606319678,7797337
2763,192001,5713104.830003995,11592.717776331969,0706,LAPD WILSHIRE 0706,11558.91942543543,7819787.606319678,3243
2764,192300,9466568.281489432,12502.505884109885,0706,LAPD WILSHIRE 0706,11558.91942543543,7819787.606319678,8
2765,191820,4356427.2080494715,9240.10092946224,0719,LAPD WILSHIRE 0719,12484.453720283804,9453841.995683905,6897
2766,191902,7817628.451745596,11569.812031270021,0719,LAPD WILSHIRE 0719,12484.453720283804,9453841.995683905,2657
2767,192300,9466568.281489432,12502.505884109885,0719,LAPD WILSHIRE 0719,12484.453720283804,9453841.995683905,9434813
2768,192410,7361268.920749461,10853.941434561744,0719,LAPD WILSHIRE 0719,12484.453720283804,9453841.995683905,2240
2769,214100,11929138.364128407,14127.687845857352,0719,LAPD WILSHIRE 0719,12484.453720283804,9453841.995683905,3387
2770,191902,7817628.451745596,11569.812031270021,0705,LAPD WILSHIRE 0705,9055.665632442584,4371815.192932556,54
2771,192001,5713104.830003995,11592.717776331969,0705,LAPD WILSHIRE 0705,9055.665632442584,4371815.192932556,4369961
2772,700102,5284605.462387212,13568.187885106363,0705,LAPD WILSHIRE 0705,9055.665632442584,4371815.192932556,73
2773,191902,7817628.451745596,11569.812031270021,0717,LAPD WILSHIRE 0717,8846.013880142344,4390462.921948431,14456
2774,192001,5713104.830003995,11592.717776331969,0717,LAPD WILSHIRE 0717,8846.013880142344,4390462.921948431,5
2775,192300,9466568.281489432,12502.505884109885,0717,LAPD WILSHIRE 0717,8846.013880142344,4390462.921948431,580
2776,214000,10887840.77612388,13352.897549412484,0717,LAPD WILSHIRE 0717,8846.013880142344,4390462.921948431,3788
2777,214100,11929138.364128407,14127.687845857352,0717,LAPD WILSHIRE 0717,8846.013880142344,4390462.921948431,4369868
2778,192001,5713104.830003995,11592.717776331969,0702,LAPD WILSHIRE 0702,14119.55708952151,10598695.10952608,1328285
2779,192002,9238710.081341967,12815.35627680447,0702,LAPD WILSHIRE 0702,14119.55708952151,10598695.10952608,9214128
2780,194401,5013242.009183706,9747.518610940846,0702,LAPD WILSHIRE 0702,14119.55708952151,10598695.10952608,38427
2781,214400,3705377.338903037,7957.457330866338,0702,LAPD WILSHIRE 0702,14119.55708952151,10598695.10952608,99
2782,700102,5284605.462387212,13568.187885106363,0702,LAPD WILSHIRE 0702,14119.55708952151,10598695.10952608,13617
2783,700200,7523640.405527794,14072.866257790005,0702,LAPD WILSHIRE 0702,14119.55708952151,10598695.10952608,0
2784,192001,5713104.830003995,11592.717776331969,0714,LAPD WILSHIRE 0714,5747.638660126847,2059702.5784264405,4
2785,192002,9238710.081341967,12815.35627680447,0714,LAPD WILSHIRE 0714,5747.638660126847,2059702.5784264405,6593
2786,214000,10887840.77612388,13352.897549412484,0714,LAPD WILSHIRE 0714,5747.638660126847,2059702.5784264405,2052291
2787,192001,5713104.830003995,11592.717776331969,0715,LAPD WILSHIRE 0715,5758.511266896954,2071049.7308362275,6091
2788,214000,10887840.77612388,13352.897549412484,0715,LAPD WILSHIRE 0715,5758.511266896954,2071049.7308362275,2064135
2789,192002,9238710.081341967,12815.35627680447,0701,LAPD WILSHIRE 0701,19075.820537196218,11285418.789955031,2120
2790,194401,5013242.009183706,9747.518610940846,0701,LAPD WILSHIRE 0701,19075.820537196218,11285418.789955031,4934357
2791,194402,6341559.935500598,14496.29362897321,0701,LAPD WILSHIRE 0701,19075.820537196218,11285418.789955031,6328146
2792,194500,7376766.359717992,14978.227816091314,0701,LAPD WILSHIRE 0701,19075.820537196218,11285418.789955031,16
2793,214400,3705377.338903037,7957.457330866338,0701,LAPD WILSHIRE 0701,19075.820537196218,11285418.789955031,8
2794,700102,5284605.462387212,13568.187885106363,0701,LAPD WILSHIRE 0701,19075.820537196218,11285418.789955031,12
2795,700200,7523640.405527794,14072.866257790005,0701,LAPD WILSHIRE 0701,19075.820537196218,11285418.789955031,1666
2796,700300,6535097.875463082,14233.81372821289,0701,LAPD WILSHIRE 0701,19075.820537196218,11285418.789955031,13782
2797,700400,14164288.32469012,21301.44414409126,0701,LAPD WILSHIRE 0701,19075.820537196218,11285418.789955031,992
2798,192002,9238710.081341967,12815.35627680447,0713,LAPD WILSHIRE 0713,7952.034961138215,3709421.6451049033,12262
2799,214000,10887840.77612388,13352.897549412484,0713,LAPD WILSHIRE 0713,7952.034961138215,3709421.6451049033,2226
2800,214400,3705377.338903037,7957.457330866338,0713,LAPD WILSHIRE 0713,7952.034961138215,3709421.6451049033,3693482
2801,192300,9466568.281489432,12502.505884109885,0727,LAPD WILSHIRE 0727,10950.296291974159,7537536.225318665,18
2802,211000,28596678.153370444,25170.33175847283,0727,LAPD WILSHIRE 0727,10950.296291974159,7537536.225318665,881
2803,214000,10887840.77612388,13352.897549412484,0727,LAPD WILSHIRE 0727,10950.296291974159,7537536.225318665,2504
2804,214100,11929138.364128407,14127.687845857352,0727,LAPD WILSHIRE 0727,10950.296291974159,7537536.225318665,7531089
2805,192300,9466568.281489432,12502.505884109885,0729,LAPD WILSHIRE 0729,13391.128743825157,10470114.163729189,26132
2806,192410,7361268.920749461,10853.941434561744,0729,LAPD WILSHIRE 0729,13391.128743825157,10470114.163729189,6094
2807,211000,28596678.153370444,25170.33175847283,0729,LAPD WILSHIRE 0729,13391.128743825157,10470114.163729189,10428328
2808,211500,9784611.949885007,13106.019300209411,0729,LAPD WILSHIRE 0729,13391.128743825157,10470114.163729189,266
2809,214100,11929138.364128407,14127.687845857352,0729,LAPD WILSHIRE 0729,13391.128743825157,10470114.163729189,5000
2810,192410,7361268.920749461,10853.941434561744,2011,LAPD OLYMPIC 2011,13109.990386980317,9805612.294569133,18669
2811,192420,3497148.749826758,7935.454544859148,2011,LAPD OLYMPIC 2011,13109.990386980317,9805612.294569133,8277
2812,192510,3667687.059434929,8117.778674158083,2011,LAPD OLYMPIC 2011,13109.990386980317,9805612.294569133,11
2813,211000,28596678.153370444,25170.33175847283,2011,LAPD OLYMPIC 2011,13109.990386980317,9805612.294569133,12179
2814,211410,2914743.7786198272,7500.754844412297,2011,LAPD OLYMPIC 2011,13109.990386980317,9805612.294569133,6026
2815,211500,9784611.949885007,13106.019300209411,2011,LAPD OLYMPIC 2011,13109.990386980317,9805612.294569133,9756359
2816,192510,3667687.059434929,8117.778674158083,2013,LAPD OLYMPIC 2013,7495.324034171847,2912558.6706839553,4108
2817,211410,2914743.7786198272,7500.754844412297,2013,LAPD OLYMPIC 2013,7495.324034171847,2912558.6706839553,2901630
2818,211420,4101871.117971389,8393.585104120997,2013,LAPD OLYMPIC 2013,7495.324034171847,2912558.6706839553,5591
2819,192510,3667687.059434929,8117.778674158083,2014,LAPD OLYMPIC 2014,8390.080359975991,4098787.735750271,756
2820,192520,3313098.5027888254,7806.68124677529,2014,LAPD OLYMPIC 2014,8390.080359975991,4098787.735750271,3201
2821,192620,2621589.808745825,7268.93645380325,2014,LAPD OLYMPIC 2014,8390.080359975991,4098787.735750271,10
2822,211201,1500115.6634602118,4915.797810777625,2014,LAPD OLYMPIC 2014,8390.080359975991,4098787.735750271,3686
2823,211310,1549310.5340293883,4998.404246878873,2014,LAPD OLYMPIC 2014,8390.080359975991,4098787.735750271,1639
2824,211420,4101871.117971389,8393.585104120997,2014,LAPD OLYMPIC 2014,8390.080359975991,4098787.735750271,4087755
2825,192520,3313098.5027888254,7806.68124677529,0221,LAPD RAMPART 0221,7265.06067184095,2618582.4551918977,1
2826,192610,4471291.153169816,9148.656873981598,0221,LAPD RAMPART 0221,7265.06067184095,2618582.4551918977,7055
2827,192620,2621589.808745825,7268.93645380325,0221,LAPD RAMPART 0221,7265.06067184095,2618582.4551918977,2609675
2828,192700,5717757.340444776,9614.054321936232,0221,LAPD RAMPART 0221,7265.06067184095,2618582.4551918977,735
2829,192620,2621589.808745825,7268.93645380325,2015,LAPD OLYMPIC 2015,7856.211663422432,3422112.6232003747,8424
2830,192700,5717757.340444776,9614.054321936232,2015,LAPD OLYMPIC 2015,7856.211663422432,3422112.6232003747,8
2831,211122,3934733.820159645,8274.051867988455,2015,LAPD OLYMPIC 2015,7856.211663422432,3422112.6232003747,1245
2832,211201,1500115.6634602118,4915.797810777625,2015,LAPD OLYMPIC 2015,7856.211663422432,3422112.6232003747,1489696
2833,211202,1928500.754112558,5559.519693549247,2015,LAPD OLYMPIC 2015,7856.211663422432,3422112.6232003747,1921276
2834,192700,5717757.340444776,9614.054321936232,0215,LAPD RAMPART 0215,9972.26046089676,4344230.830749608,532
2835,195802,4332629.912311367,9935.908865013778,0215,LAPD RAMPART 0215,9972.26046089676,4344230.830749608,4311435
2836,195803,4062124.9988980033,9006.744409595289,0215,LAPD RAMPART 0215,9972.26046089676,4344230.830749608,3852
2837,195804,3615043.816930515,7708.3600070097245,0215,LAPD RAMPART 0215,9972.26046089676,4344230.830749608,5838
2838,195903,2562591.993549857,6738.806173762205,0215,LAPD RAMPART 0215,9972.26046089676,4344230.830749608,20673
2839,211121,2302635.5782996644,7588.943499599046,0215,LAPD RAMPART 0215,9972.26046089676,4344230.830749608,3
2840,192700,5717757.340444776,9614.054321936232,2019,LAPD OLYMPIC 2019,10487.840518886027,6229338.563427915,11344
2841,195802,4332629.912311367,9935.908865013778,2019,LAPD OLYMPIC 2019,10487.840518886027,6229338.563427915,2104
2842,208610,3768690.9461045135,8269.487905473145,2019,LAPD OLYMPIC 2019,10487.840518886027,6229338.563427915,59
2843,211121,2302635.5782996644,7588.943499599046,2019,LAPD OLYMPIC 2019,10487.840518886027,6229338.563427915,2286237
2844,211122,3934733.820159645,8274.051867988455,2019,LAPD OLYMPIC 2019,10487.840518886027,6229338.563427915,3926095
2845,211124,4252116.000799734,8179.690836849897,2019,LAPD OLYMPIC 2019,10487.840518886027,6229338.563427915,224
2846,211202,1928500.754112558,5559.519693549247,2019,LAPD OLYMPIC 2019,10487.840518886027,6229338.563427915,369
2847,211320,2004977.2149454537,5674.508817546561,2019,LAPD OLYMPIC 2019,10487.840518886027,6229338.563427915,212
2848,194200,28019872.210367937,29548.083770131692,0631,LAPD HOLLYWOOD 0631,29117.302500357906,19559045.266322765,31573
2849,194300,26597779.074150193,35303.636972730106,0631,LAPD HOLLYWOOD 0631,29117.302500357906,19559045.266322765,19489987
2850,700501,6430758.302443302,15072.422994609191,0631,LAPD HOLLYWOOD 0631,29117.302500357906,19559045.266322765,15364
2851,700502,5425279.8316498,10805.421034358586,0631,LAPD HOLLYWOOD 0631,29117.302500357906,19559045.266322765,1125
2852,700600,61184707.763384975,47191.85539758201,0631,LAPD HOLLYWOOD 0631,29117.302500357906,19559045.266322765,13844
2853,194401,5013242.009183706,9747.518610940846,0711,LAPD WILSHIRE 0711,14853.546621647654,7325467.349854013,17296
2854,194402,6341559.935500598,14496.29362897321,0711,LAPD WILSHIRE 0711,14853.546621647654,7325467.349854013,9093
2855,194500,7376766.359717992,14978.227816091314,0711,LAPD WILSHIRE 0711,14853.546621647654,7325467.349854013,7289456
2856,214400,3705377.338903037,7957.457330866338,0711,LAPD WILSHIRE 0711,14853.546621647654,7325467.349854013,5074
2857,214902,5459260.394848717,9792.049109607333,0711,LAPD WILSHIRE 0711,14853.546621647654,7325467.349854013,4
2858,700400,14164288.32469012,21301.44414409126,0711,LAPD WILSHIRE 0711,14853.546621647654,7325467.349854013,1726
2859,194500,7376766.359717992,14978.227816091314,0721,LAPD WILSHIRE 0721,13925.05180156665,8818041.870112201,7120
2860,214800,6211394.760478844,11237.41318670217,0721,LAPD WILSHIRE 0721,13925.05180156665,8818041.870112201,4405
2861,214902,5459260.394848717,9792.049109607333,0721,LAPD WILSHIRE 0721,13925.05180156665,8818041.870112201,5441126
2862,214903,1468982.6983175548,5606.669182044747,0721,LAPD WILSHIRE 0721,13925.05180156665,8818041.870112201,1459761
2863,214904,1896561.5918667011,5577.55144258935,0721,LAPD WILSHIRE 0721,13925.05180156665,8818041.870112201,1889874
2864,700400,14164288.32469012,21301.44414409126,0721,LAPD WILSHIRE 0721,13925.05180156665,8818041.870112201,1004
2865,700801,15658674.912626006,20079.46204961498,0721,LAPD WILSHIRE 0721,13925.05180156665,8818041.870112201,329
2866,700802,7376785.23750455,15092.749462078833,0721,LAPD WILSHIRE 0721,13925.05180156665,8818041.870112201,11082
2867,194500,7376766.359717992,14978.227816091314,0722,LAPD WILSHIRE 0722,11250.870560818337,6200870.060239745,16354
2868,214600,6255700.508453354,10110.467175873304,0722,LAPD WILSHIRE 0722,11250.870560818337,6200870.060239745,18
2869,214700,6386540.360127091,10225.832364706259,0722,LAPD WILSHIRE 0722,11250.870560818337,6200870.060239745,44
2870,214800,6211394.760478844,11237.41318670217,0722,LAPD WILSHIRE 0722,11250.870560818337,6200870.060239745,6176771
2871,214902,5459260.394848717,9792.049109607333,0722,LAPD WILSHIRE 0722,11250.870560818337,6200870.060239745,2242
2872,700802,7376785.23750455,15092.749462078833,0722,LAPD WILSHIRE 0722,11250.870560818337,6200870.060239745,3052
2873,194500,7376766.359717992,14978.227816091314,0723,LAPD WILSHIRE 0723,10124.451774655645,6264756.152413602,10844
2874,214400,3705377.338903037,7957.457330866338,0723,LAPD WILSHIRE 0723,10124.451774655645,6264756.152413602,2
2875,214501,8098023.898889195,14036.475308576593,0723,LAPD WILSHIRE 0723,10124.451774655645,6264756.152413602,5330
2876,214600,6255700.508453354,10110.467175873304,0723,LAPD WILSHIRE 0723,10124.451774655645,6264756.152413602,6242002
2877,214700,6386540.360127091,10225.832364706259,0723,LAPD WILSHIRE 0723,10124.451774655645,6264756.152413602,1508
2878,214800,6211394.760478844,11237.41318670217,0723,LAPD WILSHIRE 0723,10124.451774655645,6264756.152413602,2633
2879,195400,11090253.810661009,17054.023235691984,0205,LAPD RAMPART 0205,12114.972621457775,7680243.639096382,2377
2880,195500,13080072.18990431,19969.43416703028,0205,LAPD RAMPART 0205,12114.972621457775,7680243.639096382,1864
2881,195600,5678700.807149701,11167.787060221925,0205,LAPD RAMPART 0205,12114.972621457775,7680243.639096382,4045
2882,195710,5203272.560989807,9761.838870010415,0205,LAPD RAMPART 0205,12114.972621457775,7680243.639096382,7593
2883,195803,4062124.9988980033,9006.744409595289,0205,LAPD RAMPART 0205,12114.972621457775,7680243.639096382,4051569
2884,195804,3615043.816930515,7708.3600070097245,0205,LAPD RAMPART 0205,12114.972621457775,7680243.639096382,3607553
2885,195902,3742492.6156339217,8216.515848999894,0205,LAPD RAMPART 0205,12114.972621457775,7680243.639096382,1810
2886,195903,2562591.993549857,6738.806173762205,0205,LAPD RAMPART 0205,12114.972621457775,7680243.639096382,82
2887,195500,13080072.18990431,19969.43416703028,1181,LAPD NORTHEAST 1181,11182.204361068105,5722068.986920262,15196
2888,195600,5678700.807149701,11167.787060221925,1181,LAPD NORTHEAST 1181,11182.204361068105,5722068.986920262,5662650
2889,195710,5203272.560989807,9761.838870010415,1181,LAPD NORTHEAST 1181,11182.204361068105,5722068.986920262,2009
2890,195720,3110500.284871438,8346.48538620845,1181,LAPD NORTHEAST 1181,11182.204361068105,5722068.986920262,975
2891,195804,3615043.816930515,7708.3600070097245,1181,LAPD NORTHEAST 1181,11182.204361068105,5722068.986920262,1
2892,197420,6625853.294983115,11620.140237364621,1181,LAPD NORTHEAST 1181,11182.204361068105,5722068.986920262,38675
2893,197500,6893860.435489968,10416.13028723031,1181,LAPD NORTHEAST 1181,11182.204361068105,5722068.986920262,39
2894,195500,13080072.18990431,19969.43416703028,1183,LAPD NORTHEAST 1183,11591.884618396536,6537570.204760018,1889
2895,195600,5678700.807149701,11167.787060221925,1183,LAPD NORTHEAST 1183,11591.884618396536,6537570.204760018,15
2896,195720,3110500.284871438,8346.48538620845,1183,LAPD NORTHEAST 1183,11591.884618396536,6537570.204760018,5
2897,197300,7042090.872374993,15215.65431521394,1183,LAPD NORTHEAST 1183,11591.884618396536,6537570.204760018,8297
2898,197410,14997000.806472821,18531.58848579733,1183,LAPD NORTHEAST 1183,11591.884618396536,6537570.204760018,6084
2899,197420,6625853.294983115,11620.140237364621,1183,LAPD NORTHEAST 1183,11591.884618396536,6537570.204760018,6517646
2900,197500,6893860.435489968,10416.13028723031,1183,LAPD NORTHEAST 1183,11591.884618396536,6537570.204760018,727
2901,195600,5678700.807149701,11167.787060221925,0216,LAPD RAMPART 0216,9730.646323023338,5183923.584717274,2950
2902,195710,5203272.560989807,9761.838870010415,0216,LAPD RAMPART 0216,9730.646323023338,5183923.584717274,5174974
2903,195802,4332629.912311367,9935.908865013778,0216,LAPD RAMPART 0216,9730.646323023338,5183923.584717274,3641
2904,195804,3615043.816930515,7708.3600070097245,0216,LAPD RAMPART 0216,9730.646323023338,5183923.584717274,68
2905,195600,5678700.807149701,11167.787060221925,0217,LAPD RAMPART 0217,9935.733433888492,4358357.51649382,2094
2906,195710,5203272.560989807,9761.838870010415,0217,LAPD RAMPART 0217,9935.733433888492,4358357.51649382,11902
2907,195720,3110500.284871438,8346.48538620845,0217,LAPD RAMPART 0217,9935.733433888492,4358357.51649382,3103890
2908,197500,6893860.435489968,10416.13028723031,0217,LAPD RAMPART 0217,9935.733433888492,4358357.51649382,8626
2909,208002,4253642.558244367,9520.381994918056,0217,LAPD RAMPART 0217,9935.733433888492,4358357.51649382,10
2910,208302,4735706.832661612,9852.781004171835,0217,LAPD RAMPART 0217,9935.733433888492,4358357.51649382,17
2911,208402,3667724.1023740442,8621.780301432966,0217,LAPD RAMPART 0217,9935.733433888492,4358357.51649382,1229877
2912,195710,5203272.560989807,9761.838870010415,0235,LAPD RAMPART 0235,9550.951799853281,5415287.826392058,4489
2913,195802,4332629.912311367,9935.908865013778,0235,LAPD RAMPART 0235,9550.951799853281,5415287.826392058,621
2914,208501,2617928.3280732855,6561.569833656788,0235,LAPD RAMPART 0235,9550.951799853281,5415287.826392058,2613922
2915,208502,2809795.9657150554,6779.017047486213,0235,LAPD RAMPART 0235,9550.951799853281,5415287.826392058,2793370
2916,208620,3491004.9060860034,8197.49640206305,0235,LAPD RAMPART 0235,9550.951799853281,5415287.826392058,385
2917,208801,2889587.408934895,7802.2524354494935,0235,LAPD RAMPART 0235,9550.951799853281,5415287.826392058,77
2918,208802,2276467.591427828,7699.483641623237,0235,LAPD RAMPART 0235,9550.951799853281,5415287.826392058,29
2919,195710,5203272.560989807,9761.838870010415,0236,LAPD RAMPART 0236,9450.30369975062,4898073.051614291,6
2920,208301,1000535.2815660002,5183.161538202117,0236,LAPD RAMPART 0236,9450.30369975062,4898073.051614291,1356
2921,208302,4735706.832661612,9852.781004171835,0236,LAPD RAMPART 0236,9450.30369975062,4898073.051614291,666
2922,208401,2472155.8400149476,6288.165372253775,0236,LAPD RAMPART 0236,9450.30369975062,4898073.051614291,2459191
2923,208402,3667724.1023740442,8621.780301432966,0236,LAPD RAMPART 0236,9450.30369975062,4898073.051614291,2428642
2924,208501,2617928.3280732855,6561.569833656788,0236,LAPD RAMPART 0236,9450.30369975062,4898073.051614291,1993
2925,208502,2809795.9657150554,6779.017047486213,0236,LAPD RAMPART 0236,9450.30369975062,4898073.051614291,3873
2926,208801,2889587.408934895,7802.2524354494935,0236,LAPD RAMPART 0236,9450.30369975062,4898073.051614291,13
2927,208903,1714528.6183446231,7038.480884761295,0236,LAPD RAMPART 0236,9450.30369975062,4898073.051614291,147
2928,195720,3110500.284871438,8346.48538620845,0218,LAPD RAMPART 0218,10870.811747952082,7416661.348763079,4246
2929,197300,7042090.872374993,15215.65431521394,0218,LAPD RAMPART 0218,10870.811747952082,7416661.348763079,1974
2930,197420,6625853.294983115,11620.140237364621,0218,LAPD RAMPART 0218,10870.811747952082,7416661.348763079,2603
2931,197500,6893860.435489968,10416.13028723031,0218,LAPD RAMPART 0218,10870.811747952082,7416661.348763079,6877117
2932,197600,4179592.1843522633,10403.494957759338,0218,LAPD RAMPART 0218,10870.811747952082,7416661.348763079,3203
2933,197700,7553643.110269873,13927.262297258063,0218,LAPD RAMPART 0218,10870.811747952082,7416661.348763079,10
2934,208002,4253642.558244367,9520.381994918056,0218,LAPD RAMPART 0218,10870.811747952082,7416661.348763079,523437
2935,208402,3667724.1023740442,8621.780301432966,0218,LAPD RAMPART 0218,10870.811747952082,7416661.348763079,744
2936,195802,4332629.912311367,9935.908865013778,0231,LAPD RAMPART 0231,8289.704628793606,3804601.175462334,4593
2937,208610,3768690.9461045135,8269.487905473145,0231,LAPD RAMPART 0231,8289.704628793606,3804601.175462334,3760068
2938,208620,3491004.9060860034,8197.49640206305,0231,LAPD RAMPART 0231,8289.704628793606,3804601.175462334,24847
2939,211121,2302635.5782996644,7588.943499599046,0231,LAPD RAMPART 0231,8289.704628793606,3804601.175462334,13434
2940,195802,4332629.912311367,9935.908865013778,0233,LAPD RAMPART 0233,8173.92393114232,3470740.9607419316,6591
2941,208501,2617928.3280732855,6561.569833656788,0233,LAPD RAMPART 0233,8173.92393114232,3470740.9607419316,855
2942,208502,2809795.9657150554,6779.017047486213,0233,LAPD RAMPART 0233,8173.92393114232,3470740.9607419316,2526
2943,208610,3768690.9461045135,8269.487905473145,0233,LAPD RAMPART 0233,8173.92393114232,3470740.9607419316,3296
2944,208620,3491004.9060860034,8197.49640206305,0233,LAPD RAMPART 0233,8173.92393114232,3470740.9607419316,3455948
2945,197300,7042090.872374993,15215.65431521394,0101,LAPD CENTRAL 0101,12847.47066087049,7244901.625408278,8527
2946,197600,4179592.1843522633,10403.494957759338,0101,LAPD CENTRAL 0101,12847.47066087049,7244901.625408278,1830
2947,197700,7553643.110269873,13927.262297258063,0101,LAPD CENTRAL 0101,12847.47066087049,7244901.625408278,7222859
2948,980010,41264616.998483635,36580.17834027472,0101,LAPD CENTRAL 0101,12847.47066087049,7244901.625408278,8381
2949,197300,7042090.872374993,15215.65431521394,1174,LAPD NORTHEAST 1174,8976.091085821223,3416406.4947774517,2902
2950,197410,14997000.806472821,18531.58848579733,1174,LAPD NORTHEAST 1174,8976.091085821223,3416406.4947774517,3408279
2951,980010,41264616.998483635,36580.17834027472,1174,LAPD NORTHEAST 1174,8976.091085821223,3416406.4947774517,3699
2952,197300,7042090.872374993,15215.65431521394,1175,LAPD NORTHEAST 1175,14851.967012478965,5945112.975038015,5041
2953,197410,14997000.806472821,18531.58848579733,1175,LAPD NORTHEAST 1175,14851.967012478965,5945112.975038015,259022
2954,980010,41264616.998483635,36580.17834027472,1175,LAPD NORTHEAST 1175,14851.967012478965,5945112.975038015,5678379
2955,197300,7042090.872374993,15215.65431521394,1184,LAPD NORTHEAST 1184,15444.28877913597,7049920.021275439,6963291
2956,197410,14997000.806472821,18531.58848579733,1184,LAPD NORTHEAST 1184,15444.28877913597,7049920.021275439,13814
2957,197420,6625853.294983115,11620.140237364621,1184,LAPD NORTHEAST 1184,15444.28877913597,7049920.021275439,5608
2958,197500,6893860.435489968,10416.13028723031,1184,LAPD NORTHEAST 1184,15444.28877913597,7049920.021275439,1512
2959,197700,7553643.110269873,13927.262297258063,1184,LAPD NORTHEAST 1184,15444.28877913597,7049920.021275439,729
2960,980010,41264616.998483635,36580.17834027472,1184,LAPD NORTHEAST 1184,15444.28877913597,7049920.021275439,61808
2961,197300,7042090.872374993,15215.65431521394,1185,LAPD NORTHEAST 1185,10471.634660738733,4493399.779496345,44624
2962,197700,7553643.110269873,13927.262297258063,1185,LAPD NORTHEAST 1185,10471.634660738733,4493399.779496345,64966
2963,980010,41264616.998483635,36580.17834027472,1185,LAPD NORTHEAST 1185,10471.634660738733,4493399.779496345,4381781
2964,197500,6893860.435489968,10416.13028723031,0219,LAPD RAMPART 0219,11122.036595724245,5036646.735167041,2748
2965,197600,4179592.1843522633,10403.494957759338,0219,LAPD RAMPART 0219,11122.036595724245,5036646.735167041,4160724
2966,197700,7553643.110269873,13927.262297258063,0219,LAPD RAMPART 0219,11122.036595724245,5036646.735167041,9754
2967,208001,6199667.661559967,11659.754300352339,0219,LAPD RAMPART 0219,11122.036595724245,5036646.735167041,596318
2968,208002,4253642.558244367,9520.381994918056,0219,LAPD RAMPART 0219,11122.036595724245,5036646.735167041,264818
2969,197600,4179592.1843522633,10403.494957759338,0111,LAPD CENTRAL 0111,14217.874862463967,10740554.948952204,11096
2970,197700,7553643.110269873,13927.262297258063,0111,LAPD CENTRAL 0111,14217.874862463967,10740554.948952204,52438
2971,206010,15485647.81789208,21066.370822347795,0111,LAPD CENTRAL 0111,14217.874862463967,10740554.948952204,48088
2972,206020,9402533.03314232,12029.068454864973,0111,LAPD CENTRAL 0111,14217.874862463967,10740554.948952204,21127
2973,207101,3231109.029137875,7720.1822280700435,0111,LAPD CENTRAL 0111,14217.874862463967,10740554.948952204,3148723
2974,207102,4467442.106487457,9909.643385903357,0111,LAPD CENTRAL 0111,14217.874862463967,10740554.948952204,4281104
2975,207103,3488830.093959716,9634.345350955817,0111,LAPD CENTRAL 0111,14217.874862463967,10740554.948952204,3173022
2976,197600,4179592.1843522633,10403.494957759338,0121,LAPD CENTRAL 0121,5138.2279277788975,1229795.3299913097,844
2977,207101,3231109.029137875,7720.1822280700435,0121,LAPD CENTRAL 0121,5138.2279277788975,1229795.3299913097,28893
2978,207400,9358165.872470623,15170.871790294743,0121,LAPD CENTRAL 0121,5138.2279277788975,1229795.3299913097,1164738
2979,207501,1445854.2491435423,4896.765578919691,0121,LAPD CENTRAL 0121,5138.2279277788975,1229795.3299913097,1
2980,208001,6199667.661559967,11659.754300352339,0121,LAPD CENTRAL 0121,5138.2279277788975,1229795.3299913097,34755
2981,197700,7553643.110269873,13927.262297258063,0105,LAPD CENTRAL 0105,9516.908869596517,3824266.259131422,10670
2982,206010,15485647.81789208,21066.370822347795,0105,LAPD CENTRAL 0105,9516.908869596517,3824266.259131422,3801413
2983,207103,3488830.093959716,9634.345350955817,0105,LAPD CENTRAL 0105,9516.908869596517,3824266.259131422,463
2984,980010,41264616.998483635,36580.17834027472,0105,LAPD CENTRAL 0105,9516.908869596517,3824266.259131422,9953
2985,197700,7553643.110269873,13927.262297258063,1195,LAPD NORTHEAST 1195,15743.396459078029,12670394.014593773,188769
2986,206010,15485647.81789208,21066.370822347795,1195,LAPD NORTHEAST 1195,15743.396459078029,12670394.014593773,222835
2987,980010,41264616.998483635,36580.17834027472,1195,LAPD NORTHEAST 1195,15743.396459078029,12670394.014593773,12253005
2988,199001,2689325.9238710185,8021.366299655727,0412,LAPD HOLLENBECK 0412,13587.96810818106,7964671.721721425,2687404
2989,199002,14479074.40276544,20810.191023656094,0412,LAPD HOLLENBECK 0412,13587.96810818106,7964671.721721425,5260369
2990,199201,4253708.587014177,8935.660564329459,0412,LAPD HOLLENBECK 0412,13587.96810818106,7964671.721721425,5084
2991,199400,7503405.8687037835,16929.536529036915,0412,LAPD HOLLENBECK 0412,13587.96810818106,7964671.721721425,3589
2992,199700,10447073.768812988,13865.225111110421,0412,LAPD HOLLENBECK 0412,13587.96810818106,7964671.721721425,4513
2993,199802,3296092.6450845185,8868.744415709665,0412,LAPD HOLLENBECK 0412,13587.96810818106,7964671.721721425,1
2994,199001,2689325.9238710185,8021.366299655727,0415,LAPD HOLLENBECK 0415,8939.883577737068,4271804.059156688,664
2995,199201,4253708.587014177,8935.660564329459,0415,LAPD HOLLENBECK 0415,8939.883577737068,4271804.059156688,4237588
2996,199202,10273091.993661683,18301.576123255807,0415,LAPD HOLLENBECK 0415,8939.883577737068,4271804.059156688,27727
2997,199300,27892002.070503533,31628.100910196295,0415,LAPD HOLLENBECK 0415,8939.883577737068,4271804.059156688,115
2998,199400,7503405.8687037835,16929.536529036915,0415,LAPD HOLLENBECK 0415,8939.883577737068,4271804.059156688,2799
2999,199802,3296092.6450845185,8868.744415709665,0415,LAPD HOLLENBECK 0415,8939.883577737068,4271804.059156688,898
3000,199002,14479074.40276544,20810.191023656094,0109,LAPD CENTRAL 0109,8192.69308422461,3230585.1979594016,22403
3001,206010,15485647.81789208,21066.370822347795,0109,LAPD CENTRAL 0109,8192.69308422461,3230585.1979594016,66824
3002,980010,41264616.998483635,36580.17834027472,0109,LAPD CENTRAL 0109,8192.69308422461,3230585.1979594016,3139863
3003,199002,14479074.40276544,20810.191023656094,0411,LAPD HOLLENBECK 0411,9643.532304435093,5937749.106973613,5892653
3004,199700,10447073.768812988,13865.225111110421,0411,LAPD HOLLENBECK 0411,9643.532304435093,5937749.106973613,4488
3005,206010,15485647.81789208,21066.370822347795,0411,LAPD HOLLENBECK 0411,9643.532304435093,5937749.106973613,85
3006,980010,41264616.998483635,36580.17834027472,0411,LAPD HOLLENBECK 0411,9643.532304435093,5937749.106973613,37761
3007,199002,14479074.40276544,20810.191023656094,0413,LAPD HOLLENBECK 0413,6066.211459287586,1392562.9842929603,2281
3008,199201,4253708.587014177,8935.660564329459,0413,LAPD HOLLENBECK 0413,6066.211459287586,1392562.9842929603,9
3009,199300,27892002.070503533,31628.100910196295,0413,LAPD HOLLENBECK 0413,6066.211459287586,1392562.9842929603,4631
3010,199400,7503405.8687037835,16929.536529036915,0413,LAPD HOLLENBECK 0413,6066.211459287586,1392562.9842929603,1384988
3011,199002,14479074.40276544,20810.191023656094,0421,LAPD HOLLENBECK 0421,13899.741288161096,10397776.02496811,1273
3012,199700,10447073.768812988,13865.225111110421,0421,LAPD HOLLENBECK 0421,13899.741288161096,10397776.02496811,10336559
3013,199801,3713869.137530831,9460.365758290382,0421,LAPD HOLLENBECK 0421,13899.741288161096,10397776.02496811,249
3014,199802,3296092.6450845185,8868.744415709665,0421,LAPD HOLLENBECK 0421,13899.741288161096,10397776.02496811,359
3015,199900,4768480.992525133,10157.809967490795,0421,LAPD HOLLENBECK 0421,13899.741288161096,10397776.02496811,3130
3016,203500,17863727.7088515,18886.779796122413,0421,LAPD HOLLENBECK 0421,13899.741288161096,10397776.02496811,15242
3017,206010,15485647.81789208,21066.370822347795,0421,LAPD HOLLENBECK 0421,13899.741288161096,10397776.02496811,36078
3018,199002,14479074.40276544,20810.191023656094,1186,LAPD NORTHEAST 1186,17990.964476277084,15540262.237226713,10617
3019,206010,15485647.81789208,21066.370822347795,1186,LAPD NORTHEAST 1186,17990.964476277084,15540262.237226713,257996
3020,980010,41264616.998483635,36580.17834027472,1186,LAPD NORTHEAST 1186,17990.964476277084,15540262.237226713,15264575
3021,199110,9708508.640832203,14255.807623426801,0407,LAPD HOLLENBECK 0407,18037.49476461673,9014782.982752042,8367
3022,199300,27892002.070503533,31628.100910196295,0407,LAPD HOLLENBECK 0407,18037.49476461673,9014782.982752042,8038
3023,201200,4745344.713541188,10433.249804909085,0407,LAPD HOLLENBECK 0407,18037.49476461673,9014782.982752042,7942
3024,201301,9323319.56683412,19559.435790279185,0407,LAPD HOLLENBECK 0407,18037.49476461673,9014782.982752042,8954114
3025,201302,10674503.14844296,14999.881599082397,0407,LAPD HOLLENBECK 0407,18037.49476461673,9014782.982752042,16391
3026,201401,14080873.281690637,15489.991104651315,0407,LAPD HOLLENBECK 0407,18037.49476461673,9014782.982752042,15620
3027,199110,9708508.640832203,14255.807623426801,0416,LAPD HOLLENBECK 0416,17920.095879527722,9952144.687784754,8299
3028,199120,10353364.766976224,16463.991791558994,0416,LAPD HOLLENBECK 0416,17920.095879527722,9952144.687784754,23
3029,199201,4253708.587014177,8935.660564329459,0416,LAPD HOLLENBECK 0416,17920.095879527722,9952144.687784754,8099
3030,199202,10273091.993661683,18301.576123255807,0416,LAPD HOLLENBECK 0416,17920.095879527722,9952144.687784754,9924837
3031,199300,27892002.070503533,31628.100910196295,0416,LAPD HOLLENBECK 0416,17920.095879527722,9952144.687784754,6178
3032,199110,9708508.640832203,14255.807623426801,0417,LAPD HOLLENBECK 0417,14230.600043737986,9735377.158724867,9686332
3033,199120,10353364.766976224,16463.991791558994,0417,LAPD HOLLENBECK 0417,14230.600043737986,9735377.158724867,11992
3034,199202,10273091.993661683,18301.576123255807,0417,LAPD HOLLENBECK 0417,14230.600043737986,9735377.158724867,7480
3035,199300,27892002.070503533,31628.100910196295,0417,LAPD HOLLENBECK 0417,14230.600043737986,9735377.158724867,471
3036,201301,9323319.56683412,19559.435790279185,0417,LAPD HOLLENBECK 0417,14230.600043737986,9735377.158724867,12657
3037,201401,14080873.281690637,15489.991104651315,0417,LAPD HOLLENBECK 0417,14230.600043737986,9735377.158724867,11803
3038,199110,9708508.640832203,14255.807623426801,0424,LAPD HOLLENBECK 0424,16957.381670772524,10401806.974048741,235
3039,199120,10353364.766976224,16463.991791558994,0424,LAPD HOLLENBECK 0424,16957.381670772524,10401806.974048741,10297234
3040,199202,10273091.993661683,18301.576123255807,0424,LAPD HOLLENBECK 0424,16957.381670772524,10401806.974048741,357
3041,199802,3296092.6450845185,8868.744415709665,0424,LAPD HOLLENBECK 0424,16957.381670772524,10401806.974048741,1403
3042,199900,4768480.992525133,10157.809967490795,0424,LAPD HOLLENBECK 0424,16957.381670772524,10401806.974048741,19624
3043,201401,14080873.281690637,15489.991104651315,0424,LAPD HOLLENBECK 0424,16957.381670772524,10401806.974048741,14248
3044,201402,20894870.69560385,19009.779479613055,0424,LAPD HOLLENBECK 0424,16957.381670772524,10401806.974048741,39362
3045,203100,7076573.730689232,11835.711462643047,0424,LAPD HOLLENBECK 0424,16957.381670772524,10401806.974048741,491
3046,203300,16058051.345783422,15611.025193504587,0424,LAPD HOLLENBECK 0424,16957.381670772524,10401806.974048741,23865
3047,199110,9708508.640832203,14255.807623426801,0427,LAPD HOLLENBECK 0427,15263.102535879021,13925548.542694429,368
3048,199120,10353364.766976224,16463.991791558994,0427,LAPD HOLLENBECK 0427,15263.102535879021,13925548.542694429,926
3049,201200,4745344.713541188,10433.249804909085,0427,LAPD HOLLENBECK 0427,15263.102535879021,13925548.542694429,13847
3050,201301,9323319.56683412,19559.435790279185,0427,LAPD HOLLENBECK 0427,15263.102535879021,13925548.542694429,836
3051,201401,14080873.281690637,15489.991104651315,0427,LAPD HOLLENBECK 0427,15263.102535879021,13925548.542694429,13896296
3052,201402,20894870.69560385,19009.779479613055,0427,LAPD HOLLENBECK 0427,15263.102535879021,13925548.542694429,771
3053,201503,4729129.094081259,9203.947941223718,0427,LAPD HOLLENBECK 0427,15263.102535879021,13925548.542694429,2201
3054,201504,3964702.9612908103,9633.746301614456,0427,LAPD HOLLENBECK 0427,15263.102535879021,13925548.542694429,2023
3055,201601,5816821.746621599,11118.841893629842,0427,LAPD HOLLENBECK 0427,15263.102535879021,13925548.542694429,1559
3056,199120,10353364.766976224,16463.991791558994,0422,LAPD HOLLENBECK 0422,10750.078533240976,7004355.0431523435,2441
3057,199201,4253708.587014177,8935.660564329459,0422,LAPD HOLLENBECK 0422,10750.078533240976,7004355.0431523435,226
3058,199202,10273091.993661683,18301.576123255807,0422,LAPD HOLLENBECK 0422,10750.078533240976,7004355.0431523435,574
3059,199700,10447073.768812988,13865.225111110421,0422,LAPD HOLLENBECK 0422,10750.078533240976,7004355.0431523435,2614
3060,199801,3713869.137530831,9460.365758290382,0422,LAPD HOLLENBECK 0422,10750.078533240976,7004355.0431523435,3703311
3061,199802,3296092.6450845185,8868.744415709665,0422,LAPD HOLLENBECK 0422,10750.078533240976,7004355.0431523435,3291870
3062,199120,10353364.766976224,16463.991791558994,0423,LAPD HOLLENBECK 0423,10259.263316405157,4758238.459403865,2018
3063,199700,10447073.768812988,13865.225111110421,0423,LAPD HOLLENBECK 0423,10259.263316405157,4758238.459403865,2499
3064,199801,3713869.137530831,9460.365758290382,0423,LAPD HOLLENBECK 0423,10259.263316405157,4758238.459403865,8549
3065,199900,4768480.992525133,10157.809967490795,0423,LAPD HOLLENBECK 0423,10259.263316405157,4758238.459403865,4703615
3066,203300,16058051.345783422,15611.025193504587,0423,LAPD HOLLENBECK 0423,10259.263316405157,4758238.459403865,464
3067,203500,17863727.7088515,18886.779796122413,0423,LAPD HOLLENBECK 0423,10259.263316405157,4758238.459403865,38830
3068,199120,10353364.766976224,16463.991791558994,0437,LAPD HOLLENBECK 0437,18578.96781281205,21010183.047614053,33696
3069,201401,14080873.281690637,15489.991104651315,0437,LAPD HOLLENBECK 0437,18578.96781281205,21010183.047614053,102741
3070,201402,20894870.69560385,19009.779479613055,0437,LAPD HOLLENBECK 0437,18578.96781281205,21010183.047614053,20834339
3071,201601,5816821.746621599,11118.841893629842,0437,LAPD HOLLENBECK 0437,18578.96781281205,21010183.047614053,7128
3072,201700,18241832.01740658,21283.17458966297,0437,LAPD HOLLENBECK 0437,18578.96781281205,21010183.047614053,6145
3073,203100,7076573.730689232,11835.711462643047,0437,LAPD HOLLENBECK 0437,18578.96781281205,21010183.047614053,15814
3074,530700,11383409.612696037,17884.169294105868,0437,LAPD HOLLENBECK 0437,18578.96781281205,21010183.047614053,115
3075,199120,10353364.766976224,16463.991791558994,0443,LAPD HOLLENBECK 0443,14125.71186827525,12293433.974548548,71
3076,199900,4768480.992525133,10157.809967490795,0443,LAPD HOLLENBECK 0443,14125.71186827525,12293433.974548548,39773
3077,203100,7076573.730689232,11835.711462643047,0443,LAPD HOLLENBECK 0443,14125.71186827525,12293433.974548548,6192
3078,203300,16058051.345783422,15611.025193504587,0443,LAPD HOLLENBECK 0443,14125.71186827525,12293433.974548548,12241495
3079,199201,4253708.587014177,8935.660564329459,0414,LAPD HOLLENBECK 0414,9133.330289721704,4054248.5827376917,698
3080,199202,10273091.993661683,18301.576123255807,0414,LAPD HOLLENBECK 0414,9133.330289721704,4054248.5827376917,290926
3081,199300,27892002.070503533,31628.100910196295,0414,LAPD HOLLENBECK 0414,9133.330289721704,4054248.5827376917,3760187
3082,199400,7503405.8687037835,16929.536529036915,0414,LAPD HOLLENBECK 0414,9133.330289721704,4054248.5827376917,532
3083,199700,10447073.768812988,13865.225111110421,0118,LAPD CENTRAL 0118,12927.554056680565,10173874.319210296,87436
3084,203500,17863727.7088515,18886.779796122413,0118,LAPD CENTRAL 0118,12927.554056680565,10173874.319210296,174
3085,206010,15485647.81789208,21066.370822347795,0118,LAPD CENTRAL 0118,12927.554056680565,10173874.319210296,9736697
3086,206020,9402533.03314232,12029.068454864973,0118,LAPD CENTRAL 0118,12927.554056680565,10173874.319210296,30256
3087,207102,4467442.106487457,9909.643385903357,0118,LAPD CENTRAL 0118,12927.554056680565,10173874.319210296,26
3088,207103,3488830.093959716,9634.345350955817,0118,LAPD CENTRAL 0118,12927.554056680565,10173874.319210296,312431
3089,980010,41264616.998483635,36580.17834027472,0118,LAPD CENTRAL 0118,12927.554056680565,10173874.319210296,2121
3090,199700,10447073.768812988,13865.225111110421,0441,LAPD HOLLENBECK 0441,13850.465832337377,8861072.466358202,4055
3091,203500,17863727.7088515,18886.779796122413,0441,LAPD HOLLENBECK 0441,13850.465832337377,8861072.466358202,8811320
3092,206020,9402533.03314232,12029.068454864973,0441,LAPD HOLLENBECK 0441,13850.465832337377,8861072.466358202,41510
3093,199900,4768480.992525133,10157.809967490795,0442,LAPD HOLLENBECK 0442,10728.239102885847,4215200.9858776415,71
3094,203300,16058051.345783422,15611.025193504587,0442,LAPD HOLLENBECK 0442,10728.239102885847,4215200.9858776415,1454622
3095,203500,17863727.7088515,18886.779796122413,0442,LAPD HOLLENBECK 0442,10728.239102885847,4215200.9858776415,2758500
3096,201110,10913332.25069026,16183.430157422059,0408,LAPD HOLLENBECK 0408,10465.228417516153,4788108.927348366,4310
3097,201200,4745344.713541188,10433.249804909085,0408,LAPD HOLLENBECK 0408,10465.228417516153,4788108.927348366,4714967
3098,201301,9323319.56683412,19559.435790279185,0408,LAPD HOLLENBECK 0408,10465.228417516153,4788108.927348366,2351
3099,201401,14080873.281690637,15489.991104651315,0408,LAPD HOLLENBECK 0408,10465.228417516153,4788108.927348366,24308
3100,201501,9566161.624194006,14427.973811831132,0408,LAPD HOLLENBECK 0408,10465.228417516153,4788108.927348366,2410
3101,201503,4729129.094081259,9203.947941223718,0408,LAPD HOLLENBECK 0408,10465.228417516153,4788108.927348366,37452
3102,201110,10913332.25069026,16183.430157422059,0409,LAPD HOLLENBECK 0409,13955.269378611987,10226728.860877434,1479909
3103,201120,8527607.252173686,13880.288896458767,0409,LAPD HOLLENBECK 0409,13955.269378611987,10226728.860877434,8491993
3104,201501,9566161.624194006,14427.973811831132,0409,LAPD HOLLENBECK 0409,13955.269378611987,10226728.860877434,249442
3105,480702,23421364.004118167,22292.379304806276,0409,LAPD HOLLENBECK 0409,13955.269378611987,10226728.860877434,319
3106,480803,11749748.436973045,14283.431859980303,0409,LAPD HOLLENBECK 0409,13955.269378611987,10226728.860877434,71
3107,480804,9024257.00818972,15035.639355895215,0409,LAPD HOLLENBECK 0409,13955.269378611987,10226728.860877434,15
3108,201110,10913332.25069026,16183.430157422059,0418,LAPD HOLLENBECK 0418,15295.747258717227,9440145.134761319,9419142
3109,201200,4745344.713541188,10433.249804909085,0418,LAPD HOLLENBECK 0418,15295.747258717227,9440145.134761319,6299
3110,201301,9323319.56683412,19559.435790279185,0418,LAPD HOLLENBECK 0418,15295.747258717227,9440145.134761319,837
3111,201302,10674503.14844296,14999.881599082397,0418,LAPD HOLLENBECK 0418,15295.747258717227,9440145.134761319,239
3112,201501,9566161.624194006,14427.973811831132,0418,LAPD HOLLENBECK 0418,15295.747258717227,9440145.134761319,7482
3113,480702,23421364.004118167,22292.379304806276,0418,LAPD HOLLENBECK 0418,15295.747258717227,9440145.134761319,1598
3114,201401,14080873.281690637,15489.991104651315,0426,LAPD HOLLENBECK 0426,9252.83874506389,4697344.787783234,8604
3115,201501,9566161.624194006,14427.973811831132,0426,LAPD HOLLENBECK 0426,9252.83874506389,4697344.787783234,2724
3116,201503,4729129.094081259,9203.947941223718,0426,LAPD HOLLENBECK 0426,9252.83874506389,4697344.787783234,4679542
3117,201504,3964702.9612908103,9633.746301614456,0426,LAPD HOLLENBECK 0426,9252.83874506389,4697344.787783234,4190
3118,201401,14080873.281690637,15489.991104651315,0428,LAPD HOLLENBECK 0428,9626.285851622933,3966394.889692972,47
3119,201501,9566161.624194006,14427.973811831132,0428,LAPD HOLLENBECK 0428,9626.285851622933,3966394.889692972,540
3120,201503,4729129.094081259,9203.947941223718,0428,LAPD HOLLENBECK 0428,9626.285851622933,3966394.889692972,1881
3121,201504,3964702.9612908103,9633.746301614456,0428,LAPD HOLLENBECK 0428,9626.285851622933,3966394.889692972,3952921
3122,201601,5816821.746621599,11118.841893629842,0428,LAPD HOLLENBECK 0428,9626.285851622933,3966394.889692972,692
3123,201602,11471575.934433565,18959.118635607996,0428,LAPD HOLLENBECK 0428,9626.285851622933,3966394.889692972,8377
3124,201401,14080873.281690637,15489.991104651315,0438,LAPD HOLLENBECK 0438,20877.097723400315,17264312.020534012,410
3125,201402,20894870.69560385,19009.779479613055,0438,LAPD HOLLENBECK 0438,20877.097723400315,17264312.020534012,601
3126,201501,9566161.624194006,14427.973811831132,0438,LAPD HOLLENBECK 0438,20877.097723400315,17264312.020534012,3864
3127,201504,3964702.9612908103,9633.746301614456,0438,LAPD HOLLENBECK 0438,20877.097723400315,17264312.020534012,2876
3128,201601,5816821.746621599,11118.841893629842,0438,LAPD HOLLENBECK 0438,20877.097723400315,17264312.020534012,5802916
3129,201602,11471575.934433565,18959.118635607996,0438,LAPD HOLLENBECK 0438,20877.097723400315,17264312.020534012,11434190
3130,201700,18241832.01740658,21283.17458966297,0438,LAPD HOLLENBECK 0438,20877.097723400315,17264312.020534012,10149
3131,480802,18521811.566397633,17673.945559985434,0438,LAPD HOLLENBECK 0438,20877.097723400315,17264312.020534012,768
3132,481901,19740208.768242057,19732.163248559747,0438,LAPD HOLLENBECK 0438,20877.097723400315,17264312.020534012,56
3133,201402,20894870.69560385,19009.779479613055,0439,LAPD HOLLENBECK 0439,21163.247037519734,18228397.222052276,9452
3134,201601,5816821.746621599,11118.841893629842,0439,LAPD HOLLENBECK 0439,21163.247037519734,18228397.222052276,1679
3135,201602,11471575.934433565,18959.118635607996,0439,LAPD HOLLENBECK 0439,21163.247037519734,18228397.222052276,21772
3136,201700,18241832.01740658,21283.17458966297,0439,LAPD HOLLENBECK 0439,21163.247037519734,18228397.222052276,18180254
3137,481901,19740208.768242057,19732.163248559747,0439,LAPD HOLLENBECK 0439,21163.247037519734,18228397.222052276,2667
3138,482001,31702668.18027456,25648.86656756133,0439,LAPD HOLLENBECK 0439,21163.247037519734,18228397.222052276,1250
3139,530700,11383409.612696037,17884.169294105868,0439,LAPD HOLLENBECK 0439,21163.247037519734,18228397.222052276,2307
3140,201501,9566161.624194006,14427.973811831132,0429,LAPD HOLLENBECK 0429,14232.10649296998,9255126.265764562,9243306
3141,201503,4729129.094081259,9203.947941223718,0429,LAPD HOLLENBECK 0429,14232.10649296998,9255126.265764562,5753
3142,201504,3964702.9612908103,9633.746301614456,0429,LAPD HOLLENBECK 0429,14232.10649296998,9255126.265764562,757
3143,201602,11471575.934433565,18959.118635607996,0429,LAPD HOLLENBECK 0429,14232.10649296998,9255126.265764562,559
3144,480803,11749748.436973045,14283.431859980303,0429,LAPD HOLLENBECK 0429,14232.10649296998,9255126.265764562,215
3145,203100,7076573.730689232,11835.711462643047,0445,LAPD HOLLENBECK 0445,6639.339621563937,2220403.4808884854,80
3146,203300,16058051.345783422,15611.025193504587,0445,LAPD HOLLENBECK 0445,6639.339621563937,2220403.4808884854,2219255
3147,203100,7076573.730689232,11835.711462643047,0448,LAPD HOLLENBECK 0448,11674.928067740979,6913450.918077109,6906611
3148,203300,16058051.345783422,15611.025193504587,0448,LAPD HOLLENBECK 0448,11674.928067740979,6913450.918077109,3345
3149,530700,11383409.612696037,17884.169294105868,0448,LAPD HOLLENBECK 0448,11674.928067740979,6913450.918077109,140
3150,203100,7076573.730689232,11835.711462643047,0449,LAPD HOLLENBECK 0449,10210.32083372603,5692100.219824058,143536
3151,203200,5553914.737153769,10214.8902628598,0449,LAPD HOLLENBECK 0449,10210.32083372603,5692100.219824058,5541020
3152,203601,3551943.6372687346,13045.027292915618,0449,LAPD HOLLENBECK 0449,10210.32083372603,5692100.219824058,68
3153,203710,3036174.9923809594,7623.782079544959,0449,LAPD HOLLENBECK 0449,10210.32083372603,5692100.219824058,4148
3154,203800,5246195.377093367,9451.847569258538,0449,LAPD HOLLENBECK 0449,10210.32083372603,5692100.219824058,461
3155,530801,8278551.82609912,14508.595312068523,0449,LAPD HOLLENBECK 0449,10210.32083372603,5692100.219824058,90
3156,203100,7076573.730689232,11835.711462643047,0455,LAPD HOLLENBECK 0455,10293.44225018375,5733487.775968792,96
3157,203200,5553914.737153769,10214.8902628598,0455,LAPD HOLLENBECK 0455,10293.44225018375,5733487.775968792,1083
3158,203300,16058051.345783422,15611.025193504587,0455,LAPD HOLLENBECK 0455,10293.44225018375,5733487.775968792,85292
3159,203500,17863727.7088515,18886.779796122413,0455,LAPD HOLLENBECK 0455,10293.44225018375,5733487.775968792,22240
3160,203601,3551943.6372687346,13045.027292915618,0455,LAPD HOLLENBECK 0455,10293.44225018375,5733487.775968792,3206529
3161,203602,2404778.2565505574,7367.397156493795,0455,LAPD HOLLENBECK 0455,10293.44225018375,5733487.775968792,2402267
3162,203710,3036174.9923809594,7623.782079544959,0455,LAPD HOLLENBECK 0455,10293.44225018375,5733487.775968792,5682
3163,203720,3455623.0839030026,7965.72103813397,0455,LAPD HOLLENBECK 0455,10293.44225018375,5733487.775968792,4439
3164,204410,3195515.688830472,7602.195938785467,0455,LAPD HOLLENBECK 0455,10293.44225018375,5733487.775968792,464
3165,204420,3251272.3550766753,7655.418699927863,0455,LAPD HOLLENBECK 0455,10293.44225018375,5733487.775968792,2628
3166,203200,5553914.737153769,10214.8902628598,0456,LAPD HOLLENBECK 0456,7607.518253359458,3026913.3063397743,1542
3167,203710,3036174.9923809594,7623.782079544959,0456,LAPD HOLLENBECK 0456,7607.518253359458,3026913.3063397743,3019605
3168,203720,3455623.0839030026,7965.72103813397,0456,LAPD HOLLENBECK 0456,7607.518253359458,3026913.3063397743,1066
3169,203800,5246195.377093367,9451.847569258538,0456,LAPD HOLLENBECK 0456,7607.518253359458,3026913.3063397743,3226
3170,203200,5553914.737153769,10214.8902628598,0459,LAPD HOLLENBECK 0459,9473.663849616874,5267162.010924238,7203
3171,203720,3455623.0839030026,7965.72103813397,0459,LAPD HOLLENBECK 0459,9473.663849616874,5267162.010924238,2099
3172,203800,5246195.377093367,9451.847569258538,0459,LAPD HOLLENBECK 0459,9473.663849616874,5267162.010924238,5232261
3173,203900,4827379.083740151,12242.870584250068,0459,LAPD HOLLENBECK 0459,9473.663849616874,5267162.010924238,606
3174,530801,8278551.82609912,14508.595312068523,0459,LAPD HOLLENBECK 0459,9473.663849616874,5267162.010924238,176
3175,530901,4780656.0196911255,8761.150853084198,0459,LAPD HOLLENBECK 0459,9473.663849616874,5267162.010924238,22214
3176,531101,7530326.76840229,12294.509337815487,0459,LAPD HOLLENBECK 0459,9473.663849616874,5267162.010924238,10
3177,203300,16058051.345783422,15611.025193504587,0453,LAPD HOLLENBECK 0453,10685.209187035563,6503435.0021919925,22003
3178,203500,17863727.7088515,18886.779796122413,0453,LAPD HOLLENBECK 0453,10685.209187035563,6503435.0021919925,6129829
3179,203601,3551943.6372687346,13045.027292915618,0453,LAPD HOLLENBECK 0453,10685.209187035563,6503435.0021919925,343628
3180,203602,2404778.2565505574,7367.397156493795,0453,LAPD HOLLENBECK 0453,10685.209187035563,6503435.0021919925,1111
3181,204410,3195515.688830472,7602.195938785467,0453,LAPD HOLLENBECK 0453,10685.209187035563,6503435.0021919925,2999
3182,206053,6331353.510256743,10825.722313083825,0453,LAPD HOLLENBECK 0453,10685.209187035563,6503435.0021919925,750
3183,206054,4507280.545448251,9342.520578070284,0453,LAPD HOLLENBECK 0453,10685.209187035563,6503435.0021919925,6
3184,203500,17863727.7088515,18886.779796122413,0119,LAPD CENTRAL 0119,12149.891088895944,9386647.598525733,2552
3185,206010,15485647.81789208,21066.370822347795,0119,LAPD CENTRAL 0119,12149.891088895944,9386647.598525733,45735
3186,206020,9402533.03314232,12029.068454864973,0119,LAPD CENTRAL 0119,12149.891088895944,9386647.598525733,9196919
3187,207102,4467442.106487457,9909.643385903357,0119,LAPD CENTRAL 0119,12149.891088895944,9386647.598525733,135747
3188,207103,3488830.093959716,9634.345350955817,0119,LAPD CENTRAL 0119,12149.891088895944,9386647.598525733,1303
3189,203500,17863727.7088515,18886.779796122413,0451,LAPD HOLLENBECK 0451,7876.294120567813,3711893.2415818437,21106
3190,206020,9402533.03314232,12029.068454864973,0451,LAPD HOLLENBECK 0451,7876.294120567813,3711893.2415818437,397
3191,206053,6331353.510256743,10825.722313083825,0451,LAPD HOLLENBECK 0451,7876.294120567813,3711893.2415818437,1176
3192,206054,4507280.545448251,9342.520578070284,0451,LAPD HOLLENBECK 0451,7876.294120567813,3711893.2415818437,3687453
3193,203500,17863727.7088515,18886.779796122413,0452,LAPD HOLLENBECK 0452,6474.631731483133,788877.6188871326,54353
3194,206053,6331353.510256743,10825.722313083825,0452,LAPD HOLLENBECK 0452,6474.631731483133,788877.6188871326,184
3195,206054,4507280.545448251,9342.520578070284,0452,LAPD HOLLENBECK 0452,6474.631731483133,788877.6188871326,733964
3196,203500,17863727.7088515,18886.779796122413,0454,LAPD HOLLENBECK 0454,4958.626003115008,1355592.4458339522,376
3197,204410,3195515.688830472,7602.195938785467,0454,LAPD HOLLENBECK 0454,4958.626003115008,1355592.4458339522,1476
3198,206050,19210111.773785688,25518.484733876703,0454,LAPD HOLLENBECK 0454,4958.626003115008,1355592.4458339522,6
3199,206053,6331353.510256743,10825.722313083825,0454,LAPD HOLLENBECK 0454,4958.626003115008,1355592.4458339522,1352836
3200,206054,4507280.545448251,9342.520578070284,0454,LAPD HOLLENBECK 0454,4958.626003115008,1355592.4458339522,246
3201,203500,17863727.7088515,18886.779796122413,0463,LAPD HOLLENBECK 0463,7593.46819653919,3203162.2972777137,724
3202,203602,2404778.2565505574,7367.397156493795,0463,LAPD HOLLENBECK 0463,7593.46819653919,3203162.2972777137,241
3203,204410,3195515.688830472,7602.195938785467,0463,LAPD HOLLENBECK 0463,7593.46819653919,3203162.2972777137,3185822
3204,204420,3251272.3550766753,7655.418699927863,0463,LAPD HOLLENBECK 0463,7593.46819653919,3203162.2972777137,7597
3205,204600,6269663.162658452,12240.546978229837,0463,LAPD HOLLENBECK 0463,7593.46819653919,3203162.2972777137,2129
3206,206050,19210111.773785688,25518.484733876703,0463,LAPD HOLLENBECK 0463,7593.46819653919,3203162.2972777137,1427
3207,206053,6331353.510256743,10825.722313083825,0463,LAPD HOLLENBECK 0463,7593.46819653919,3203162.2972777137,3679
3208,203601,3551943.6372687346,13045.027292915618,0457,LAPD HOLLENBECK 0457,7981.20183241712,3460052.342882936,4
3209,203710,3036174.9923809594,7623.782079544959,0457,LAPD HOLLENBECK 0457,7981.20183241712,3460052.342882936,5261
3210,203720,3455623.0839030026,7965.72103813397,0457,LAPD HOLLENBECK 0457,7981.20183241712,3460052.342882936,3446226
3211,203800,5246195.377093367,9451.847569258538,0457,LAPD HOLLENBECK 0457,7981.20183241712,3460052.342882936,1057
3212,204200,3242089.6307645026,7623.771360190281,0457,LAPD HOLLENBECK 0457,7981.20183241712,3460052.342882936,5817
3213,204420,3251272.3550766753,7655.418699927863,0457,LAPD HOLLENBECK 0457,7981.20183241712,3460052.342882936,0
3214,203720,3455623.0839030026,7965.72103813397,0466,LAPD HOLLENBECK 0466,7624.4875943213165,3234372.710354292,108
3215,203800,5246195.377093367,9451.847569258538,0466,LAPD HOLLENBECK 0466,7624.4875943213165,3234372.710354292,2
3216,204110,6499062.053198278,10204.658286649395,0466,LAPD HOLLENBECK 0466,7624.4875943213165,3234372.710354292,2074
3217,204200,3242089.6307645026,7623.771360190281,0466,LAPD HOLLENBECK 0466,7624.4875943213165,3234372.710354292,3229716
3218,204300,6926359.91036392,10888.003359876095,0466,LAPD HOLLENBECK 0466,7624.4875943213165,3234372.710354292,893
3219,204420,3251272.3550766753,7655.418699927863,0466,LAPD HOLLENBECK 0466,7624.4875943213165,3234372.710354292,1
3220,203800,5246195.377093367,9451.847569258538,0468,LAPD HOLLENBECK 0468,10207.009497572146,6514329.187719565,6567
3221,203900,4827379.083740151,12242.870584250068,0468,LAPD HOLLENBECK 0468,10207.009497572146,6514329.187719565,13849
3222,204110,6499062.053198278,10204.658286649395,0468,LAPD HOLLENBECK 0468,10207.009497572146,6514329.187719565,6489043
3223,204120,2835229.0779607133,6976.744364999376,0468,LAPD HOLLENBECK 0468,10207.009497572146,6514329.187719565,940
3224,204200,3242089.6307645026,7623.771360190281,0468,LAPD HOLLENBECK 0468,10207.009497572146,6514329.187719565,27
3225,204300,6926359.91036392,10888.003359876095,0468,LAPD HOLLENBECK 0468,10207.009497572146,6514329.187719565,692
3226,203900,4827379.083740151,12242.870584250068,0465,LAPD HOLLENBECK 0465,6957.005043170481,2815668.363415437,1216
3227,204110,6499062.053198278,10204.658286649395,0465,LAPD HOLLENBECK 0465,6957.005043170481,2815668.363415437,1407
3228,204120,2835229.0779607133,6976.744364999376,0465,LAPD HOLLENBECK 0465,6957.005043170481,2815668.363415437,2805808
3229,204300,6926359.91036392,10888.003359876095,0465,LAPD HOLLENBECK 0465,6957.005043170481,2815668.363415437,3
3230,204810,8289136.796691303,11974.611178271321,0465,LAPD HOLLENBECK 0465,6957.005043170481,2815668.363415437,5843
3231,203900,4827379.083740151,12242.870584250068,0469,LAPD HOLLENBECK 0469,11753.394558107386,4917601.007656407,4777961
3232,204110,6499062.053198278,10204.658286649395,0469,LAPD HOLLENBECK 0469,11753.394558107386,4917601.007656407,3134
3233,204120,2835229.0779607133,6976.744364999376,0469,LAPD HOLLENBECK 0469,11753.394558107386,4917601.007656407,23420
3234,204810,8289136.796691303,11974.611178271321,0469,LAPD HOLLENBECK 0469,11753.394558107386,4917601.007656407,92269
3235,204910,5579346.585994317,9619.431389901012,0469,LAPD HOLLENBECK 0469,11753.394558107386,4917601.007656407,2198
3236,530901,4780656.0196911255,8761.150853084198,0469,LAPD HOLLENBECK 0469,11753.394558107386,4917601.007656407,2
3237,531101,7530326.76840229,12294.509337815487,0469,LAPD HOLLENBECK 0469,11753.394558107386,4917601.007656407,14315
3238,531201,5977859.24244492,11143.557634004012,0469,LAPD HOLLENBECK 0469,11753.394558107386,4917601.007656407,1854
3239,203900,4827379.083740151,12242.870584250068,0479,LAPD HOLLENBECK 0479,9707.479415904862,5658947.663970369,2194
3240,204810,8289136.796691303,11974.611178271321,0479,LAPD HOLLENBECK 0479,9707.479415904862,5658947.663970369,424
3241,204820,3445972.398056425,8346.720197160743,0479,LAPD HOLLENBECK 0479,9707.479415904862,5658947.663970369,297
3242,204910,5579346.585994317,9619.431389901012,0479,LAPD HOLLENBECK 0479,9707.479415904862,5658947.663970369,5563908
3243,204920,9794921.058193717,12795.948168089828,0479,LAPD HOLLENBECK 0479,9707.479415904862,5658947.663970369,87953
3244,531201,5977859.24244492,11143.557634004012,0479,LAPD HOLLENBECK 0479,9707.479415904862,5658947.663970369,330
3245,531202,4814912.726603439,10576.973206371047,0479,LAPD HOLLENBECK 0479,9707.479415904862,5658947.663970369,1008
3246,531301,8532657.779766453,15266.056113543438,0479,LAPD HOLLENBECK 0479,9707.479415904862,5658947.663970369,0
3247,204110,6499062.053198278,10204.658286649395,0467,LAPD HOLLENBECK 0467,10895.790074878068,6920505.122392376,201
3248,204120,2835229.0779607133,6976.744364999376,0467,LAPD HOLLENBECK 0467,10895.790074878068,6920505.122392376,3492
3249,204200,3242089.6307645026,7623.771360190281,0467,LAPD HOLLENBECK 0467,10895.790074878068,6920505.122392376,2726
3250,204300,6926359.91036392,10888.003359876095,0467,LAPD HOLLENBECK 0467,10895.790074878068,6920505.122392376,6907188
3251,204700,10882902.794642588,13337.0811703752,0467,LAPD HOLLENBECK 0467,10895.790074878068,6920505.122392376,3482
3252,204810,8289136.796691303,11974.611178271321,0467,LAPD HOLLENBECK 0467,10895.790074878068,6920505.122392376,37
3253,204120,2835229.0779607133,6976.744364999376,0478,LAPD HOLLENBECK 0478,11555.068138743933,8303734.947769422,168
3254,204810,8289136.796691303,11974.611178271321,0478,LAPD HOLLENBECK 0478,11555.068138743933,8303734.947769422,8174412
3255,204820,3445972.398056425,8346.720197160743,0478,LAPD HOLLENBECK 0478,11555.068138743933,8303734.947769422,115207
3256,204910,5579346.585994317,9619.431389901012,0478,LAPD HOLLENBECK 0478,11555.068138743933,8303734.947769422,9839
3257,204200,3242089.6307645026,7623.771360190281,0464,LAPD HOLLENBECK 0464,7656.59158415533,3248750.265880953,2222
3258,204300,6926359.91036392,10888.003359876095,0464,LAPD HOLLENBECK 0464,7656.59158415533,3248750.265880953,5369
3259,204410,3195515.688830472,7602.195938785467,0464,LAPD HOLLENBECK 0464,7656.59158415533,3248750.265880953,3148
3260,204420,3251272.3550766753,7655.418699927863,0464,LAPD HOLLENBECK 0464,7656.59158415533,3248750.265880953,3236438
3261,204300,6926359.91036392,10888.003359876095,0473,LAPD HOLLENBECK 0473,10823.078448035661,5688779.770442595,5350
3262,204410,3195515.688830472,7602.195938785467,0473,LAPD HOLLENBECK 0473,10823.078448035661,5688779.770442595,67
3263,204420,3251272.3550766753,7655.418699927863,0473,LAPD HOLLENBECK 0473,10823.078448035661,5688779.770442595,3034
3264,204600,6269663.162658452,12240.546978229837,0473,LAPD HOLLENBECK 0473,10823.078448035661,5688779.770442595,5668117
3265,204700,10882902.794642588,13337.0811703752,0473,LAPD HOLLENBECK 0473,10823.078448035661,5688779.770442595,5145
3266,206050,19210111.773785688,25518.484733876703,0473,LAPD HOLLENBECK 0473,10823.078448035661,5688779.770442595,4310
3267,204300,6926359.91036392,10888.003359876095,0477,LAPD HOLLENBECK 0477,11249.59654994471,7966657.600095744,3482
3268,204600,6269663.162658452,12240.546978229837,0477,LAPD HOLLENBECK 0477,11249.59654994471,7966657.600095744,2298
3269,204700,10882902.794642588,13337.0811703752,0477,LAPD HOLLENBECK 0477,11249.59654994471,7966657.600095744,7944684
3270,204810,8289136.796691303,11974.611178271321,0477,LAPD HOLLENBECK 0477,11249.59654994471,7966657.600095744,12048
3271,204820,3445972.398056425,8346.720197160743,0477,LAPD HOLLENBECK 0477,11249.59654994471,7966657.600095744,248
3272,204600,6269663.162658452,12240.546978229837,0462,LAPD HOLLENBECK 0462,9325.126024947804,2770197.634505444,87331
3273,206050,19210111.773785688,25518.484733876703,0462,LAPD HOLLENBECK 0462,9325.126024947804,2770197.634505444,2681152
3274,206053,6331353.510256743,10825.722313083825,0462,LAPD HOLLENBECK 0462,9325.126024947804,2770197.634505444,379
3275,204600,6269663.162658452,12240.546978229837,0471,LAPD HOLLENBECK 0471,13798.49027510422,9043124.366043836,663
3276,206050,19210111.773785688,25518.484733876703,0471,LAPD HOLLENBECK 0471,13798.49027510422,9043124.366043836,9037432
3277,206053,6331353.510256743,10825.722313083825,0471,LAPD HOLLENBECK 0471,13798.49027510422,9043124.366043836,680
3278,204600,6269663.162658452,12240.546978229837,0483,LAPD HOLLENBECK 0483,3133.844242827025,534108.2012300893,495668
3279,204700,10882902.794642588,13337.0811703752,0483,LAPD HOLLENBECK 0483,3133.844242827025,534108.2012300893,27
3280,206050,19210111.773785688,25518.484733876703,0483,LAPD HOLLENBECK 0483,3133.844242827025,534108.2012300893,38153
3281,204600,6269663.162658452,12240.546978229837,0487,LAPD HOLLENBECK 0487,7788.862459966589,2948591.702298716,10419
3282,204700,10882902.794642588,13337.0811703752,0487,LAPD HOLLENBECK 0487,7788.862459966589,2948591.702298716,2919607
3283,204820,3445972.398056425,8346.720197160743,0487,LAPD HOLLENBECK 0487,7788.862459966589,2948591.702298716,3125
3284,205110,3088819.3487682026,9229.481900009254,0487,LAPD HOLLENBECK 0487,7788.862459966589,2948591.702298716,5454
3285,206050,19210111.773785688,25518.484733876703,0487,LAPD HOLLENBECK 0487,7788.862459966589,2948591.702298716,8541
3286,204700,10882902.794642588,13337.0811703752,0488,LAPD HOLLENBECK 0488,8265.963726395745,3325990.771410642,1063
3287,204820,3445972.398056425,8346.720197160743,0488,LAPD HOLLENBECK 0488,8265.963726395745,3325990.771410642,3316291
3288,204920,9794921.058193717,12795.948168089828,0488,LAPD HOLLENBECK 0488,8265.963726395745,3325990.771410642,6337
3289,205110,3088819.3487682026,9229.481900009254,0488,LAPD HOLLENBECK 0488,8265.963726395745,3325990.771410642,648
3290,205120,15781304.274677034,20062.497390065615,0488,LAPD HOLLENBECK 0488,8265.963726395745,3325990.771410642,2
3291,204700,10882902.794642588,13337.0811703752,0489,LAPD HOLLENBECK 0489,9328.039411112915,3091243.1733232955,3402
3292,204820,3445972.398056425,8346.720197160743,0489,LAPD HOLLENBECK 0489,9328.039411112915,3091243.1733232955,3199
3293,205110,3088819.3487682026,9229.481900009254,0489,LAPD HOLLENBECK 0489,9328.039411112915,3091243.1733232955,3068136
3294,205120,15781304.274677034,20062.497390065615,0489,LAPD HOLLENBECK 0489,9328.039411112915,3091243.1733232955,14895
3295,206050,19210111.773785688,25518.484733876703,0489,LAPD HOLLENBECK 0489,9328.039411112915,3091243.1733232955,92
3296,204700,10882902.794642588,13337.0811703752,0491,LAPD HOLLENBECK 0491,13490.714810003412,7028553.566643516,168
3297,205110,3088819.3487682026,9229.481900009254,0491,LAPD HOLLENBECK 0491,13490.714810003412,7028553.566643516,2301
3298,205120,15781304.274677034,20062.497390065615,0491,LAPD HOLLENBECK 0491,13490.714810003412,7028553.566643516,11533
3299,206050,19210111.773785688,25518.484733876703,0491,LAPD HOLLENBECK 0491,13490.714810003412,7028553.566643516,7010503
3300,980016,144845258.02888536,78269.93530374157,0491,LAPD HOLLENBECK 0491,13490.714810003412,7028553.566643516,621
3301,204820,3445972.398056425,8346.720197160743,0497,LAPD HOLLENBECK 0497,20021.551228607543,15817663.354541212,5716
3302,204920,9794921.058193717,12795.948168089828,0497,LAPD HOLLENBECK 0497,20021.551228607543,15817663.354541212,10997
3303,205110,3088819.3487682026,9229.481900009254,0497,LAPD HOLLENBECK 0497,20021.551228607543,15817663.354541212,10762
3304,205120,15781304.274677034,20062.497390065615,0497,LAPD HOLLENBECK 0497,20021.551228607543,15817663.354541212,15743002
3305,206050,19210111.773785688,25518.484733876703,0497,LAPD HOLLENBECK 0497,20021.551228607543,15817663.354541212,896
3306,980016,144845258.02888536,78269.93530374157,0497,LAPD HOLLENBECK 0497,20021.551228607543,15817663.354541212,38467
3307,204820,3445972.398056425,8346.720197160743,0499,LAPD HOLLENBECK 0499,12717.236252696366,9689536.72579324,177
3308,204920,9794921.058193717,12795.948168089828,0499,LAPD HOLLENBECK 0499,12717.236252696366,9689536.72579324,9681916
3309,532302,35456321.75713471,31690.225813334422,0499,LAPD HOLLENBECK 0499,12717.236252696366,9689536.72579324,2031
3310,980016,144845258.02888536,78269.93530374157,0499,LAPD HOLLENBECK 0499,12717.236252696366,9689536.72579324,545
3311,206010,15485647.81789208,21066.370822347795,1199,LAPD NORTHEAST 1199,4736.871294592509,1277403.4929158548,1262715
3312,980010,41264616.998483635,36580.17834027472,1199,LAPD NORTHEAST 1199,4736.871294592509,1277403.4929158548,14102
3313,206020,9402533.03314232,12029.068454864973,0127,LAPD CENTRAL 0127,5423.912294352387,1189909.4816996853,609
3314,206052,9950091.585086027,13475.44187623434,0127,LAPD CENTRAL 0127,5423.912294352387,1189909.4816996853,12869
3315,206201,2161752.481201971,6940.275485026227,0127,LAPD CENTRAL 0127,5423.912294352387,1189909.4816996853,276
3316,206202,4067555.009259893,9661.221437063721,0127,LAPD CENTRAL 0127,5423.912294352387,1189909.4816996853,1855
3317,207102,4467442.106487457,9909.643385903357,0127,LAPD CENTRAL 0127,5423.912294352387,1189909.4816996853,15243
3318,207400,9358165.872470623,15170.871790294743,0127,LAPD CENTRAL 0127,5423.912294352387,1189909.4816996853,1158500
3319,206020,9402533.03314232,12029.068454864973,0129,LAPD CENTRAL 0129,9133.587057346173,5015192.734981236,107314
3320,206052,9950091.585086027,13475.44187623434,0129,LAPD CENTRAL 0129,9133.587057346173,5015192.734981236,4822188
3321,206053,6331353.510256743,10825.722313083825,0129,LAPD CENTRAL 0129,9133.587057346173,5015192.734981236,37
3322,206054,4507280.545448251,9342.520578070284,0129,LAPD CENTRAL 0129,9133.587057346173,5015192.734981236,82317
3323,206202,4067555.009259893,9661.221437063721,0129,LAPD CENTRAL 0129,9133.587057346173,5015192.734981236,396
3324,207400,9358165.872470623,15170.871790294743,0129,LAPD CENTRAL 0129,9133.587057346173,5015192.734981236,583
3325,206050,19210111.773785688,25518.484733876703,0139,LAPD CENTRAL 0139,9417.392814146202,5258947.257926597,9
3326,206051,40157736.48732067,30027.529715288336,0139,LAPD CENTRAL 0139,9417.392814146202,5258947.257926597,5454
3327,206052,9950091.585086027,13475.44187623434,0139,LAPD CENTRAL 0139,9417.392814146202,5258947.257926597,5095880
3328,206053,6331353.510256743,10825.722313083825,0139,LAPD CENTRAL 0139,9417.392814146202,5258947.257926597,155121
3329,206050,19210111.773785688,25518.484733876703,0159,LAPD CENTRAL 0159,13242.160396375248,9322999.725918196,126590
3330,206051,40157736.48732067,30027.529715288336,0159,LAPD CENTRAL 0159,13242.160396375248,9322999.725918196,9188358
3331,206052,9950091.585086027,13475.44187623434,0159,LAPD CENTRAL 0159,13242.160396375248,9322999.725918196,1028
3332,206053,6331353.510256743,10825.722313083825,0159,LAPD CENTRAL 0159,13242.160396375248,9322999.725918196,0
3333,206202,4067555.009259893,9661.221437063721,0159,LAPD CENTRAL 0159,13242.160396375248,9322999.725918196,741
3334,206303,4679996.822340145,10618.507615195522,0159,LAPD CENTRAL 0159,13242.160396375248,9322999.725918196,1854
3335,206050,19210111.773785688,25518.484733876703,0461,LAPD HOLLENBECK 0461,8936.785718519262,4820637.446316213,3699
3336,206053,6331353.510256743,10825.722313083825,0461,LAPD HOLLENBECK 0461,8936.785718519262,4820637.446316213,4813486
3337,206054,4507280.545448251,9342.520578070284,0461,LAPD HOLLENBECK 0461,8936.785718519262,4820637.446316213,1154
3338,206050,19210111.773785688,25518.484733876703,1309,LAPD NEWTON 1309,23688.30343604463,31143818.445527576,288011
3339,206051,40157736.48732067,30027.529715288336,1309,LAPD NEWTON 1309,23688.30343604463,31143818.445527576,30815877
3340,226001,11138123.386743072,19074.26957595056,1309,LAPD NEWTON 1309,23688.30343604463,31143818.445527576,57
3341,226002,27645340.918438148,21400.411088346285,1309,LAPD NEWTON 1309,23688.30343604463,31143818.445527576,374
3342,980016,144845258.02888536,78269.93530374157,1309,LAPD NEWTON 1309,23688.30343604463,31143818.445527576,24496
3343,206051,40157736.48732067,30027.529715288336,0138,LAPD CENTRAL 0138,7588.426243582776,3050994.0553814652,855
3344,206052,9950091.585086027,13475.44187623434,0138,LAPD CENTRAL 0138,7588.426243582776,3050994.0553814652,1785
3345,206201,2161752.481201971,6940.275485026227,0138,LAPD CENTRAL 0138,7588.426243582776,3050994.0553814652,1080474
3346,206202,4067555.009259893,9661.221437063721,0138,LAPD CENTRAL 0138,7588.426243582776,3050994.0553814652,1961383
3347,206303,4679996.822340145,10618.507615195522,0138,LAPD CENTRAL 0138,7588.426243582776,3050994.0553814652,855
3348,207306,1737007.144469347,5647.400496550099,0138,LAPD CENTRAL 0138,7588.426243582776,3050994.0553814652,4198
3349,207400,9358165.872470623,15170.871790294743,0138,LAPD CENTRAL 0138,7588.426243582776,3050994.0553814652,16
3350,206051,40157736.48732067,30027.529715288336,0158,LAPD CENTRAL 0158,8707.352468198043,3196920.9398394777,12492
3351,206202,4067555.009259893,9661.221437063721,0158,LAPD CENTRAL 0158,8707.352468198043,3196920.9398394777,1136
3352,206303,4679996.822340145,10618.507615195522,0158,LAPD CENTRAL 0158,8707.352468198043,3196920.9398394777,3179246
3353,226002,27645340.918438148,21400.411088346285,0158,LAPD CENTRAL 0158,8707.352468198043,3196920.9398394777,2540
3354,206051,40157736.48732067,30027.529715288336,1307,LAPD NEWTON 1307,12458.057734025268,7457760.996244474,6145
3355,206303,4679996.822340145,10618.507615195522,1307,LAPD NEWTON 1307,12458.057734025268,7457760.996244474,8880
3356,226002,27645340.918438148,21400.411088346285,1307,LAPD NEWTON 1307,12458.057734025268,7457760.996244474,7439221
3357,206051,40157736.48732067,30027.529715288336,1317,LAPD NEWTON 1317,13817.691154318152,11240747.476368608,12491
3358,226001,11138123.386743072,19074.26957595056,1317,LAPD NEWTON 1317,13817.691154318152,11240747.476368608,5575140
3359,226002,27645340.918438148,21400.411088346285,1317,LAPD NEWTON 1317,13817.691154318152,11240747.476368608,5647760
3360,227010,6234440.739195077,11858.477176259188,1317,LAPD NEWTON 1317,13817.691154318152,11240747.476368608,12
3361,206051,40157736.48732067,30027.529715288336,1327,LAPD NEWTON 1327,8286.607599163204,3729535.936243471,5398
3362,226001,11138123.386743072,19074.26957595056,1327,LAPD NEWTON 1327,8286.607599163204,3729535.936243471,10981
3363,227010,6234440.739195077,11858.477176259188,1327,LAPD NEWTON 1327,8286.607599163204,3729535.936243471,3590278
3364,227020,4737436.152885865,9166.080390674977,1327,LAPD NEWTON 1327,8286.607599163204,3729535.936243471,103
3365,228100,10799828.72774183,15274.769663909921,1327,LAPD NEWTON 1327,8286.607599163204,3729535.936243471,120990
3366,206051,40157736.48732067,30027.529715288336,1347,LAPD NEWTON 1347,14822.588312564201,10693596.182361718,4642
3367,227010,6234440.739195077,11858.477176259188,1347,LAPD NEWTON 1347,14822.588312564201,10693596.182361718,8299
3368,227020,4737436.152885865,9166.080390674977,1347,LAPD NEWTON 1347,14822.588312564201,10693596.182361718,47
3369,228100,10799828.72774183,15274.769663909921,1347,LAPD NEWTON 1347,14822.588312564201,10693596.182361718,10654141
3370,228220,3941934.153013454,9102.49238054019,1347,LAPD NEWTON 1347,14822.588312564201,10693596.182361718,62
3371,228800,9090038.060175616,12361.182428379909,1347,LAPD NEWTON 1347,14822.588312564201,10693596.182361718,1176
3372,980016,144845258.02888536,78269.93530374157,1347,LAPD NEWTON 1347,14822.588312564201,10693596.182361718,20075
3373,206052,9950091.585086027,13475.44187623434,0128,LAPD CENTRAL 0128,6220.979433961886,1534357.1554967365,11654
3374,206201,2161752.481201971,6940.275485026227,0128,LAPD CENTRAL 0128,6220.979433961886,1534357.1554967365,299118
3375,206202,4067555.009259893,9661.221437063721,0128,LAPD CENTRAL 0128,6220.979433961886,1534357.1554967365,1221503
3376,207400,9358165.872470623,15170.871790294743,0128,LAPD CENTRAL 0128,6220.979433961886,1534357.1554967365,1364
3377,206201,2161752.481201971,6940.275485026227,0124,LAPD CENTRAL 0124,4452.085171369344,1137625.311147279,557
3378,207400,9358165.872470623,15170.871790294743,0124,LAPD CENTRAL 0124,4452.085171369344,1137625.311147279,1136540
3379,206201,2161752.481201971,6940.275485026227,0135,LAPD CENTRAL 0135,4457.274913941395,1209359.1350962243,2831
3380,207305,2182607.960852604,8262.439762978864,0135,LAPD CENTRAL 0135,4457.274913941395,1209359.1350962243,2444
3381,207306,1737007.144469347,5647.400496550099,0135,LAPD CENTRAL 0135,4457.274913941395,1209359.1350962243,1199640
3382,207400,9358165.872470623,15170.871790294743,0135,LAPD CENTRAL 0135,4457.274913941395,1209359.1350962243,3881
3383,206201,2161752.481201971,6940.275485026227,0145,LAPD CENTRAL 0145,2107.4867735311445,253272.1498168297,945
3384,206301,1457910.0712079385,4943.525817232141,0145,LAPD CENTRAL 0145,2107.4867735311445,253272.1498168297,12
3385,207306,1737007.144469347,5647.400496550099,0145,LAPD CENTRAL 0145,2107.4867735311445,253272.1498168297,251760
3386,207307,525932.6473524069,2911.191792738821,0145,LAPD CENTRAL 0145,2107.4867735311445,253272.1498168297,436
3387,206201,2161752.481201971,6940.275485026227,0146,LAPD CENTRAL 0146,2499.06382857745,403149.92288987996,398278
3388,206301,1457910.0712079385,4943.525817232141,0146,LAPD CENTRAL 0146,2499.06382857745,403149.92288987996,4205
3389,207306,1737007.144469347,5647.400496550099,0146,LAPD CENTRAL 0146,2499.06382857745,403149.92288987996,478
3390,206201,2161752.481201971,6940.275485026227,0147,LAPD CENTRAL 0147,2501.9237799935827,377096.7531833907,375820
3391,206202,4067555.009259893,9661.221437063721,0147,LAPD CENTRAL 0147,2501.9237799935827,377096.7531833907,56
3392,206301,1457910.0712079385,4943.525817232141,0147,LAPD CENTRAL 0147,2501.9237799935827,377096.7531833907,857
3393,206302,499680.05187832954,3606.4278050426933,0147,LAPD CENTRAL 0147,2501.9237799935827,377096.7531833907,185
3394,206303,4679996.822340145,10618.507615195522,0147,LAPD CENTRAL 0147,2501.9237799935827,377096.7531833907,1
3395,206201,2161752.481201971,6940.275485026227,0148,LAPD CENTRAL 0148,4208.364878023913,886483.84151691,2443
3396,206202,4067555.009259893,9661.221437063721,0148,LAPD CENTRAL 0148,4208.364878023913,886483.84151691,877722
3397,206303,4679996.822340145,10618.507615195522,0148,LAPD CENTRAL 0148,4208.364878023913,886483.84151691,5902
3398,206202,4067555.009259893,9661.221437063721,0157,LAPD CENTRAL 0157,5101.604624353544,1476894.7991375155,856
3399,206302,499680.05187832954,3606.4278050426933,0157,LAPD CENTRAL 0157,5101.604624353544,1476894.7991375155,579
3400,206303,4679996.822340145,10618.507615195522,0157,LAPD CENTRAL 0157,5101.604624353544,1476894.7991375155,1474767
3401,206301,1457910.0712079385,4943.525817232141,0154,LAPD CENTRAL 0154,2923.716560140461,523037.42511665437,814
3402,207304,541608.1563189356,3459.9798370309386,0154,LAPD CENTRAL 0154,2923.716560140461,523037.42511665437,175
3403,207305,2182607.960852604,8262.439762978864,0154,LAPD CENTRAL 0154,2923.716560140461,523037.42511665437,8
3404,207306,1737007.144469347,5647.400496550099,0154,LAPD CENTRAL 0154,2923.716560140461,523037.42511665437,1600
3405,207307,525932.6473524069,2911.191792738821,0154,LAPD CENTRAL 0154,2923.716560140461,523037.42511665437,520045
3406,207308,494215.08211544895,2815.673159937877,0154,LAPD CENTRAL 0154,2923.716560140461,523037.42511665437,150
3407,206301,1457910.0712079385,4943.525817232141,0155,LAPD CENTRAL 0155,2713.8436325102425,460890.186484649,459783
3408,207307,525932.6473524069,2911.191792738821,0155,LAPD CENTRAL 0155,2713.8436325102425,460890.186484649,892
3409,206301,1457910.0712079385,4943.525817232141,0156,LAPD CENTRAL 0156,2823.2288818832108,490294.039449603,220845
3410,206302,499680.05187832954,3606.4278050426933,0156,LAPD CENTRAL 0156,2823.2288818832108,490294.039449603,268438
3411,206303,4679996.822340145,10618.507615195522,0156,LAPD CENTRAL 0156,2823.2288818832108,490294.039449603,780
3412,206301,1457910.0712079385,4943.525817232141,0164,LAPD CENTRAL 0164,2812.9047194637706,497007.52790759585,589
3413,207303,1905373.6576734215,5576.464929936338,0164,LAPD CENTRAL 0164,2812.9047194637706,497007.52790759585,787
3414,207304,541608.1563189356,3459.9798370309386,0164,LAPD CENTRAL 0164,2812.9047194637706,497007.52790759585,1226
3415,207307,525932.6473524069,2911.191792738821,0164,LAPD CENTRAL 0164,2812.9047194637706,497007.52790759585,3034
3416,207308,494215.08211544895,2815.673159937877,0164,LAPD CENTRAL 0164,2812.9047194637706,497007.52790759585,491138
3417,206301,1457910.0712079385,4943.525817232141,0165,LAPD CENTRAL 0165,2803.7135069422943,490233.71732560755,485503
3418,207303,1905373.6576734215,5576.464929936338,0165,LAPD CENTRAL 0165,2803.7135069422943,490233.71732560755,22
3419,207308,494215.08211544895,2815.673159937877,0165,LAPD CENTRAL 0165,2803.7135069422943,490233.71732560755,1918
3420,226002,27645340.918438148,21400.411088346285,0165,LAPD CENTRAL 0165,2803.7135069422943,490233.71732560755,2561
3421,206301,1457910.0712079385,4943.525817232141,0166,LAPD CENTRAL 0166,2866.0360358822386,521431.01545517205,284619
3422,206302,499680.05187832954,3606.4278050426933,0166,LAPD CENTRAL 0166,2866.0360358822386,521431.01545517205,230233
3423,206303,4679996.822340145,10618.507615195522,0166,LAPD CENTRAL 0166,2866.0360358822386,521431.01545517205,5505
3424,226002,27645340.918438148,21400.411088346285,0166,LAPD CENTRAL 0166,2866.0360358822386,521431.01545517205,829
3425,206302,499680.05187832954,3606.4278050426933,0176,LAPD CENTRAL 0176,6245.501243864954,2395723.213977223,10
3426,206303,4679996.822340145,10618.507615195522,0176,LAPD CENTRAL 0176,6245.501243864954,2395723.213977223,1
3427,207303,1905373.6576734215,5576.464929936338,0176,LAPD CENTRAL 0176,6245.501243864954,2395723.213977223,4063
3428,207902,7532286.542489627,11167.818143519591,0176,LAPD CENTRAL 0176,6245.501243864954,2395723.213977223,282
3429,226002,27645340.918438148,21400.411088346285,0176,LAPD CENTRAL 0176,6245.501243864954,2395723.213977223,2390251
3430,207101,3231109.029137875,7720.1822280700435,0112,LAPD CENTRAL 0112,7869.489267689593,1797777.4322912912,52007
3431,207102,4467442.106487457,9909.643385903357,0112,LAPD CENTRAL 0112,7869.489267689593,1797777.4322912912,33252
3432,207400,9358165.872470623,15170.871790294743,0112,LAPD CENTRAL 0112,7869.489267689593,1797777.4322912912,1711687
3433,207303,1905373.6576734215,5576.464929936338,0153,LAPD CENTRAL 0153,4287.851738952706,1098284.2761586127,1009
3434,207304,541608.1563189356,3459.9798370309386,0153,LAPD CENTRAL 0153,4287.851738952706,1098284.2761586127,539955
3435,207305,2182607.960852604,8262.439762978864,0153,LAPD CENTRAL 0153,4287.851738952706,1098284.2761586127,546750
3436,207307,525932.6473524069,2911.191792738821,0153,LAPD CENTRAL 0153,4287.851738952706,1098284.2761586127,1280
3437,207308,494215.08211544895,2815.673159937877,0153,LAPD CENTRAL 0153,4287.851738952706,1098284.2761586127,777
3438,207712,4383833.968662192,9437.966003556352,0153,LAPD CENTRAL 0153,4287.851738952706,1098284.2761586127,8003
3439,207303,1905373.6576734215,5576.464929936338,0163,LAPD CENTRAL 0163,4330.609186724306,1110077.8807493208,1099350
3440,207712,4383833.968662192,9437.966003556352,0163,LAPD CENTRAL 0163,4330.609186724306,1110077.8807493208,5282
3441,207902,7532286.542489627,11167.818143519591,0163,LAPD CENTRAL 0163,4330.609186724306,1110077.8807493208,4932
3442,207303,1905373.6576734215,5576.464929936338,0174,LAPD CENTRAL 0174,3929.904023362861,800186.5408677153,798930
3443,207902,7532286.542489627,11167.818143519591,0174,LAPD CENTRAL 0174,3929.904023362861,800186.5408677153,885
3444,207303,1905373.6576734215,5576.464929936338,0185,LAPD CENTRAL 0185,8557.768315249326,4384436.469301716,328
3445,207902,7532286.542489627,11167.818143519591,0185,LAPD CENTRAL 0185,8557.768315249326,4384436.469301716,4376072
3446,224010,8938274.894374873,13900.825043670404,0185,LAPD CENTRAL 0185,8557.768315249326,4384436.469301716,42
3447,226002,27645340.918438148,21400.411088346285,0185,LAPD CENTRAL 0185,8557.768315249326,4384436.469301716,5966
3448,207305,2182607.960852604,8262.439762978864,0123,LAPD CENTRAL 0123,4689.559896713528,1257884.562661259,162
3449,207400,9358165.872470623,15170.871790294743,0123,LAPD CENTRAL 0123,4689.559896713528,1257884.562661259,1257140
3450,207502,4503362.953657488,9155.677193475593,0123,LAPD CENTRAL 0123,4689.559896713528,1257884.562661259,0
3451,207305,2182607.960852604,8262.439762978864,0133,LAPD CENTRAL 0133,2980.0875476565966,547635.2486720029,544574
3452,207400,9358165.872470623,15170.871790294743,0133,LAPD CENTRAL 0133,2980.0875476565966,547635.2486720029,571
3453,207502,4503362.953657488,9155.677193475593,0133,LAPD CENTRAL 0133,2980.0875476565966,547635.2486720029,2236
3454,207305,2182607.960852604,8262.439762978864,0134,LAPD CENTRAL 0134,2966.9202983674304,549615.4624818121,544144
3455,207306,1737007.144469347,5647.400496550099,0134,LAPD CENTRAL 0134,2966.9202983674304,549615.4624818121,789
3456,207502,4503362.953657488,9155.677193475593,0134,LAPD CENTRAL 0134,2966.9202983674304,549615.4624818121,4426
3457,207305,2182607.960852604,8262.439762978864,0142,LAPD CENTRAL 0142,6759.553446077081,2701078.2719503012,1678
3458,207502,4503362.953657488,9155.677193475593,0142,LAPD CENTRAL 0142,6759.553446077081,2701078.2719503012,2695904
3459,207712,4383833.968662192,9437.966003556352,0142,LAPD CENTRAL 0142,6759.553446077081,2701078.2719503012,2256
3460,207305,2182607.960852604,8262.439762978864,0143,LAPD CENTRAL 0143,2984.578351079022,541550.5363208012,540027
3461,207306,1737007.144469347,5647.400496550099,0143,LAPD CENTRAL 0143,2984.578351079022,541550.5363208012,159
3462,207502,4503362.953657488,9155.677193475593,0143,LAPD CENTRAL 0143,2984.578351079022,541550.5363208012,1114
3463,207305,2182607.960852604,8262.439762978864,0144,LAPD CENTRAL 0144,2167.9210555221016,278140.41853480565,437
3464,207306,1737007.144469347,5647.400496550099,0144,LAPD CENTRAL 0144,2167.9210555221016,278140.41853480565,277574
3465,207305,2182607.960852604,8262.439762978864,0152,LAPD CENTRAL 0152,6807.2416577809,2738898.11767496,1373
3466,207502,4503362.953657488,9155.677193475593,0152,LAPD CENTRAL 0152,6807.2416577809,2738898.11767496,12773
3467,207711,7469514.544615906,14744.237737168916,0152,LAPD CENTRAL 0152,6807.2416577809,2738898.11767496,3069
3468,207712,4383833.968662192,9437.966003556352,0152,LAPD CENTRAL 0152,6807.2416577809,2738898.11767496,2720424
3469,207400,9358165.872470623,15170.871790294743,0122,LAPD CENTRAL 0122,6115.130699808617,2213659.231518021,2211627
3470,207501,1445854.2491435423,4896.765578919691,0122,LAPD CENTRAL 0122,6115.130699808617,2213659.231518021,1014
3471,207400,9358165.872470623,15170.871790294743,0131,LAPD CENTRAL 0131,3574.638698420899,686360.4517442711,1311
3472,207501,1445854.2491435423,4896.765578919691,0131,LAPD CENTRAL 0131,3574.638698420899,686360.4517442711,665252
3473,207502,4503362.953657488,9155.677193475593,0131,LAPD CENTRAL 0131,3574.638698420899,686360.4517442711,4379
3474,208001,6199667.661559967,11659.754300352339,0131,LAPD CENTRAL 0131,3574.638698420899,686360.4517442711,14872
3475,209202,2615787.8625193103,6577.413046475748,0131,LAPD CENTRAL 0131,3574.638698420899,686360.4517442711,231
3476,207400,9358165.872470623,15170.871790294743,0132,LAPD CENTRAL 0132,6583.57083256888,2528968.9453843795,705886
3477,207501,1445854.2491435423,4896.765578919691,0132,LAPD CENTRAL 0132,6583.57083256888,2528968.9453843795,778924
3478,207502,4503362.953657488,9155.677193475593,0132,LAPD CENTRAL 0132,6583.57083256888,2528968.9453843795,1042996
3479,207502,4503362.953657488,9155.677193475593,0141,LAPD CENTRAL 0141,3965.9087207867833,777349.3605867084,736437
3480,207711,7469514.544615906,14744.237737168916,0141,LAPD CENTRAL 0141,3965.9087207867833,777349.3605867084,2973
3481,209202,2615787.8625193103,6577.413046475748,0141,LAPD CENTRAL 0141,3965.9087207867833,777349.3605867084,37583
3482,207502,4503362.953657488,9155.677193475593,0151,LAPD CENTRAL 0151,4292.63086784663,927290.0486475003,1026
3483,207711,7469514.544615906,14744.237737168916,0151,LAPD CENTRAL 0151,4292.63086784663,927290.0486475003,882543
3484,209201,1810247.9523317544,5620.491333789314,0151,LAPD CENTRAL 0151,4292.63086784663,927290.0486475003,43233
3485,209202,2615787.8625193103,6577.413046475748,0151,LAPD CENTRAL 0151,4292.63086784663,927290.0486475003,64
3486,207711,7469514.544615906,14744.237737168916,0161,LAPD CENTRAL 0161,5124.246028753981,1515390.0101825735,1485601
3487,209201,1810247.9523317544,5620.491333789314,0161,LAPD CENTRAL 0161,5124.246028753981,1515390.0101825735,89
3488,209300,3297115.7031323826,7931.222368841242,0161,LAPD CENTRAL 0161,5124.246028753981,1515390.0101825735,28984
3489,210010,4402120.023029998,8907.430263843518,0161,LAPD CENTRAL 0161,5124.246028753981,1515390.0101825735,24
3490,207711,7469514.544615906,14744.237737168916,0162,LAPD CENTRAL 0162,6956.105060930472,2747097.0725920806,1099628
3491,207712,4383833.968662192,9437.966003556352,0162,LAPD CENTRAL 0162,6956.105060930472,2747097.0725920806,1644761
3492,207901,2188102.4850907973,6864.989107400947,0162,LAPD CENTRAL 0162,6956.105060930472,2747097.0725920806,200
3493,207902,7532286.542489627,11167.818143519591,0162,LAPD CENTRAL 0162,6956.105060930472,2747097.0725920806,1247
3494,207711,7469514.544615906,14744.237737168916,0171,LAPD CENTRAL 0171,5700.810207169443,1975993.306209014,1943782
3495,210010,4402120.023029998,8907.430263843518,0171,LAPD CENTRAL 0171,5700.810207169443,1975993.306209014,31313
3496,207711,7469514.544615906,14744.237737168916,0181,LAPD CENTRAL 0181,6041.615202515695,2018162.4371262349,1985841
3497,210010,4402120.023029998,8907.430263843518,0181,LAPD CENTRAL 0181,6041.615202515695,2018162.4371262349,31403
3498,224010,8938274.894374873,13900.825043670404,0181,LAPD CENTRAL 0181,6041.615202515695,2018162.4371262349,0
3499,207711,7469514.544615906,14744.237737168916,0182,LAPD CENTRAL 0182,9239.287992818341,5342149.199295861,29036
3500,207712,4383833.968662192,9437.966003556352,0182,LAPD CENTRAL 0182,9239.287992818341,5342149.199295861,1092
3501,207901,2188102.4850907973,6864.989107400947,0182,LAPD CENTRAL 0182,9239.287992818341,5342149.199295861,2184625
3502,207902,7532286.542489627,11167.818143519591,0182,LAPD CENTRAL 0182,9239.287992818341,5342149.199295861,3124896
3503,224010,8938274.894374873,13900.825043670404,0182,LAPD CENTRAL 0182,9239.287992818341,5342149.199295861,50
3504,207711,7469514.544615906,14744.237737168916,0191,LAPD CENTRAL 0191,7795.891827266761,3335158.665370859,33638
3505,210010,4402120.023029998,8907.430263843518,0191,LAPD CENTRAL 0191,7795.891827266761,3335158.665370859,253
3506,224010,8938274.894374873,13900.825043670404,0191,LAPD CENTRAL 0191,7795.891827266761,3335158.665370859,2269562
3507,224020,13264716.367844637,15226.233227715717,0191,LAPD CENTRAL 0191,7795.891827266761,3335158.665370859,954870
3508,224200,3963203.1794497515,8643.300182350935,0191,LAPD CENTRAL 0191,7795.891827266761,3335158.665370859,46912
3509,224410,4878956.815930292,10535.054711604953,0191,LAPD CENTRAL 0191,7795.891827266761,3335158.665370859,28406
3510,207901,2188102.4850907973,6864.989107400947,0192,LAPD CENTRAL 0192,8985.973600503048,4993835.41104541,2277
3511,207902,7532286.542489627,11167.818143519591,0192,LAPD CENTRAL 0192,8985.973600503048,4993835.41104541,6759
3512,224010,8938274.894374873,13900.825043670404,0192,LAPD CENTRAL 0192,8985.973600503048,4993835.41104541,3500733
3513,224020,13264716.367844637,15226.233227715717,0192,LAPD CENTRAL 0192,8985.973600503048,4993835.41104541,1481777
3514,207902,7532286.542489627,11167.818143519591,0195,LAPD CENTRAL 0195,8524.995515667464,4359229.659750808,10588
3515,224010,8938274.894374873,13900.825043670404,0195,LAPD CENTRAL 0195,8524.995515667464,4359229.659750808,3160618
3516,224020,13264716.367844637,15226.233227715717,0195,LAPD CENTRAL 0195,8524.995515667464,4359229.659750808,1185650
3517,226001,11138123.386743072,19074.26957595056,0195,LAPD CENTRAL 0195,8524.995515667464,4359229.659750808,357
3518,207902,7532286.542489627,11167.818143519591,1303,LAPD NEWTON 1303,11040.86293857204,6592642.12080657,3141
3519,226002,27645340.918438148,21400.411088346285,1303,LAPD NEWTON 1303,11040.86293857204,6592642.12080657,6586417
3520,207902,7532286.542489627,11167.818143519591,1313,LAPD NEWTON 1313,13636.336415445716,11101215.01036395,9
3521,224010,8938274.894374873,13900.825043670404,1313,LAPD NEWTON 1313,13636.336415445716,11101215.01036395,3168
3522,224020,13264716.367844637,15226.233227715717,1313,LAPD NEWTON 1313,13636.336415445716,11101215.01036395,708
3523,226001,11138123.386743072,19074.26957595056,1313,LAPD NEWTON 1313,13636.336415445716,11101215.01036395,5533001
3524,226002,27645340.918438148,21400.411088346285,1313,LAPD NEWTON 1313,13636.336415445716,11101215.01036395,5556428
3525,226410,3040629.9287922597,7123.364993515799,1313,LAPD NEWTON 1313,13636.336415445716,11101215.01036395,381
3526,226420,4595545.901306435,8778.892964974373,1313,LAPD NEWTON 1313,13636.336415445716,11101215.01036395,2029
3527,227010,6234440.739195077,11858.477176259188,1313,LAPD NEWTON 1313,13636.336415445716,11101215.01036395,291
3528,208001,6199667.661559967,11659.754300352339,0237,LAPD RAMPART 0237,13212.84949957723,7653475.03447317,1923832
3529,208002,4253642.558244367,9520.381994918056,0237,LAPD RAMPART 0237,13212.84949957723,7653475.03447317,2362
3530,208301,1000535.2815660002,5183.161538202117,0237,LAPD RAMPART 0237,13212.84949957723,7653475.03447317,992365
3531,208302,4735706.832661612,9852.781004171835,0237,LAPD RAMPART 0237,13212.84949957723,7653475.03447317,4720587
3532,208401,2472155.8400149476,6288.165372253775,0237,LAPD RAMPART 0237,13212.84949957723,7653475.03447317,912
3533,208402,3667724.1023740442,8621.780301432966,0237,LAPD RAMPART 0237,13212.84949957723,7653475.03447317,6826
3534,209103,1334880.5039827472,4693.848495550198,0237,LAPD RAMPART 0237,13212.84949957723,7653475.03447317,427
3535,209202,2615787.8625193103,6577.413046475748,0237,LAPD RAMPART 0237,13212.84949957723,7653475.03447317,2714
3536,208001,6199667.661559967,11659.754300352339,0238,LAPD RAMPART 0238,8953.050784824494,4569540.231987355,1097846
3537,208002,4253642.558244367,9520.381994918056,0238,LAPD RAMPART 0238,8953.050784824494,4569540.231987355,3460688
3538,208302,4735706.832661612,9852.781004171835,0238,LAPD RAMPART 0238,8953.050784824494,4569540.231987355,8940
3539,208001,6199667.661559967,11659.754300352339,0239,LAPD RAMPART 0239,7337.122385223632,2518609.772350156,2517057
3540,208002,4253642.558244367,9520.381994918056,0239,LAPD RAMPART 0239,7337.122385223632,2518609.772350156,405
3541,208001,6199667.661559967,11659.754300352339,0249,LAPD RAMPART 0249,8678.192002236588,4351153.73531876,12168
3542,209103,1334880.5039827472,4693.848495550198,0249,LAPD RAMPART 0249,8678.192002236588,4351153.73531876,3837
3543,209106,2385508.82104778,6257.58848632008,0249,LAPD RAMPART 0249,8678.192002236588,4351153.73531876,138
3544,209201,1810247.9523317544,5620.491333789314,0249,LAPD RAMPART 0249,8678.192002236588,4351153.73531876,1759336
3545,209202,2615787.8625193103,6577.413046475748,0249,LAPD RAMPART 0249,8678.192002236588,4351153.73531876,2573686
3546,209300,3297115.7031323826,7931.222368841242,0249,LAPD RAMPART 0249,8678.192002236588,4351153.73531876,12
3547,208301,1000535.2815660002,5183.161538202117,0248,LAPD RAMPART 0248,6636.536625211315,2088462.9026184638,6364
3548,208302,4735706.832661612,9852.781004171835,0248,LAPD RAMPART 0248,6636.536625211315,2088462.9026184638,3367
3549,208401,2472155.8400149476,6288.165372253775,0248,LAPD RAMPART 0248,6636.536625211315,2088462.9026184638,2
3550,208904,1206663.4993777417,4564.636110119919,0248,LAPD RAMPART 0248,6636.536625211315,2088462.9026184638,6
3551,209103,1334880.5039827472,4693.848495550198,0248,LAPD RAMPART 0248,6636.536625211315,2088462.9026184638,1327964
3552,209104,753009.1315638928,3841.1749983238683,0248,LAPD RAMPART 0248,6636.536625211315,2088462.9026184638,745561
3553,209105,895832.0983099175,4013.336592936749,0248,LAPD RAMPART 0248,6636.536625211315,2088462.9026184638,3934
3554,209201,1810247.9523317544,5620.491333789314,0248,LAPD RAMPART 0248,6636.536625211315,2088462.9026184638,0
3555,209202,2615787.8625193103,6577.413046475748,0248,LAPD RAMPART 0248,6636.536625211315,2088462.9026184638,320
3556,208401,2472155.8400149476,6288.165372253775,0246,LAPD RAMPART 0246,7040.919655234281,1718049.6403975263,5803
3557,208801,2889587.408934895,7802.2524354494935,0246,LAPD RAMPART 0246,7040.919655234281,1718049.6403975263,5863
3558,208902,1981074.2796514425,5658.6951039161295,0246,LAPD RAMPART 0246,7040.919655234281,1718049.6403975263,571
3559,208903,1714528.6183446231,7038.480884761295,0246,LAPD RAMPART 0246,7040.919655234281,1718049.6403975263,1705043
3560,208904,1206663.4993777417,4564.636110119919,0246,LAPD RAMPART 0246,7040.919655234281,1718049.6403975263,4
3561,208401,2472155.8400149476,6288.165372253775,0247,LAPD RAMPART 0247,4554.706322565837,1211933.2495582849,5144
3562,208903,1714528.6183446231,7038.480884761295,0247,LAPD RAMPART 0247,4554.706322565837,1211933.2495582849,2438
3563,208904,1206663.4993777417,4564.636110119919,0247,LAPD RAMPART 0247,4554.706322565837,1211933.2495582849,1200872
3564,209104,753009.1315638928,3841.1749983238683,0247,LAPD RAMPART 0247,4554.706322565837,1211933.2495582849,2871
3565,209105,895832.0983099175,4013.336592936749,0247,LAPD RAMPART 0247,4554.706322565837,1211933.2495582849,65
3566,208502,2809795.9657150554,6779.017047486213,0245,LAPD RAMPART 0245,9285.514029099364,5151198.490387487,8783
3567,208620,3491004.9060860034,8197.49640206305,0245,LAPD RAMPART 0245,9285.514029099364,5151198.490387487,5
3568,208720,1773163.9588742126,6918.862930194771,0245,LAPD RAMPART 0245,9285.514029099364,5151198.490387487,6644
3569,208801,2889587.408934895,7802.2524354494935,0245,LAPD RAMPART 0245,9285.514029099364,5151198.490387487,2867277
3570,208802,2276467.591427828,7699.483641623237,0245,LAPD RAMPART 0245,9285.514029099364,5151198.490387487,2266209
3571,208610,3768690.9461045135,8269.487905473145,0241,LAPD RAMPART 0241,5675.638796663309,1852434.362592398,3625
3572,208620,3491004.9060860034,8197.49640206305,0241,LAPD RAMPART 0241,5675.638796663309,1852434.362592398,5644
3573,208710,1833916.0904571128,5648.952448661496,0241,LAPD RAMPART 0241,5675.638796663309,1852434.362592398,1832978
3574,208720,1773163.9588742126,6918.862930194771,0241,LAPD RAMPART 0241,5675.638796663309,1852434.362592398,1738
3575,211121,2302635.5782996644,7588.943499599046,0241,LAPD RAMPART 0241,5675.638796663309,1852434.362592398,27
3576,211123,1851716.0456623498,6798.256628968267,0241,LAPD RAMPART 0241,5675.638796663309,1852434.362592398,578
3577,211124,4252116.000799734,8179.690836849897,0241,LAPD RAMPART 0241,5675.638796663309,1852434.362592398,7029
3578,208620,3491004.9060860034,8197.49640206305,0251,LAPD RAMPART 0251,6904.350618132793,1761128.1974346458,2642
3579,208720,1773163.9588742126,6918.862930194771,0251,LAPD RAMPART 0251,6904.350618132793,1761128.1974346458,1755052
3580,208802,2276467.591427828,7699.483641623237,0251,LAPD RAMPART 0251,6904.350618132793,1761128.1974346458,2312
3581,211123,1851716.0456623498,6798.256628968267,0251,LAPD RAMPART 0251,6904.350618132793,1761128.1974346458,282
3582,212204,2294672.7555941925,6149.261568261918,0251,LAPD RAMPART 0251,6904.350618132793,1761128.1974346458,63
3583,208710,1833916.0904571128,5648.952448661496,2029,LAPD OLYMPIC 2029,10537.407910242546,6089540.266285581,135
3584,208720,1773163.9588742126,6918.862930194771,2029,LAPD OLYMPIC 2029,10537.407910242546,6089540.266285581,107
3585,211121,2302635.5782996644,7588.943499599046,2029,LAPD OLYMPIC 2029,10537.407910242546,6089540.266285581,1825
3586,211122,3934733.820159645,8274.051867988455,2029,LAPD OLYMPIC 2029,10537.407910242546,6089540.266285581,3340
3587,211123,1851716.0456623498,6798.256628968267,2029,LAPD OLYMPIC 2029,10537.407910242546,6089540.266285581,1840216
3588,211124,4252116.000799734,8179.690836849897,2029,LAPD OLYMPIC 2029,10537.407910242546,6089540.266285581,4239683
3589,211921,997421.5873320452,4152.132573505521,2029,LAPD OLYMPIC 2029,10537.407910242546,6089540.266285581,122
3590,212101,1999632.817507157,5670.100104297958,2029,LAPD OLYMPIC 2029,10537.407910242546,6089540.266285581,316
3591,212204,2294672.7555941925,6149.261568261918,2029,LAPD OLYMPIC 2029,10537.407910242546,6089540.266285581,1143
3592,208720,1773163.9588742126,6918.862930194771,0261,LAPD RAMPART 0261,6387.120108622104,2331928.5098753925,4437
3593,208801,2889587.408934895,7802.2524354494935,0261,LAPD RAMPART 0261,6387.120108622104,2331928.5098753925,11230
3594,208802,2276467.591427828,7699.483641623237,0261,LAPD RAMPART 0261,6387.120108622104,2331928.5098753925,6911
3595,209401,2321391.9698718986,6370.7127227084375,0261,LAPD RAMPART 0261,6387.120108622104,2331928.5098753925,2307910
3596,209402,1466351.837027795,4849.913833690652,0261,LAPD RAMPART 0261,6387.120108622104,2331928.5098753925,148
3597,212202,2222402.7280728286,6482.090647282603,0261,LAPD RAMPART 0261,6387.120108622104,2331928.5098753925,118
3598,212204,2294672.7555941925,6149.261568261918,0261,LAPD RAMPART 0261,6387.120108622104,2331928.5098753925,141
3599,208720,1773163.9588742126,6918.862930194771,2039,LAPD OLYMPIC 2039,6119.814379213643,2293759.1045428556,4404
3600,209401,2321391.9698718986,6370.7127227084375,2039,LAPD OLYMPIC 2039,6119.814379213643,2293759.1045428556,2960
3601,211123,1851716.0456623498,6798.256628968267,2039,LAPD OLYMPIC 2039,6119.814379213643,2293759.1045428556,5414
3602,212204,2294672.7555941925,6149.261568261918,2039,LAPD OLYMPIC 2039,6119.814379213643,2293759.1045428556,2279975
3603,208801,2889587.408934895,7802.2524354494935,0265,LAPD RAMPART 0265,4860.855524425255,1473697.7995627706,3846
3604,208902,1981074.2796514425,5658.6951039161295,0265,LAPD RAMPART 0265,4860.855524425255,1473697.7995627706,1170
3605,208903,1714528.6183446231,7038.480884761295,0265,LAPD RAMPART 0265,4860.855524425255,1473697.7995627706,2444
3606,209401,2321391.9698718986,6370.7127227084375,0265,LAPD RAMPART 0265,4860.855524425255,1473697.7995627706,1490
3607,209402,1466351.837027795,4849.913833690652,0265,LAPD RAMPART 0265,4860.855524425255,1473697.7995627706,1463520
3608,209403,1487534.1129339985,4882.443510399631,0265,LAPD RAMPART 0265,4860.855524425255,1473697.7995627706,569
3609,208902,1981074.2796514425,5658.6951039161295,0256,LAPD RAMPART 0256,5651.807148723137,1982918.2470567124,1972751
3610,208903,1714528.6183446231,7038.480884761295,0256,LAPD RAMPART 0256,5651.807148723137,1982918.2470567124,3691
3611,208904,1206663.4993777417,4564.636110119919,0256,LAPD RAMPART 0256,5651.807148723137,1982918.2470567124,3009
3612,209105,895832.0983099175,4013.336592936749,0256,LAPD RAMPART 0256,5651.807148723137,1982918.2470567124,2342
3613,209106,2385508.82104778,6257.58848632008,0256,LAPD RAMPART 0256,5651.807148723137,1982918.2470567124,237
3614,208902,1981074.2796514425,5658.6951039161295,0257,LAPD RAMPART 0257,8391.992047308697,3278592.226001475,2833
3615,208904,1206663.4993777417,4564.636110119919,0257,LAPD RAMPART 0257,8391.992047308697,3278592.226001475,2231
3616,209103,1334880.5039827472,4693.848495550198,0257,LAPD RAMPART 0257,8391.992047308697,3278592.226001475,2048
3617,209104,753009.1315638928,3841.1749983238683,0257,LAPD RAMPART 0257,8391.992047308697,3278592.226001475,4238
3618,209105,895832.0983099175,4013.336592936749,0257,LAPD RAMPART 0257,8391.992047308697,3278592.226001475,889087
3619,209106,2385508.82104778,6257.58848632008,0257,LAPD RAMPART 0257,8391.992047308697,3278592.226001475,2374554
3620,209201,1810247.9523317544,5620.491333789314,0257,LAPD RAMPART 0257,8391.992047308697,3278592.226001475,2124
3621,209202,2615787.8625193103,6577.413046475748,0257,LAPD RAMPART 0257,8391.992047308697,3278592.226001475,0
3622,208902,1981074.2796514425,5658.6951039161295,0266,LAPD RAMPART 0266,4883.111992029151,1486879.5427082917,2836
3623,209300,3297115.7031323826,7931.222368841242,0266,LAPD RAMPART 0266,4883.111992029151,1486879.5427082917,2232
3624,209402,1466351.837027795,4849.913833690652,0266,LAPD RAMPART 0266,4883.111992029151,1486879.5427082917,11
3625,209403,1487534.1129339985,4882.443510399631,0266,LAPD RAMPART 0266,4883.111992029151,1486879.5427082917,1481133
3626,208902,1981074.2796514425,5658.6951039161295,0269,LAPD RAMPART 0269,7896.869722833022,3275888.505382646,25
3627,209106,2385508.82104778,6257.58848632008,0269,LAPD RAMPART 0269,7896.869722833022,3275888.505382646,9504
3628,209201,1810247.9523317544,5620.491333789314,0269,LAPD RAMPART 0269,7896.869722833022,3275888.505382646,4643
3629,209300,3297115.7031323826,7931.222368841242,0269,LAPD RAMPART 0269,7896.869722833022,3275888.505382646,3257249
3630,209403,1487534.1129339985,4882.443510399631,0269,LAPD RAMPART 0269,7896.869722833022,3275888.505382646,2313
3631,210010,4402120.023029998,8907.430263843518,0269,LAPD RAMPART 0269,7896.869722833022,3275888.505382646,673
3632,209300,3297115.7031323826,7931.222368841242,0275,LAPD RAMPART 0275,6460.5066749848975,2479282.1027406007,24
3633,209402,1466351.837027795,4849.913833690652,0275,LAPD RAMPART 0275,6460.5066749848975,2479282.1027406007,1508
3634,209403,1487534.1129339985,4882.443510399631,0275,LAPD RAMPART 0275,6460.5066749848975,2479282.1027406007,2852
3635,209510,1964228.796550837,5807.663543513566,0275,LAPD RAMPART 0275,6460.5066749848975,2479282.1027406007,74
3636,209520,2488320.2673909967,6468.36071291443,0275,LAPD RAMPART 0275,6460.5066749848975,2479282.1027406007,2471595
3637,210010,4402120.023029998,8907.430263843518,0275,LAPD RAMPART 0275,6460.5066749848975,2479282.1027406007,2119
3638,209300,3297115.7031323826,7931.222368841242,0279,LAPD RAMPART 0279,6616.744487962006,2498370.732563102,7125
3639,209520,2488320.2673909967,6468.36071291443,0279,LAPD RAMPART 0279,6616.744487962006,2498370.732563102,3096
3640,210010,4402120.023029998,8907.430263843518,0279,LAPD RAMPART 0279,6616.744487962006,2498370.732563102,2487022
3641,209401,2321391.9698718986,6370.7127227084375,0271,LAPD RAMPART 0271,6010.667253553148,1924378.262557335,5853
3642,209402,1466351.837027795,4849.913833690652,0271,LAPD RAMPART 0271,6010.667253553148,1924378.262557335,510
3643,209510,1964228.796550837,5807.663543513566,0271,LAPD RAMPART 0271,6010.667253553148,1924378.262557335,1914788
3644,209520,2488320.2673909967,6468.36071291443,0271,LAPD RAMPART 0271,6010.667253553148,1924378.262557335,610
3645,209810,1612737.6661822835,5415.906958145816,0271,LAPD RAMPART 0271,6010.667253553148,1924378.262557335,1039
3646,213401,2110768.920332413,6327.274224967614,0271,LAPD RAMPART 0271,6010.667253553148,1924378.262557335,394
3647,213402,4217750.291558936,8305.579389305381,0271,LAPD RAMPART 0271,6010.667253553148,1924378.262557335,327
3648,209401,2321391.9698718986,6370.7127227084375,2049,LAPD OLYMPIC 2049,6500.154648309733,2239675.630011009,2151
3649,209510,1964228.796550837,5807.663543513566,2049,LAPD OLYMPIC 2049,6500.154648309733,2239675.630011009,2027
3650,212202,2222402.7280728286,6482.090647282603,2049,LAPD OLYMPIC 2049,6500.154648309733,2239675.630011009,2216988
3651,212203,1144315.9299321075,4500.812925951627,2049,LAPD OLYMPIC 2049,6500.154648309733,2239675.630011009,8422
3652,212204,2294672.7555941925,6149.261568261918,2049,LAPD OLYMPIC 2049,6500.154648309733,2239675.630011009,8242
3653,212303,1675360.5486684816,5219.253927172561,2049,LAPD OLYMPIC 2049,6500.154648309733,2239675.630011009,11
3654,212306,1742931.957435595,5316.961444581548,2049,LAPD OLYMPIC 2049,6500.154648309733,2239675.630011009,847
3655,213401,2110768.920332413,6327.274224967614,2049,LAPD OLYMPIC 2049,6500.154648309733,2239675.630011009,1
3656,209510,1964228.796550837,5807.663543513566,0281,LAPD RAMPART 0281,5434.176070416748,1607637.3531712843,777
3657,209520,2488320.2673909967,6468.36071291443,0281,LAPD RAMPART 0281,5434.176070416748,1607637.3531712843,739
3658,209810,1612737.6661822835,5415.906958145816,0281,LAPD RAMPART 0281,5434.176070416748,1607637.3531712843,1602264
3659,209820,1927868.325815419,5690.534786011756,0281,LAPD RAMPART 0281,5434.176070416748,1607637.3531712843,1224
3660,213402,4217750.291558936,8305.579389305381,0281,LAPD RAMPART 0281,5434.176070416748,1607637.3531712843,1916
3661,209510,1964228.796550837,5807.663543513566,2058,LAPD OLYMPIC 2058,6505.4397929773995,2148265.9813576424,45686
3662,212202,2222402.7280728286,6482.090647282603,2058,LAPD OLYMPIC 2058,6505.4397929773995,2148265.9813576424,3570
3663,212306,1742931.957435595,5316.961444581548,2058,LAPD OLYMPIC 2058,6505.4397929773995,2148265.9813576424,306
3664,213320,3352280.5966360103,7850.587882485564,2058,LAPD OLYMPIC 2058,6505.4397929773995,2148265.9813576424,560
3665,213401,2110768.920332413,6327.274224967614,2058,LAPD OLYMPIC 2058,6505.4397929773995,2148265.9813576424,2097197
3666,209510,1964228.796550837,5807.663543513566,2069,LAPD OLYMPIC 2069,8276.955094483097,4222985.609861647,2
3667,209810,1612737.6661822835,5415.906958145816,2069,LAPD OLYMPIC 2069,8276.955094483097,4222985.609861647,4625
3668,213320,3352280.5966360103,7850.587882485564,2069,LAPD OLYMPIC 2069,8276.955094483097,4222985.609861647,62
3669,213401,2110768.920332413,6327.274224967614,2069,LAPD OLYMPIC 2069,8276.955094483097,4222985.609861647,11196
3670,213402,4217750.291558936,8305.579389305381,2069,LAPD OLYMPIC 2069,8276.955094483097,4222985.609861647,4205235
3671,209520,2488320.2673909967,6468.36071291443,0285,LAPD RAMPART 0285,5711.234240163092,1939207.4588060258,11095
3672,209810,1612737.6661822835,5415.906958145816,0285,LAPD RAMPART 0285,5711.234240163092,1939207.4588060258,1887
3673,209820,1927868.325815419,5690.534786011756,0285,LAPD RAMPART 0285,5711.234240163092,1939207.4588060258,1920312
3674,210010,4402120.023029998,8907.430263843518,0285,LAPD RAMPART 0285,5711.234240163092,1939207.4588060258,3905
3675,224320,3129822.623031714,8444.169605289884,0285,LAPD RAMPART 0285,5711.234240163092,1939207.4588060258,1139
3676,209520,2488320.2673909967,6468.36071291443,0289,LAPD RAMPART 0289,5491.552876207152,1842528.586934576,71
3677,209820,1927868.325815419,5690.534786011756,0289,LAPD RAMPART 0289,5491.552876207152,1842528.586934576,1758
3678,210010,4402120.023029998,8907.430263843518,0289,LAPD RAMPART 0289,5491.552876207152,1842528.586934576,1838852
3679,224200,3963203.1794497515,8643.300182350935,0289,LAPD RAMPART 0289,5491.552876207152,1842528.586934576,1000
3680,224320,3129822.623031714,8444.169605289884,0289,LAPD RAMPART 0289,5491.552876207152,1842528.586934576,16
3681,209810,1612737.6661822835,5415.906958145816,0291,LAPD RAMPART 0291,6780.887239418693,1964000.8441625459,2204
3682,209820,1927868.325815419,5690.534786011756,0291,LAPD RAMPART 0291,6780.887239418693,1964000.8441625459,1050
3683,213402,4217750.291558936,8305.579389305381,0291,LAPD RAMPART 0291,6780.887239418693,1964000.8441625459,54
3684,221110,2521209.3961154516,6926.353803745644,0291,LAPD RAMPART 0291,6780.887239418693,1964000.8441625459,1131
3685,221120,3417542.64541403,7524.851759288542,0291,LAPD RAMPART 0291,6780.887239418693,1964000.8441625459,492
3686,224310,1946036.6966205854,6759.460353325664,0291,LAPD RAMPART 0291,6780.887239418693,1964000.8441625459,1936755
3687,224320,3129822.623031714,8444.169605289884,0291,LAPD RAMPART 0291,6780.887239418693,1964000.8441625459,21433
3688,209820,1927868.325815419,5690.534786011756,0295,LAPD RAMPART 0295,7104.161497469037,2541667.5124969115,2658
3689,224200,3963203.1794497515,8643.300182350935,0295,LAPD RAMPART 0295,7104.161497469037,2541667.5124969115,2021
3690,224320,3129822.623031714,8444.169605289884,0295,LAPD RAMPART 0295,7104.161497469037,2541667.5124969115,2535847
3691,210010,4402120.023029998,8907.430263843518,0299,LAPD RAMPART 0299,7901.627223267632,3742973.5013651773,4568
3692,224200,3963203.1794497515,8643.300182350935,0299,LAPD RAMPART 0299,7901.627223267632,3742973.5013651773,3732011
3693,224320,3129822.623031714,8444.169605289884,0299,LAPD RAMPART 0299,7901.627223267632,3742973.5013651773,4704
3694,211000,28596678.153370444,25170.33175847283,0735,LAPD WILSHIRE 0735,7696.823998062412,2534082.513772688,3717
3695,214503,2500554.1944441944,6988.649483410389,0735,LAPD WILSHIRE 0735,7696.823998062412,2534082.513772688,6690
3696,214504,1440309.9932598714,6176.152755169257,0735,LAPD WILSHIRE 0735,7696.823998062412,2534082.513772688,5306
3697,215101,3820631.8936737147,10271.581982307725,0735,LAPD WILSHIRE 0735,7696.823998062412,2534082.513772688,1180154
3698,215102,2774274.30975174,8182.358919068287,0735,LAPD WILSHIRE 0735,7696.823998062412,2534082.513772688,1333546
3699,216201,4971501.994861822,10417.189469354784,0735,LAPD WILSHIRE 0735,7696.823998062412,2534082.513772688,3645
3700,211000,28596678.153370444,25170.33175847283,0736,LAPD WILSHIRE 0736,4965.6649999042265,1434426.2166097295,1949
3701,214000,10887840.77612388,13352.897549412484,0736,LAPD WILSHIRE 0736,4965.6649999042265,1434426.2166097295,6152
3702,214100,11929138.364128407,14127.687845857352,0736,LAPD WILSHIRE 0736,4965.6649999042265,1434426.2166097295,13
3703,214504,1440309.9932598714,6176.152755169257,0736,LAPD WILSHIRE 0736,4965.6649999042265,1434426.2166097295,16
3704,215102,2774274.30975174,8182.358919068287,0736,LAPD WILSHIRE 0736,4965.6649999042265,1434426.2166097295,1425717
3705,211000,28596678.153370444,25170.33175847283,0737,LAPD WILSHIRE 0737,8225.904270575043,3043117.309763017,3035777
3706,214100,11929138.364128407,14127.687845857352,0737,LAPD WILSHIRE 0737,8225.904270575043,3043117.309763017,5990
3707,215102,2774274.30975174,8182.358919068287,0737,LAPD WILSHIRE 0737,8225.904270575043,3043117.309763017,117
3708,211000,28596678.153370444,25170.33175847283,0738,LAPD WILSHIRE 0738,12089.826904692412,8841303.309788795,8829948
3709,212702,9478753.94580984,13476.03799304575,0738,LAPD WILSHIRE 0738,12089.826904692412,8841303.309788795,173
3710,214100,11929138.364128407,14127.687845857352,0738,LAPD WILSHIRE 0738,12089.826904692412,8841303.309788795,7568
3711,211000,28596678.153370444,25170.33175847283,0739,LAPD WILSHIRE 0739,10144.81225917278,6240799.428060174,6237218
3712,211701,7012738.230793202,10536.811437741151,0739,LAPD WILSHIRE 0739,10144.81225917278,6240799.428060174,869
3713,212702,9478753.94580984,13476.03799304575,0739,LAPD WILSHIRE 0739,10144.81225917278,6240799.428060174,131
3714,211000,28596678.153370444,25170.33175847283,0745,LAPD WILSHIRE 0745,13939.576409811785,10331612.023222635,6181
3715,215101,3820631.8936737147,10271.581982307725,0745,LAPD WILSHIRE 0745,13939.576409811785,10331612.023222635,34256
3716,215102,2774274.30975174,8182.358919068287,0745,LAPD WILSHIRE 0745,13939.576409811785,10331612.023222635,12119
3717,216100,7265854.494017113,11195.402907787,0745,LAPD WILSHIRE 0745,13939.576409811785,10331612.023222635,2707
3718,216201,4971501.994861822,10417.189469354784,0745,LAPD WILSHIRE 0745,13939.576409811785,10331612.023222635,4961177
3719,216202,5409279.50694711,10216.26036774881,0745,LAPD WILSHIRE 0745,13939.576409811785,10331612.023222635,5302303
3720,216302,7631337.936922758,11342.46493601306,0745,LAPD WILSHIRE 0745,13939.576409811785,10331612.023222635,7291
3721,217200,9892604.841348493,15006.488704559262,0745,LAPD WILSHIRE 0745,13939.576409811785,10331612.023222635,1391
3722,211000,28596678.153370444,25170.33175847283,0747,LAPD WILSHIRE 0747,11199.348299780779,7260921.150608471,16923
3723,216100,7265854.494017113,11195.402907787,0747,LAPD WILSHIRE 0747,11199.348299780779,7260921.150608471,7233930
3724,216201,4971501.994861822,10417.189469354784,0747,LAPD WILSHIRE 0747,11199.348299780779,7260921.150608471,2607
3725,216202,5409279.50694711,10216.26036774881,0747,LAPD WILSHIRE 0747,11199.348299780779,7260921.150608471,4475
3726,217200,9892604.841348493,15006.488704559262,0747,LAPD WILSHIRE 0747,11199.348299780779,7260921.150608471,1
3727,211000,28596678.153370444,25170.33175847283,0749,LAPD WILSHIRE 0749,13437.47530208461,9467726.223464824,9354
3728,211701,7012738.230793202,10536.811437741151,0749,LAPD WILSHIRE 0749,13437.47530208461,9467726.223464824,5789
3729,212701,5054873.233599982,10686.75728685566,0749,LAPD WILSHIRE 0749,13437.47530208461,9467726.223464824,1608
3730,212702,9478753.94580984,13476.03799304575,0749,LAPD WILSHIRE 0749,13437.47530208461,9467726.223464824,9439863
3731,212800,8409458.775554378,11737.630776931599,0749,LAPD WILSHIRE 0749,13437.47530208461,9467726.223464824,118
3732,216100,7265854.494017113,11195.402907787,0749,LAPD WILSHIRE 0749,13437.47530208461,9467726.223464824,7047
3733,211000,28596678.153370444,25170.33175847283,2021,LAPD OLYMPIC 2021,11395.880525892084,7272468.43997188,2498
3734,211500,9784611.949885007,13106.019300209411,2021,LAPD OLYMPIC 2021,11395.880525892084,7272468.43997188,14079
3735,211701,7012738.230793202,10536.811437741151,2021,LAPD OLYMPIC 2021,11395.880525892084,7272468.43997188,6998757
3736,211703,1981686.8796683494,5697.205811942579,2021,LAPD OLYMPIC 2021,11395.880525892084,7272468.43997188,5347
3737,211704,1990706.1228259953,5747.498383360497,2021,LAPD OLYMPIC 2021,11395.880525892084,7272468.43997188,248742
3738,211122,3934733.820159645,8274.051867988455,2017,LAPD OLYMPIC 2017,5683.368120749626,2006552.9114592948,2352
3739,211202,1928500.754112558,5559.519693549247,2017,LAPD OLYMPIC 2017,5683.368120749626,2006552.9114592948,6018
3740,211310,1549310.5340293883,4998.404246878873,2017,LAPD OLYMPIC 2017,5683.368120749626,2006552.9114592948,749
3741,211320,2004977.2149454537,5674.508817546561,2017,LAPD OLYMPIC 2017,5683.368120749626,2006552.9114592948,1996572
3742,211122,3934733.820159645,8274.051867988455,2026,LAPD OLYMPIC 2026,5663.480487708561,1997430.135580992,3
3743,211124,4252116.000799734,8179.690836849897,2026,LAPD OLYMPIC 2026,5663.480487708561,1997430.135580992,2835
3744,211320,2004977.2149454537,5674.508817546561,2026,LAPD OLYMPIC 2026,5663.480487708561,1997430.135580992,6192
3745,211921,997421.5873320452,4152.132573505521,2026,LAPD OLYMPIC 2026,5663.480487708561,1997430.135580992,992844
3746,211922,999882.1878276069,4155.338502080347,2026,LAPD OLYMPIC 2026,5663.480487708561,1997430.135580992,994694
3747,211123,1851716.0456623498,6798.256628968267,2027,LAPD OLYMPIC 2027,7925.974585522234,3497646.165010504,960
3748,211124,4252116.000799734,8179.690836849897,2027,LAPD OLYMPIC 2027,7925.974585522234,3497646.165010504,495
3749,211802,3502699.2514560902,7938.572086404726,2027,LAPD OLYMPIC 2027,7925.974585522234,3497646.165010504,1492
3750,211803,1501836.6231598463,4915.856684102395,2027,LAPD OLYMPIC 2027,7925.974585522234,3497646.165010504,0
3751,211910,1485020.0879704456,4890.39936300982,2027,LAPD OLYMPIC 2027,7925.974585522234,3497646.165010504,4708
3752,211921,997421.5873320452,4152.132573505521,2027,LAPD OLYMPIC 2027,7925.974585522234,3497646.165010504,4024
3753,211922,999882.1878276069,4155.338502080347,2027,LAPD OLYMPIC 2027,7925.974585522234,3497646.165010504,3357
3754,212101,1999632.817507157,5670.100104297958,2027,LAPD OLYMPIC 2027,7925.974585522234,3497646.165010504,1993140
3755,212102,1492493.5610729747,4902.634444695194,2027,LAPD OLYMPIC 2027,7925.974585522234,3497646.165010504,1487958
3756,211123,1851716.0456623498,6798.256628968267,2038,LAPD OLYMPIC 2038,4507.812704458853,1144064.6904837035,3455
3757,212101,1999632.817507157,5670.100104297958,2038,LAPD OLYMPIC 2038,4507.812704458853,1144064.6904837035,8
3758,212203,1144315.9299321075,4500.812925951627,2038,LAPD OLYMPIC 2038,4507.812704458853,1144064.6904837035,1134594
3759,212204,2294672.7555941925,6149.261568261918,2038,LAPD OLYMPIC 2038,4507.812704458853,1144064.6904837035,4101
3760,212303,1675360.5486684816,5219.253927172561,2038,LAPD OLYMPIC 2038,4507.812704458853,1144064.6904837035,1406
3761,211201,1500115.6634602118,4915.797810777625,2016,LAPD OLYMPIC 2016,5000.798035893725,1547433.778808606,6093
3762,211202,1928500.754112558,5559.519693549247,2016,LAPD OLYMPIC 2016,5000.798035893725,1547433.778808606,11
3763,211310,1549310.5340293883,4998.404246878873,2016,LAPD OLYMPIC 2016,5000.798035893725,1547433.778808606,1539530
3764,211320,2004977.2149454537,5674.508817546561,2016,LAPD OLYMPIC 2016,5000.798035893725,1547433.778808606,1137
3765,211310,1549310.5340293883,4998.404246878873,2023,LAPD OLYMPIC 2023,7937.421695140375,3494411.0914490176,0
3766,211410,2914743.7786198272,7500.754844412297,2023,LAPD OLYMPIC 2023,7937.421695140375,3494411.0914490176,5843
3767,211420,4101871.117971389,8393.585104120997,2023,LAPD OLYMPIC 2023,7937.421695140375,3494411.0914490176,6785
3768,211803,1501836.6231598463,4915.856684102395,2023,LAPD OLYMPIC 2023,7937.421695140375,3494411.0914490176,1494383
3769,211804,2001609.5982249037,5672.183285175022,2023,LAPD OLYMPIC 2023,7937.421695140375,3494411.0914490176,1985889
3770,211910,1485020.0879704456,4890.39936300982,2023,LAPD OLYMPIC 2023,7937.421695140375,3494411.0914490176,24
3771,211310,1549310.5340293883,4998.404246878873,2025,LAPD OLYMPIC 2025,4894.02086551428,1488421.376273197,6730
3772,211320,2004977.2149454537,5674.508817546561,2025,LAPD OLYMPIC 2025,4894.02086551428,1488421.376273197,1
3773,211803,1501836.6231598463,4915.856684102395,2025,LAPD OLYMPIC 2025,4894.02086551428,1488421.376273197,0
3774,211910,1485020.0879704456,4890.39936300982,2025,LAPD OLYMPIC 2025,4894.02086551428,1488421.376273197,1479651
3775,211922,999882.1878276069,4155.338502080347,2025,LAPD OLYMPIC 2025,4894.02086551428,1488421.376273197,1399
3776,211410,2914743.7786198272,7500.754844412297,2022,LAPD OLYMPIC 2022,8376.03705940781,3725970.2837375496,14
3777,211500,9784611.949885007,13106.019300209411,2022,LAPD OLYMPIC 2022,8376.03705940781,3725970.2837375496,9825
3778,211701,7012738.230793202,10536.811437741151,2022,LAPD OLYMPIC 2022,8376.03705940781,3725970.2837375496,160
3779,211703,1981686.8796683494,5697.205811942579,2022,LAPD OLYMPIC 2022,8376.03705940781,3725970.2837375496,1975504
3780,211704,1990706.1228259953,5747.498383360497,2022,LAPD OLYMPIC 2022,8376.03705940781,3725970.2837375496,1732956
3781,211802,3502699.2514560902,7938.572086404726,2022,LAPD OLYMPIC 2022,8376.03705940781,3725970.2837375496,4026
3782,211804,2001609.5982249037,5672.183285175022,2022,LAPD OLYMPIC 2022,8376.03705940781,3725970.2837375496,1910
3783,211701,7012738.230793202,10536.811437741151,2031,LAPD OLYMPIC 2031,8378.575965402666,3845728.205895643,4229
3784,211704,1990706.1228259953,5747.498383360497,2031,LAPD OLYMPIC 2031,8378.575965402666,3845728.205895643,8165
3785,211802,3502699.2514560902,7938.572086404726,2031,LAPD OLYMPIC 2031,8378.575965402666,3845728.205895643,19
3786,212502,3068569.8026963533,8256.683306553472,2031,LAPD OLYMPIC 2031,8378.575965402666,3845728.205895643,3711
3787,212610,3844339.7095462726,8377.370831883904,2031,LAPD OLYMPIC 2031,8378.575965402666,3845728.205895643,3819498
3788,212702,9478753.94580984,13476.03799304575,2031,LAPD OLYMPIC 2031,8378.575965402666,3845728.205895643,8477
3789,211802,3502699.2514560902,7938.572086404726,2024,LAPD OLYMPIC 2024,7936.548013663738,3505812.8641619324,3484534
3790,211803,1501836.6231598463,4915.856684102395,2024,LAPD OLYMPIC 2024,7936.548013663738,3505812.8641619324,6812
3791,211804,2001609.5982249037,5672.183285175022,2024,LAPD OLYMPIC 2024,7936.548013663738,3505812.8641619324,12961
3792,212102,1492493.5610729747,4902.634444695194,2024,LAPD OLYMPIC 2024,7936.548013663738,3505812.8641619324,9
3793,211802,3502699.2514560902,7938.572086404726,2033,LAPD OLYMPIC 2033,8258.637306490686,3929165.2868721434,6937
3794,212410,1691952.9620700658,5550.696623713877,2033,LAPD OLYMPIC 2033,8258.637306490686,3929165.2868721434,5448
3795,212420,1544109.3678985748,4956.629219675437,2033,LAPD OLYMPIC 2033,8258.637306490686,3929165.2868721434,1998
3796,212501,856756.822717764,3804.129905778363,2033,LAPD OLYMPIC 2033,8258.637306490686,3929165.2868721434,853222
3797,212502,3068569.8026963533,8256.683306553472,2033,LAPD OLYMPIC 2033,8258.637306490686,3929165.2868721434,3059668
3798,212610,3844339.7095462726,8377.370831883904,2033,LAPD OLYMPIC 2033,8258.637306490686,3929165.2868721434,91
3799,212620,3106627.795033739,7948.079843150263,2033,LAPD OLYMPIC 2033,8258.637306490686,3929165.2868721434,118
3800,211802,3502699.2514560902,7938.572086404726,2034,LAPD OLYMPIC 2034,5777.261149056127,1735039.5732885522,4186
3801,212304,2213842.598516764,6305.425674003436,2034,LAPD OLYMPIC 2034,5777.261149056127,1735039.5732885522,51613
3802,212410,1691952.9620700658,5550.696623713877,2034,LAPD OLYMPIC 2034,5777.261149056127,1735039.5732885522,1678493
3803,211802,3502699.2514560902,7938.572086404726,2035,LAPD OLYMPIC 2035,6150.493831898118,2161083.8739820877,7
3804,212101,1999632.817507157,5670.100104297958,2035,LAPD OLYMPIC 2035,6150.493831898118,2161083.8739820877,1275
3805,212102,1492493.5610729747,4902.634444695194,2035,LAPD OLYMPIC 2035,6150.493831898118,2161083.8739820877,3883
3806,212303,1675360.5486684816,5219.253927172561,2035,LAPD OLYMPIC 2035,6150.493831898118,2161083.8739820877,51
3807,212304,2213842.598516764,6305.425674003436,2035,LAPD OLYMPIC 2035,6150.493831898118,2161083.8739820877,2154915
3808,212410,1691952.9620700658,5550.696623713877,2035,LAPD OLYMPIC 2035,6150.493831898118,2161083.8739820877,16
3809,212101,1999632.817507157,5670.100104297958,2036,LAPD OLYMPIC 2036,5215.089474351419,1675797.2055717716,4027
3810,212203,1144315.9299321075,4500.812925951627,2036,LAPD OLYMPIC 2036,5215.089474351419,1675797.2055717716,800
3811,212303,1675360.5486684816,5219.253927172561,2036,LAPD OLYMPIC 2036,5215.089474351419,1675797.2055717716,1669225
3812,212304,2213842.598516764,6305.425674003436,2036,LAPD OLYMPIC 2036,5215.089474351419,1675797.2055717716,1015
3813,212202,2222402.7280728286,6482.090647282603,2046,LAPD OLYMPIC 2046,5295.39228537393,1736732.6768796241,750
3814,212303,1675360.5486684816,5219.253927172561,2046,LAPD OLYMPIC 2046,5295.39228537393,1736732.6768796241,3937
3815,212304,2213842.598516764,6305.425674003436,2046,LAPD OLYMPIC 2046,5295.39228537393,1736732.6768796241,1230
3816,212306,1742931.957435595,5316.961444581548,2046,LAPD OLYMPIC 2046,5295.39228537393,1736732.6768796241,1730002
3817,213401,2110768.920332413,6327.274224967614,2046,LAPD OLYMPIC 2046,5295.39228537393,1736732.6768796241,56
3818,212304,2213842.598516764,6305.425674003436,2044,LAPD OLYMPIC 2044,4963.553152777239,1548747.0893773816,13
3819,212305,1163116.7275934005,4358.271391931378,2044,LAPD OLYMPIC 2044,4963.553152777239,1548747.0893773816,5324
3820,212410,1691952.9620700658,5550.696623713877,2044,LAPD OLYMPIC 2044,4963.553152777239,1548747.0893773816,7267
3821,212420,1544109.3678985748,4956.629219675437,2044,LAPD OLYMPIC 2044,4963.553152777239,1548747.0893773816,1535469
3822,212501,856756.822717764,3804.129905778363,2044,LAPD OLYMPIC 2044,4963.553152777239,1548747.0893773816,5
3823,212304,2213842.598516764,6305.425674003436,2045,LAPD OLYMPIC 2045,4365.760016580935,1164446.6790022657,4098
3824,212305,1163116.7275934005,4358.271391931378,2045,LAPD OLYMPIC 2045,4365.760016580935,1164446.6790022657,1153912
3825,212306,1742931.957435595,5316.961444581548,2045,LAPD OLYMPIC 2045,4365.760016580935,1164446.6790022657,5924
3826,212420,1544109.3678985748,4956.629219675437,2045,LAPD OLYMPIC 2045,4365.760016580935,1164446.6790022657,6
3827,212305,1163116.7275934005,4358.271391931378,2054,LAPD OLYMPIC 2054,5251.562140241287,1660562.4316176586,12
3828,212420,1544109.3678985748,4956.629219675437,2054,LAPD OLYMPIC 2054,5251.562140241287,1660562.4316176586,5969
3829,212501,856756.822717764,3804.129905778363,2054,LAPD OLYMPIC 2054,5251.562140241287,1660562.4316176586,1
3830,213201,3605253.4574748133,8208.738577599714,2054,LAPD OLYMPIC 2054,5251.562140241287,1660562.4316176586,1647996
3831,213310,3359268.73008161,7825.237355631868,2054,LAPD OLYMPIC 2054,5251.562140241287,1660562.4316176586,5865
3832,212305,1163116.7275934005,4358.271391931378,2055,LAPD OLYMPIC 2055,7850.521669965209,3352252.781926337,3363
3833,212306,1742931.957435595,5316.961444581548,2055,LAPD OLYMPIC 2055,7850.521669965209,3352252.781926337,837
3834,213201,3605253.4574748133,8208.738577599714,2055,LAPD OLYMPIC 2055,7850.521669965209,3352252.781926337,290
3835,213202,3637318.7577110464,8141.435728565725,2055,LAPD OLYMPIC 2055,7850.521669965209,3352252.781926337,65
3836,213310,3359268.73008161,7825.237355631868,2055,LAPD OLYMPIC 2055,7850.521669965209,3352252.781926337,3342715
3837,213320,3352280.5966360103,7850.587882485564,2055,LAPD OLYMPIC 2055,7850.521669965209,3352252.781926337,3520
3838,212306,1742931.957435595,5316.961444581548,2056,LAPD OLYMPIC 2056,7826.034385004128,3353032.1981089995,4255
3839,213310,3359268.73008161,7825.237355631868,2056,LAPD OLYMPIC 2056,7826.034385004128,3353032.1981089995,1307
3840,213320,3352280.5966360103,7850.587882485564,2056,LAPD OLYMPIC 2056,7826.034385004128,3353032.1981089995,3343447
3841,213401,2110768.920332413,6327.274224967614,2056,LAPD OLYMPIC 2056,7826.034385004128,3353032.1981089995,994
3842,213402,4217750.291558936,8305.579389305381,2056,LAPD OLYMPIC 2056,7826.034385004128,3353032.1981089995,1559
3843,212501,856756.822717764,3804.129905778363,2053,LAPD OLYMPIC 2053,5600.727545193654,1949601.2674322845,3160
3844,212502,3068569.8026963533,8256.683306553472,2053,LAPD OLYMPIC 2053,5600.727545193654,1949601.2674322845,3070
3845,213100,5780618.334880965,10508.28140935583,2053,LAPD OLYMPIC 2053,5600.727545193654,1949601.2674322845,40
3846,213201,3605253.4574748133,8208.738577599714,2053,LAPD OLYMPIC 2053,5600.727545193654,1949601.2674322845,1942491
3847,212502,3068569.8026963533,8256.683306553472,2042,LAPD OLYMPIC 2042,7965.423630329108,3125542.6790280156,798
3848,212610,3844339.7095462726,8377.370831883904,2042,LAPD OLYMPIC 2042,7965.423630329108,3125542.6790280156,18931
3849,212620,3106627.795033739,7948.079843150263,2042,LAPD OLYMPIC 2042,7965.423630329108,3125542.6790280156,3093764
3850,212701,5054873.233599982,10686.75728685566,2042,LAPD OLYMPIC 2042,7965.423630329108,3125542.6790280156,10720
3851,212502,3068569.8026963533,8256.683306553472,2062,LAPD OLYMPIC 2062,10490.6961050714,5785662.242017396,10
3852,212620,3106627.795033739,7948.079843150263,2062,LAPD OLYMPIC 2062,10490.6961050714,5785662.242017396,7704
3853,212701,5054873.233599982,10686.75728685566,2062,LAPD OLYMPIC 2062,10490.6961050714,5785662.242017396,4414
3854,212900,4021574.8475992894,8954.956840942423,2062,LAPD OLYMPIC 2062,10490.6961050714,5785662.242017396,5557
3855,213100,5780618.334880965,10508.28140935583,2062,LAPD OLYMPIC 2062,10490.6961050714,5785662.242017396,5761580
3856,213201,3605253.4574748133,8208.738577599714,2062,LAPD OLYMPIC 2062,10490.6961050714,5785662.242017396,1320
3857,213202,3637318.7577110464,8141.435728565725,2062,LAPD OLYMPIC 2062,10490.6961050714,5785662.242017396,2602
3858,212610,3844339.7095462726,8377.370831883904,2041,LAPD OLYMPIC 2041,10621.608737138526,5049367.126313834,4192
3859,212620,3106627.795033739,7948.079843150263,2041,LAPD OLYMPIC 2041,10621.608737138526,5049367.126313834,3720
3860,212701,5054873.233599982,10686.75728685566,2041,LAPD OLYMPIC 2041,10621.608737138526,5049367.126313834,5023507
3861,212702,9478753.94580984,13476.03799304575,2041,LAPD OLYMPIC 2041,10621.608737138526,5049367.126313834,7867
3862,212900,4021574.8475992894,8954.956840942423,2041,LAPD OLYMPIC 2041,10621.608737138526,5049367.126313834,599
3863,213100,5780618.334880965,10508.28140935583,2041,LAPD OLYMPIC 2041,10621.608737138526,5049367.126313834,7347
3864,212701,5054873.233599982,10686.75728685566,0758,LAPD WILSHIRE 0758,11732.167238033198,8421111.974695804,8
3865,212702,9478753.94580984,13476.03799304575,0758,LAPD WILSHIRE 0758,11732.167238033198,8421111.974695804,18290
3866,212800,8409458.775554378,11737.630776931599,0758,LAPD WILSHIRE 0758,11732.167238033198,8421111.974695804,8387785
3867,212900,4021574.8475992894,8954.956840942423,0758,LAPD WILSHIRE 0758,11732.167238033198,8421111.974695804,2920
3868,216100,7265854.494017113,11195.402907787,0758,LAPD WILSHIRE 0758,11732.167238033198,8421111.974695804,4574
3869,217200,9892604.841348493,15006.488704559262,0758,LAPD WILSHIRE 0758,11732.167238033198,8421111.974695804,4020
3870,212701,5054873.233599982,10686.75728685566,0759,LAPD WILSHIRE 0759,8928.636681919475,4019576.817016686,12478
3871,212800,8409458.775554378,11737.630776931599,0759,LAPD WILSHIRE 0759,8928.636681919475,4019576.817016686,1862
3872,212900,4021574.8475992894,8954.956840942423,0759,LAPD WILSHIRE 0759,8928.636681919475,4019576.817016686,4003534
3873,212800,8409458.775554378,11737.630776931599,0765,LAPD WILSHIRE 0765,14993.797757755556,10028523.597321497,5630
3874,216100,7265854.494017113,11195.402907787,0765,LAPD WILSHIRE 0765,14993.797757755556,10028523.597321497,14610
3875,216202,5409279.50694711,10216.26036774881,0765,LAPD WILSHIRE 0765,14993.797757755556,10028523.597321497,6882
3876,217101,4261607.468786891,9362.6058984759,0765,LAPD WILSHIRE 0765,14993.797757755556,10028523.597321497,795
3877,217102,5402500.471912728,9507.488687097144,0765,LAPD WILSHIRE 0765,14993.797757755556,10028523.597321497,1029
3878,217200,9892604.841348493,15006.488704559262,0765,LAPD WILSHIRE 0765,14993.797757755556,10028523.597321497,9865405
3879,218210,4181546.303403679,8771.28053868117,0765,LAPD WILSHIRE 0765,14993.797757755556,10028523.597321497,32926
3880,218220,7241641.64328905,11685.475195350655,0765,LAPD WILSHIRE 0765,14993.797757755556,10028523.597321497,51679
3881,218300,9696120.914082719,17311.94686651625,0765,LAPD WILSHIRE 0765,14993.797757755556,10028523.597321497,45440
3882,212800,8409458.775554378,11737.630776931599,0766,LAPD WILSHIRE 0766,5968.197242143756,1915343.874933307,10543
3883,217200,9892604.841348493,15006.488704559262,0766,LAPD WILSHIRE 0766,5968.197242143756,1915343.874933307,16489
3884,218110,6443295.400664715,12758.856672749132,0766,LAPD WILSHIRE 0766,5968.197242143756,1915343.874933307,1857373
3885,218220,7241641.64328905,11685.475195350655,0766,LAPD WILSHIRE 0766,5968.197242143756,1915343.874933307,30135
3886,212800,8409458.775554378,11737.630776931599,0767,LAPD WILSHIRE 0767,5368.892170926313,1735455.7323215655,12
3887,212900,4021574.8475992894,8954.956840942423,0767,LAPD WILSHIRE 0767,5368.892170926313,1735455.7323215655,2920
3888,218110,6443295.400664715,12758.856672749132,0767,LAPD WILSHIRE 0767,5368.892170926313,1735455.7323215655,1728111
3889,218120,4792188.031995472,8884.873610145149,0767,LAPD WILSHIRE 0767,5368.892170926313,1735455.7323215655,3678
3890,218220,7241641.64328905,11685.475195350655,0767,LAPD WILSHIRE 0767,5368.892170926313,1735455.7323215655,0
3891,212900,4021574.8475992894,8954.956840942423,0769,LAPD WILSHIRE 0769,6203.222875866175,2384031.2914020927,4318
3892,218110,6443295.400664715,12758.856672749132,0769,LAPD WILSHIRE 0769,6203.222875866175,2384031.2914020927,1170
3893,218120,4792188.031995472,8884.873610145149,0769,LAPD WILSHIRE 0769,6203.222875866175,2384031.2914020927,2377439
3894,221304,2446087.842331007,6306.611589293335,0769,LAPD WILSHIRE 0769,6203.222875866175,2384031.2914020927,89
3895,212900,4021574.8475992894,8954.956840942423,2071,LAPD OLYMPIC 2071,7878.648100904215,3475201.331502898,22
3896,213100,5780618.334880965,10508.28140935583,2071,LAPD OLYMPIC 2071,7878.648100904215,3475201.331502898,9165
3897,213202,3637318.7577110464,8141.435728565725,2071,LAPD OLYMPIC 2071,7878.648100904215,3475201.331502898,17
3898,218120,4792188.031995472,8884.873610145149,2071,LAPD OLYMPIC 2071,7878.648100904215,3475201.331502898,2997
3899,221302,4974449.327302527,10183.103403739045,2071,LAPD OLYMPIC 2071,7878.648100904215,3475201.331502898,103
3900,221303,2518370.879425637,6486.093990205271,2071,LAPD OLYMPIC 2071,7878.648100904215,3475201.331502898,1023968
3901,221304,2446087.842331007,6306.611589293335,2071,LAPD OLYMPIC 2071,7878.648100904215,3475201.331502898,2437435
3902,213100,5780618.334880965,10508.28140935583,2063,LAPD OLYMPIC 2063,5608.714092489761,1960855.9511813968,12
3903,213201,3605253.4574748133,8208.738577599714,2063,LAPD OLYMPIC 2063,5608.714092489761,1960855.9511813968,6530
3904,213202,3637318.7577110464,8141.435728565725,2063,LAPD OLYMPIC 2063,5608.714092489761,1960855.9511813968,1953467
3905,213201,3605253.4574748133,8208.738577599714,2064,LAPD OLYMPIC 2064,5177.15813764591,1680536.1856773123,5071
3906,213202,3637318.7577110464,8141.435728565725,2064,LAPD OLYMPIC 2064,5177.15813764591,1680536.1856773123,1670151
3907,213310,3359268.73008161,7825.237355631868,2064,LAPD OLYMPIC 2064,5177.15813764591,1680536.1856773123,4583
3908,213202,3637318.7577110464,8141.435728565725,2073,LAPD OLYMPIC 2073,4916.410287245472,1498696.269218076,5350
3909,221210,3861959.827470565,8419.212421632354,2073,LAPD OLYMPIC 2073,4916.410287245472,1498696.269218076,5658
3910,221303,2518370.879425637,6486.093990205271,2073,LAPD OLYMPIC 2073,4916.410287245472,1498696.269218076,1487038
3911,213202,3637318.7577110464,8141.435728565725,2074,LAPD OLYMPIC 2074,8416.240622156172,3862333.089717273,4060
3912,221210,3861959.827470565,8419.212421632354,2074,LAPD OLYMPIC 2074,8416.240622156172,3862333.089717273,3845565
3913,221220,7097658.142576536,10529.477774704428,2074,LAPD OLYMPIC 2074,8416.240622156172,3862333.089717273,10927
3914,221303,2518370.879425637,6486.093990205271,2074,LAPD OLYMPIC 2074,8416.240622156172,3862333.089717273,96
3915,213202,3637318.7577110464,8141.435728565725,2076,LAPD OLYMPIC 2076,10528.661226914513,7089705.506757066,30
3916,213310,3359268.73008161,7825.237355631868,2076,LAPD OLYMPIC 2076,10528.661226914513,7089705.506757066,3333
3917,213320,3352280.5966360103,7850.587882485564,2076,LAPD OLYMPIC 2076,10528.661226914513,7089705.506757066,3221
3918,213402,4217750.291558936,8305.579389305381,2076,LAPD OLYMPIC 2076,10528.661226914513,7089705.506757066,3
3919,221110,2521209.3961154516,6926.353803745644,2076,LAPD OLYMPIC 2076,10528.661226914513,7089705.506757066,3165
3920,221120,3417542.64541403,7524.851759288542,2076,LAPD OLYMPIC 2076,10528.661226914513,7089705.506757066,3361
3921,221210,3861959.827470565,8419.212421632354,2076,LAPD OLYMPIC 2076,10528.661226914513,7089705.506757066,785
3922,221220,7097658.142576536,10529.477774704428,2076,LAPD OLYMPIC 2076,10528.661226914513,7089705.506757066,7072687
3923,213402,4217750.291558936,8305.579389305381,2079,LAPD OLYMPIC 2079,6914.650556117196,2518960.8234163173,6790
3924,221110,2521209.3961154516,6926.353803745644,2079,LAPD OLYMPIC 2079,6914.650556117196,2518960.8234163173,2505938
3925,221120,3417542.64541403,7524.851759288542,2079,LAPD OLYMPIC 2079,6914.650556117196,2518960.8234163173,221
3926,224310,1946036.6966205854,6759.460353325664,2079,LAPD OLYMPIC 2079,6914.650556117196,2518960.8234163173,4893
3927,214000,10887840.77612388,13352.897549412484,0724,LAPD WILSHIRE 0724,8776.981896542095,4672830.969652826,71
3928,214400,3705377.338903037,7957.457330866338,0724,LAPD WILSHIRE 0724,8776.981896542095,4672830.969652826,5260
3929,214501,8098023.898889195,14036.475308576593,0724,LAPD WILSHIRE 0724,8776.981896542095,4672830.969652826,4665631
3930,214505,1338755.1668628731,7174.965633036844,0724,LAPD WILSHIRE 0724,8776.981896542095,4672830.969652826,30
3931,214000,10887840.77612388,13352.897549412484,0725,LAPD WILSHIRE 0725,7359.7148443085225,3160958.8162266784,3156979
3932,214501,8098023.898889195,14036.475308576593,0725,LAPD WILSHIRE 0725,7359.7148443085225,3160958.8162266784,2724
3933,214000,10887840.77612388,13352.897549412484,0726,LAPD WILSHIRE 0726,7890.389968291479,3584795.3347753156,3581948
3934,214100,11929138.364128407,14127.687845857352,0726,LAPD WILSHIRE 0726,7890.389968291479,3584795.3347753156,1414
3935,214000,10887840.77612388,13352.897549412484,0734,LAPD WILSHIRE 0734,12648.798708464436,8670189.77179183,13415
3936,214501,8098023.898889195,14036.475308576593,0734,LAPD WILSHIRE 0734,12648.798708464436,8670189.77179183,3398866
3937,214503,2500554.1944441944,6988.649483410389,0734,LAPD WILSHIRE 0734,12648.798708464436,8670189.77179183,2480210
3938,214504,1440309.9932598714,6176.152755169257,0734,LAPD WILSHIRE 0734,12648.798708464436,8670189.77179183,1434411
3939,214505,1338755.1668628731,7174.965633036844,0734,LAPD WILSHIRE 0734,12648.798708464436,8670189.77179183,1338190
3940,215102,2774274.30975174,8182.358919068287,0734,LAPD WILSHIRE 0734,12648.798708464436,8670189.77179183,1655
3941,214501,8098023.898889195,14036.475308576593,0732,LAPD WILSHIRE 0732,10209.577941813806,6396798.890611595,5449
3942,214600,6255700.508453354,10110.467175873304,0732,LAPD WILSHIRE 0732,10209.577941813806,6396798.890611595,11248
3943,214700,6386540.360127091,10225.832364706259,0732,LAPD WILSHIRE 0732,10209.577941813806,6396798.890611595,6373693
3944,214800,6211394.760478844,11237.41318670217,0732,LAPD WILSHIRE 0732,10209.577941813806,6396798.890611595,797
3945,215101,3820631.8936737147,10271.581982307725,0732,LAPD WILSHIRE 0732,10209.577941813806,6396798.890611595,3109
3946,214501,8098023.898889195,14036.475308576593,0733,LAPD WILSHIRE 0733,7661.44844337414,2550524.440958575,16834
3947,214503,2500554.1944441944,6988.649483410389,0733,LAPD WILSHIRE 0733,7661.44844337414,2550524.440958575,12659
3948,214700,6386540.360127091,10225.832364706259,0733,LAPD WILSHIRE 0733,7661.44844337414,2550524.440958575,171
3949,215101,3820631.8936737147,10271.581982307725,0733,LAPD WILSHIRE 0733,7661.44844337414,2550524.440958575,2519844
3950,214700,6386540.360127091,10225.832364706259,0742,LAPD WILSHIRE 0742,11340.296801109214,6054673.289982517,8534
3951,214800,6211394.760478844,11237.41318670217,0742,LAPD WILSHIRE 0742,11340.296801109214,6054673.289982517,1497
3952,216301,6069451.382060696,11388.509845702873,0742,LAPD WILSHIRE 0742,11340.296801109214,6054673.289982517,6040683
3953,216302,7631337.936922758,11342.46493601306,0742,LAPD WILSHIRE 0742,11340.296801109214,6054673.289982517,372
3954,216401,4429446.711557465,8621.81641782717,0742,LAPD WILSHIRE 0742,11340.296801109214,6054673.289982517,0
3955,216800,7963392.146872052,11547.785771131888,0742,LAPD WILSHIRE 0742,11340.296801109214,6054673.289982517,29
3956,700802,7376785.23750455,15092.749462078833,0742,LAPD WILSHIRE 0742,11340.296801109214,6054673.289982517,0
3957,700901,11341285.112797039,18848.963031473362,0742,LAPD WILSHIRE 0742,11340.296801109214,6054673.289982517,1180
3958,214700,6386540.360127091,10225.832364706259,0743,LAPD WILSHIRE 0743,11336.566962608167,7591752.759477934,91
3959,215101,3820631.8936737147,10271.581982307725,0743,LAPD WILSHIRE 0743,11336.566962608167,7591752.759477934,81742
3960,216201,4971501.994861822,10417.189469354784,0743,LAPD WILSHIRE 0743,11336.566962608167,7591752.759477934,2061
3961,216202,5409279.50694711,10216.26036774881,0743,LAPD WILSHIRE 0743,11336.566962608167,7591752.759477934,106
3962,216301,6069451.382060696,11388.509845702873,0743,LAPD WILSHIRE 0743,11336.566962608167,7591752.759477934,6268
3963,216302,7631337.936922758,11342.46493601306,0743,LAPD WILSHIRE 0743,11336.566962608167,7591752.759477934,7498454
3964,216202,5409279.50694711,10216.26036774881,0755,LAPD WILSHIRE 0755,9570.889614264936,5514798.02654808,93317
3965,216302,7631337.936922758,11342.46493601306,0755,LAPD WILSHIRE 0755,9570.889614264936,5514798.02654808,34476
3966,216901,7568795.035428764,12077.371874297827,0755,LAPD WILSHIRE 0755,9570.889614264936,5514798.02654808,3571
3967,216902,4212778.105704095,9165.244633624096,0755,LAPD WILSHIRE 0755,9570.889614264936,5514798.02654808,2189
3968,217102,5402500.471912728,9507.488687097144,0755,LAPD WILSHIRE 0755,9570.889614264936,5514798.02654808,5378851
3969,217200,9892604.841348493,15006.488704559262,0755,LAPD WILSHIRE 0755,9570.889614264936,5514798.02654808,162
3970,216301,6069451.382060696,11388.509845702873,0752,LAPD WILSHIRE 0752,11595.755837272065,7949929.616261098,19898
3971,216302,7631337.936922758,11342.46493601306,0752,LAPD WILSHIRE 0752,11595.755837272065,7949929.616261098,0
3972,216401,4429446.711557465,8621.81641782717,0752,LAPD WILSHIRE 0752,11595.755837272065,7949929.616261098,1709
3973,216800,7963392.146872052,11547.785771131888,0752,LAPD WILSHIRE 0752,11595.755837272065,7949929.616261098,7924887
3974,216902,4212778.105704095,9165.244633624096,0752,LAPD WILSHIRE 0752,11595.755837272065,7949929.616261098,312
3975,700901,11341285.112797039,18848.963031473362,0752,LAPD WILSHIRE 0752,11595.755837272065,7949929.616261098,0
3976,216301,6069451.382060696,11388.509845702873,0849,LAPD WEST LOS ANGELES 0849,11050.098746026279,6828196.7011557715,41
3977,216401,4429446.711557465,8621.81641782717,0849,LAPD WEST LOS ANGELES 0849,11050.098746026279,6828196.7011557715,4385559
3978,216402,2469654.557214997,6401.202012599766,0849,LAPD WEST LOS ANGELES 0849,11050.098746026279,6828196.7011557715,2428919
3979,216800,7963392.146872052,11547.785771131888,0849,LAPD WEST LOS ANGELES 0849,11050.098746026279,6828196.7011557715,10624
3980,217001,5904316.173816548,10940.793616640538,0849,LAPD WEST LOS ANGELES 0849,11050.098746026279,6828196.7011557715,11
3981,700901,11341285.112797039,18848.963031473362,0849,LAPD WEST LOS ANGELES 0849,11050.098746026279,6828196.7011557715,402
3982,216302,7631337.936922758,11342.46493601306,0753,LAPD WILSHIRE 0753,9392.39932968041,5341341.440573074,87699
3983,216800,7963392.146872052,11547.785771131888,0753,LAPD WILSHIRE 0753,9392.39932968041,5341341.440573074,2449
3984,216901,7568795.035428764,12077.371874297827,0753,LAPD WILSHIRE 0753,9392.39932968041,5341341.440573074,1048718
3985,216902,4212778.105704095,9165.244633624096,0753,LAPD WILSHIRE 0753,9392.39932968041,5341341.440573074,4199576
3986,217102,5402500.471912728,9507.488687097144,0753,LAPD WILSHIRE 0753,9392.39932968041,5341341.440573074,768
3987,216401,4429446.711557465,8621.81641782717,0762,LAPD WILSHIRE 0762,11712.917056384973,8392781.549692456,46
3988,216700,8373696.287600326,11709.653539346571,0762,LAPD WILSHIRE 0762,11712.917056384973,8392781.549692456,8353794
3989,216800,7963392.146872052,11547.785771131888,0762,LAPD WILSHIRE 0762,11712.917056384973,8392781.549692456,22256
3990,216901,7568795.035428764,12077.371874297827,0762,LAPD WILSHIRE 0762,11712.917056384973,8392781.549692456,3027
3991,217002,8302513.96013131,11538.65678526552,0762,LAPD WILSHIRE 0762,11712.917056384973,8392781.549692456,10342
3992,216401,4429446.711557465,8621.81641782717,0858,LAPD WEST LOS ANGELES 0858,10625.052326625935,4558930.570449534,2797
3993,217001,5904316.173816548,10940.793616640538,0858,LAPD WEST LOS ANGELES 0858,10625.052326625935,4558930.570449534,4548380
3994,217002,8302513.96013131,11538.65678526552,0858,LAPD WEST LOS ANGELES 0858,10625.052326625935,4558930.570449534,5424
3995,269500,14899364.410320187,18057.699940970208,0858,LAPD WEST LOS ANGELES 0858,10625.052326625935,4558930.570449534,5
3996,269602,3127881.913185928,7326.264431933353,0858,LAPD WEST LOS ANGELES 0858,10625.052326625935,4558930.570449534,2
3997,700901,11341285.112797039,18848.963031473362,0858,LAPD WEST LOS ANGELES 0858,10625.052326625935,4558930.570449534,565
3998,216401,4429446.711557465,8621.81641782717,0859,LAPD WEST LOS ANGELES 0859,11529.775577036127,8283545.51428329,12873
3999,217001,5904316.173816548,10940.793616640538,0859,LAPD WEST LOS ANGELES 0859,11529.775577036127,8283545.51428329,1182
4000,217002,8302513.96013131,11538.65678526552,0859,LAPD WEST LOS ANGELES 0859,11529.775577036127,8283545.51428329,8266233
4001,269601,3591419.077448167,7574.315640515718,0859,LAPD WEST LOS ANGELES 0859,11529.775577036127,8283545.51428329,28
4002,269602,3127881.913185928,7326.264431933353,0859,LAPD WEST LOS ANGELES 0859,11529.775577036127,8283545.51428329,0
4003,216700,8373696.287600326,11709.653539346571,0763,LAPD WILSHIRE 0763,10565.638473203713,6566973.565267524,813
4004,216800,7963392.146872052,11547.785771131888,0763,LAPD WILSHIRE 0763,10565.638473203713,6566973.565267524,17
4005,216901,7568795.035428764,12077.371874297827,0763,LAPD WILSHIRE 0763,10565.638473203713,6566973.565267524,6493518
4006,216902,4212778.105704095,9165.244633624096,0763,LAPD WILSHIRE 0763,10565.638473203713,6566973.565267524,9022
4007,217101,4261607.468786891,9362.6058984759,0763,LAPD WILSHIRE 0763,10565.638473203713,6566973.565267524,459
4008,217102,5402500.471912728,9507.488687097144,0763,LAPD WILSHIRE 0763,10565.638473203713,6566973.565267524,993
4009,218300,9696120.914082719,17311.94686651625,0763,LAPD WILSHIRE 0763,10565.638473203713,6566973.565267524,34558
4010,270300,10511306.679289037,13672.051378785938,0763,LAPD WILSHIRE 0763,10565.638473203713,6566973.565267524,24963
4011,216700,8373696.287600326,11709.653539346571,0782,LAPD WILSHIRE 0782,16411.321981850422,13107049.80935276,15780
4012,216901,7568795.035428764,12077.371874297827,0782,LAPD WILSHIRE 0782,16411.321981850422,13107049.80935276,11587
4013,217002,8302513.96013131,11538.65678526552,0782,LAPD WILSHIRE 0782,16411.321981850422,13107049.80935276,4
4014,218300,9696120.914082719,17311.94686651625,0782,LAPD WILSHIRE 0782,16411.321981850422,13107049.80935276,565
4015,219902,8619894.370897751,13295.766529975983,0782,LAPD WILSHIRE 0782,16411.321981850422,13107049.80935276,40813
4016,269601,3591419.077448167,7574.315640515718,0782,LAPD WILSHIRE 0782,16411.321981850422,13107049.80935276,2990
4017,269700,9661690.40960243,14772.796850400275,0782,LAPD WILSHIRE 0782,16411.321981850422,13107049.80935276,1085
4018,270200,8225812.219652526,14331.193993669054,0782,LAPD WILSHIRE 0782,16411.321981850422,13107049.80935276,2575959
4019,270300,10511306.679289037,13672.051378785938,0782,LAPD WILSHIRE 0782,16411.321981850422,13107049.80935276,10450583
4020,702400,21514103.006377354,24216.780470240803,0782,LAPD WILSHIRE 0782,16411.321981850422,13107049.80935276,2449
4021,216901,7568795.035428764,12077.371874297827,0764,LAPD WILSHIRE 0764,9551.25914410895,4411978.821300286,5344
4022,217101,4261607.468786891,9362.6058984759,0764,LAPD WILSHIRE 0764,9551.25914410895,4411978.821300286,4258626
4023,217102,5402500.471912728,9507.488687097144,0764,LAPD WILSHIRE 0764,9551.25914410895,4411978.821300286,18672
4024,217200,9892604.841348493,15006.488704559262,0764,LAPD WILSHIRE 0764,9551.25914410895,4411978.821300286,1066
4025,218300,9696120.914082719,17311.94686651625,0764,LAPD WILSHIRE 0764,9551.25914410895,4411978.821300286,126481
4026,217001,5904316.173816548,10940.793616640538,0857,LAPD WEST LOS ANGELES 0857,14702.258258584367,10446901.777287003,1342776
4027,269000,24700267.890122313,30135.823842837966,0857,LAPD WEST LOS ANGELES 0857,14702.258258584367,10446901.777287003,86569
4028,269100,9033708.269104926,12462.682968910987,0857,LAPD WEST LOS ANGELES 0857,14702.258258584367,10446901.777287003,9010877
4029,269500,14899364.410320187,18057.699940970208,0857,LAPD WEST LOS ANGELES 0857,14702.258258584367,10446901.777287003,740
4030,700901,11341285.112797039,18848.963031473362,0857,LAPD WEST LOS ANGELES 0857,14702.258258584367,10446901.777287003,39
4031,700902,10273223.648426589,12943.369440262595,0857,LAPD WEST LOS ANGELES 0857,14702.258258584367,10446901.777287003,1927
4032,217001,5904316.173816548,10940.793616640538,0887,LAPD WEST LOS ANGELES 0887,18196.256091757845,15338093.505055735,9577
4033,269000,24700267.890122313,30135.823842837966,0887,LAPD WEST LOS ANGELES 0887,18196.256091757845,15338093.505055735,453157
4034,269100,9033708.269104926,12462.682968910987,0887,LAPD WEST LOS ANGELES 0887,18196.256091757845,15338093.505055735,18824
4035,269500,14899364.410320187,18057.699940970208,0887,LAPD WEST LOS ANGELES 0887,18196.256091757845,15338093.505055735,14847697
4036,269602,3127881.913185928,7326.264431933353,0887,LAPD WEST LOS ANGELES 0887,18196.256091757845,15338093.505055735,95
4037,269700,9661690.40960243,14772.796850400275,0887,LAPD WEST LOS ANGELES 0887,18196.256091757845,15338093.505055735,2550
4038,269800,5027651.894227838,12035.271536889024,0887,LAPD WEST LOS ANGELES 0887,18196.256091757845,15338093.505055735,299
4039,217002,8302513.96013131,11538.65678526552,0889,LAPD WEST LOS ANGELES 0889,10690.163991038398,6723138.792730111,17274
4040,269500,14899364.410320187,18057.699940970208,0889,LAPD WEST LOS ANGELES 0889,10690.163991038398,6723138.792730111,8089
4041,269601,3591419.077448167,7574.315640515718,0889,LAPD WEST LOS ANGELES 0889,10690.163991038398,6723138.792730111,3578705
4042,269602,3127881.913185928,7326.264431933353,0889,LAPD WEST LOS ANGELES 0889,10690.163991038398,6723138.792730111,3114655
4043,270300,10511306.679289037,13672.051378785938,0889,LAPD WEST LOS ANGELES 0889,10690.163991038398,6723138.792730111,1780
4044,218110,6443295.400664715,12758.856672749132,0778,LAPD WILSHIRE 0778,7026.920648609609,2851093.8591191135,2844583
4045,218120,4792188.031995472,8884.873610145149,0778,LAPD WILSHIRE 0778,7026.920648609609,2851093.8591191135,132
4046,218220,7241641.64328905,11685.475195350655,0778,LAPD WILSHIRE 0778,7026.920648609609,2851093.8591191135,5170
4047,218110,6443295.400664715,12758.856672749132,0779,LAPD WILSHIRE 0779,6266.187087618303,2399960.8427621396,595
4048,218120,4792188.031995472,8884.873610145149,0779,LAPD WILSHIRE 0779,6266.187087618303,2399960.8427621396,2398340
4049,218110,6443295.400664715,12758.856672749132,0788,LAPD WILSHIRE 0788,6622.312694061114,2371607.459455781,5187
4050,218220,7241641.64328905,11685.475195350655,0788,LAPD WILSHIRE 0788,6622.312694061114,2371607.459455781,12
4051,218701,5919075.326947573,10687.11525964762,0788,LAPD WILSHIRE 0788,6622.312694061114,2371607.459455781,2365153
4052,218800,4430870.266296611,9005.065425026403,0788,LAPD WILSHIRE 0788,6622.312694061114,2371607.459455781,251
4053,218110,6443295.400664715,12758.856672749132,0789,LAPD WILSHIRE 0789,8914.06982613159,4296747.761696494,3555
4054,218120,4792188.031995472,8884.873610145149,0789,LAPD WILSHIRE 0789,8914.06982613159,4296747.761696494,6211
4055,218701,5919075.326947573,10687.11525964762,0789,LAPD WILSHIRE 0789,8914.06982613159,4296747.761696494,14071
4056,218800,4430870.266296611,9005.065425026403,0789,LAPD WILSHIRE 0789,8914.06982613159,4296747.761696494,4271075
4057,218120,4792188.031995472,8884.873610145149,2081,LAPD OLYMPIC 2081,7920.470378644324,3486030.1576814773,1343
4058,221302,4974449.327302527,10183.103403739045,2081,LAPD OLYMPIC 2081,7920.470378644324,3486030.1576814773,3473122
4059,221303,2518370.879425637,6486.093990205271,2081,LAPD OLYMPIC 2081,7920.470378644324,3486030.1576814773,2548
4060,221304,2446087.842331007,6306.611589293335,2081,LAPD OLYMPIC 2081,7920.470378644324,3486030.1576814773,7514
4061,218120,4792188.031995472,8884.873610145149,2091,LAPD OLYMPIC 2091,7447.094165082067,2749616.4991117693,3
4062,218800,4430870.266296611,9005.065425026403,2091,LAPD OLYMPIC 2091,7447.094165082067,2749616.4991117693,2278
4063,221302,4974449.327302527,10183.103403739045,2091,LAPD OLYMPIC 2091,7447.094165082067,2749616.4991117693,10400
4064,221402,5729749.381524846,12853.692266229737,2091,LAPD OLYMPIC 2091,7447.094165082067,2749616.4991117693,2735746
4065,218210,4181546.303403679,8771.28053868117,0774,LAPD WILSHIRE 0774,7877.765364235985,3489381.4735202673,2066
4066,218300,9696120.914082719,17311.94686651625,0774,LAPD WILSHIRE 0774,7877.765364235985,3489381.4735202673,3485881
4067,218210,4181546.303403679,8771.28053868117,0775,LAPD WILSHIRE 0775,8609.721644574329,4101136.962139542,4090001
4068,218220,7241641.64328905,11685.475195350655,0775,LAPD WILSHIRE 0775,8609.721644574329,4101136.962139542,6148
4069,218300,9696120.914082719,17311.94686651625,0775,LAPD WILSHIRE 0775,8609.721644574329,4101136.962139542,3287
4070,218210,4181546.303403679,8771.28053868117,0776,LAPD WILSHIRE 0776,10867.741405295525,2957331.555821415,43375
4071,218220,7241641.64328905,11685.475195350655,0776,LAPD WILSHIRE 0776,10867.741405295525,2957331.555821415,2912640
4072,218300,9696120.914082719,17311.94686651625,0776,LAPD WILSHIRE 0776,10867.741405295525,2957331.555821415,85
4073,218210,4181546.303403679,8771.28053868117,0784,LAPD WILSHIRE 0784,9478.518630627887,5438366.219313973,1761
4074,218300,9696120.914082719,17311.94686651625,0784,LAPD WILSHIRE 0784,9478.518630627887,5438366.219313973,9781
4075,218400,7068249.549880198,12186.9978965962,0784,LAPD WILSHIRE 0784,9478.518630627887,5438366.219313973,7382
4076,218500,5632253.484012017,11047.408243667802,0784,LAPD WILSHIRE 0784,9478.518630627887,5438366.219313973,5416782
4077,218600,4635201.6100698635,8987.927361125086,0784,LAPD WILSHIRE 0784,9478.518630627887,5438366.219313973,419
4078,218210,4181546.303403679,8771.28053868117,0785,LAPD WILSHIRE 0785,9775.913191239968,5246093.329108465,9682
4079,218220,7241641.64328905,11685.475195350655,0785,LAPD WILSHIRE 0785,9775.913191239968,5246093.329108465,4354
4080,218500,5632253.484012017,11047.408243667802,0785,LAPD WILSHIRE 0785,9775.913191239968,5246093.329108465,84514
4081,218600,4635201.6100698635,8987.927361125086,0785,LAPD WILSHIRE 0785,9775.913191239968,5246093.329108465,4559732
4082,218701,5919075.326947573,10687.11525964762,0785,LAPD WILSHIRE 0785,9775.913191239968,5246093.329108465,585624
4083,218220,7241641.64328905,11685.475195350655,0777,LAPD WILSHIRE 0777,8407.130207897933,4224264.515484428,4222493
4084,218220,7241641.64328905,11685.475195350655,0787,LAPD WILSHIRE 0787,7088.631960150906,2786166.462327325,5979
4085,218701,5919075.326947573,10687.11525964762,0787,LAPD WILSHIRE 0787,7088.631960150906,2786166.462327325,2779015
4086,218300,9696120.914082719,17311.94686651625,0773,LAPD WILSHIRE 0773,12706.660463383618,5981317.310933333,5965775
4087,270300,10511306.679289037,13672.051378785938,0773,LAPD WILSHIRE 0773,12706.660463383618,5981317.310933333,13117
4088,218300,9696120.914082719,17311.94686651625,0783,LAPD WILSHIRE 0783,12056.783416894106,6914378.593827409,20315
4089,218400,7068249.549880198,12186.9978965962,0783,LAPD WILSHIRE 0783,12056.783416894106,6914378.593827409,6875708
4090,218500,5632253.484012017,11047.408243667802,0783,LAPD WILSHIRE 0783,12056.783416894106,6914378.593827409,30
4091,270300,10511306.679289037,13672.051378785938,0783,LAPD WILSHIRE 0783,12056.783416894106,6914378.593827409,15509
4092,218400,7068249.549880198,12186.9978965962,0301,LAPD SOUTHWEST 0301,10168.032232775748,2750418.5335101387,182192
4093,219901,5649851.874701164,10076.126203648864,0301,LAPD SOUTHWEST 0301,10168.032232775748,2750418.5335101387,907935
4094,219902,8619894.370897751,13295.766529975983,0301,LAPD SOUTHWEST 0301,10168.032232775748,2750418.5335101387,1657654
4095,270300,10511306.679289037,13672.051378785938,0301,LAPD SOUTHWEST 0301,10168.032232775748,2750418.5335101387,903
4096,702400,21514103.006377354,24216.780470240803,0301,LAPD SOUTHWEST 0301,10168.032232775748,2750418.5335101387,616
4097,218400,7068249.549880198,12186.9978965962,0303,LAPD SOUTHWEST 0303,5684.67229922585,1295385.5629829918,89
4098,218500,5632253.484012017,11047.408243667802,0303,LAPD SOUTHWEST 0303,5684.67229922585,1295385.5629829918,90217
4099,219700,11759434.434823273,16598.09316015714,0303,LAPD SOUTHWEST 0303,5684.67229922585,1295385.5629829918,272096
4100,219800,4802120.484963249,9746.017506600863,0303,LAPD SOUTHWEST 0303,5684.67229922585,1295385.5629829918,931387
4101,219901,5649851.874701164,10076.126203648864,0303,LAPD SOUTHWEST 0303,5684.67229922585,1295385.5629829918,1059
4102,218500,5632253.484012017,11047.408243667802,0305,LAPD SOUTHWEST 0305,7294.115304637284,2052627.4074857885,38389
4103,218600,4635201.6100698635,8987.927361125086,0305,LAPD SOUTHWEST 0305,7294.115304637284,2052627.4074857885,73120
4104,218701,5919075.326947573,10687.11525964762,0305,LAPD SOUTHWEST 0305,7294.115304637284,2052627.4074857885,16229
4105,218702,3871444.6393258935,10285.10166890225,0305,LAPD SOUTHWEST 0305,7294.115304637284,2052627.4074857885,275465
4106,219700,11759434.434823273,16598.09316015714,0305,LAPD SOUTHWEST 0305,7294.115304637284,2052627.4074857885,1648566
4107,218701,5919075.326947573,10687.11525964762,0307,LAPD SOUTHWEST 0307,5202.4783286133315,1363454.699982874,72241
4108,218702,3871444.6393258935,10285.10166890225,0307,LAPD SOUTHWEST 0307,5202.4783286133315,1363454.699982874,1290639
4109,218701,5919075.326947573,10687.11525964762,0313,LAPD SOUTHWEST 0313,6462.304895431508,2372001.0005207486,84245
4110,218702,3871444.6393258935,10285.10166890225,0313,LAPD SOUTHWEST 0313,6462.304895431508,2372001.0005207486,2282957
4111,218800,4430870.266296611,9005.065425026403,0313,LAPD SOUTHWEST 0313,6462.304895431508,2372001.0005207486,92
4112,218900,7571353.924501532,11505.719820171338,0313,LAPD SOUTHWEST 0313,6462.304895431508,2372001.0005207486,3691
4113,219300,7016026.5814918475,11233.622301808062,0313,LAPD SOUTHWEST 0313,6462.304895431508,2372001.0005207486,7
4114,218702,3871444.6393258935,10285.10166890225,0314,LAPD SOUTHWEST 0314,11575.477769031942,7706195.738801573,1621
4115,218800,4430870.266296611,9005.065425026403,0314,LAPD SOUTHWEST 0314,11575.477769031942,7706195.738801573,155239
4116,218900,7571353.924501532,11505.719820171338,0314,LAPD SOUTHWEST 0314,11575.477769031942,7706195.738801573,7545942
4117,221401,5837353.250507162,9623.44372465896,0314,LAPD SOUTHWEST 0314,11575.477769031942,7706195.738801573,84
4118,218702,3871444.6393258935,10285.10166890225,0332,LAPD SOUTHWEST 0332,9178.935018642116,4815285.134579623,1894
4119,219500,6001852.0478990255,10424.703406115303,0332,LAPD SOUTHWEST 0332,9178.935018642116,4815285.134579623,1364
4120,219700,11759434.434823273,16598.09316015714,0332,LAPD SOUTHWEST 0332,9178.935018642116,4815285.134579623,8753
4121,220000,10460254.676372522,12777.710792444703,0332,LAPD SOUTHWEST 0332,9178.935018642116,4815285.134579623,4801250
4122,218702,3871444.6393258935,10285.10166890225,0333,LAPD SOUTHWEST 0333,10256.193272153692,5669496.355228471,8413
4123,219300,7016026.5814918475,11233.622301808062,0333,LAPD SOUTHWEST 0333,10256.193272153692,5669496.355228471,5035
4124,219500,6001852.0478990255,10424.703406115303,0333,LAPD SOUTHWEST 0333,10256.193272153692,5669496.355228471,2262
4125,220000,10460254.676372522,12777.710792444703,0333,LAPD SOUTHWEST 0333,10256.193272153692,5669496.355228471,5651385
4126,218702,3871444.6393258935,10285.10166890225,0334,LAPD SOUTHWEST 0334,11204.716101777702,7016257.865935698,8815
4127,218900,7571353.924501532,11505.719820171338,0334,LAPD SOUTHWEST 0334,11204.716101777702,7016257.865935698,2443
4128,219010,4745319.716041261,9379.453747861286,0334,LAPD SOUTHWEST 0334,11204.716101777702,7016257.865935698,270
4129,219020,7819937.955752921,11239.454510255104,0334,LAPD SOUTHWEST 0334,11204.716101777702,7016257.865935698,621
4130,219300,7016026.5814918475,11233.622301808062,0334,LAPD SOUTHWEST 0334,11204.716101777702,7016257.865935698,6997005
4131,219500,6001852.0478990255,10424.703406115303,0334,LAPD SOUTHWEST 0334,11204.716101777702,7016257.865935698,0
4132,220000,10460254.676372522,12777.710792444703,0334,LAPD SOUTHWEST 0334,11204.716101777702,7016257.865935698,15
4133,234200,9503536.848257052,13022.717008060832,0334,LAPD SOUTHWEST 0334,11204.716101777702,7016257.865935698,4090
4134,218800,4430870.266296611,9005.065425026403,0315,LAPD SOUTHWEST 0315,9735.502772683918,5968676.021771162,40
4135,218900,7571353.924501532,11505.719820171338,0315,LAPD SOUTHWEST 0315,9735.502772683918,5968676.021771162,2306
4136,221401,5837353.250507162,9623.44372465896,0315,LAPD SOUTHWEST 0315,9735.502772683918,5968676.021771162,5822423
4137,221402,5729749.381524846,12853.692266229737,0315,LAPD SOUTHWEST 0315,9735.502772683918,5968676.021771162,141051
4138,221500,4098035.1213875557,8382.819429824958,0315,LAPD SOUTHWEST 0315,9735.502772683918,5968676.021771162,262
4139,218900,7571353.924501532,11505.719820171338,0335,LAPD SOUTHWEST 0335,9391.052746718833,4746923.011584818,12344
4140,219010,4745319.716041261,9379.453747861286,0335,LAPD SOUTHWEST 0335,9391.052746718833,4746923.011584818,4726220
4141,219020,7819937.955752921,11239.454510255104,0335,LAPD SOUTHWEST 0335,9391.052746718833,4746923.011584818,1639
4142,219300,7016026.5814918475,11233.622301808062,0335,LAPD SOUTHWEST 0335,9391.052746718833,4746923.011584818,4670
4143,218900,7571353.924501532,11505.719820171338,0336,LAPD SOUTHWEST 0336,9145.471618792573,5101875.467977777,1374
4144,219010,4745319.716041261,9379.453747861286,0336,LAPD SOUTHWEST 0336,9145.471618792573,5101875.467977777,5236
4145,221401,5837353.250507162,9623.44372465896,0336,LAPD SOUTHWEST 0336,9145.471618792573,5101875.467977777,9124
4146,222001,5105293.148739629,9152.509540207837,0336,LAPD SOUTHWEST 0336,9145.471618792573,5101875.467977777,5083913
4147,219010,4745319.716041261,9379.453747861286,0354,LAPD SOUTHWEST 0354,11296.187610311248,7815838.655214217,11514
4148,219020,7819937.955752921,11239.454510255104,0354,LAPD SOUTHWEST 0354,11296.187610311248,7815838.655214217,7795835
4149,219300,7016026.5814918475,11233.622301808062,0354,LAPD SOUTHWEST 0354,11296.187610311248,7815838.655214217,3909
4150,222002,7057954.580780072,10841.918687758585,0354,LAPD SOUTHWEST 0354,11296.187610311248,7815838.655214217,822
4151,234001,7289805.948772269,15674.657475769189,0354,LAPD SOUTHWEST 0354,11296.187610311248,7815838.655214217,102
4152,234002,6077750.207213635,13242.674443854532,0354,LAPD SOUTHWEST 0354,11296.187610311248,7815838.655214217,212
4153,234200,9503536.848257052,13022.717008060832,0354,LAPD SOUTHWEST 0354,11296.187610311248,7815838.655214217,50
4154,219010,4745319.716041261,9379.453747861286,0355,LAPD SOUTHWEST 0355,10816.97274181455,7072072.062755662,31
4155,219020,7819937.955752921,11239.454510255104,0355,LAPD SOUTHWEST 0355,10816.97274181455,7072072.062755662,4872
4156,222001,5105293.148739629,9152.509540207837,0355,LAPD SOUTHWEST 0355,10816.97274181455,7072072.062755662,16402
4157,222002,7057954.580780072,10841.918687758585,0355,LAPD SOUTHWEST 0355,10816.97274181455,7072072.062755662,7045329
4158,222500,7023063.34478006,10606.607616378667,0355,LAPD SOUTHWEST 0355,10816.97274181455,7072072.062755662,1816
4159,231400,6684775.592734587,10350.63379950044,0355,LAPD SOUTHWEST 0355,10816.97274181455,7072072.062755662,507
4160,234002,6077750.207213635,13242.674443854532,0355,LAPD SOUTHWEST 0355,10816.97274181455,7072072.062755662,6
4161,219020,7819937.955752921,11239.454510255104,0373,LAPD SOUTHWEST 0373,12954.353551703325,9653829.394235376,7060
4162,219300,7016026.5814918475,11233.622301808062,0373,LAPD SOUTHWEST 0373,12954.353551703325,9653829.394235376,2404
4163,219500,6001852.0478990255,10424.703406115303,0373,LAPD SOUTHWEST 0373,12954.353551703325,9653829.394235376,1514
4164,234001,7289805.948772269,15674.657475769189,0373,LAPD SOUTHWEST 0373,12954.353551703325,9653829.394235376,9986
4165,234200,9503536.848257052,13022.717008060832,0373,LAPD SOUTHWEST 0373,12954.353551703325,9653829.394235376,9473388
4166,236101,6809528.828647443,11729.68165821927,0373,LAPD SOUTHWEST 0373,12954.353551703325,9653829.394235376,155308
4167,219020,7819937.955752921,11239.454510255104,0374,LAPD SOUTHWEST 0374,12173.538390063173,8625911.413077937,6516
4168,222002,7057954.580780072,10841.918687758585,0374,LAPD SOUTHWEST 0374,12173.538390063173,8625911.413077937,237
4169,231400,6684775.592734587,10350.63379950044,0374,LAPD SOUTHWEST 0374,12173.538390063173,8625911.413077937,351
4170,231500,9894305.68672571,12798.516533619972,0374,LAPD SOUTHWEST 0374,12173.538390063173,8625911.413077937,0
4171,234001,7289805.948772269,15674.657475769189,0374,LAPD SOUTHWEST 0374,12173.538390063173,8625911.413077937,5089221
4172,234002,6077750.207213635,13242.674443854532,0374,LAPD SOUTHWEST 0374,12173.538390063173,8625911.413077937,3524391
4173,234200,9503536.848257052,13022.717008060832,0374,LAPD SOUTHWEST 0374,12173.538390063173,8625911.413077937,1383
4174,234302,3942923.4169158665,9264.004634442488,0374,LAPD SOUTHWEST 0374,12173.538390063173,8625911.413077937,36
4175,219500,6001852.0478990255,10424.703406115303,0331,LAPD SOUTHWEST 0331,11488.498533953889,6772507.289553625,105
4176,219700,11759434.434823273,16598.09316015714,0331,LAPD SOUTHWEST 0331,11488.498533953889,6772507.289553625,6761636
4177,219800,4802120.484963249,9746.017506600863,0331,LAPD SOUTHWEST 0331,11488.498533953889,6772507.289553625,5225
4178,220000,10460254.676372522,12777.710792444703,0331,LAPD SOUTHWEST 0331,11488.498533953889,6772507.289553625,2247
4179,220100,10563286.051113041,16986.150023882303,0331,LAPD SOUTHWEST 0331,11488.498533953889,6772507.289553625,471
4180,219500,6001852.0478990255,10424.703406115303,0351,LAPD SOUTHWEST 0351,7813.2685974817605,3037501.1529630083,5061
4181,219700,11759434.434823273,16598.09316015714,0351,LAPD SOUTHWEST 0351,7813.2685974817605,3037501.1529630083,3030267
4182,220100,10563286.051113041,16986.150023882303,0351,LAPD SOUTHWEST 0351,7813.2685974817605,3037501.1529630083,904
4183,219500,6001852.0478990255,10424.703406115303,0353,LAPD SOUTHWEST 0353,10403.307310625276,5973535.85956504,5968118
4184,220000,10460254.676372522,12777.710792444703,0353,LAPD SOUTHWEST 0353,10403.307310625276,5973535.85956504,944
4185,236203,3652629.5476975976,10831.854521572775,0353,LAPD SOUTHWEST 0353,10403.307310625276,5973535.85956504,1937
4186,219500,6001852.0478990255,10424.703406115303,0362,LAPD SOUTHWEST 0362,12771.744563223421,6145343.369496852,6722
4187,219700,11759434.434823273,16598.09316015714,0362,LAPD SOUTHWEST 0362,12771.744563223421,6145343.369496852,25711
4188,236101,6809528.828647443,11729.68165821927,0362,LAPD SOUTHWEST 0362,12771.744563223421,6145343.369496852,13904
4189,236102,5360995.742168346,11929.92826208255,0362,LAPD SOUTHWEST 0362,12771.744563223421,6145343.369496852,153
4190,236203,3652629.5476975976,10831.854521572775,0362,LAPD SOUTHWEST 0362,12771.744563223421,6145343.369496852,3629288
4191,236204,2474305.8604862243,6697.418206022246,0362,LAPD SOUTHWEST 0362,12771.744563223421,6145343.369496852,2460056
4192,236205,1797512.5777205927,6066.197398984549,0362,LAPD SOUTHWEST 0362,12771.744563223421,6145343.369496852,3542
4193,236206,2959494.972466577,9723.37433111384,0362,LAPD SOUTHWEST 0362,12771.744563223421,6145343.369496852,3370
4194,219500,6001852.0478990255,10424.703406115303,0363,LAPD SOUTHWEST 0363,14809.749205632648,12022581.707430521,14154
4195,234301,5424886.042653252,9432.675712460896,0363,LAPD SOUTHWEST 0363,14809.749205632648,12022581.707430521,505
4196,236101,6809528.828647443,11729.68165821927,0363,LAPD SOUTHWEST 0363,14809.749205632648,12022581.707430521,6637399
4197,236102,5360995.742168346,11929.92826208255,0363,LAPD SOUTHWEST 0363,14809.749205632648,12022581.707430521,5317600
4198,236203,3652629.5476975976,10831.854521572775,0363,LAPD SOUTHWEST 0363,14809.749205632648,12022581.707430521,8355
4199,236204,2474305.8604862243,6697.418206022246,0363,LAPD SOUTHWEST 0363,14809.749205632648,12022581.707430521,3492
4200,236400,14429101.324947957,19388.95995556605,0363,LAPD SOUTHWEST 0363,14809.749205632648,12022581.707430521,997
4201,703200,22673956.225039758,22823.004539282152,0363,LAPD SOUTHWEST 0363,14809.749205632648,12022581.707430521,34927
4202,219700,11759434.434823273,16598.09316015714,0312,LAPD SOUTHWEST 0312,10013.98696554435,5748885.788345557,774
4203,219800,4802120.484963249,9746.017506600863,0312,LAPD SOUTHWEST 0312,10013.98696554435,5748885.788345557,3863525
4204,219901,5649851.874701164,10076.126203648864,0312,LAPD SOUTHWEST 0312,10013.98696554435,5748885.788345557,1621496
4205,220100,10563286.051113041,16986.150023882303,0312,LAPD SOUTHWEST 0312,10013.98696554435,5748885.788345557,260720
4206,219700,11759434.434823273,16598.09316015714,0321,LAPD SOUTHWEST 0321,16627.095188290063,10013372.166262986,130
4207,219902,8619894.370897751,13295.766529975983,0321,LAPD SOUTHWEST 0321,16627.095188290063,10013372.166262986,19640
4208,220100,10563286.051113041,16986.150023882303,0321,LAPD SOUTHWEST 0321,16627.095188290063,10013372.166262986,9964212
4209,236001,23712466.62832794,28147.41130287428,0321,LAPD SOUTHWEST 0321,16627.095188290063,10013372.166262986,38
4210,702400,21514103.006377354,24216.780470240803,0321,LAPD SOUTHWEST 0321,16627.095188290063,10013372.166262986,25262
4211,219700,11759434.434823273,16598.09316015714,0361,LAPD SOUTHWEST 0361,9480.873082532655,4796140.138691532,6598
4212,220100,10563286.051113041,16986.150023882303,0361,LAPD SOUTHWEST 0361,9480.873082532655,4796140.138691532,4
4213,236001,23712466.62832794,28147.41130287428,0361,LAPD SOUTHWEST 0361,9480.873082532655,4796140.138691532,59985
4214,236203,3652629.5476975976,10831.854521572775,0361,LAPD SOUTHWEST 0361,9480.873082532655,4796140.138691532,11506
4215,236204,2474305.8604862243,6697.418206022246,0361,LAPD SOUTHWEST 0361,9480.873082532655,4796140.138691532,4968
4216,236205,1797512.5777205927,6066.197398984549,0361,LAPD SOUTHWEST 0361,9480.873082532655,4796140.138691532,1764594
4217,236206,2959494.972466577,9723.37433111384,0361,LAPD SOUTHWEST 0361,9480.873082532655,4796140.138691532,2946167
4218,236400,14429101.324947957,19388.95995556605,0361,LAPD SOUTHWEST 0361,9480.873082532655,4796140.138691532,305
4219,219901,5649851.874701164,10076.126203648864,0311,LAPD SOUTHWEST 0311,14411.895638069722,10297123.486769207,3117047
4220,219902,8619894.370897751,13295.766529975983,0311,LAPD SOUTHWEST 0311,14411.895638069722,10297123.486769207,6892927
4221,220100,10563286.051113041,16986.150023882303,0311,LAPD SOUTHWEST 0311,14411.895638069722,10297123.486769207,282612
4222,702400,21514103.006377354,24216.780470240803,0311,LAPD SOUTHWEST 0311,14411.895638069722,10297123.486769207,355
4223,220100,10563286.051113041,16986.150023882303,0341,LAPD SOUTHWEST 0341,28676.955502359797,20498980.176333997,26651
4224,236001,23712466.62832794,28147.41130287428,0341,LAPD SOUTHWEST 0341,28676.955502359797,20498980.176333997,19862794
4225,702502,19551422.234649424,25733.14598803636,0341,LAPD SOUTHWEST 0341,28676.955502359797,20498980.176333997,591388
4226,980038,48616725.00422109,42991.767228980374,0341,LAPD SOUTHWEST 0341,28676.955502359797,20498980.176333997,9687
4227,220100,10563286.051113041,16986.150023882303,0343,LAPD SOUTHWEST 0343,8625.195740758227,3746011.2080974514,19153
4228,236001,23712466.62832794,28147.41130287428,0343,LAPD SOUTHWEST 0343,8625.195740758227,3746011.2080974514,3725309
4229,221110,2521209.3961154516,6926.353803745644,2088,LAPD OLYMPIC 2088,7517.95433319554,3419235.840040754,9855
4230,221120,3417542.64541403,7524.851759288542,2088,LAPD OLYMPIC 2088,7517.95433319554,3419235.840040754,3404471
4231,221602,5627264.424133415,12004.50751793397,2088,LAPD OLYMPIC 2088,7517.95433319554,3419235.840040754,497
4232,224310,1946036.6966205854,6759.460353325664,2088,LAPD OLYMPIC 2088,7517.95433319554,3419235.840040754,2890
4233,221120,3417542.64541403,7524.851759288542,2097,LAPD OLYMPIC 2097,7473.833408408479,2877431.493722672,5
4234,221220,7097658.142576536,10529.477774704428,2097,LAPD OLYMPIC 2097,7473.833408408479,2877431.493722672,10898
4235,221402,5729749.381524846,12853.692266229737,2097,LAPD OLYMPIC 2097,7473.833408408479,2877431.493722672,367
4236,221602,5627264.424133415,12004.50751793397,2097,LAPD OLYMPIC 2097,7473.833408408479,2877431.493722672,2864889
4237,221120,3417542.64541403,7524.851759288542,2099,LAPD OLYMPIC 2099,6676.855809817692,2552642.6290891883,7471
4238,221602,5627264.424133415,12004.50751793397,2099,LAPD OLYMPIC 2099,6676.855809817692,2552642.6290891883,2537934
4239,224310,1946036.6966205854,6759.460353325664,2099,LAPD OLYMPIC 2099,6676.855809817692,2552642.6290891883,49
4240,224320,3129822.623031714,8444.169605289884,2099,LAPD OLYMPIC 2099,6676.855809817692,2552642.6290891883,6048
4241,221210,3861959.827470565,8419.212421632354,2083,LAPD OLYMPIC 2083,4900.69422171965,1490469.890158296,2028
4242,221302,4974449.327302527,10183.103403739045,2083,LAPD OLYMPIC 2083,4900.69422171965,1490469.890158296,1484162
4243,221303,2518370.879425637,6486.093990205271,2083,LAPD OLYMPIC 2083,4900.69422171965,1490469.890158296,3631
4244,221210,3861959.827470565,8419.212421632354,2093,LAPD OLYMPIC 2093,7318.681688359659,2715906.878766121,6237
4245,221220,7097658.142576536,10529.477774704428,2093,LAPD OLYMPIC 2093,7318.681688359659,2715906.878766121,25
4246,221302,4974449.327302527,10183.103403739045,2093,LAPD OLYMPIC 2093,7318.681688359659,2715906.878766121,4513
4247,221402,5729749.381524846,12853.692266229737,2093,LAPD OLYMPIC 2093,7318.681688359659,2715906.878766121,2701845
4248,221602,5627264.424133415,12004.50751793397,2093,LAPD OLYMPIC 2093,7318.681688359659,2715906.878766121,2097
4249,221401,5837353.250507162,9623.44372465896,0316,LAPD SOUTHWEST 0316,8498.593006978153,4240592.134221287,2001
4250,221402,5729749.381524846,12853.692266229737,0316,LAPD SOUTHWEST 0316,8498.593006978153,4240592.134221287,148234
4251,221500,4098035.1213875557,8382.819429824958,0316,LAPD SOUTHWEST 0316,8498.593006978153,4240592.134221287,4084525
4252,221601,3981517.7514944007,8298.430069476002,0316,LAPD SOUTHWEST 0316,8498.593006978153,4240592.134221287,3970
4253,221401,5837353.250507162,9623.44372465896,0326,LAPD SOUTHWEST 0326,10535.356684593136,5188739.411784311,1184
4254,221500,4098035.1213875557,8382.819429824958,0326,LAPD SOUTHWEST 0326,10535.356684593136,5188739.411784311,11450
4255,221601,3981517.7514944007,8298.430069476002,0326,LAPD SOUTHWEST 0326,10535.356684593136,5188739.411784311,4229
4256,221810,3275832.740961944,7474.754665632496,0326,LAPD SOUTHWEST 0326,10535.356684593136,5188739.411784311,1860
4257,222001,5105293.148739629,9152.509540207837,0326,LAPD SOUTHWEST 0326,10535.356684593136,5188739.411784311,524
4258,222200,5186787.013646935,10532.844579906958,0326,LAPD SOUTHWEST 0326,10535.356684593136,5188739.411784311,5167200
4259,221402,5729749.381524846,12853.692266229737,0317,LAPD SOUTHWEST 0317,8384.2212760628,4090921.104351325,13
4260,221500,4098035.1213875557,8382.819429824958,0317,LAPD SOUTHWEST 0317,8384.2212760628,4090921.104351325,0
4261,221601,3981517.7514944007,8298.430069476002,0317,LAPD SOUTHWEST 0317,8384.2212760628,4090921.104351325,3967528
4262,221602,5627264.424133415,12004.50751793397,0317,LAPD SOUTHWEST 0317,8384.2212760628,4090921.104351325,119980
4263,221710,3530350.1288909074,8106.015673139368,0317,LAPD SOUTHWEST 0317,8384.2212760628,4090921.104351325,1585
4264,221601,3981517.7514944007,8298.430069476002,0318,LAPD SOUTHWEST 0318,8172.477857389728,3621479.0653133,137
4265,221602,5627264.424133415,12004.50751793397,0318,LAPD SOUTHWEST 0318,8172.477857389728,3621479.0653133,99368
4266,221710,3530350.1288909074,8106.015673139368,0318,LAPD SOUTHWEST 0318,8172.477857389728,3621479.0653133,3515542
4267,221820,2198662.4788583973,5840.352337603698,0318,LAPD SOUTHWEST 0318,8172.477857389728,3621479.0653133,113
4268,224320,3129822.623031714,8444.169605289884,0318,LAPD SOUTHWEST 0318,8172.477857389728,3621479.0653133,54
4269,224410,4878956.815930292,10535.054711604953,0318,LAPD SOUTHWEST 0318,8172.477857389728,3621479.0653133,4641
4270,221601,3981517.7514944007,8298.430069476002,0325,LAPD SOUTHWEST 0325,7506.900259740077,3293998.167407056,3887
4271,221710,3530350.1288909074,8106.015673139368,0325,LAPD SOUTHWEST 0325,7506.900259740077,3293998.167407056,3054
4272,221810,3275832.740961944,7474.754665632496,0325,LAPD SOUTHWEST 0325,7506.900259740077,3293998.167407056,3263792
4273,221820,2198662.4788583973,5840.352337603698,0325,LAPD SOUTHWEST 0325,7506.900259740077,3293998.167407056,21401
4274,221900,4413475.86045281,10667.135124852193,0325,LAPD SOUTHWEST 0325,7506.900259740077,3293998.167407056,9
4275,222100,5155222.424860391,10486.772071118576,0325,LAPD SOUTHWEST 0325,7506.900259740077,3293998.167407056,159
4276,222200,5186787.013646935,10532.844579906958,0325,LAPD SOUTHWEST 0325,7506.900259740077,3293998.167407056,222
4277,221710,3530350.1288909074,8106.015673139368,0308,LAPD SOUTHWEST 0308,8375.689648808977,4044635.409229188,849
4278,224200,3963203.1794497515,8643.300182350935,0308,LAPD SOUTHWEST 0308,8375.689648808977,4044635.409229188,19805
4279,224320,3129822.623031714,8444.169605289884,0308,LAPD SOUTHWEST 0308,8375.689648808977,4044635.409229188,23811
4280,224410,4878956.815930292,10535.054711604953,0308,LAPD SOUTHWEST 0308,8375.689648808977,4044635.409229188,3996555
4281,224420,3860569.8863398507,8969.152871827353,0308,LAPD SOUTHWEST 0308,8375.689648808977,4044635.409229188,1788
4282,221710,3530350.1288909074,8106.015673139368,0327,LAPD SOUTHWEST 0327,5810.739983873044,2180199.198554918,7733
4283,221820,2198662.4788583973,5840.352337603698,0327,LAPD SOUTHWEST 0327,5810.739983873044,2180199.198554918,2168595
4284,224701,2534774.989603408,7580.362829590473,0327,LAPD SOUTHWEST 0327,5810.739983873044,2180199.198554918,2889
4285,221710,3530350.1288909074,8106.015673139368,0328,LAPD SOUTHWEST 0328,9623.199441171906,5250791.741140041,4
4286,221820,2198662.4788583973,5840.352337603698,0328,LAPD SOUTHWEST 0328,9623.199441171906,5250791.741140041,172
4287,221900,4413475.86045281,10667.135124852193,0328,LAPD SOUTHWEST 0328,9623.199441171906,5250791.741140041,2628
4288,222700,8846637.474481689,13629.60912559972,0328,LAPD SOUTHWEST 0328,9623.199441171906,5250791.741140041,19723
4289,224410,4878956.815930292,10535.054711604953,0328,LAPD SOUTHWEST 0328,9623.199441171906,5250791.741140041,3382
4290,224420,3860569.8863398507,8969.152871827353,0328,LAPD SOUTHWEST 0328,9623.199441171906,5250791.741140041,9574
4291,224701,2534774.989603408,7580.362829590473,0328,LAPD SOUTHWEST 0328,9623.199441171906,5250791.741140041,2529688
4292,224702,4257851.054887392,9804.975677620047,0328,LAPD SOUTHWEST 0328,9623.199441171906,5250791.741140041,2683228
4293,221810,3275832.740961944,7474.754665632496,0338,LAPD SOUTHWEST 0338,10361.103883350957,4369001.631349246,8716
4294,221820,2198662.4788583973,5840.352337603698,0338,LAPD SOUTHWEST 0338,10361.103883350957,4369001.631349246,7389
4295,221900,4413475.86045281,10667.135124852193,0338,LAPD SOUTHWEST 0338,10361.103883350957,4369001.631349246,4343962
4296,222100,5155222.424860391,10486.772071118576,0338,LAPD SOUTHWEST 0338,10361.103883350957,4369001.631349246,882
4297,224701,2534774.989603408,7580.362829590473,0338,LAPD SOUTHWEST 0338,10361.103883350957,4369001.631349246,194
4298,224702,4257851.054887392,9804.975677620047,0338,LAPD SOUTHWEST 0338,10361.103883350957,4369001.631349246,5888
4299,221900,4413475.86045281,10667.135124852193,0337,LAPD SOUTHWEST 0337,10494.786372163038,5159412.654790851,355
4300,222001,5105293.148739629,9152.509540207837,0337,LAPD SOUTHWEST 0337,10494.786372163038,5159412.654790851,2206
4301,222100,5155222.424860391,10486.772071118576,0337,LAPD SOUTHWEST 0337,10494.786372163038,5159412.654790851,5137489
4302,222200,5186787.013646935,10532.844579906958,0337,LAPD SOUTHWEST 0337,10494.786372163038,5159412.654790851,17075
4303,221900,4413475.86045281,10667.135124852193,0357,LAPD SOUTHWEST 0357,10587.903125634286,7004991.261053201,4822
4304,222100,5155222.424860391,10486.772071118576,0357,LAPD SOUTHWEST 0357,10587.903125634286,7004991.261053201,4130
4305,222500,7023063.34478006,10606.607616378667,0357,LAPD SOUTHWEST 0357,10587.903125634286,7004991.261053201,2096
4306,222600,7017410.722675115,10585.617818767398,0357,LAPD SOUTHWEST 0357,10587.903125634286,7004991.261053201,6989368
4307,222700,8846637.474481689,13629.60912559972,0357,LAPD SOUTHWEST 0357,10587.903125634286,7004991.261053201,1429
4308,221900,4413475.86045281,10667.135124852193,0358,LAPD SOUTHWEST 0358,10830.581474313996,7293974.773105586,59710
4309,222600,7017410.722675115,10585.617818767398,0358,LAPD SOUTHWEST 0358,10830.581474313996,7293974.773105586,259
4310,222700,8846637.474481689,13629.60912559972,0358,LAPD SOUTHWEST 0358,10830.581474313996,7293974.773105586,7222254
4311,224702,4257851.054887392,9804.975677620047,0358,LAPD SOUTHWEST 0358,10830.581474313996,7293974.773105586,32
4312,231220,10389133.630625632,13177.4647886424,0358,LAPD SOUTHWEST 0358,10830.581474313996,7293974.773105586,8407
4313,222001,5105293.148739629,9152.509540207837,0356,LAPD SOUTHWEST 0356,10597.797532224957,7018879.816723982,17
4314,222002,7057954.580780072,10841.918687758585,0356,LAPD SOUTHWEST 0356,10597.797532224957,7018879.816723982,1080
4315,222100,5155222.424860391,10486.772071118576,0356,LAPD SOUTHWEST 0356,10597.797532224957,7018879.816723982,10277
4316,222500,7023063.34478006,10606.607616378667,0356,LAPD SOUTHWEST 0356,10597.797532224957,7018879.816723982,6997991
4317,222600,7017410.722675115,10585.617818767398,0356,LAPD SOUTHWEST 0356,10597.797532224957,7018879.816723982,6395
4318,222002,7057954.580780072,10841.918687758585,0375,LAPD SOUTHWEST 0375,10369.461988092597,6697977.754388915,7351
4319,231302,4558808.493243829,10645.961359465658,0375,LAPD SOUTHWEST 0375,10369.461988092597,6697977.754388915,3532
4320,231400,6684775.592734587,10350.63379950044,0375,LAPD SOUTHWEST 0375,10369.461988092597,6697977.754388915,6679188
4321,231500,9894305.68672571,12798.516533619972,0375,LAPD SOUTHWEST 0375,10369.461988092597,6697977.754388915,1575
4322,234002,6077750.207213635,13242.674443854532,0375,LAPD SOUTHWEST 0375,10369.461988092597,6697977.754388915,3365
4323,222002,7057954.580780072,10841.918687758585,0376,LAPD SOUTHWEST 0376,10656.86970567121,7075486.701678568,32
4324,222500,7023063.34478006,10606.607616378667,0376,LAPD SOUTHWEST 0376,10656.86970567121,7075486.701678568,18010
4325,231210,3451814.03979854,7922.644824792622,0376,LAPD SOUTHWEST 0376,10656.86970567121,7075486.701678568,1235
4326,231301,2517991.862751991,7081.843646844421,0376,LAPD SOUTHWEST 0376,10656.86970567121,7075486.701678568,2513515
4327,231302,4558808.493243829,10645.961359465658,0376,LAPD SOUTHWEST 0376,10656.86970567121,7075486.701678568,4538641
4328,231400,6684775.592734587,10350.63379950044,0376,LAPD SOUTHWEST 0376,10656.86970567121,7075486.701678568,792
4329,231500,9894305.68672571,12798.516533619972,0376,LAPD SOUTHWEST 0376,10656.86970567121,7075486.701678568,94
4330,222500,7023063.34478006,10606.607616378667,0377,LAPD SOUTHWEST 0377,7934.683613061754,3464226.778938438,29
4331,222600,7017410.722675115,10585.617818767398,0377,LAPD SOUTHWEST 0377,7934.683613061754,3464226.778938438,8773
4332,231210,3451814.03979854,7922.644824792622,0377,LAPD SOUTHWEST 0377,7934.683613061754,3464226.778938438,3446453
4333,231220,10389133.630625632,13177.4647886424,0377,LAPD SOUTHWEST 0377,7934.683613061754,3464226.778938438,4060
4334,231301,2517991.862751991,7081.843646844421,0377,LAPD SOUTHWEST 0377,7934.683613061754,3464226.778938438,3348
4335,222600,7017410.722675115,10585.617818767398,0378,LAPD SOUTHWEST 0378,10700.644268204707,6896246.535128007,28
4336,222700,8846637.474481689,13629.60912559972,0378,LAPD SOUTHWEST 0378,10700.644268204707,6896246.535128007,17711
4337,231100,9623608.304610072,12919.954591322465,0378,LAPD SOUTHWEST 0378,10700.644268204707,6896246.535128007,1266
4338,231220,10389133.630625632,13177.4647886424,0378,LAPD SOUTHWEST 0378,10700.644268204707,6896246.535128007,6874008
4339,231710,3485223.4259756617,7941.548717274967,0378,LAPD SOUTHWEST 0378,10700.644268204707,6896246.535128007,83
4340,222600,7017410.722675115,10585.617818767398,0379,LAPD SOUTHWEST 0379,7943.40185269627,3501620.486654764,9435
4341,231210,3451814.03979854,7922.644824792622,0379,LAPD SOUTHWEST 0379,7943.40185269627,3501620.486654764,321
4342,231220,10389133.630625632,13177.4647886424,0379,LAPD SOUTHWEST 0379,7943.40185269627,3501620.486654764,3489727
4343,231603,3447314.210700119,7867.587073971305,0379,LAPD SOUTHWEST 0379,7943.40185269627,3501620.486654764,548
4344,231710,3485223.4259756617,7941.548717274967,0379,LAPD SOUTHWEST 0379,7943.40185269627,3501620.486654764,0
4345,222700,8846637.474481689,13629.60912559972,0329,LAPD SOUTHWEST 0329,6281.72411391147,1484384.1255159504,240
4346,224420,3860569.8863398507,8969.152871827353,0329,LAPD SOUTHWEST 0329,6281.72411391147,1484384.1255159504,1372
4347,224701,2534774.989603408,7580.362829590473,0329,LAPD SOUTHWEST 0329,6281.72411391147,1484384.1255159504,850
4348,224702,4257851.054887392,9804.975677620047,0329,LAPD SOUTHWEST 0329,6281.72411391147,1484384.1255159504,1481240
4349,222700,8846637.474481689,13629.60912559972,0359,LAPD SOUTHWEST 0359,9124.783674626136,2412790.0429420862,1505027
4350,224702,4257851.054887392,9804.975677620047,0359,LAPD SOUTHWEST 0359,9124.783674626136,2412790.0429420862,753
4351,231100,9623608.304610072,12919.954591322465,0359,LAPD SOUTHWEST 0359,9124.783674626136,2412790.0429420862,905901
4352,222700,8846637.474481689,13629.60912559972,1331,LAPD NEWTON 1331,11258.408227840062,7821109.487601572,4
4353,224020,13264716.367844637,15226.233227715717,1331,LAPD NEWTON 1331,11258.408227840062,7821109.487601572,6064
4354,224420,3860569.8863398507,8969.152871827353,1331,LAPD NEWTON 1331,11258.408227840062,7821109.487601572,35
4355,224600,7738462.9823672995,11201.324171453552,1331,LAPD NEWTON 1331,11258.408227840062,7821109.487601572,7726574
4356,224702,4257851.054887392,9804.975677620047,1331,LAPD NEWTON 1331,11258.408227840062,7821109.487601572,84764
4357,226701,4048388.262060638,9183.65227454754,1331,LAPD NEWTON 1331,11258.408227840062,7821109.487601572,12
4358,226702,4376816.156394016,12056.377052905942,1331,LAPD NEWTON 1331,11258.408227840062,7821109.487601572,0
4359,231100,9623608.304610072,12919.954591322465,1331,LAPD NEWTON 1331,11258.408227840062,7821109.487601572,42
4360,222700,8846637.474481689,13629.60912559972,1341,LAPD NEWTON 1341,10657.211282894432,6675154.702006431,76222
4361,224600,7738462.9823672995,11201.324171453552,1341,LAPD NEWTON 1341,10657.211282894432,6675154.702006431,2850
4362,224702,4257851.054887392,9804.975677620047,1341,LAPD NEWTON 1341,10657.211282894432,6675154.702006431,0
4363,231100,9623608.304610072,12919.954591322465,1341,LAPD NEWTON 1341,10657.211282894432,6675154.702006431,6593000
4364,224020,13264716.367844637,15226.233227715717,1311,LAPD NEWTON 1311,4142.236126971306,687929.9372634183,641861
4365,224410,4878956.815930292,10535.054711604953,1311,LAPD NEWTON 1311,4142.236126971306,687929.9372634183,159
4366,224420,3860569.8863398507,8969.152871827353,1311,LAPD NEWTON 1311,4142.236126971306,687929.9372634183,45594
4367,224020,13264716.367844637,15226.233227715717,1321,LAPD NEWTON 1321,12060.496604980857,9019512.531369636,8986555
4368,224420,3860569.8863398507,8969.152871827353,1321,LAPD NEWTON 1321,12060.496604980857,9019512.531369636,27473
4369,226001,11138123.386743072,19074.26957595056,1321,LAPD NEWTON 1321,12060.496604980857,9019512.531369636,1163
4370,226410,3040629.9287922597,7123.364993515799,1321,LAPD NEWTON 1321,12060.496604980857,9019512.531369636,166
4371,224020,13264716.367844637,15226.233227715717,1322,LAPD NEWTON 1322,7122.558057247589,3041319.6616178867,1127
4372,224600,7738462.9823672995,11201.324171453552,1322,LAPD NEWTON 1322,7122.558057247589,3041319.6616178867,647
4373,226001,11138123.386743072,19074.26957595056,1322,LAPD NEWTON 1322,7122.558057247589,3041319.6616178867,6494
4374,226410,3040629.9287922597,7123.364993515799,1322,LAPD NEWTON 1322,7122.558057247589,3041319.6616178867,3030364
4375,226702,4376816.156394016,12056.377052905942,1322,LAPD NEWTON 1322,7122.558057247589,3041319.6616178867,1268
4376,224200,3963203.1794497515,8643.300182350935,0292,LAPD RAMPART 0292,3822.027572065454,629360.9970342433,93137
4377,224310,1946036.6966205854,6759.460353325664,0292,LAPD RAMPART 0292,3822.027572065454,629360.9970342433,578
4378,224320,3129822.623031714,8444.169605289884,0292,LAPD RAMPART 0292,3822.027572065454,629360.9970342433,535361
4379,224200,3963203.1794497515,8643.300182350935,0309,LAPD SOUTHWEST 0309,4652.406016130669,901556.8538330138,66526
4380,224410,4878956.815930292,10535.054711604953,0309,LAPD SOUTHWEST 0309,4652.406016130669,901556.8538330138,834621
4381,224410,4878956.815930292,10535.054711604953,0319,LAPD SOUTHWEST 0319,8892.356803087008,3783681.8930222066,8986
4382,224420,3860569.8863398507,8969.152871827353,0319,LAPD SOUTHWEST 0319,8892.356803087008,3783681.8930222066,3772974
4383,224600,7738462.9823672995,11201.324171453552,1333,LAPD NEWTON 1333,12146.066748561308,8429928.96059299,2415
4384,226410,3040629.9287922597,7123.364993515799,1333,LAPD NEWTON 1333,12146.066748561308,8429928.96059299,3534
4385,226420,4595545.901306435,8778.892964974373,1333,LAPD NEWTON 1333,12146.066748561308,8429928.96059299,10965
4386,226701,4048388.262060638,9183.65227454754,1333,LAPD NEWTON 1333,12146.066748561308,8429928.96059299,4040413
4387,226702,4376816.156394016,12056.377052905942,1333,LAPD NEWTON 1333,12146.066748561308,8429928.96059299,4367340
4388,227020,4737436.152885865,9166.080390674977,1333,LAPD NEWTON 1333,12146.066748561308,8429928.96059299,191
4389,228310,5880551.426256357,11254.257670245692,1333,LAPD NEWTON 1333,12146.066748561308,8429928.96059299,995
4390,228410,2989299.7619407917,7107.133790275809,1333,LAPD NEWTON 1333,12146.066748561308,8429928.96059299,120
4391,224600,7738462.9823672995,11201.324171453552,1342,LAPD NEWTON 1342,8939.48656702491,5092011.525687413,2403
4392,226701,4048388.262060638,9183.65227454754,1342,LAPD NEWTON 1342,8939.48656702491,5092011.525687413,3346
4393,228410,2989299.7619407917,7107.133790275809,1342,LAPD NEWTON 1342,8939.48656702491,5092011.525687413,2978878
4394,231100,9623608.304610072,12919.954591322465,1342,LAPD NEWTON 1342,8939.48656702491,5092011.525687413,2105011
4395,226001,11138123.386743072,19074.26957595056,1323,LAPD NEWTON 1323,8752.291933048398,4586625.157334988,1547
4396,226410,3040629.9287922597,7123.364993515799,1323,LAPD NEWTON 1323,8752.291933048398,4586625.157334988,4765
4397,226420,4595545.901306435,8778.892964974373,1323,LAPD NEWTON 1323,8752.291933048398,4586625.157334988,4577700
4398,227010,6234440.739195077,11858.477176259188,1323,LAPD NEWTON 1323,8752.291933048398,4586625.157334988,457
4399,226001,11138123.386743072,19074.26957595056,1324,LAPD NEWTON 1324,6487.268550576242,2624819.6660650275,4122
4400,226420,4595545.901306435,8778.892964974373,1324,LAPD NEWTON 1324,6487.268550576242,2624819.6660650275,574
4401,227010,6234440.739195077,11858.477176259188,1324,LAPD NEWTON 1324,6487.268550576242,2624819.6660650275,2618879
4402,226420,4595545.901306435,8778.892964974373,1325,LAPD NEWTON 1325,7103.231285075783,2958850.1817867653,2118
4403,226702,4376816.156394016,12056.377052905942,1325,LAPD NEWTON 1325,7103.231285075783,2958850.1817867653,2914
4404,227010,6234440.739195077,11858.477176259188,1325,LAPD NEWTON 1325,7103.231285075783,2958850.1817867653,8189
4405,227020,4737436.152885865,9166.080390674977,1325,LAPD NEWTON 1325,7103.231285075783,2958850.1817867653,2944226
4406,226701,4048388.262060638,9183.65227454754,1343,LAPD NEWTON 1343,11247.644607328597,5880449.329227907,2723
4407,226702,4376816.156394016,12056.377052905942,1343,LAPD NEWTON 1343,11247.644607328597,5880449.329227907,2372
4408,228210,4424348.075244928,9184.586519074466,1343,LAPD NEWTON 1343,11247.644607328597,5880449.329227907,697
4409,228310,5880551.426256357,11254.257670245692,1343,LAPD NEWTON 1343,11247.644607328597,5880449.329227907,5863900
4410,228320,3627882.0203640433,10223.813554788325,1343,LAPD NEWTON 1343,11247.644607328597,5880449.329227907,2455
4411,228410,2989299.7619407917,7107.133790275809,1343,LAPD NEWTON 1343,11247.644607328597,5880449.329227907,4046
4412,228420,2985840.080122346,7921.096578799121,1343,LAPD NEWTON 1343,11247.644607328597,5880449.329227907,1482
4413,226702,4376816.156394016,12056.377052905942,1345,LAPD NEWTON 1345,9194.163950344322,4433569.20772566,861
4414,227020,4737436.152885865,9166.080390674977,1345,LAPD NEWTON 1345,9194.163950344322,4433569.20772566,6905
4415,228100,10799828.72774183,15274.769663909921,1345,LAPD NEWTON 1345,9194.163950344322,4433569.20772566,3108
4416,228210,4424348.075244928,9184.586519074466,1345,LAPD NEWTON 1345,9194.163950344322,4433569.20772566,4415983
4417,228220,3941934.153013454,9102.49238054019,1345,LAPD NEWTON 1345,9194.163950344322,4433569.20772566,2063
4418,228310,5880551.426256357,11254.257670245692,1345,LAPD NEWTON 1345,9194.163950344322,4433569.20772566,1536
4419,228320,3627882.0203640433,10223.813554788325,1345,LAPD NEWTON 1345,9194.163950344322,4433569.20772566,996
4420,227010,6234440.739195077,11858.477176259188,1326,LAPD NEWTON 1326,5301.2967145697085,1792402.9333596653,5063
4421,227020,4737436.152885865,9166.080390674977,1326,LAPD NEWTON 1326,5301.2967145697085,1792402.9333596653,1783711
4422,228100,10799828.72774183,15274.769663909921,1326,LAPD NEWTON 1326,5301.2967145697085,1792402.9333596653,2041
4423,228210,4424348.075244928,9184.586519074466,1326,LAPD NEWTON 1326,5301.2967145697085,1792402.9333596653,731
4424,228100,10799828.72774183,15274.769663909921,1346,LAPD NEWTON 1346,9126.107085196974,3955245.9544204553,7241
4425,228210,4424348.075244928,9184.586519074466,1346,LAPD NEWTON 1346,9126.107085196974,3955245.9544204553,4800
4426,228220,3941934.153013454,9102.49238054019,1346,LAPD NEWTON 1346,9126.107085196974,3955245.9544204553,3936344
4427,228320,3627882.0203640433,10223.813554788325,1346,LAPD NEWTON 1346,9126.107085196974,3955245.9544204553,5
4428,228600,5672241.818206563,9590.926792901253,1346,LAPD NEWTON 1346,9126.107085196974,3955245.9544204553,2176
4429,228710,4357156.30389664,9256.84888136368,1346,LAPD NEWTON 1346,9126.107085196974,3955245.9544204553,1195
4430,228720,4350304.998762609,9244.66586027055,1346,LAPD NEWTON 1346,9126.107085196974,3955245.9544204553,1549
4431,228800,9090038.060175616,12361.182428379909,1346,LAPD NEWTON 1346,9126.107085196974,3955245.9544204553,35
4432,228100,10799828.72774183,15274.769663909921,1367,LAPD NEWTON 1367,12178.632888717051,9081342.583649823,3178
4433,228720,4350304.998762609,9244.66586027055,1367,LAPD NEWTON 1367,12178.632888717051,9081342.583649823,60
4434,228800,9090038.060175616,12361.182428379909,1367,LAPD NEWTON 1367,12178.632888717051,9081342.583649823,9051360
4435,228900,5549020.780747489,9659.072227345367,1367,LAPD NEWTON 1367,12178.632888717051,9081342.583649823,3600
4436,229100,5113467.671740263,9150.084714056782,1367,LAPD NEWTON 1367,12178.632888717051,9081342.583649823,0
4437,980016,144845258.02888536,78269.93530374157,1367,LAPD NEWTON 1367,12178.632888717051,9081342.583649823,18720
4438,228210,4424348.075244928,9184.586519074466,1344,LAPD NEWTON 1344,10229.41842229577,3629057.083926338,26
4439,228310,5880551.426256357,11254.257670245692,1344,LAPD NEWTON 1344,10229.41842229577,3629057.083926338,11347
4440,228320,3627882.0203640433,10223.813554788325,1344,LAPD NEWTON 1344,10229.41842229577,3629057.083926338,3611541
4441,228420,2985840.080122346,7921.096578799121,1344,LAPD NEWTON 1344,10229.41842229577,3629057.083926338,4427
4442,228220,3941934.153013454,9102.49238054019,1364,LAPD NEWTON 1364,9254.115101700794,4366754.826681009,1455
4443,228600,5672241.818206563,9590.926792901253,1364,LAPD NEWTON 1364,9254.115101700794,4366754.826681009,837
4444,228710,4357156.30389664,9256.84888136368,1364,LAPD NEWTON 1364,9254.115101700794,4366754.826681009,4351862
4445,228720,4350304.998762609,9244.66586027055,1364,LAPD NEWTON 1364,9254.115101700794,4366754.826681009,7041
4446,229200,4797268.253329212,8927.114608350017,1364,LAPD NEWTON 1364,9254.115101700794,4366754.826681009,3090
4447,229420,6287881.437485597,10052.110542620228,1364,LAPD NEWTON 1364,9254.115101700794,4366754.826681009,368
4448,228220,3941934.153013454,9102.49238054019,1365,LAPD NEWTON 1365,9248.910752109048,4352630.033023701,117
4449,228710,4357156.30389664,9256.84888136368,1365,LAPD NEWTON 1365,9248.910752109048,4352630.033023701,408
4450,228720,4350304.998762609,9244.66586027055,1365,LAPD NEWTON 1365,9248.910752109048,4352630.033023701,4339548
4451,228800,9090038.060175616,12361.182428379909,1365,LAPD NEWTON 1365,9248.910752109048,4352630.033023701,6259
4452,229100,5113467.671740263,9150.084714056782,1365,LAPD NEWTON 1365,9248.910752109048,4352630.033023701,4192
4453,228320,3627882.0203640433,10223.813554788325,1352,LAPD NEWTON 1352,9226.067760012162,4835626.2737821145,2089
4454,228420,2985840.080122346,7921.096578799121,1352,LAPD NEWTON 1352,9226.067760012162,4835626.2737821145,3485
4455,228500,4831907.052529081,9216.980606637615,1352,LAPD NEWTON 1352,9226.067760012162,4835626.2737821145,4824048
4456,228600,5672241.818206563,9590.926792901253,1352,LAPD NEWTON 1352,9226.067760012162,4835626.2737821145,3311
4457,229300,5413564.175010937,9545.172043177812,1352,LAPD NEWTON 1352,9226.067760012162,4835626.2737821145,354
4458,231902,3488404.8209293834,9940.723990303964,1352,LAPD NEWTON 1352,9226.067760012162,4835626.2737821145,57
4459,228320,3627882.0203640433,10223.813554788325,1353,LAPD NEWTON 1353,9572.398995687987,5659120.336525832,8835
4460,228600,5672241.818206563,9590.926792901253,1353,LAPD NEWTON 1353,9572.398995687987,5659120.336525832,5646464
4461,229200,4797268.253329212,8927.114608350017,1353,LAPD NEWTON 1353,9572.398995687987,5659120.336525832,1129
4462,228320,3627882.0203640433,10223.813554788325,1354,LAPD NEWTON 1354,7918.839413179988,2983515.1721477266,244
4463,228410,2989299.7619407917,7107.133790275809,1354,LAPD NEWTON 1354,7918.839413179988,2983515.1721477266,4859
4464,228420,2985840.080122346,7921.096578799121,1354,LAPD NEWTON 1354,7918.839413179988,2983515.1721477266,2975016
4465,228500,4831907.052529081,9216.980606637615,1354,LAPD NEWTON 1354,7918.839413179988,2983515.1721477266,580
4466,231100,9623608.304610072,12919.954591322465,1354,LAPD NEWTON 1354,7918.839413179988,2983515.1721477266,820
4467,231800,5600044.978766959,9533.134871320832,1354,LAPD NEWTON 1354,7918.839413179988,2983515.1721477266,598
4468,228420,2985840.080122346,7921.096578799121,1351,LAPD NEWTON 1351,9575.788941862706,5667846.911696443,31
4469,231100,9623608.304610072,12919.954591322465,1351,LAPD NEWTON 1351,9575.788941862706,5667846.911696443,7967
4470,231720,5083179.130962037,9121.124554771854,1351,LAPD NEWTON 1351,9575.788941862706,5667846.911696443,70903
4471,231800,5600044.978766959,9533.134871320832,1351,LAPD NEWTON 1351,9575.788941862706,5667846.911696443,5586309
4472,228420,2985840.080122346,7921.096578799121,1361,LAPD NEWTON 1361,10131.719234710105,6186630.749180341,0
4473,228500,4831907.052529081,9216.980606637615,1361,LAPD NEWTON 1361,10131.719234710105,6186630.749180341,8
4474,229300,5413564.175010937,9545.172043177812,1361,LAPD NEWTON 1361,10131.719234710105,6186630.749180341,349
4475,231720,5083179.130962037,9121.124554771854,1361,LAPD NEWTON 1361,10131.719234710105,6186630.749180341,88
4476,231800,5600044.978766959,9533.134871320832,1361,LAPD NEWTON 1361,10131.719234710105,6186630.749180341,10533
4477,231901,2634646.875958755,6630.602776377257,1361,LAPD NEWTON 1361,10131.719234710105,6186630.749180341,2628035
4478,231902,3488404.8209293834,9940.723990303964,1361,LAPD NEWTON 1361,10131.719234710105,6186630.749180341,3485243
4479,232120,5617477.7125684,9730.33918735381,1361,LAPD NEWTON 1361,10131.719234710105,6186630.749180341,59455
4480,232800,4592442.842684217,8716.845358166715,1361,LAPD NEWTON 1361,10131.719234710105,6186630.749180341,17
4481,228500,4831907.052529081,9216.980606637615,1362,LAPD NEWTON 1362,9554.209850406553,5411341.521461205,4993
4482,228600,5672241.818206563,9590.926792901253,1362,LAPD NEWTON 1362,9554.209850406553,5411341.521461205,10
4483,229200,4797268.253329212,8927.114608350017,1362,LAPD NEWTON 1362,9554.209850406553,5411341.521461205,4144
4484,229300,5413564.175010937,9545.172043177812,1362,LAPD NEWTON 1362,9554.209850406553,5411341.521461205,5398879
4485,229420,6287881.437485597,10052.110542620228,1362,LAPD NEWTON 1362,9554.209850406553,5411341.521461205,472
4486,231901,2634646.875958755,6630.602776377257,1362,LAPD NEWTON 1362,9554.209850406553,5411341.521461205,278
4487,231902,3488404.8209293834,9940.723990303964,1362,LAPD NEWTON 1362,9554.209850406553,5411341.521461205,0
4488,228600,5672241.818206563,9590.926792901253,1363,LAPD NEWTON 1363,8916.278420867173,4799200.110925974,16742
4489,229200,4797268.253329212,8927.114608350017,1363,LAPD NEWTON 1363,8916.278420867173,4799200.110925974,4778540
4490,229300,5413564.175010937,9545.172043177812,1363,LAPD NEWTON 1363,8916.278420867173,4799200.110925974,9
4491,229420,6287881.437485597,10052.110542620228,1363,LAPD NEWTON 1363,8916.278420867173,4799200.110925974,1612
4492,228710,4357156.30389664,9256.84888136368,1375,LAPD NEWTON 1375,9119.615904584636,5109320.185701962,1594
4493,228720,4350304.998762609,9244.66586027055,1375,LAPD NEWTON 1375,9119.615904584636,5109320.185701962,2
4494,228900,5549020.780747489,9659.072227345367,1375,LAPD NEWTON 1375,9119.615904584636,5109320.185701962,3018
4495,229100,5113467.671740263,9150.084714056782,1375,LAPD NEWTON 1375,9119.615904584636,5109320.185701962,5100863
4496,229420,6287881.437485597,10052.110542620228,1375,LAPD NEWTON 1375,9119.615904584636,5109320.185701962,1038
4497,532800,5931393.328111768,10039.079857126688,1375,LAPD NEWTON 1375,9119.615904584636,5109320.185701962,323
4498,228800,9090038.060175616,12361.182428379909,1377,LAPD NEWTON 1377,9727.727118271523,5586085.4390844125,26781
4499,228900,5549020.780747489,9659.072227345367,1377,LAPD NEWTON 1377,9727.727118271523,5586085.4390844125,5535121
4500,229100,5113467.671740263,9150.084714056782,1377,LAPD NEWTON 1377,9727.727118271523,5586085.4390844125,25
4501,532607,11878646.907742107,14270.515668062362,1377,LAPD NEWTON 1377,9727.727118271523,5586085.4390844125,1318
4502,980016,144845258.02888536,78269.93530374157,1377,LAPD NEWTON 1377,9727.727118271523,5586085.4390844125,20100
4503,229100,5113467.671740263,9150.084714056782,1373,LAPD NEWTON 1373,10083.149774410544,6274666.299574192,4814
4504,229200,4797268.253329212,8927.114608350017,1373,LAPD NEWTON 1373,10083.149774410544,6274666.299574192,8069
4505,229420,6287881.437485597,10052.110542620228,1373,LAPD NEWTON 1373,10083.149774410544,6274666.299574192,6256250
4506,532800,5931393.328111768,10039.079857126688,1373,LAPD NEWTON 1373,10083.149774410544,6274666.299574192,2516
4507,229300,5413564.175010937,9545.172043177812,1371,LAPD NEWTON 1371,8741.455643937381,4633103.293628619,77
4508,229410,5838700.427545945,9706.990136290933,1371,LAPD NEWTON 1371,8741.455643937381,4633103.293628619,1466
4509,231901,2634646.875958755,6630.602776377257,1371,LAPD NEWTON 1371,8741.455643937381,4633103.293628619,5094
4510,231902,3488404.8209293834,9940.723990303964,1371,LAPD NEWTON 1371,8741.455643937381,4633103.293628619,1472
4511,232120,5617477.7125684,9730.33918735381,1371,LAPD NEWTON 1371,8741.455643937381,4633103.293628619,25
4512,232702,4883945.176225436,8854.780081025181,1371,LAPD NEWTON 1371,8741.455643937381,4633103.293628619,52425
4513,232800,4592442.842684217,8716.845358166715,1371,LAPD NEWTON 1371,8741.455643937381,4633103.293628619,4570355
4514,229300,5413564.175010937,9545.172043177812,1372,LAPD NEWTON 1372,9699.323013444437,5828241.5516797425,11331
4515,229410,5838700.427545945,9706.990136290933,1372,LAPD NEWTON 1372,9699.323013444437,5828241.5516797425,5809148
4516,229420,6287881.437485597,10052.110542620228,1372,LAPD NEWTON 1372,9699.323013444437,5828241.5516797425,4920
4517,232800,4592442.842684217,8716.845358166715,1372,LAPD NEWTON 1372,9699.323013444437,5828241.5516797425,66
4518,229410,5838700.427545945,9706.990136290933,1383,LAPD NEWTON 1383,10133.38769110158,6528966.595421079,10974
4519,232800,4592442.842684217,8716.845358166715,1383,LAPD NEWTON 1383,10133.38769110158,6528966.595421079,12621
4520,239201,4842417.282662927,8889.200717504611,1383,LAPD NEWTON 1383,10133.38769110158,6528966.595421079,3255041
4521,239202,13730941.27964428,15869.390472037203,1383,LAPD NEWTON 1383,10133.38769110158,6528966.595421079,3247217
4522,229410,5838700.427545945,9706.990136290933,1385,LAPD NEWTON 1385,13405.389281108271,10511060.035755528,14331
4523,229420,6287881.437485597,10052.110542620228,1385,LAPD NEWTON 1385,13405.389281108271,10511060.035755528,20197
4524,239202,13730941.27964428,15869.390472037203,1385,LAPD NEWTON 1385,13405.389281108271,10511060.035755528,10362174
4525,532800,5931393.328111768,10039.079857126688,1385,LAPD NEWTON 1385,13405.389281108271,10511060.035755528,87245
4526,532900,8258066.066886989,11928.020200390552,1385,LAPD NEWTON 1385,13405.389281108271,10511060.035755528,22038
4527,231100,9623608.304610072,12919.954591322465,0398,LAPD SOUTHWEST 0398,8071.072414779401,3646969.6184917656,0
4528,231220,10389133.630625632,13177.4647886424,0398,LAPD SOUTHWEST 0398,8071.072414779401,3646969.6184917656,4090
4529,231710,3485223.4259756617,7941.548717274967,0398,LAPD SOUTHWEST 0398,8071.072414779401,3646969.6184917656,2640
4530,231720,5083179.130962037,9121.124554771854,0398,LAPD SOUTHWEST 0398,8071.072414779401,3646969.6184917656,3638556
4531,231100,9623608.304610072,12919.954591322465,0399,LAPD SOUTHWEST 0399,6376.211280734592,1368691.2527452197,5150
4532,231720,5083179.130962037,9121.124554771854,0399,LAPD SOUTHWEST 0399,6376.211280734592,1368691.2527452197,1362907
4533,231210,3451814.03979854,7922.644824792622,0397,LAPD SOUTHWEST 0397,13076.87253546716,10262395.160906544,2246
4534,231220,10389133.630625632,13177.4647886424,0397,LAPD SOUTHWEST 0397,13076.87253546716,10262395.160906544,2302
4535,231302,4558808.493243829,10645.961359465658,0397,LAPD SOUTHWEST 0397,13076.87253546716,10262395.160906544,12133
4536,231500,9894305.68672571,12798.516533619972,0397,LAPD SOUTHWEST 0397,13076.87253546716,10262395.160906544,1
4537,231601,3437892.9596720254,7854.054974631466,0397,LAPD SOUTHWEST 0397,13076.87253546716,10262395.160906544,3422747
4538,231602,3390802.812731341,7818.122524932501,0397,LAPD SOUTHWEST 0397,13076.87253546716,10262395.160906544,3382661
4539,231603,3447314.210700119,7867.587073971305,0397,LAPD SOUTHWEST 0397,13076.87253546716,10262395.160906544,3434809
4540,231710,3485223.4259756617,7941.548717274967,0397,LAPD SOUTHWEST 0397,13076.87253546716,10262395.160906544,833
4541,231220,10389133.630625632,13177.4647886424,0396,LAPD SOUTHWEST 0396,7926.855346429835,3474757.814833903,1805
4542,231603,3447314.210700119,7867.587073971305,0396,LAPD SOUTHWEST 0396,7926.855346429835,3474757.814833903,1102
4543,231710,3485223.4259756617,7941.548717274967,0396,LAPD SOUTHWEST 0396,7926.855346429835,3474757.814833903,3469041
4544,231720,5083179.130962037,9121.124554771854,0396,LAPD SOUTHWEST 0396,7926.855346429835,3474757.814833903,1214
4545,231302,4558808.493243829,10645.961359465658,0395,LAPD SOUTHWEST 0395,12795.318170457229,9885353.594766906,2464
4546,231400,6684775.592734587,10350.63379950044,0395,LAPD SOUTHWEST 0395,12795.318170457229,9885353.594766906,977
4547,231500,9894305.68672571,12798.516533619972,0395,LAPD SOUTHWEST 0395,12795.318170457229,9885353.594766906,9868620
4548,231601,3437892.9596720254,7854.054974631466,0395,LAPD SOUTHWEST 0395,12795.318170457229,9885353.594766906,5625
4549,234002,6077750.207213635,13242.674443854532,0395,LAPD SOUTHWEST 0395,12795.318170457229,9885353.594766906,3247
4550,231500,9894305.68672571,12798.516533619972,0394,LAPD SOUTHWEST 0394,9061.335936008878,4729898.081516863,2749
4551,234001,7289805.948772269,15674.657475769189,0394,LAPD SOUTHWEST 0394,9061.335936008878,4729898.081516863,2177283
4552,234002,6077750.207213635,13242.674443854532,0394,LAPD SOUTHWEST 0394,9061.335936008878,4729898.081516863,2538126
4553,234302,3942923.4169158665,9264.004634442488,0394,LAPD SOUTHWEST 0394,9061.335936008878,4729898.081516863,9648
4554,231500,9894305.68672571,12798.516533619972,1203,LAPD 77TH STREET 1203,13918.112897740522,11988629.72031809,16841
4555,231601,3437892.9596720254,7854.054974631466,1203,LAPD 77TH STREET 1203,13918.112897740522,11988629.72031809,24
4556,232200,5629053.384192244,10868.642271178429,1203,LAPD 77TH STREET 1203,13918.112897740522,11988629.72031809,4123
4557,232300,6768013.822087244,11548.123260696126,1203,LAPD 77TH STREET 1203,13918.112897740522,11988629.72031809,1951
4558,232401,6132156.906736365,11911.302976913239,1203,LAPD 77TH STREET 1203,13918.112897740522,11988629.72031809,6124082
4559,232402,5847679.48948543,11262.242681585552,1203,LAPD 77TH STREET 1203,13918.112897740522,11988629.72031809,5834968
4560,234002,6077750.207213635,13242.674443854532,1203,LAPD 77TH STREET 1203,13918.112897740522,11988629.72031809,3
4561,234501,8092378.409490073,12751.346018276881,1203,LAPD 77TH STREET 1203,13918.112897740522,11988629.72031809,1157
4562,234502,5864850.866072336,11665.446044102422,1203,LAPD 77TH STREET 1203,13918.112897740522,11988629.72031809,76
4563,231601,3437892.9596720254,7854.054974631466,1204,LAPD 77TH STREET 1204,10873.57927419418,5633165.361909981,7943
4564,231602,3390802.812731341,7818.122524932501,1204,LAPD 77TH STREET 1204,10873.57927419418,5633165.361909981,6602
4565,231603,3447314.210700119,7867.587073971305,1204,LAPD 77TH STREET 1204,10873.57927419418,5633165.361909981,9268
4566,232110,4090675.077278882,8787.834136788098,1204,LAPD 77TH STREET 1204,10873.57927419418,5633165.361909981,520
4567,232200,5629053.384192244,10868.642271178429,1204,LAPD 77TH STREET 1204,10873.57927419418,5633165.361909981,5606259
4568,231603,3447314.210700119,7867.587073971305,1207,LAPD 77TH STREET 1207,8791.234889631984,4089998.60588811,10
4569,231710,3485223.4259756617,7941.548717274967,1207,LAPD 77TH STREET 1207,8791.234889631984,4089998.60588811,11010
4570,232110,4090675.077278882,8787.834136788098,1207,LAPD 77TH STREET 1207,8791.234889631984,4089998.60588811,4075396
4571,232120,5617477.7125684,9730.33918735381,1207,LAPD 77TH STREET 1207,8791.234889631984,4089998.60588811,1239
4572,232200,5629053.384192244,10868.642271178429,1207,LAPD 77TH STREET 1207,8791.234889631984,4089998.60588811,309
4573,232702,4883945.176225436,8854.780081025181,1207,LAPD 77TH STREET 1207,8791.234889631984,4089998.60588811,142
4574,231710,3485223.4259756617,7941.548717274967,1208,LAPD 77TH STREET 1208,8536.62710304606,3922053.2314070696,16
4575,231720,5083179.130962037,9121.124554771854,1208,LAPD 77TH STREET 1208,8536.62710304606,3922053.2314070696,5438
4576,232110,4090675.077278882,8787.834136788098,1208,LAPD 77TH STREET 1208,8536.62710304606,3922053.2314070696,2683
4577,232120,5617477.7125684,9730.33918735381,1208,LAPD 77TH STREET 1208,8536.62710304606,3922053.2314070696,3909984
4578,232702,4883945.176225436,8854.780081025181,1208,LAPD 77TH STREET 1208,8536.62710304606,3922053.2314070696,2108
4579,231720,5083179.130962037,9121.124554771854,1209,LAPD 77TH STREET 1209,7007.117385028793,1647471.4331343367,1723
4580,232120,5617477.7125684,9730.33918735381,1209,LAPD 77TH STREET 1209,7007.117385028793,1647471.4331343367,1643929
4581,232702,4883945.176225436,8854.780081025181,1209,LAPD 77TH STREET 1209,7007.117385028793,1647471.4331343367,1049
4582,232110,4090675.077278882,8787.834136788098,1205,LAPD 77TH STREET 1205,11558.274568691364,6758446.585463679,2321
4583,232200,5629053.384192244,10868.642271178429,1205,LAPD 77TH STREET 1205,11558.274568691364,6758446.585463679,15791
4584,232300,6768013.822087244,11548.123260696126,1205,LAPD 77TH STREET 1205,11558.274568691364,6758446.585463679,6737089
4585,232701,2986772.9566983515,7152.590678833393,1205,LAPD 77TH STREET 1205,11558.274568691364,6758446.585463679,146
4586,232110,4090675.077278882,8787.834136788098,1218,LAPD 77TH STREET 1218,10098.509799698899,6176376.572234707,7862
4587,232120,5617477.7125684,9730.33918735381,1218,LAPD 77TH STREET 1218,10098.509799698899,6176376.572234707,123
4588,232701,2986772.9566983515,7152.590678833393,1218,LAPD 77TH STREET 1218,10098.509799698899,6176376.572234707,2956523
4589,232702,4883945.176225436,8854.780081025181,1218,LAPD 77TH STREET 1218,10098.509799698899,6176376.572234707,3208985
4590,232120,5617477.7125684,9730.33918735381,1219,LAPD 77TH STREET 1219,6102.737879102664,1591599.8171088048,107
4591,232702,4883945.176225436,8854.780081025181,1219,LAPD 77TH STREET 1219,6102.737879102664,1591599.8171088048,1590745
4592,232300,6768013.822087244,11548.123260696126,1213,LAPD 77TH STREET 1213,11965.981400247483,8257296.196797398,3
4593,232401,6132156.906736365,11911.302976913239,1213,LAPD 77TH STREET 1213,11965.981400247483,8257296.196797398,5305
4594,232402,5847679.48948543,11262.242681585552,1213,LAPD 77TH STREET 1213,11965.981400247483,8257296.196797398,9552
4595,232500,8263480.380971265,11962.435631489308,1213,LAPD 77TH STREET 1213,11965.981400247483,8257296.196797398,8230656
4596,232601,2840257.273125381,7004.333670542479,1213,LAPD 77TH STREET 1213,11965.981400247483,8257296.196797398,4172
4597,234501,8092378.409490073,12751.346018276881,1213,LAPD 77TH STREET 1213,11965.981400247483,8257296.196797398,9
4598,234600,14034822.872249013,17840.20503056998,1213,LAPD 77TH STREET 1213,11965.981400247483,8257296.196797398,3850
4599,232300,6768013.822087244,11548.123260696126,1215,LAPD 77TH STREET 1215,12235.636769159184,8539138.45242296,25867
4600,232500,8263480.380971265,11962.435631489308,1215,LAPD 77TH STREET 1215,12235.636769159184,8539138.45242296,136
4601,232601,2840257.273125381,7004.333670542479,1215,LAPD 77TH STREET 1215,12235.636769159184,8539138.45242296,2818610
4602,232602,5720224.451175641,9605.289511002878,1215,LAPD 77TH STREET 1215,12235.636769159184,8539138.45242296,5682081
4603,232701,2986772.9566983515,7152.590678833393,1215,LAPD 77TH STREET 1215,12235.636769159184,8539138.45242296,8508
4604,232402,5847679.48948543,11262.242681585552,0392,LAPD SOUTHWEST 0392,15704.917583733975,13970591.5695328,531
4605,234001,7289805.948772269,15674.657475769189,0392,LAPD SOUTHWEST 0392,15704.917583733975,13970591.5695328,5919
4606,234002,6077750.207213635,13242.674443854532,0392,LAPD SOUTHWEST 0392,15704.917583733975,13970591.5695328,5719
4607,234301,5424886.042653252,9432.675712460896,0392,LAPD SOUTHWEST 0392,15704.917583733975,13970591.5695328,4653
4608,234302,3942923.4169158665,9264.004634442488,0392,LAPD SOUTHWEST 0392,15704.917583733975,13970591.5695328,15532
4609,234501,8092378.409490073,12751.346018276881,0392,LAPD SOUTHWEST 0392,15704.917583733975,13970591.5695328,8067906
4610,234502,5864850.866072336,11665.446044102422,0392,LAPD SOUTHWEST 0392,15704.917583733975,13970591.5695328,5862101
4611,234600,14034822.872249013,17840.20503056998,0392,LAPD SOUTHWEST 0392,15704.917583733975,13970591.5695328,1682
4612,703200,22673956.225039758,22823.004539282152,0392,LAPD SOUTHWEST 0392,15704.917583733975,13970591.5695328,356
4613,232500,8263480.380971265,11962.435631489308,1211,LAPD 77TH STREET 1211,17838.35120240757,14006450.025502868,27
4614,234501,8092378.409490073,12751.346018276881,1211,LAPD 77TH STREET 1211,17838.35120240757,14006450.025502868,19467
4615,234600,14034822.872249013,17840.20503056998,1211,LAPD 77TH STREET 1211,17838.35120240757,14006450.025502868,13979191
4616,234700,7987585.664079108,14837.83942289584,1211,LAPD 77TH STREET 1211,17838.35120240757,14006450.025502868,0
4617,703200,22673956.225039758,22823.004539282152,1211,LAPD 77TH STREET 1211,17838.35120240757,14006450.025502868,1539
4618,232500,8263480.380971265,11962.435631489308,1233,LAPD 77TH STREET 1233,12232.169365296017,8387660.268647906,28910
4619,232601,2840257.273125381,7004.333670542479,1233,LAPD 77TH STREET 1233,12232.169365296017,8387660.268647906,139
4620,234600,14034822.872249013,17840.20503056998,1233,LAPD 77TH STREET 1233,12232.169365296017,8387660.268647906,600
4621,234700,7987585.664079108,14837.83942289584,1233,LAPD 77TH STREET 1233,12232.169365296017,8387660.268647906,5428
4622,234800,7041768.82248457,10614.46416770323,1233,LAPD 77TH STREET 1233,12232.169365296017,8387660.268647906,1861
4623,237202,11932147.544378469,14393.41552876153,1233,LAPD 77TH STREET 1233,12232.169365296017,8387660.268647906,8346894
4624,232601,2840257.273125381,7004.333670542479,1235,LAPD 77TH STREET 1235,9571.099746963006,5676020.839527591,16033
4625,232602,5720224.451175641,9605.289511002878,1235,LAPD 77TH STREET 1235,9571.099746963006,5676020.839527591,16571
4626,237101,6769968.671910155,10352.186362447832,1235,LAPD 77TH STREET 1235,9571.099746963006,5676020.839527591,8208
4627,237201,4880490.059933515,8888.391757322945,1235,LAPD 77TH STREET 1235,9571.099746963006,5676020.839527591,4219208
4628,237202,11932147.544378469,14393.41552876153,1235,LAPD 77TH STREET 1235,9571.099746963006,5676020.839527591,1413375
4629,232602,5720224.451175641,9605.289511002878,1239,LAPD 77TH STREET 1239,13919.025707897817,9751357.730475051,18928
4630,232701,2986772.9566983515,7152.590678833393,1239,LAPD 77TH STREET 1239,13919.025707897817,9751357.730475051,20204
4631,232702,4883945.176225436,8854.780081025181,1239,LAPD 77TH STREET 1239,13919.025707897817,9751357.730475051,25931
4632,237101,6769968.671910155,10352.186362447832,1239,LAPD 77TH STREET 1239,13919.025707897817,9751357.730475051,5457516
4633,237102,4951073.353130716,9013.080529860346,1239,LAPD 77TH STREET 1239,13919.025707897817,9751357.730475051,4224206
4634,232702,4883945.176225436,8854.780081025181,1381,LAPD NEWTON 1381,5619.446349182493,1426719.5236120452,269
4635,232800,4592442.842684217,8716.845358166715,1381,LAPD NEWTON 1381,5619.446349182493,1426719.5236120452,7214
4636,237102,4951073.353130716,9013.080529860346,1381,LAPD NEWTON 1381,5619.446349182493,1426719.5236120452,55599
4637,239201,4842417.282662927,8889.200717504611,1381,LAPD NEWTON 1381,5619.446349182493,1426719.5236120452,1362960
4638,234001,7289805.948772269,15674.657475769189,0393,LAPD SOUTHWEST 0393,12188.904257271482,9364290.32319948,4102
4639,234200,9503536.848257052,13022.717008060832,0393,LAPD SOUTHWEST 0393,12188.904257271482,9364290.32319948,20521
4640,234301,5424886.042653252,9432.675712460896,0393,LAPD SOUTHWEST 0393,12188.904257271482,9364290.32319948,5417291
4641,234302,3942923.4169158665,9264.004634442488,0393,LAPD SOUTHWEST 0393,12188.904257271482,9364290.32319948,3915975
4642,234502,5864850.866072336,11665.446044102422,0393,LAPD SOUTHWEST 0393,12188.904257271482,9364290.32319948,11
4643,236101,6809528.828647443,11729.68165821927,0393,LAPD SOUTHWEST 0393,12188.904257271482,9364290.32319948,4
4644,236102,5360995.742168346,11929.92826208255,0393,LAPD SOUTHWEST 0393,12188.904257271482,9364290.32319948,1561
4645,703200,22673956.225039758,22823.004539282152,0393,LAPD SOUTHWEST 0393,12188.904257271482,9364290.32319948,731
4646,234600,14034822.872249013,17840.20503056998,1232,LAPD 77TH STREET 1232,14834.251944278662,7996493.840999804,41727
4647,234700,7987585.664079108,14837.83942289584,1232,LAPD 77TH STREET 1232,14834.251944278662,7996493.840999804,7950223
4648,235100,12717505.815019784,18160.630662031806,1232,LAPD 77TH STREET 1232,14834.251944278662,7996493.840999804,946
4649,703200,22673956.225039758,22823.004539282152,1232,LAPD 77TH STREET 1232,14834.251944278662,7996493.840999804,25
4650,234700,7987585.664079108,14837.83942289584,1231,LAPD 77TH STREET 1231,18191.195340714858,12724180.726461262,129
4651,234902,4819302.621291405,9961.997561601662,1231,LAPD 77TH STREET 1231,18191.195340714858,12724180.726461262,561
4652,235100,12717505.815019784,18160.630662031806,1231,LAPD 77TH STREET 1231,18191.195340714858,12724180.726461262,12707193
4653,276102,7089689.876874986,20588.73139681523,1231,LAPD 77TH STREET 1231,18191.195340714858,12724180.726461262,1560
4654,600911,7353051.333139946,11395.381477225723,1231,LAPD 77TH STREET 1231,18191.195340714858,12724180.726461262,486
4655,600912,11710912.623207036,15517.870165503224,1231,LAPD 77TH STREET 1231,18191.195340714858,12724180.726461262,6046
4656,703100,28677375.86875449,26781.16120359665,1231,LAPD 77TH STREET 1231,18191.195340714858,12724180.726461262,1763
4657,703200,22673956.225039758,22823.004539282152,1231,LAPD 77TH STREET 1231,18191.195340714858,12724180.726461262,879
4658,234700,7987585.664079108,14837.83942289584,1241,LAPD 77TH STREET 1241,12611.54568002174,8386803.78689118,17508
4659,234800,7041768.82248457,10614.46416770323,1241,LAPD 77TH STREET 1241,12611.54568002174,8386803.78689118,40
4660,234901,3502786.042577105,7934.900328583926,1241,LAPD 77TH STREET 1241,12611.54568002174,8386803.78689118,3493373
4661,234902,4819302.621291405,9961.997561601662,1241,LAPD 77TH STREET 1241,12611.54568002174,8386803.78689118,4812351
4662,235100,12717505.815019784,18160.630662031806,1241,LAPD 77TH STREET 1241,12611.54568002174,8386803.78689118,891
4663,600912,11710912.623207036,15517.870165503224,1241,LAPD 77TH STREET 1241,12611.54568002174,8386803.78689118,58892
4664,234700,7987585.664079108,14837.83942289584,1242,LAPD 77TH STREET 1242,10613.293822333428,7039980.067011696,10248
4665,234800,7041768.82248457,10614.46416770323,1242,LAPD 77TH STREET 1242,10613.293822333428,7039980.067011696,7020664
4666,234901,3502786.042577105,7934.900328583926,1242,LAPD 77TH STREET 1242,10613.293822333428,7039980.067011696,2926
4667,237202,11932147.544378469,14393.41552876153,1242,LAPD 77TH STREET 1242,10613.293822333428,7039980.067011696,2957
4668,234800,7041768.82248457,10614.46416770323,1243,LAPD 77TH STREET 1243,14337.013215840192,12682775.63774848,3332
4669,235201,7024758.051545678,10666.339058223331,1243,LAPD 77TH STREET 1243,14337.013215840192,12682775.63774848,38
4670,237202,11932147.544378469,14393.41552876153,1243,LAPD 77TH STREET 1243,14337.013215840192,12682775.63774848,1945238
4671,237300,10739283.693338526,13459.483127583135,1243,LAPD 77TH STREET 1243,14337.013215840192,12682775.63774848,10714784
4672,237402,5610580.940430127,9623.638745554068,1243,LAPD 77TH STREET 1243,14337.013215840192,12682775.63774848,13554
4673,234800,7041768.82248457,10614.46416770323,1252,LAPD 77TH STREET 1252,10697.84352857488,7155101.942644777,12686
4674,234901,3502786.042577105,7934.900328583926,1252,LAPD 77TH STREET 1252,10697.84352857488,7155101.942644777,3
4675,235201,7024758.051545678,10666.339058223331,1252,LAPD 77TH STREET 1252,10697.84352857488,7155101.942644777,7019192
4676,235202,9166266.044182751,13212.617063296517,1252,LAPD 77TH STREET 1252,10697.84352857488,7155101.942644777,5589
4677,237300,10739283.693338526,13459.483127583135,1252,LAPD 77TH STREET 1252,10697.84352857488,7155101.942644777,3110
4678,237900,10546505.367468134,13264.745288533675,1252,LAPD 77TH STREET 1252,10697.84352857488,7155101.942644777,3660
4679,600801,10452395.701834384,13346.961277143811,1252,LAPD 77TH STREET 1252,10697.84352857488,7155101.942644777,107599
4680,234901,3502786.042577105,7934.900328583926,1251,LAPD 77TH STREET 1251,13269.608851951889,9194209.683497438,4911
4681,234902,4819302.621291405,9961.997561601662,1251,LAPD 77TH STREET 1251,13269.608851951889,9194209.683497438,4243
4682,235201,7024758.051545678,10666.339058223331,1251,LAPD 77TH STREET 1251,13269.608851951889,9194209.683497438,2250
4683,235202,9166266.044182751,13212.617063296517,1251,LAPD 77TH STREET 1251,13269.608851951889,9194209.683497438,9117985
4684,600802,20919590.38743648,20363.93726711499,1251,LAPD 77TH STREET 1251,13269.608851951889,9194209.683497438,21656
4685,600912,11710912.623207036,15517.870165503224,1251,LAPD 77TH STREET 1251,13269.608851951889,9194209.683497438,39010
4686,235100,12717505.815019784,18160.630662031806,1469,LAPD PACIFIC 1469,24521.336788962773,9841477.594731031,66
4687,276101,3512604.809258916,10402.965208955147,1469,LAPD PACIFIC 1469,24521.336788962773,9841477.594731031,3065394
4688,276102,7089689.876874986,20588.73139681523,1469,LAPD PACIFIC 1469,24521.336788962773,9841477.594731031,6724664
4689,601301,6614180.86900312,11072.368903020826,1469,LAPD PACIFIC 1469,24521.336788962773,9841477.594731031,31867
4690,703002,35270849.59215221,27859.362899160486,1469,LAPD PACIFIC 1469,24521.336788962773,9841477.594731031,15288
4691,703100,28677375.86875449,26781.16120359665,1469,LAPD PACIFIC 1469,24521.336788962773,9841477.594731031,3
4692,236001,23712466.62832794,28147.41130287428,0391,LAPD SOUTHWEST 0391,19466.152184434617,14543493.634635048,38610
4693,236102,5360995.742168346,11929.92826208255,0391,LAPD SOUTHWEST 0391,19466.152184434617,14543493.634635048,9909
4694,236204,2474305.8604862243,6697.418206022246,0391,LAPD SOUTHWEST 0391,19466.152184434617,14543493.634635048,4744
4695,236205,1797512.5777205927,6066.197398984549,0391,LAPD SOUTHWEST 0391,19466.152184434617,14543493.634635048,28620
4696,236206,2959494.972466577,9723.37433111384,0391,LAPD SOUTHWEST 0391,19466.152184434617,14543493.634635048,8718
4697,236400,14429101.324947957,19388.95995556605,0391,LAPD SOUTHWEST 0391,19466.152184434617,14543493.634635048,14108938
4698,703100,28677375.86875449,26781.16120359665,0391,LAPD SOUTHWEST 0391,19466.152184434617,14543493.634635048,2356
4699,980038,48616725.00422109,42991.767228980374,0391,LAPD SOUTHWEST 0391,19466.152184434617,14543493.634635048,335422
4700,237101,6769968.671910155,10352.186362447832,1245,LAPD 77TH STREET 1245,14222.280128918852,12410554.693805628,449494
4701,237201,4880490.059933515,8888.391757322945,1245,LAPD 77TH STREET 1245,14222.280128918852,12410554.693805628,659022
4702,237202,11932147.544378469,14393.41552876153,1245,LAPD 77TH STREET 1245,14222.280128918852,12410554.693805628,218229
4703,237401,5555453.767573666,9560.843634340798,1245,LAPD 77TH STREET 1245,14222.280128918852,12410554.693805628,5493254
4704,237402,5610580.940430127,9623.638745554068,1245,LAPD 77TH STREET 1245,14222.280128918852,12410554.693805628,5584081
4705,237500,3631027.814648451,8245.233398207187,1245,LAPD 77TH STREET 1245,14222.280128918852,12410554.693805628,680
4706,237101,6769968.671910155,10352.186362447832,1248,LAPD 77TH STREET 1248,9328.716996094952,4535201.060471972,851586
4707,237102,4951073.353130716,9013.080529860346,1248,LAPD 77TH STREET 1248,9328.716996094952,4535201.060471972,1989
4708,237401,5555453.767573666,9560.843634340798,1248,LAPD 77TH STREET 1248,9328.716996094952,4535201.060471972,50650
4709,237500,3631027.814648451,8245.233398207187,1248,LAPD 77TH STREET 1248,9328.716996094952,4535201.060471972,3621974
4710,237600,5422351.28055603,9469.495498271615,1248,LAPD 77TH STREET 1248,9328.716996094952,4535201.060471972,6862
4711,237102,4951073.353130716,9013.080529860346,1249,LAPD 77TH STREET 1249,10159.56900091225,5989041.300575949,658697
4712,237500,3631027.814648451,8245.233398207187,1249,LAPD 77TH STREET 1249,10159.56900091225,5989041.300575949,38
4713,237600,5422351.28055603,9469.495498271615,1249,LAPD 77TH STREET 1249,10159.56900091225,5989041.300575949,5327464
4714,237102,4951073.353130716,9013.080529860346,1391,LAPD NEWTON 1391,7699.669015156963,2330938.565301677,8246
4715,237600,5422351.28055603,9469.495498271615,1391,LAPD NEWTON 1391,7699.669015156963,2330938.565301677,75594
4716,239201,4842417.282662927,8889.200717504611,1391,LAPD NEWTON 1391,7699.669015156963,2330938.565301677,219158
4717,239310,5757262.383193772,9679.368337687252,1391,LAPD NEWTON 1391,7699.669015156963,2330938.565301677,2026827
4718,237300,10739283.693338526,13459.483127583135,1253,LAPD 77TH STREET 1253,13262.82185249795,10547318.050279764,16450
4719,237402,5610580.940430127,9623.638745554068,1253,LAPD 77TH STREET 1253,13262.82185249795,10547318.050279764,23
4720,237800,10471227.302184246,13143.56404505314,1253,LAPD 77TH STREET 1253,13262.82185249795,10547318.050279764,11516
4721,237900,10546505.367468134,13264.745288533675,1253,LAPD 77TH STREET 1253,13262.82185249795,10547318.050279764,10513797
4722,238100,10589252.344677284,13269.951164995362,1253,LAPD 77TH STREET 1253,13262.82185249795,10547318.050279764,645
4723,237401,5555453.767573666,9560.843634340798,1255,LAPD 77TH STREET 1255,13185.522320471959,10403439.742142942,8875
4724,237402,5610580.940430127,9623.638745554068,1255,LAPD 77TH STREET 1255,13185.522320471959,10403439.742142942,10312
4725,237720,3500760.4039386837,8731.09125765682,1255,LAPD 77TH STREET 1255,13185.522320471959,10403439.742142942,1322
4726,237800,10471227.302184246,13143.56404505314,1255,LAPD 77TH STREET 1255,13185.522320471959,10403439.742142942,10377876
4727,238200,11050838.173659237,13886.11091823752,1255,LAPD 77TH STREET 1255,13185.522320471959,10403439.742142942,161
4728,237401,5555453.767573666,9560.843634340798,1256,LAPD 77TH STREET 1256,10918.091628490678,5732774.195752822,69
4729,237500,3631027.814648451,8245.233398207187,1256,LAPD 77TH STREET 1256,10918.091628490678,5732774.195752822,6621
4730,237600,5422351.28055603,9469.495498271615,1256,LAPD 77TH STREET 1256,10918.091628490678,5732774.195752822,9855
4731,237710,4653115.331965004,9397.909015235027,1256,LAPD 77TH STREET 1256,10918.091628490678,5732774.195752822,4647848
4732,237720,3500760.4039386837,8731.09125765682,1256,LAPD 77TH STREET 1256,10918.091628490678,5732774.195752822,4089
4733,237800,10471227.302184246,13143.56404505314,1256,LAPD 77TH STREET 1256,10918.091628490678,5732774.195752822,28651
4734,239310,5757262.383193772,9679.368337687252,1256,LAPD 77TH STREET 1256,10918.091628490678,5732774.195752822,3062
4735,239601,4545566.817400257,9594.700183669176,1256,LAPD 77TH STREET 1256,10918.091628490678,5732774.195752822,1029842
4736,237710,4653115.331965004,9397.909015235027,1257,LAPD 77TH STREET 1257,10226.429734965644,4287695.421991052,3052
4737,237720,3500760.4039386837,8731.09125765682,1257,LAPD 77TH STREET 1257,10226.429734965644,4287695.421991052,3481789
4738,237800,10471227.302184246,13143.56404505314,1257,LAPD 77TH STREET 1257,10226.429734965644,4287695.421991052,16271
4739,238200,11050838.173659237,13886.11091823752,1257,LAPD 77TH STREET 1257,10226.429734965644,4287695.421991052,18
4740,238310,4274128.462390787,9306.825433565331,1257,LAPD 77TH STREET 1257,10226.429734965644,4287695.421991052,2645
4741,239601,4545566.817400257,9594.700183669176,1257,LAPD 77TH STREET 1257,10226.429734965644,4287695.421991052,2244
4742,239602,3854522.016545802,9274.98296677799,1257,LAPD 77TH STREET 1257,10226.429734965644,4287695.421991052,779622
4743,237720,3500760.4039386837,8731.09125765682,1266,LAPD 77TH STREET 1266,10798.931680521833,5292327.855625974,11886
4744,238200,11050838.173659237,13886.11091823752,1266,LAPD 77TH STREET 1266,10798.931680521833,5292327.855625974,32642
4745,238310,4274128.462390787,9306.825433565331,1266,LAPD 77TH STREET 1266,10798.931680521833,5292327.855625974,4246950
4746,239602,3854522.016545802,9274.98296677799,1266,LAPD 77TH STREET 1266,10798.931680521833,5292327.855625974,1697
4747,239701,4409986.968704957,9489.694737229003,1266,LAPD 77TH STREET 1266,10798.931680521833,5292327.855625974,996611
4748,237800,10471227.302184246,13143.56404505314,1263,LAPD 77TH STREET 1263,13266.874325252626,10581996.945136404,31
4749,237900,10546505.367468134,13264.745288533675,1263,LAPD 77TH STREET 1263,13266.874325252626,10581996.945136404,18366
4750,238100,10589252.344677284,13269.951164995362,1263,LAPD 77TH STREET 1263,13266.874325252626,10581996.945136404,10551737
4751,238200,11050838.173659237,13886.11091823752,1263,LAPD 77TH STREET 1263,13266.874325252626,10581996.945136404,6923
4752,237800,10471227.302184246,13143.56404505314,1265,LAPD 77TH STREET 1265,13917.093169648258,10993757.563380947,31955
4753,238200,11050838.173659237,13886.11091823752,1265,LAPD 77TH STREET 1265,13917.093169648258,10993757.563380947,10956379
4754,600100,8154795.435933442,12355.028787253712,1265,LAPD 77TH STREET 1265,13917.093169648258,10993757.563380947,213
4755,238000,17907171.807679445,21142.21985548708,1283,LAPD 77TH STREET 1283,18501.92285259181,14652167.175869642,14607964
4756,238400,14010150.654731734,15895.808913698871,1283,LAPD 77TH STREET 1283,18501.92285259181,14652167.175869642,21103
4757,600100,8154795.435933442,12355.028787253712,1283,LAPD 77TH STREET 1283,18501.92285259181,14652167.175869642,168
4758,600201,6304691.208916174,11426.677410238235,1283,LAPD 77TH STREET 1283,18501.92285259181,14652167.175869642,1710
4759,600202,8925264.924647484,14579.08255862132,1283,LAPD 77TH STREET 1283,18501.92285259181,14652167.175869642,139
4760,600400,10569326.871551435,16007.057711651487,1283,LAPD 77TH STREET 1283,18501.92285259181,14652167.175869642,804
4761,600702,26162751.844476156,24173.211813035454,1283,LAPD 77TH STREET 1283,18501.92285259181,14652167.175869642,13292
4762,600704,10377163.092543948,13200.483415751512,1283,LAPD 77TH STREET 1283,18501.92285259181,14652167.175869642,28
4763,238000,17907171.807679445,21142.21985548708,1293,LAPD 77TH STREET 1293,7918.0515128965,3289969.6369050387,3285350
4764,600400,10569326.871551435,16007.057711651487,1293,LAPD 77TH STREET 1293,7918.0515128965,3289969.6369050387,3050
4765,238100,10589252.344677284,13269.951164995362,1273,LAPD 77TH STREET 1273,15889.780716545543,14013301.132179009,18796
4766,238200,11050838.173659237,13886.11091823752,1273,LAPD 77TH STREET 1273,15889.780716545543,14013301.132179009,5745
4767,238400,14010150.654731734,15895.808913698871,1273,LAPD 77TH STREET 1273,15889.780716545543,14013301.132179009,13975029
4768,600100,8154795.435933442,12355.028787253712,1273,LAPD 77TH STREET 1273,15889.780716545543,14013301.132179009,527
4769,600704,10377163.092543948,13200.483415751512,1273,LAPD 77TH STREET 1273,15889.780716545543,14013301.132179009,6600
4770,238200,11050838.173659237,13886.11091823752,1267,LAPD 77TH STREET 1267,11219.507758995693,6186564.350155867,39067
4771,238310,4274128.462390787,9306.825433565331,1267,LAPD 77TH STREET 1267,11219.507758995693,6186564.350155867,22485
4772,238320,5040668.483880582,9679.324982138114,1267,LAPD 77TH STREET 1267,11219.507758995693,6186564.350155867,5010517
4773,239701,4409986.968704957,9489.694737229003,1267,LAPD 77TH STREET 1267,11219.507758995693,6186564.350155867,3850
4774,239702,5234332.896282571,10063.59951375737,1267,LAPD 77TH STREET 1267,11219.507758995693,6186564.350155867,1107665
4775,238200,11050838.173659237,13886.11091823752,1801,LAPD SOUTHEAST 1801,12023.645955590302,8943174.601324925,3836
4776,238320,5040668.483880582,9679.324982138114,1801,LAPD SOUTHEAST 1801,12023.645955590302,8943174.601324925,14360
4777,240301,5047472.780938761,9223.46086355274,1801,LAPD SOUTHEAST 1801,12023.645955590302,8943174.601324925,3414212
4778,240302,3709528.5716980216,8053.692097323696,1801,LAPD SOUTHEAST 1801,12023.645955590302,8943174.601324925,3707740
4779,240401,7460071.13766518,11317.301718772715,1801,LAPD SOUTHEAST 1801,12023.645955590302,8943174.601324925,1777345
4780,600100,8154795.435933442,12355.028787253712,1801,LAPD SOUTHEAST 1801,12023.645955590302,8943174.601324925,21352
4781,238320,5040668.483880582,9679.324982138114,1802,LAPD SOUTHEAST 1802,12620.078404501463,9926064.311478289,13367
4782,239702,5234332.896282571,10063.59951375737,1802,LAPD SOUTHEAST 1802,12620.078404501463,9926064.311478289,23224
4783,240010,6334051.62988117,12212.837402034742,1802,LAPD SOUTHEAST 1802,12620.078404501463,9926064.311478289,89
4784,240020,7748277.600445164,12850.884376342596,1802,LAPD SOUTHEAST 1802,12620.078404501463,9926064.311478289,2545
4785,240200,8038890.141902008,11289.118654921373,1802,LAPD SOUTHEAST 1802,12620.078404501463,9926064.311478289,8015895
4786,240301,5047472.780938761,9223.46086355274,1802,LAPD SOUTHEAST 1802,12620.078404501463,9926064.311478289,1630812
4787,240401,7460071.13766518,11317.301718772715,1802,LAPD SOUTHEAST 1802,12620.078404501463,9926064.311478289,235279
4788,239201,4842417.282662927,8889.200717504611,1393,LAPD NEWTON 1393,8274.745102447321,3729716.052804438,2957
4789,239202,13730941.27964428,15869.390472037203,1393,LAPD NEWTON 1393,8274.745102447321,3729716.052804438,4
4790,239310,5757262.383193772,9679.368337687252,1393,LAPD NEWTON 1393,8274.745102447321,3729716.052804438,3720686
4791,239320,3735937.2704872857,8282.412434079213,1393,LAPD NEWTON 1393,8274.745102447321,3729716.052804438,4282
4792,239202,13730941.27964428,15869.390472037203,1394,LAPD NEWTON 1394,8283.487047802477,3737757.2110459697,2105
4793,239310,5757262.383193772,9679.368337687252,1394,LAPD NEWTON 1394,8283.487047802477,3737757.2110459697,7
4794,239320,3735937.2704872857,8282.412434079213,1394,LAPD NEWTON 1394,8283.487047802477,3737757.2110459697,3725545
4795,239330,10543713.944875717,13439.66730564556,1394,LAPD NEWTON 1394,8283.487047802477,3737757.2110459697,8300
4796,239202,13730941.27964428,15869.390472037203,1395,LAPD NEWTON 1395,13520.15222744295,10741120.2770013,112829
4797,239330,10543713.944875717,13439.66730564556,1395,LAPD NEWTON 1395,13520.15222744295,10741120.2770013,10517008
4798,239501,5104517.580392689,10575.584875771752,1395,LAPD NEWTON 1395,13520.15222744295,10741120.2770013,0
4799,532900,8258066.066886989,11928.020200390552,1395,LAPD NEWTON 1395,13520.15222744295,10741120.2770013,106035
4800,535001,4841546.923797565,8859.379874314774,1395,LAPD NEWTON 1395,13520.15222744295,10741120.2770013,27
4801,239310,5757262.383193772,9679.368337687252,1258,LAPD 77TH STREET 1258,10278.889110816192,6588306.424631818,3925
4802,239320,3735937.2704872857,8282.412434079213,1258,LAPD 77TH STREET 1258,10278.889110816192,6588306.424631818,4312
4803,239330,10543713.944875717,13439.66730564556,1258,LAPD 77TH STREET 1258,10278.889110816192,6588306.424631818,12
4804,239501,5104517.580392689,10575.584875771752,1258,LAPD 77TH STREET 1258,10278.889110816192,6588306.424631818,3263
4805,239502,5499601.827010122,10820.88856609072,1258,LAPD 77TH STREET 1258,10278.889110816192,6588306.424631818,2558
4806,239601,4545566.817400257,9594.700183669176,1258,LAPD 77TH STREET 1258,10278.889110816192,6588306.424631818,3511289
4807,239602,3854522.016545802,9274.98296677799,1258,LAPD 77TH STREET 1258,10278.889110816192,6588306.424631818,3059569
4808,239701,4409986.968704957,9489.694737229003,1258,LAPD 77TH STREET 1258,10278.889110816192,6588306.424631818,191
4809,239330,10543713.944875717,13439.66730564556,1259,LAPD 77TH STREET 1259,13369.179765325753,10696476.431232758,13271
4810,239501,5104517.580392689,10575.584875771752,1259,LAPD 77TH STREET 1259,13369.179765325753,10696476.431232758,5098760
4811,239502,5499601.827010122,10820.88856609072,1259,LAPD 77TH STREET 1259,13369.179765325753,10696476.431232758,5476179
4812,239701,4409986.968704957,9489.694737229003,1259,LAPD 77TH STREET 1259,13369.179765325753,10696476.431232758,14
4813,239801,3990945.9799591005,9960.997276968543,1259,LAPD 77TH STREET 1259,13369.179765325753,10696476.431232758,13
4814,535001,4841546.923797565,8859.379874314774,1259,LAPD 77TH STREET 1259,13369.179765325753,10696476.431232758,95018
4815,535101,12205899.237895835,16478.842734738595,1259,LAPD 77TH STREET 1259,13369.179765325753,10696476.431232758,7986
4816,239502,5499601.827010122,10820.88856609072,1268,LAPD 77TH STREET 1268,10971.326923099541,7524456.923870389,196
4817,239602,3854522.016545802,9274.98296677799,1268,LAPD 77TH STREET 1268,10971.326923099541,7524456.923870389,11768
4818,239701,4409986.968704957,9489.694737229003,1268,LAPD 77TH STREET 1268,10971.326923099541,7524456.923870389,3407135
4819,239702,5234332.896282571,10063.59951375737,1268,LAPD 77TH STREET 1268,10971.326923099541,7524456.923870389,4097534
4820,239801,3990945.9799591005,9960.997276968543,1268,LAPD 77TH STREET 1268,10971.326923099541,7524456.923870389,1242
4821,239802,6560226.198692027,11250.575625921056,1268,LAPD 77TH STREET 1268,10971.326923099541,7524456.923870389,2918
4822,239502,5499601.827010122,10820.88856609072,1269,LAPD 77TH STREET 1269,13333.074042446218,10653487.509173485,17973
4823,239701,4409986.968704957,9489.694737229003,1269,LAPD 77TH STREET 1269,13333.074042446218,10653487.509173485,44
4824,239702,5234332.896282571,10063.59951375737,1269,LAPD 77TH STREET 1269,13333.074042446218,10653487.509173485,143
4825,239801,3990945.9799591005,9960.997276968543,1269,LAPD 77TH STREET 1269,13333.074042446218,10653487.509173485,3987728
4826,239802,6560226.198692027,11250.575625921056,1269,LAPD 77TH STREET 1269,13333.074042446218,10653487.509173485,6538145
4827,535101,12205899.237895835,16478.842734738595,1269,LAPD 77TH STREET 1269,13333.074042446218,10653487.509173485,104203
4828,239702,5234332.896282571,10063.59951375737,1803,LAPD SOUTHEAST 1803,6630.510098920329,2630771.6621672073,3216
4829,239802,6560226.198692027,11250.575625921056,1803,LAPD SOUTHEAST 1803,6630.510098920329,2630771.6621672073,5887
4830,240010,6334051.62988117,12212.837402034742,1803,LAPD SOUTHEAST 1803,6630.510098920329,2630771.6621672073,2617305
4831,240200,8038890.141902008,11289.118654921373,1803,LAPD SOUTHEAST 1803,6630.510098920329,2630771.6621672073,3066
4832,239802,6560226.198692027,11250.575625921056,1804,LAPD SOUTHEAST 1804,8230.791996885013,3699672.2569158105,10038
4833,240010,6334051.62988117,12212.837402034742,1804,LAPD SOUTHEAST 1804,8230.791996885013,3699672.2569158105,3687572
4834,535101,12205899.237895835,16478.842734738595,1804,LAPD SOUTHEAST 1804,8230.791996885013,3699672.2569158105,224
4835,240010,6334051.62988117,12212.837402034742,1805,LAPD SOUTHEAST 1805,7258.428246520885,3259638.0887098103,11081
4836,240020,7748277.600445164,12850.884376342596,1805,LAPD SOUTHEAST 1805,7258.428246520885,3259638.0887098103,3246550
4837,240200,8038890.141902008,11289.118654921373,1805,LAPD SOUTHEAST 1805,7258.428246520885,3259638.0887098103,105
4838,240600,7275157.3820399735,11292.44207962935,1805,LAPD SOUTHEAST 1805,7258.428246520885,3259638.0887098103,289
4839,240010,6334051.62988117,12212.837402034742,1806,LAPD SOUTHEAST 1806,8827.55599286898,4486869.855313706,11420
4840,240020,7748277.600445164,12850.884376342596,1806,LAPD SOUTHEAST 1806,8827.55599286898,4486869.855313706,4472119
4841,240700,12857922.693352226,15031.646132079344,1806,LAPD SOUTHEAST 1806,8827.55599286898,4486869.855313706,1065
4842,535200,9316209.739190334,17912.193357464796,1806,LAPD SOUTHEAST 1806,8827.55599286898,4486869.855313706,28
4843,240020,7748277.600445164,12850.884376342596,1822,LAPD SOUTHEAST 1822,13932.084289243889,12079023.203836327,14
4844,240200,8038890.141902008,11289.118654921373,1822,LAPD SOUTHEAST 1822,13932.084289243889,12079023.203836327,15890
4845,240401,7460071.13766518,11317.301718772715,1822,LAPD SOUTHEAST 1822,13932.084289243889,12079023.203836327,1581809
4846,240402,6472578.219826291,11129.305618141214,1822,LAPD SOUTHEAST 1822,13932.084289243889,12079023.203836327,1737159
4847,240500,8746291.428955328,12263.811791754995,1822,LAPD SOUTHEAST 1822,13932.084289243889,12079023.203836327,8731341
4848,240600,7275157.3820399735,11292.44207962935,1822,LAPD SOUTHEAST 1822,13932.084289243889,12079023.203836327,6794
4849,241201,5230365.497044917,10180.375520018943,1822,LAPD SOUTHEAST 1822,13932.084289243889,12079023.203836327,60
4850,240020,7748277.600445164,12850.884376342596,1823,LAPD SOUTHEAST 1823,11277.532681537294,7253472.880435953,10524
4851,240500,8746291.428955328,12263.811791754995,1823,LAPD SOUTHEAST 1823,11277.532681537294,7253472.880435953,416
4852,240600,7275157.3820399735,11292.44207962935,1823,LAPD SOUTHEAST 1823,11277.532681537294,7253472.880435953,7236479
4853,240700,12857922.693352226,15031.646132079344,1823,LAPD SOUTHEAST 1823,11277.532681537294,7253472.880435953,2443
4854,240020,7748277.600445164,12850.884376342596,1824,LAPD SOUTHEAST 1824,14968.837009227645,12884246.75018994,12189
4855,240600,7275157.3820399735,11292.44207962935,1824,LAPD SOUTHEAST 1824,14968.837009227645,12884246.75018994,24102
4856,240700,12857922.693352226,15031.646132079344,1824,LAPD SOUTHEAST 1824,14968.837009227645,12884246.75018994,12837324
4857,240800,6872458.832236242,13530.58303010235,1824,LAPD SOUTHEAST 1824,14968.837009227645,12884246.75018994,936
4858,242000,6961643.931574952,10528.17853297301,1824,LAPD SOUTHEAST 1824,14968.837009227645,12884246.75018994,2969
4859,535200,9316209.739190334,17912.193357464796,1824,LAPD SOUTHEAST 1824,14968.837009227645,12884246.75018994,250
4860,240401,7460071.13766518,11317.301718772715,1821,LAPD SOUTHEAST 1821,11746.619390273105,8588445.315128282,3861992
4861,240402,6472578.219826291,11129.305618141214,1821,LAPD SOUTHEAST 1821,11746.619390273105,8588445.315128282,4721479
4862,600100,8154795.435933442,12355.028787253712,1821,LAPD SOUTHEAST 1821,11746.619390273105,8588445.315128282,8
4863,600201,6304691.208916174,11426.677410238235,1821,LAPD SOUTHEAST 1821,11746.619390273105,8588445.315128282,417
4864,600202,8925264.924647484,14579.08255862132,1821,LAPD SOUTHEAST 1821,11746.619390273105,8588445.315128282,359
4865,240402,6472578.219826291,11129.305618141214,1832,LAPD SOUTHEAST 1832,10588.112664194196,5265310.186283318,1492
4866,240500,8746291.428955328,12263.811791754995,1832,LAPD SOUTHEAST 1832,10588.112664194196,5265310.186283318,10214
4867,240600,7275157.3820399735,11292.44207962935,1832,LAPD SOUTHEAST 1832,10588.112664194196,5265310.186283318,1404
4868,240800,6872458.832236242,13530.58303010235,1832,LAPD SOUTHEAST 1832,10588.112664194196,5265310.186283318,276
4869,240902,7741983.105032561,12813.426467234141,1832,LAPD SOUTHEAST 1832,10588.112664194196,5265310.186283318,323
4870,241110,5238307.2249268405,10529.983078699033,1832,LAPD SOUTHEAST 1832,10588.112664194196,5265310.186283318,1744907
4871,241120,7144247.9001038745,11601.959891605058,1832,LAPD SOUTHEAST 1832,10588.112664194196,5265310.186283318,2374576
4872,241201,5230365.497044917,10180.375520018943,1832,LAPD SOUTHEAST 1832,10588.112664194196,5265310.186283318,1129381
4873,241202,12521469.732770706,14033.8089999111,1832,LAPD SOUTHEAST 1832,10588.112664194196,5265310.186283318,118
4874,240402,6472578.219826291,11129.305618141214,1841,LAPD SOUTHEAST 1841,13753.124839386635,11352310.173577983,9266
4875,241201,5230365.497044917,10180.375520018943,1841,LAPD SOUTHEAST 1841,13753.124839386635,11352310.173577983,4096851
4876,241202,12521469.732770706,14033.8089999111,1841,LAPD SOUTHEAST 1841,13753.124839386635,11352310.173577983,7210985
4877,600202,8925264.924647484,14579.08255862132,1841,LAPD SOUTHEAST 1841,13753.124839386635,11352310.173577983,154
4878,600304,4798305.860393969,9662.240288861185,1841,LAPD SOUTHEAST 1841,13753.124839386635,11352310.173577983,29458
4879,240600,7275157.3820399735,11292.44207962935,1834,LAPD SOUTHEAST 1834,13517.051989685751,6887057.012015655,2466
4880,240700,12857922.693352226,15031.646132079344,1834,LAPD SOUTHEAST 1834,13517.051989685751,6887057.012015655,4903
4881,240800,6872458.832236242,13530.58303010235,1834,LAPD SOUTHEAST 1834,13517.051989685751,6887057.012015655,6832670
4882,240902,7741983.105032561,12813.426467234141,1834,LAPD SOUTHEAST 1834,13517.051989685751,6887057.012015655,31734
4883,242000,6961643.931574952,10528.17853297301,1834,LAPD SOUTHEAST 1834,13517.051989685751,6887057.012015655,11805
4884,240700,12857922.693352226,15031.646132079344,1835,LAPD SOUTHEAST 1835,6301.734447826732,2384963.058552146,14
4885,242000,6961643.931574952,10528.17853297301,1835,LAPD SOUTHEAST 1835,6301.734447826732,2384963.058552146,2383734
4886,240800,6872458.832236242,13530.58303010235,1844,LAPD SOUTHEAST 1844,14360.731077778952,11518770.422461968,35105
4887,240901,3780219.9775412553,11130.649754858021,1844,LAPD SOUTHEAST 1844,14360.731077778952,11518770.422461968,3761861
4888,240902,7741983.105032561,12813.426467234141,1844,LAPD SOUTHEAST 1844,14360.731077778952,11518770.422461968,7704778
4889,241001,9757944.755052024,18148.082165383054,1844,LAPD SOUTHEAST 1844,14360.731077778952,11518770.422461968,1767
4890,241110,5238307.2249268405,10529.983078699033,1844,LAPD SOUTHEAST 1844,14360.731077778952,11518770.422461968,1122
4891,242000,6961643.931574952,10528.17853297301,1844,LAPD SOUTHEAST 1844,14360.731077778952,11518770.422461968,4
4892,242600,5123820.071952846,9153.07969439772,1844,LAPD SOUTHEAST 1844,14360.731077778952,11518770.422461968,8291
4893,240901,3780219.9775412553,11130.649754858021,1863,LAPD SOUTHEAST 1863,10323.865175713976,6488171.4080280205,5101
4894,240902,7741983.105032561,12813.426467234141,1863,LAPD SOUTHEAST 1863,10323.865175713976,6488171.4080280205,71
4895,241001,9757944.755052024,18148.082165383054,1863,LAPD SOUTHEAST 1863,10323.865175713976,6488171.4080280205,3061509
4896,241002,7614158.37644016,13017.170275226914,1863,LAPD SOUTHEAST 1863,10323.865175713976,6488171.4080280205,3417536
4897,241110,5238307.2249268405,10529.983078699033,1863,LAPD SOUTHEAST 1863,10323.865175713976,6488171.4080280205,0
4898,241400,6195531.513937805,11029.851445339385,1863,LAPD SOUTHEAST 1863,10323.865175713976,6488171.4080280205,640
4899,540901,12527118.744848697,15839.942587704743,1863,LAPD SOUTHEAST 1863,10323.865175713976,6488171.4080280205,11
4900,240901,3780219.9775412553,11130.649754858021,1864,LAPD SOUTHEAST 1864,10971.861106524748,7328830.897203767,11331
4901,241001,9757944.755052024,18148.082165383054,1864,LAPD SOUTHEAST 1864,10971.861106524748,7328830.897203767,3119318
4902,241002,7614158.37644016,13017.170275226914,1864,LAPD SOUTHEAST 1864,10971.861106524748,7328830.897203767,4189712
4903,242600,5123820.071952846,9153.07969439772,1864,LAPD SOUTHEAST 1864,10971.861106524748,7328830.897203767,2947
4904,540700,12432417.233587535,16223.02610991937,1864,LAPD SOUTHEAST 1864,10971.861106524748,7328830.897203767,1762
4905,240902,7741983.105032561,12813.426467234141,1842,LAPD SOUTHEAST 1842,13164.72480719219,10473779.476425568,1160
4906,241001,9757944.755052024,18148.082165383054,1842,LAPD SOUTHEAST 1842,13164.72480719219,10473779.476425568,271
4907,241110,5238307.2249268405,10529.983078699033,1842,LAPD SOUTHEAST 1842,13164.72480719219,10473779.476425568,3484667
4908,241120,7144247.9001038745,11601.959891605058,1842,LAPD SOUTHEAST 1842,13164.72480719219,10473779.476425568,4760672
4909,241201,5230365.497044917,10180.375520018943,1842,LAPD SOUTHEAST 1842,13164.72480719219,10473779.476425568,1466
4910,241202,12521469.732770706,14033.8089999111,1842,LAPD SOUTHEAST 1842,13164.72480719219,10473779.476425568,2220308
4911,241001,9757944.755052024,18148.082165383054,1862,LAPD SOUTHEAST 1862,14272.652238746341,11262491.125940654,3566116
4912,241002,7614158.37644016,13017.170275226914,1862,LAPD SOUTHEAST 1862,14272.652238746341,11262491.125940654,650
4913,241110,5238307.2249268405,10529.983078699033,1862,LAPD SOUTHEAST 1862,14272.652238746341,11262491.125940654,4984
4914,241120,7144247.9001038745,11601.959891605058,1862,LAPD SOUTHEAST 1862,14272.652238746341,11262491.125940654,5439
4915,241202,12521469.732770706,14033.8089999111,1862,LAPD SOUTHEAST 1862,14272.652238746341,11262491.125940654,643348
4916,241300,5620399.794201851,9957.44682878631,1862,LAPD SOUTHEAST 1862,14272.652238746341,11262491.125940654,866018
4917,241400,6195531.513937805,11029.851445339385,1862,LAPD SOUTHEAST 1862,14272.652238746341,11262491.125940654,6162576
4918,291110,7657279.708209881,11598.826196782133,1862,LAPD SOUTHEAST 1862,14272.652238746341,11262491.125940654,6967
4919,540901,12527118.744848697,15839.942587704743,1862,LAPD SOUTHEAST 1862,14272.652238746341,11262491.125940654,721
4920,241202,12521469.732770706,14033.8089999111,1861,LAPD SOUTHEAST 1861,10783.6616342817,7281781.965946666,2440513
4921,241300,5620399.794201851,9957.44682878631,1861,LAPD SOUTHEAST 1861,10783.6616342817,7281781.965946666,4741476
4922,600304,4798305.860393969,9662.240288861185,1861,LAPD SOUTHEAST 1861,10783.6616342817,7281781.965946666,228
4923,602801,13495609.519049592,15771.183697598999,1861,LAPD SOUTHEAST 1861,10783.6616342817,7281781.965946666,95944
4924,241300,5620399.794201851,9957.44682878631,1831,LAPD SOUTHEAST 1831,11547.135958518573,7654025.700169472,10104
4925,291110,7657279.708209881,11598.826196782133,1831,LAPD SOUTHEAST 1831,11547.135958518573,7654025.700169472,7625043
4926,291120,7550919.82624546,10995.43050752979,1831,LAPD SOUTHEAST 1831,11547.135958518573,7654025.700169472,1471
4927,540901,12527118.744848697,15839.942587704743,1831,LAPD SOUTHEAST 1831,11547.135958518573,7654025.700169472,6
4928,602801,13495609.519049592,15771.183697598999,1831,LAPD SOUTHEAST 1831,11547.135958518573,7654025.700169472,25
4929,602802,14373633.201598613,16036.508127632942,1831,LAPD SOUTHEAST 1831,11547.135958518573,7654025.700169472,13541
4930,242000,6961643.931574952,10528.17853297301,1826,LAPD SOUTHEAST 1826,11533.158926547436,6863069.776787546,1754
4931,242202,4344591.40156938,11300.969190019867,1826,LAPD SOUTHEAST 1826,11533.158926547436,6863069.776787546,8213
4932,242300,6781926.141639945,11506.762801133033,1826,LAPD SOUTHEAST 1826,11533.158926547436,6863069.776787546,6765594
4933,242700,10928074.252791392,14365.677354409216,1826,LAPD SOUTHEAST 1826,11533.158926547436,6863069.776787546,725
4934,535200,9316209.739190334,17912.193357464796,1826,LAPD SOUTHEAST 1826,11533.158926547436,6863069.776787546,83049
4935,535400,8299926.847427145,16001.826673610465,1826,LAPD SOUTHEAST 1826,11533.158926547436,6863069.776787546,241
4936,242000,6961643.931574952,10528.17853297301,1836,LAPD SOUTHEAST 1836,10521.071407578915,4523815.5204036515,4505911
4937,242300,6781926.141639945,11506.762801133033,1836,LAPD SOUTHEAST 1836,10521.071407578915,4523815.5204036515,30
4938,242600,5123820.071952846,9153.07969439772,1836,LAPD SOUTHEAST 1836,10521.071407578915,4523815.5204036515,3977
4939,242700,10928074.252791392,14365.677354409216,1836,LAPD SOUTHEAST 1836,10521.071407578915,4523815.5204036515,11580
4940,242000,6961643.931574952,10528.17853297301,1846,LAPD SOUTHEAST 1846,9182.54140973901,5162858.223820965,557
4941,242600,5123820.071952846,9153.07969439772,1846,LAPD SOUTHEAST 1846,9182.54140973901,5162858.223820965,5104454
4942,242700,10928074.252791392,14365.677354409216,1846,LAPD SOUTHEAST 1846,9182.54140973901,5162858.223820965,3722
4943,540700,12432417.233587535,16223.02610991937,1846,LAPD SOUTHEAST 1846,9182.54140973901,5162858.223820965,51469
4944,242100,4947449.74476931,9051.888509329856,1827,LAPD SOUTHEAST 1827,12998.164422683742,8834006.514736792,7838
4945,242201,4409281.005815047,8470.72410273301,1827,LAPD SOUTHEAST 1827,12998.164422683742,8834006.514736792,4403468
4946,242202,4344591.40156938,11300.969190019867,1827,LAPD SOUTHEAST 1827,12998.164422683742,8834006.514736792,4326720
4947,242300,6781926.141639945,11506.762801133033,1827,LAPD SOUTHEAST 1827,12998.164422683742,8834006.514736792,12217
4948,242700,10928074.252791392,14365.677354409216,1827,LAPD SOUTHEAST 1827,12998.164422683742,8834006.514736792,438
4949,243001,3730697.033940629,8231.792342774157,1827,LAPD SOUTHEAST 1827,12998.164422683742,8834006.514736792,137
4950,535400,8299926.847427145,16001.826673610465,1827,LAPD SOUTHEAST 1827,12998.164422683742,8834006.514736792,78661
4951,242100,4947449.74476931,9051.888509329856,1829,LAPD SOUTHEAST 1829,9128.068896902947,5020530.566265031,4929454
4952,242201,4409281.005815047,8470.72410273301,1829,LAPD SOUTHEAST 1829,9128.068896902947,5020530.566265031,3555
4953,242202,4344591.40156938,11300.969190019867,1829,LAPD SOUTHEAST 1829,9128.068896902947,5020530.566265031,856
4954,243002,4217277.010927025,8726.130678712214,1829,LAPD SOUTHEAST 1829,9128.068896902947,5020530.566265031,4652
4955,535400,8299926.847427145,16001.826673610465,1829,LAPD SOUTHEAST 1829,9128.068896902947,5020530.566265031,43198
4956,535606,1999911.2643373196,7508.651854047463,1829,LAPD SOUTHEAST 1829,9128.068896902947,5020530.566265031,4146
4957,535607,10132673.927879414,14535.322150083499,1829,LAPD SOUTHEAST 1829,9128.068896902947,5020530.566265031,13971
4958,540300,16490657.004999302,21932.050794932497,1829,LAPD SOUTHEAST 1829,9128.068896902947,5020530.566265031,18098
4959,242100,4947449.74476931,9051.888509329856,1838,LAPD SOUTHEAST 1838,8071.196244957889,3724047.9924725587,3874
4960,242202,4344591.40156938,11300.969190019867,1838,LAPD SOUTHEAST 1838,8071.196244957889,3724047.9924725587,1542
4961,242700,10928074.252791392,14365.677354409216,1838,LAPD SOUTHEAST 1838,8071.196244957889,3724047.9924725587,3946
4962,243001,3730697.033940629,8231.792342774157,1838,LAPD SOUTHEAST 1838,8071.196244957889,3724047.9924725587,3699513
4963,243002,4217277.010927025,8726.130678712214,1838,LAPD SOUTHEAST 1838,8071.196244957889,3724047.9924725587,13242
4964,242100,4947449.74476931,9051.888509329856,1839,LAPD SOUTHEAST 1839,8666.928470230616,4245399.547237961,3723
4965,243001,3730697.033940629,8231.792342774157,1839,LAPD SOUTHEAST 1839,8666.928470230616,4245399.547237961,12626
4966,243002,4217277.010927025,8726.130678712214,1839,LAPD SOUTHEAST 1839,8666.928470230616,4245399.547237961,4189881
4967,540300,16490657.004999302,21932.050794932497,1839,LAPD SOUTHEAST 1839,8666.928470230616,4245399.547237961,11960
4968,540400,3655873.6875816053,8271.065172326613,1839,LAPD SOUTHEAST 1839,8666.928470230616,4245399.547237961,24995
4969,242202,4344591.40156938,11300.969190019867,1837,LAPD SOUTHEAST 1837,14387.865741440013,10964586.000567608,5032
4970,242300,6781926.141639945,11506.762801133033,1837,LAPD SOUTHEAST 1837,14387.865741440013,10964586.000567608,413
4971,242600,5123820.071952846,9153.07969439772,1837,LAPD SOUTHEAST 1837,14387.865741440013,10964586.000567608,1514
4972,242700,10928074.252791392,14365.677354409216,1837,LAPD SOUTHEAST 1837,14387.865741440013,10964586.000567608,10896410
4973,243001,3730697.033940629,8231.792342774157,1837,LAPD SOUTHEAST 1837,14387.865741440013,10964586.000567608,584
4974,540700,12432417.233587535,16223.02610991937,1837,LAPD SOUTHEAST 1837,14387.865741440013,10964586.000567608,54969
4975,242700,10928074.252791392,14365.677354409216,1849,LAPD SOUTHEAST 1849,10688.966057484799,6451631.226735264,5607
4976,243001,3730697.033940629,8231.792342774157,1849,LAPD SOUTHEAST 1849,10688.966057484799,6451631.226735264,15903
4977,243002,4217277.010927025,8726.130678712214,1849,LAPD SOUTHEAST 1849,10688.966057484799,6451631.226735264,7029
4978,243100,6308270.591917729,10561.462878510927,1849,LAPD SOUTHEAST 1849,10688.966057484799,6451631.226735264,6304977
4979,540400,3655873.6875816053,8271.065172326613,1849,LAPD SOUTHEAST 1849,10688.966057484799,6451631.226735264,37457
4980,540501,15637864.96583258,19057.455050568107,1849,LAPD SOUTHEAST 1849,10688.966057484799,6451631.226735264,495
4981,540600,10088024.401243491,12916.124560717622,1849,LAPD SOUTHEAST 1849,10688.966057484799,6451631.226735264,76679
4982,540700,12432417.233587535,16223.02610991937,1849,LAPD SOUTHEAST 1849,10688.966057484799,6451631.226735264,112
4983,262100,94415428.26986438,70340.38052244819,0818,LAPD WEST LOS ANGELES 0818,20481.290747365634,17134595.028291203,20026
4984,262200,92227670.69561936,52227.52257384811,0818,LAPD WEST LOS ANGELES 0818,20481.290747365634,17134595.028291203,4302
4985,265100,25424207.100035295,24407.435791763724,0818,LAPD WEST LOS ANGELES 0818,20481.290747365634,17134595.028291203,6827
4986,265201,4723324.728286064,11887.392978409789,0818,LAPD WEST LOS ANGELES 0818,20481.290747365634,17134595.028291203,3876
4987,265204,2855371.1204535603,7517.683585770595,0818,LAPD WEST LOS ANGELES 0818,20481.290747365634,17134595.028291203,0
4988,265301,17176772.4367197,20495.487119927137,0818,LAPD WEST LOS ANGELES 0818,20481.290747365634,17134595.028291203,17086524
4989,265303,1592999.7225436457,5749.442745146692,0818,LAPD WEST LOS ANGELES 0818,20481.290747365634,17134595.028291203,475
4990,265304,1409868.2282492106,5886.18108758801,0818,LAPD WEST LOS ANGELES 0818,20481.290747365634,17134595.028291203,2271
4991,265306,1003677.988513947,4613.739149727956,0818,LAPD WEST LOS ANGELES 0818,20481.290747365634,17134595.028291203,3074
4992,265420,7865803.833000923,12339.13175125644,0818,LAPD WEST LOS ANGELES 0818,20481.290747365634,17134595.028291203,1352
4993,262100,94415428.26986438,70340.38052244819,0819,LAPD WEST LOS ANGELES 0819,24252.29666369244,25414225.20426543,37908
4994,265100,25424207.100035295,24407.435791763724,0819,LAPD WEST LOS ANGELES 0819,24252.29666369244,25414225.20426543,25357665
4995,265201,4723324.728286064,11887.392978409789,0819,LAPD WEST LOS ANGELES 0819,24252.29666369244,25414225.20426543,2507
4996,265301,17176772.4367197,20495.487119927137,0819,LAPD WEST LOS ANGELES 0819,24252.29666369244,25414225.20426543,4459
4997,265701,9232160.82608509,15574.83270087255,0819,LAPD WEST LOS ANGELES 0819,24252.29666369244,25414225.20426543,10
4998,265702,4040547.8915828876,8775.757934305091,0819,LAPD WEST LOS ANGELES 0819,24252.29666369244,25414225.20426543,1748
4999,700700,38002136.42706234,32140.976495075727,0819,LAPD WEST LOS ANGELES 0819,24252.29666369244,25414225.20426543,1001
5000,262200,92227670.69561936,52227.52257384811,0815,LAPD WEST LOS ANGELES 0815,17054.181212121166,8383653.606215246,20310
5001,265301,17176772.4367197,20495.487119927137,0815,LAPD WEST LOS ANGELES 0815,17054.181212121166,8383653.606215246,4957
5002,265303,1592999.7225436457,5749.442745146692,0815,LAPD WEST LOS ANGELES 0815,17054.181212121166,8383653.606215246,701
5003,265410,7648041.150330674,16061.51960768249,0815,LAPD WEST LOS ANGELES 0815,17054.181212121166,8383653.606215246,185546
5004,265420,7865803.833000923,12339.13175125644,0815,LAPD WEST LOS ANGELES 0815,17054.181212121166,8383653.606215246,7854698
5005,980017,25772392.83207426,29771.022094553802,0815,LAPD WEST LOS ANGELES 0815,17054.181212121166,8383653.606215246,314638
5006,262301,140540824.98377058,74504.43843876739,0812,LAPD WEST LOS ANGELES 0812,29401.90008830832,28161062.73589489,67505
5007,262302,32974910.26209948,32417.74760167836,0812,LAPD WEST LOS ANGELES 0812,29401.90008830832,28161062.73589489,32618
5008,262303,28139675.046829,29228.962683062127,0812,LAPD WEST LOS ANGELES 0812,29401.90008830832,28161062.73589489,28037776
5009,262400,121292178.07919145,75093.03149915505,0812,LAPD WEST LOS ANGELES 0812,29401.90008830832,28161062.73589489,13096
5010,264000,20107064.265035894,22982.74208037001,0812,LAPD WEST LOS ANGELES 0812,29401.90008830832,28161062.73589489,226
5011,262802,35923425.2223758,38712.64917573984,0812,LAPD WEST LOS ANGELES 0812,29401.90008830832,28161062.73589489,863
5012,262301,140540824.98377058,74504.43843876739,0813,LAPD WEST LOS ANGELES 0813,33025.1571621816,29463787.363499988,35844
5013,262302,32974910.26209948,32417.74760167836,0813,LAPD WEST LOS ANGELES 0813,33025.1571621816,29463787.363499988,29398602
5014,262303,28139675.046829,29228.962683062127,0813,LAPD WEST LOS ANGELES 0813,33025.1571621816,29463787.363499988,5614
5015,264000,20107064.265035894,22982.74208037001,0813,LAPD WEST LOS ANGELES 0813,33025.1571621816,29463787.363499988,6484
5016,265410,7648041.150330674,16061.51960768249,0813,LAPD WEST LOS ANGELES 0813,33025.1571621816,29463787.363499988,7757
5017,262302,32974910.26209948,32417.74760167836,0814,LAPD WEST LOS ANGELES 0814,15943.303548516484,7466579.560571457,4080
5018,264102,4267625.335047521,10245.740071231903,0814,LAPD WEST LOS ANGELES 0814,15943.303548516484,7466579.560571457,8515
5019,265410,7648041.150330674,16061.51960768249,0814,LAPD WEST LOS ANGELES 0814,15943.303548516484,7466579.560571457,7449565
5020,980017,25772392.83207426,29771.022094553802,0814,LAPD WEST LOS ANGELES 0814,15943.303548516484,7466579.560571457,1928
5021,262302,32974910.26209948,32417.74760167836,0826,LAPD WEST LOS ANGELES 0826,12096.858504277367,6580334.160184012,5354
5022,262303,28139675.046829,29228.962683062127,0826,LAPD WEST LOS ANGELES 0826,12096.858504277367,6580334.160184012,3595
5023,264000,20107064.265035894,22982.74208037001,0826,LAPD WEST LOS ANGELES 0826,12096.858504277367,6580334.160184012,6550370
5024,264102,4267625.335047521,10245.740071231903,0826,LAPD WEST LOS ANGELES 0826,12096.858504277367,6580334.160184012,13938
5025,264103,2481293.7069656127,7370.470877161304,0826,LAPD WEST LOS ANGELES 0826,12096.858504277367,6580334.160184012,4901
5026,262302,32974910.26209948,32417.74760167836,0827,LAPD WEST LOS ANGELES 0827,13225.902197633379,6605544.939024778,5634
5027,264000,20107064.265035894,22982.74208037001,0827,LAPD WEST LOS ANGELES 0827,13225.902197633379,6605544.939024778,5511
5028,264102,4267625.335047521,10245.740071231903,0827,LAPD WEST LOS ANGELES 0827,13225.902197633379,6605544.939024778,4243577
5029,264103,2481293.7069656127,7370.470877161304,0827,LAPD WEST LOS ANGELES 0827,13225.902197633379,6605544.939024778,2332605
5030,265410,7648041.150330674,16061.51960768249,0827,LAPD WEST LOS ANGELES 0827,13225.902197633379,6605544.939024778,417
5031,980017,25772392.83207426,29771.022094553802,0827,LAPD WEST LOS ANGELES 0827,13225.902197633379,6605544.939024778,15594
5032,262303,28139675.046829,29228.962683062127,0824,LAPD WEST LOS ANGELES 0824,37436.86620083472,35275699.753245406,2726
5033,262400,121292178.07919145,75093.03149915505,0824,LAPD WEST LOS ANGELES 0824,37436.86620083472,35275699.753245406,107115
5034,262501,17635347.441013005,19927.67282182449,0824,LAPD WEST LOS ANGELES 0824,37436.86620083472,35275699.753245406,47412
5035,264000,20107064.265035894,22982.74208037001,0824,LAPD WEST LOS ANGELES 0824,37436.86620083472,35275699.753245406,3905
5036,701201,20903323.556850046,18461.253965931584,0824,LAPD WEST LOS ANGELES 0824,37436.86620083472,35275699.753245406,109
5037,980019,476197470.6328313,155767.63294323967,0824,LAPD WEST LOS ANGELES 0824,37436.86620083472,35275699.753245406,4665
5038,262706,25140140.44988287,22722.337175469343,0824,LAPD WEST LOS ANGELES 0824,37436.86620083472,35275699.753245406,23140
5039,262802,35923425.2223758,38712.64917573984,0824,LAPD WEST LOS ANGELES 0824,37436.86620083472,35275699.753245406,35071322
5040,701304,23024155.2953505,22049.071397858082,0824,LAPD WEST LOS ANGELES 0824,37436.86620083472,35275699.753245406,4190
5041,262303,28139675.046829,29228.962683062127,0825,LAPD WEST LOS ANGELES 0825,16111.722923495126,13188118.432324106,34720
5042,264000,20107064.265035894,22982.74208037001,0825,LAPD WEST LOS ANGELES 0825,16111.722923495126,13188118.432324106,13138979
5043,262802,35923425.2223758,38712.64917573984,0825,LAPD WEST LOS ANGELES 0825,16111.722923495126,13188118.432324106,10134
5044,262501,17635347.441013005,19927.67282182449,0811,LAPD WEST LOS ANGELES 0811,55864.08697922197,106901500.37814757,1299
5045,262601,38968307.02216995,35450.35481259411,0811,LAPD WEST LOS ANGELES 0811,55864.08697922197,106901500.37814757,11066588
5046,980019,476197470.6328313,155767.63294323967,0811,LAPD WEST LOS ANGELES 0811,55864.08697922197,106901500.37814757,35896956
5047,262604,61091451.21961057,52810.6311718736,0811,LAPD WEST LOS ANGELES 0811,55864.08697922197,106901500.37814757,59895488
5048,262704,21094135.604939483,26029.71587144098,0811,LAPD WEST LOS ANGELES 0811,55864.08697922197,106901500.37814757,8399
5049,800506,284150327.65787554,98459.13757049298,0811,LAPD WEST LOS ANGELES 0811,55864.08697922197,106901500.37814757,2644
5050,262501,17635347.441013005,19927.67282182449,0823,LAPD WEST LOS ANGELES 0823,21035.30951669415,22861320.800090864,33366
5051,262604,61091451.21961057,52810.6311718736,0823,LAPD WEST LOS ANGELES 0823,21035.30951669415,22861320.800090864,187
5052,262704,21094135.604939483,26029.71587144098,0823,LAPD WEST LOS ANGELES 0823,21035.30951669415,22861320.800090864,40857
5053,262706,25140140.44988287,22722.337175469343,0823,LAPD WEST LOS ANGELES 0823,21035.30951669415,22861320.800090864,22773007
5054,262802,35923425.2223758,38712.64917573984,0823,LAPD WEST LOS ANGELES 0823,21035.30951669415,22861320.800090864,6921
5055,264000,20107064.265035894,22982.74208037001,0831,LAPD WEST LOS ANGELES 0831,22136.444758521506,18436607.663428664,371077
5056,264303,2329882.137560286,6726.725190557958,0831,LAPD WEST LOS ANGELES 0831,22136.444758521506,18436607.663428664,11515
5057,264304,2192684.756518644,7254.296310459917,0831,LAPD WEST LOS ANGELES 0831,22136.444758521506,18436607.663428664,6484
5058,264305,14485244.151186263,19577.407819922653,0831,LAPD WEST LOS ANGELES 0831,22136.444758521506,18436607.663428664,14193336
5059,264306,3838849.8343538195,9091.533511207328,0831,LAPD WEST LOS ANGELES 0831,22136.444758521506,18436607.663428664,3835263
5060,267405,2300084.853488864,6131.840995549105,0831,LAPD WEST LOS ANGELES 0831,22136.444758521506,18436607.663428664,907
5061,267406,2315885.5536983516,6320.041141039376,0831,LAPD WEST LOS ANGELES 0831,22136.444758521506,18436607.663428664,2568
5062,701601,13134279.922631484,16313.024378075872,0831,LAPD WEST LOS ANGELES 0831,22136.444758521506,18436607.663428664,9322
5063,264000,20107064.265035894,22982.74208037001,0832,LAPD WEST LOS ANGELES 0832,8735.059788239892,4644188.985082851,603
5064,264103,2481293.7069656127,7370.470877161304,0832,LAPD WEST LOS ANGELES 0832,8735.059788239892,4644188.985082851,142719
5065,264303,2329882.137560286,6726.725190557958,0832,LAPD WEST LOS ANGELES 0832,8735.059788239892,4644188.985082851,2317580
5066,264304,2192684.756518644,7254.296310459917,0832,LAPD WEST LOS ANGELES 0832,8735.059788239892,4644188.985082851,2175752
5067,264305,14485244.151186263,19577.407819922653,0832,LAPD WEST LOS ANGELES 0832,8735.059788239892,4644188.985082851,34
5068,264306,3838849.8343538195,9091.533511207328,0832,LAPD WEST LOS ANGELES 0832,8735.059788239892,4644188.985082851,99
5069,267403,2521120.3074123426,7862.060408724643,0832,LAPD WEST LOS ANGELES 0832,8735.059788239892,4644188.985082851,252
5070,267404,3061703.5837617316,7371.044299143646,0832,LAPD WEST LOS ANGELES 0832,8735.059788239892,4644188.985082851,1798
5071,980017,25772392.83207426,29771.022094553802,0832,LAPD WEST LOS ANGELES 0832,8735.059788239892,4644188.985082851,3773
5072,264304,2192684.756518644,7254.296310459917,0842,LAPD WEST LOS ANGELES 0842,10738.795026759524,5557323.920214711,8122
5073,264306,3838849.8343538195,9091.533511207328,0842,LAPD WEST LOS ANGELES 0842,10738.795026759524,5557323.920214711,583
5074,267403,2521120.3074123426,7862.060408724643,0842,LAPD WEST LOS ANGELES 0842,10738.795026759524,5557323.920214711,2502516
5075,267404,3061703.5837617316,7371.044299143646,0842,LAPD WEST LOS ANGELES 0842,10738.795026759524,5557323.920214711,3042550
5076,267406,2315885.5536983516,6320.041141039376,0842,LAPD WEST LOS ANGELES 0842,10738.795026759524,5557323.920214711,25
5077,267503,2126385.778338225,6123.395839761691,0842,LAPD WEST LOS ANGELES 0842,10738.795026759524,5557323.920214711,1161
5078,267504,2758789.488573823,6938.245049747261,0842,LAPD WEST LOS ANGELES 0842,10738.795026759524,5557323.920214711,4
5079,980017,25772392.83207426,29771.022094553802,0842,LAPD WEST LOS ANGELES 0842,10738.795026759524,5557323.920214711,448
5080,264306,3838849.8343538195,9091.533511207328,0841,LAPD WEST LOS ANGELES 0841,8897.605752722151,4647018.933917913,1390
5081,267404,3061703.5837617316,7371.044299143646,0841,LAPD WEST LOS ANGELES 0841,8897.605752722151,4647018.933917913,9100
5082,267405,2300084.853488864,6131.840995549105,0841,LAPD WEST LOS ANGELES 0841,8897.605752722151,4647018.933917913,2290196
5083,267406,2315885.5536983516,6320.041141039376,0841,LAPD WEST LOS ANGELES 0841,8897.605752722151,4647018.933917913,2303269
5084,267502,4679180.697993381,8926.775774983007,0841,LAPD WEST LOS ANGELES 0841,8897.605752722151,4647018.933917913,178
5085,701601,13134279.922631484,16313.024378075872,0841,LAPD WEST LOS ANGELES 0841,8897.605752722151,4647018.933917913,0
5086,701602,7110015.772115901,13129.854186089742,0841,LAPD WEST LOS ANGELES 0841,8897.605752722151,4647018.933917913,41237
5087,701701,7066995.929529206,13121.904621999844,0841,LAPD WEST LOS ANGELES 0841,8897.605752722151,4647018.933917913,58
5088,265100,25424207.100035295,24407.435791763724,0828,LAPD WEST LOS ANGELES 0828,13218.013830252261,8071401.394965459,7403
5089,265201,4723324.728286064,11887.392978409789,0828,LAPD WEST LOS ANGELES 0828,13218.013830252261,8071401.394965459,4706571
5090,265203,3337199.971236891,8484.000960661755,0828,LAPD WEST LOS ANGELES 0828,13218.013830252261,8071401.394965459,3322372
5091,265204,2855371.1204535603,7517.683585770595,0828,LAPD WEST LOS ANGELES 0828,13218.013830252261,8071401.394965459,3468
5092,265301,17176772.4367197,20495.487119927137,0828,LAPD WEST LOS ANGELES 0828,13218.013830252261,8071401.394965459,26647
5093,265602,3615573.040867572,9281.129151805018,0828,LAPD WEST LOS ANGELES 0828,13218.013830252261,8071401.394965459,1995
5094,265702,4040547.8915828876,8775.757934305091,0828,LAPD WEST LOS ANGELES 0828,13218.013830252261,8071401.394965459,120
5095,265100,25424207.100035295,24407.435791763724,0829,LAPD WEST LOS ANGELES 0829,15213.80679397336,13281521.660108367,30008
5096,265601,6706904.140447966,11465.563558725771,0829,LAPD WEST LOS ANGELES 0829,15213.80679397336,13281521.660108367,1099
5097,265602,3615573.040867572,9281.129151805018,0829,LAPD WEST LOS ANGELES 0829,15213.80679397336,13281521.660108367,1060
5098,265701,9232160.82608509,15574.83270087255,0829,LAPD WEST LOS ANGELES 0829,15213.80679397336,13281521.660108367,9211612
5099,265702,4040547.8915828876,8775.757934305091,0829,LAPD WEST LOS ANGELES 0829,15213.80679397336,13281521.660108367,4032828
5100,267102,6668828.6148184575,10704.753540841783,0829,LAPD WEST LOS ANGELES 0829,15213.80679397336,13281521.660108367,83
5101,267901,12051496.062693922,15177.397701160848,0829,LAPD WEST LOS ANGELES 0829,15213.80679397336,13281521.660108367,4
5102,700700,38002136.42706234,32140.976495075727,0829,LAPD WEST LOS ANGELES 0829,15213.80679397336,13281521.660108367,62
5103,265201,4723324.728286064,11887.392978409789,0834,LAPD WEST LOS ANGELES 0834,13800.16401171791,10329013.512997549,8719
5104,265203,3337199.971236891,8484.000960661755,0834,LAPD WEST LOS ANGELES 0834,13800.16401171791,10329013.512997549,8604
5105,265522,2717596.13979681,7881.53285462305,0834,LAPD WEST LOS ANGELES 0834,13800.16401171791,10329013.512997549,3785
5106,265523,3643261.9274434815,7647.862103391743,0834,LAPD WEST LOS ANGELES 0834,13800.16401171791,10329013.512997549,284
5107,265601,6706904.140447966,11465.563558725771,0834,LAPD WEST LOS ANGELES 0834,13800.16401171791,10329013.512997549,6684134
5108,265602,3615573.040867572,9281.129151805018,0834,LAPD WEST LOS ANGELES 0834,13800.16401171791,10329013.512997549,3610090
5109,265701,9232160.82608509,15574.83270087255,0834,LAPD WEST LOS ANGELES 0834,13800.16401171791,10329013.512997549,5314
5110,265702,4040547.8915828876,8775.757934305091,0834,LAPD WEST LOS ANGELES 0834,13800.16401171791,10329013.512997549,4412
5111,265203,3337199.971236891,8484.000960661755,0817,LAPD WEST LOS ANGELES 0817,7524.128456370971,2869765.598652657,3715
5112,265204,2855371.1204535603,7517.683585770595,0817,LAPD WEST LOS ANGELES 0817,7524.128456370971,2869765.598652657,2840437
5113,265301,17176772.4367197,20495.487119927137,0817,LAPD WEST LOS ANGELES 0817,7524.128456370971,2869765.598652657,16301
5114,265306,1003677.988513947,4613.739149727956,0817,LAPD WEST LOS ANGELES 0817,7524.128456370971,2869765.598652657,1168
5115,265307,2341857.6194319446,7842.138230341592,0817,LAPD WEST LOS ANGELES 0817,7524.128456370971,2869765.598652657,7147
5116,265203,3337199.971236891,8484.000960661755,0833,LAPD WEST LOS ANGELES 0833,8347.738357591204,4175103.7662958945,1338
5117,265204,2855371.1204535603,7517.683585770595,0833,LAPD WEST LOS ANGELES 0833,8347.738357591204,4175103.7662958945,7581
5118,265307,2341857.6194319446,7842.138230341592,0833,LAPD WEST LOS ANGELES 0833,8347.738357591204,4175103.7662958945,7957
5119,265521,1409936.517549031,5592.735680250767,0833,LAPD WEST LOS ANGELES 0833,8347.738357591204,4175103.7662958945,1409403
5120,265522,2717596.13979681,7881.53285462305,0833,LAPD WEST LOS ANGELES 0833,8347.738357591204,4175103.7662958945,2705195
5121,265523,3643261.9274434815,7647.862103391743,0833,LAPD WEST LOS ANGELES 0833,8347.738357591204,4175103.7662958945,81
5122,265524,4614795.326175181,8932.59017870218,0833,LAPD WEST LOS ANGELES 0833,8347.738357591204,4175103.7662958945,6922
5123,265601,6706904.140447966,11465.563558725771,0833,LAPD WEST LOS ANGELES 0833,8347.738357591204,4175103.7662958945,1477
5124,265602,3615573.040867572,9281.129151805018,0833,LAPD WEST LOS ANGELES 0833,8347.738357591204,4175103.7662958945,1149
5125,980017,25772392.83207426,29771.022094553802,0833,LAPD WEST LOS ANGELES 0833,8347.738357591204,4175103.7662958945,32536
5126,265204,2855371.1204535603,7517.683585770595,0838,LAPD WEST LOS ANGELES 0838,10040.056553779194,3510775.8968846216,2892
5127,265301,17176772.4367197,20495.487119927137,0838,LAPD WEST LOS ANGELES 0838,10040.056553779194,3510775.8968846216,9660
5128,265303,1592999.7225436457,5749.442745146692,0838,LAPD WEST LOS ANGELES 0838,10040.056553779194,3510775.8968846216,2586
5129,265304,1409868.2282492106,5886.18108758801,0838,LAPD WEST LOS ANGELES 0838,10040.056553779194,3510775.8968846216,9668
5130,265306,1003677.988513947,4613.739149727956,0838,LAPD WEST LOS ANGELES 0838,10040.056553779194,3510775.8968846216,997837
5131,265307,2341857.6194319446,7842.138230341592,0838,LAPD WEST LOS ANGELES 0838,10040.056553779194,3510775.8968846216,2325894
5132,980017,25772392.83207426,29771.022094553802,0838,LAPD WEST LOS ANGELES 0838,10040.056553779194,3510775.8968846216,161030
5133,265301,17176772.4367197,20495.487119927137,0816,LAPD WEST LOS ANGELES 0816,5797.670190460673,1638534.4583800465,5837
5134,265303,1592999.7225436457,5749.442745146692,0816,LAPD WEST LOS ANGELES 0816,5797.670190460673,1638534.4583800465,1584513
5135,265304,1409868.2282492106,5886.18108758801,0816,LAPD WEST LOS ANGELES 0816,5797.670190460673,1638534.4583800465,6602
5136,265420,7865803.833000923,12339.13175125644,0816,LAPD WEST LOS ANGELES 0816,5797.670190460673,1638534.4583800465,4136
5137,980017,25772392.83207426,29771.022094553802,0816,LAPD WEST LOS ANGELES 0816,5797.670190460673,1638534.4583800465,36888
5138,265301,17176772.4367197,20495.487119927137,0837,LAPD WEST LOS ANGELES 0837,5853.904619582682,1401681.4344627012,4868
5139,265303,1592999.7225436457,5749.442745146692,0837,LAPD WEST LOS ANGELES 0837,5853.904619582682,1401681.4344627012,4182
5140,265304,1409868.2282492106,5886.18108758801,0837,LAPD WEST LOS ANGELES 0837,5853.904619582682,1401681.4344627012,1390846
5141,265306,1003677.988513947,4613.739149727956,0837,LAPD WEST LOS ANGELES 0837,5853.904619582682,1401681.4344627012,1254
5142,265307,2341857.6194319446,7842.138230341592,0837,LAPD WEST LOS ANGELES 0837,5853.904619582682,1401681.4344627012,53
5143,265521,1409936.517549031,5592.735680250767,0855,LAPD WEST LOS ANGELES 0855,13348.52977079226,7472327.822380018,41
5144,265522,2717596.13979681,7881.53285462305,0855,LAPD WEST LOS ANGELES 0855,13348.52977079226,7472327.822380018,7662
5145,265523,3643261.9274434815,7647.862103391743,0855,LAPD WEST LOS ANGELES 0855,13348.52977079226,7472327.822380018,3629992
5146,265524,4614795.326175181,8932.59017870218,0855,LAPD WEST LOS ANGELES 0855,13348.52977079226,7472327.822380018,3819095
5147,265601,6706904.140447966,11465.563558725771,0855,LAPD WEST LOS ANGELES 0855,13348.52977079226,7472327.822380018,9849
5148,267202,6198954.557531389,10208.55386056469,0855,LAPD WEST LOS ANGELES 0855,13348.52977079226,7472327.822380018,7
5149,980017,25772392.83207426,29771.022094553802,0855,LAPD WEST LOS ANGELES 0855,13348.52977079226,7472327.822380018,3046
5150,265523,3643261.9274434815,7647.862103391743,0835,LAPD WEST LOS ANGELES 0835,13193.3841937858,10326832.963439908,11613
5151,265524,4614795.326175181,8932.59017870218,0835,LAPD WEST LOS ANGELES 0835,13193.3841937858,10326832.963439908,10634
5152,265601,6706904.140447966,11465.563558725771,0835,LAPD WEST LOS ANGELES 0835,13193.3841937858,10326832.963439908,2062
5153,267101,5213923.327749309,9374.02710091472,0835,LAPD WEST LOS ANGELES 0835,13193.3841937858,10326832.963439908,9155
5154,267201,6456728.5606522085,10589.093801413734,0835,LAPD WEST LOS ANGELES 0835,13193.3841937858,10326832.963439908,4087771
5155,267202,6198954.557531389,10208.55386056469,0835,LAPD WEST LOS ANGELES 0835,13193.3841937858,10326832.963439908,6196558
5156,267800,12391142.773365052,14894.912133004118,0835,LAPD WEST LOS ANGELES 0835,13193.3841937858,10326832.963439908,5324
5157,267902,8374980.4485155,12865.324511811796,0835,LAPD WEST LOS ANGELES 0835,13193.3841937858,10326832.963439908,15
5158,265524,4614795.326175181,8932.59017870218,0854,LAPD WEST LOS ANGELES 0854,6700.0885225356415,1904517.9673216667,776380
5159,267201,6456728.5606522085,10589.093801413734,0854,LAPD WEST LOS ANGELES 0854,6700.0885225356415,1904517.9673216667,1038398
5160,267300,4631659.716907589,8676.539274023457,0854,LAPD WEST LOS ANGELES 0854,6700.0885225356415,1904517.9673216667,62898
5161,267700,8768832.34646428,12188.508022671931,0854,LAPD WEST LOS ANGELES 0854,6700.0885225356415,1904517.9673216667,24868
5162,980017,25772392.83207426,29771.022094553802,0854,LAPD WEST LOS ANGELES 0854,6700.0885225356415,1904517.9673216667,1301
5163,265601,6706904.140447966,11465.563558725771,0836,LAPD WEST LOS ANGELES 0836,13823.16358898554,11317807.450224524,5892
5164,265701,9232160.82608509,15574.83270087255,0836,LAPD WEST LOS ANGELES 0836,13823.16358898554,11317807.450224524,1771
5165,267101,5213923.327749309,9374.02710091472,0836,LAPD WEST LOS ANGELES 0836,13823.16358898554,11317807.450224524,5202503
5166,267102,6668828.6148184575,10704.753540841783,0836,LAPD WEST LOS ANGELES 0836,13823.16358898554,11317807.450224524,6100025
5167,267202,6198954.557531389,10208.55386056469,0836,LAPD WEST LOS ANGELES 0836,13823.16358898554,11317807.450224524,163
5168,267902,8374980.4485155,12865.324511811796,0836,LAPD WEST LOS ANGELES 0836,13823.16358898554,11317807.450224524,3351
5169,265701,9232160.82608509,15574.83270087255,0839,LAPD WEST LOS ANGELES 0839,11439.976087230327,6784991.354133816,10123
5170,267102,6668828.6148184575,10704.753540841783,0839,LAPD WEST LOS ANGELES 0839,11439.976087230327,6784991.354133816,560326
5171,267901,12051496.062693922,15177.397701160848,0839,LAPD WEST LOS ANGELES 0839,11439.976087230327,6784991.354133816,6210804
5172,701000,15311685.690823535,18861.280952592697,0839,LAPD WEST LOS ANGELES 0839,11439.976087230327,6784991.354133816,1262
5173,267101,5213923.327749309,9374.02710091472,0847,LAPD WEST LOS ANGELES 0847,12263.164158914962,7783884.945442631,382
5174,267102,6668828.6148184575,10704.753540841783,0847,LAPD WEST LOS ANGELES 0847,12263.164158914962,7783884.945442631,5030
5175,267800,12391142.773365052,14894.912133004118,0847,LAPD WEST LOS ANGELES 0847,12263.164158914962,7783884.945442631,2142
5176,267902,8374980.4485155,12865.324511811796,0847,LAPD WEST LOS ANGELES 0847,12263.164158914962,7783884.945442631,7773474
5177,267102,6668828.6148184575,10704.753540841783,0848,LAPD WEST LOS ANGELES 0848,10283.56638086896,6330329.752137783,939
5178,267901,12051496.062693922,15177.397701160848,0848,LAPD WEST LOS ANGELES 0848,10283.56638086896,6330329.752137783,5763606
5179,267902,8374980.4485155,12865.324511811796,0848,LAPD WEST LOS ANGELES 0848,10283.56638086896,6330329.752137783,562959
5180,701000,15311685.690823535,18861.280952592697,0848,LAPD WEST LOS ANGELES 0848,10283.56638086896,6330329.752137783,485
5181,267201,6456728.5606522085,10589.093801413734,0883,LAPD WEST LOS ANGELES 0883,8426.484287734209,2577002.3364382684,1324873
5182,267700,8768832.34646428,12188.508022671931,0883,LAPD WEST LOS ANGELES 0883,8426.484287734209,2577002.3364382684,102724
5183,267800,12391142.773365052,14894.912133004118,0883,LAPD WEST LOS ANGELES 0883,8426.484287734209,2577002.3364382684,1148480
5184,267201,6456728.5606522085,10589.093801413734,0884,LAPD WEST LOS ANGELES 0884,16876.117344523664,11314229.733217392,3384
5185,267700,8768832.34646428,12188.508022671931,0884,LAPD WEST LOS ANGELES 0884,16876.117344523664,11314229.733217392,2328
5186,267800,12391142.773365052,14894.912133004118,0884,LAPD WEST LOS ANGELES 0884,16876.117344523664,11314229.733217392,11146197
5187,267902,8374980.4485155,12865.324511811796,0884,LAPD WEST LOS ANGELES 0884,16876.117344523664,11314229.733217392,11268
5188,271100,8658188.234974394,14154.497356501008,0884,LAPD WEST LOS ANGELES 0884,16876.117344523664,11314229.733217392,49
5189,271200,5645328.397426461,13688.496681803526,0884,LAPD WEST LOS ANGELES 0884,16876.117344523664,11314229.733217392,146880
5190,267300,4631659.716907589,8676.539274023457,0852,LAPD WEST LOS ANGELES 0852,9069.978880255796,4884028.785203885,7570
5191,267403,2521120.3074123426,7862.060408724643,0852,LAPD WEST LOS ANGELES 0852,9069.978880255796,4884028.785203885,2978
5192,267404,3061703.5837617316,7371.044299143646,0852,LAPD WEST LOS ANGELES 0852,9069.978880255796,4884028.785203885,7203
5193,267406,2315885.5536983516,6320.041141039376,0852,LAPD WEST LOS ANGELES 0852,9069.978880255796,4884028.785203885,2832
5194,267502,4679180.697993381,8926.775774983007,0852,LAPD WEST LOS ANGELES 0852,9069.978880255796,4884028.785203885,1616
5195,267503,2126385.778338225,6123.395839761691,0852,LAPD WEST LOS ANGELES 0852,9069.978880255796,4884028.785203885,2113038
5196,267504,2758789.488573823,6938.245049747261,0852,LAPD WEST LOS ANGELES 0852,9069.978880255796,4884028.785203885,2747089
5197,267300,4631659.716907589,8676.539274023457,0853,LAPD WEST LOS ANGELES 0853,9924.366466805599,6065326.211905191,4559545
5198,267403,2521120.3074123426,7862.060408724643,0853,LAPD WEST LOS ANGELES 0853,9924.366466805599,6065326.211905191,10420
5199,267503,2126385.778338225,6123.395839761691,0853,LAPD WEST LOS ANGELES 0853,9924.366466805599,6065326.211905191,3286
5200,267700,8768832.34646428,12188.508022671931,0853,LAPD WEST LOS ANGELES 0853,9924.366466805599,6065326.211905191,1448150
5201,980017,25772392.83207426,29771.022094553802,0853,LAPD WEST LOS ANGELES 0853,9924.366466805599,6065326.211905191,41796
5202,267300,4631659.716907589,8676.539274023457,0881,LAPD WEST LOS ANGELES 0881,15245.879560857222,13750107.666154142,23
5203,267502,4679180.697993381,8926.775774983007,0881,LAPD WEST LOS ANGELES 0881,15245.879560857222,13750107.666154142,11723
5204,267503,2126385.778338225,6123.395839761691,0881,LAPD WEST LOS ANGELES 0881,15245.879560857222,13750107.666154142,8158
5205,267504,2758789.488573823,6938.245049747261,0881,LAPD WEST LOS ANGELES 0881,15245.879560857222,13750107.666154142,8488
5206,267600,13703332.511606386,15220.70215476345,0881,LAPD WEST LOS ANGELES 0881,15245.879560857222,13750107.666154142,13677867
5207,267700,8768832.34646428,12188.508022671931,0881,LAPD WEST LOS ANGELES 0881,15245.879560857222,13750107.666154142,4443
5208,271200,5645328.397426461,13688.496681803526,0881,LAPD WEST LOS ANGELES 0881,15245.879560857222,13750107.666154142,2718
5209,701801,20406002.007378895,19296.118442387124,0881,LAPD WEST LOS ANGELES 0881,15245.879560857222,13750107.666154142,31829
5210,267405,2300084.853488864,6131.840995549105,0851,LAPD WEST LOS ANGELES 0851,8996.244939169139,4764611.1439887285,8196
5211,267406,2315885.5536983516,6320.041141039376,0851,LAPD WEST LOS ANGELES 0851,8996.244939169139,4764611.1439887285,6397
5212,267502,4679180.697993381,8926.775774983007,0851,LAPD WEST LOS ANGELES 0851,8996.244939169139,4764611.1439887285,4664045
5213,267504,2758789.488573823,6938.245049747261,0851,LAPD WEST LOS ANGELES 0851,8996.244939169139,4764611.1439887285,2248
5214,267600,13703332.511606386,15220.70215476345,0851,LAPD WEST LOS ANGELES 0851,8996.244939169139,4764611.1439887285,1079
5215,701602,7110015.772115901,13129.854186089742,0851,LAPD WEST LOS ANGELES 0851,8996.244939169139,4764611.1439887285,4
5216,701701,7066995.929529206,13121.904621999844,0851,LAPD WEST LOS ANGELES 0851,8996.244939169139,4764611.1439887285,40750
5217,701801,20406002.007378895,19296.118442387124,0851,LAPD WEST LOS ANGELES 0851,8996.244939169139,4764611.1439887285,40243
5218,267600,13703332.511606386,15220.70215476345,0882,LAPD WEST LOS ANGELES 0882,10769.221468548449,7186951.489314988,1628
5219,267700,8768832.34646428,12188.508022671931,0882,LAPD WEST LOS ANGELES 0882,10769.221468548449,7186951.489314988,7179786
5220,271200,5645328.397426461,13688.496681803526,0882,LAPD WEST LOS ANGELES 0882,10769.221468548449,7186951.489314988,2971
5221,267600,13703332.511606386,15220.70215476345,0891,LAPD WEST LOS ANGELES 0891,6316.9096465036255,1431293.0394207528,16802
5222,271200,5645328.397426461,13688.496681803526,0891,LAPD WEST LOS ANGELES 0891,6316.9096465036255,1431293.0394207528,1413973
5223,701801,20406002.007378895,19296.118442387124,0891,LAPD WEST LOS ANGELES 0891,6316.9096465036255,1431293.0394207528,0
5224,702300,27898921.728534777,21132.562902088142,0891,LAPD WEST LOS ANGELES 0891,6316.9096465036255,1431293.0394207528,5
5225,267600,13703332.511606386,15220.70215476345,0892,LAPD WEST LOS ANGELES 0892,8667.182880843076,3755384.7954551787,223
5226,267700,8768832.34646428,12188.508022671931,0892,LAPD WEST LOS ANGELES 0892,8667.182880843076,3755384.7954551787,3407
5227,271200,5645328.397426461,13688.496681803526,0892,LAPD WEST LOS ANGELES 0892,8667.182880843076,3755384.7954551787,3750395
5228,267800,12391142.773365052,14894.912133004118,0885,LAPD WEST LOS ANGELES 0885,20334.36933414797,23742301.915116966,13935
5229,267901,12051496.062693922,15177.397701160848,0885,LAPD WEST LOS ANGELES 0885,20334.36933414797,23742301.915116966,3206
5230,267902,8374980.4485155,12865.324511811796,0885,LAPD WEST LOS ANGELES 0885,20334.36933414797,23742301.915116966,20839
5231,269000,24700267.890122313,30135.823842837966,0885,LAPD WEST LOS ANGELES 0885,20334.36933414797,23742301.915116966,14111
5232,269300,23772380.65256141,20336.6176610048,0885,LAPD WEST LOS ANGELES 0885,20334.36933414797,23742301.915116966,23670453
5233,271100,8658188.234974394,14154.497356501008,0885,LAPD WEST LOS ANGELES 0885,20334.36933414797,23742301.915116966,10884
5234,267800,12391142.773365052,14894.912133004118,0893,LAPD WEST LOS ANGELES 0893,14135.15573886613,8567873.141435537,70552
5235,269300,23772380.65256141,20336.6176610048,0893,LAPD WEST LOS ANGELES 0893,14135.15573886613,8567873.141435537,362
5236,271100,8658188.234974394,14154.497356501008,0893,LAPD WEST LOS ANGELES 0893,14135.15573886613,8567873.141435537,8432660
5237,271200,5645328.397426461,13688.496681803526,0893,LAPD WEST LOS ANGELES 0893,14135.15573886613,8567873.141435537,61140
5238,267901,12051496.062693922,15177.397701160848,0886,LAPD WEST LOS ANGELES 0886,23033.304069279387,14062790.592864249,13513
5239,269000,24700267.890122313,30135.823842837966,0886,LAPD WEST LOS ANGELES 0886,23033.304069279387,14062790.592864249,14026353
5240,269100,9033708.269104926,12462.682968910987,0886,LAPD WEST LOS ANGELES 0886,23033.304069279387,14062790.592864249,383
5241,269300,23772380.65256141,20336.6176610048,0886,LAPD WEST LOS ANGELES 0886,23033.304069279387,14062790.592864249,3507
5242,269500,14899364.410320187,18057.699940970208,0886,LAPD WEST LOS ANGELES 0886,23033.304069279387,14062790.592864249,11432
5243,269800,5027651.894227838,12035.271536889024,0886,LAPD WEST LOS ANGELES 0886,23033.304069279387,14062790.592864249,7
5244,701000,15311685.690823535,18861.280952592697,0886,LAPD WEST LOS ANGELES 0886,23033.304069279387,14062790.592864249,2288
5245,269000,24700267.890122313,30135.823842837966,0895,LAPD WEST LOS ANGELES 0895,12653.75149867914,10009651.772648739,9989149
5246,269300,23772380.65256141,20336.6176610048,0895,LAPD WEST LOS ANGELES 0895,12653.75149867914,10009651.772648739,14407
5247,269800,5027651.894227838,12035.271536889024,0895,LAPD WEST LOS ANGELES 0895,12653.75149867914,10009651.772648739,2275
5248,269000,24700267.890122313,30135.823842837966,0896,LAPD WEST LOS ANGELES 0896,2780.4946751443194,409323.8698733542,10201
5249,269800,5027651.894227838,12035.271536889024,0896,LAPD WEST LOS ANGELES 0896,2780.4946751443194,409323.8698733542,398964
5250,269000,24700267.890122313,30135.823842837966,0897,LAPD WEST LOS ANGELES 0897,10658.184713161061,4480707.582133471,1839
5251,269500,14899364.410320187,18057.699940970208,0897,LAPD WEST LOS ANGELES 0897,10658.184713161061,4480707.582133471,10950
5252,269700,9661690.40960243,14772.796850400275,0897,LAPD WEST LOS ANGELES 0897,10658.184713161061,4480707.582133471,12623
5253,269800,5027651.894227838,12035.271536889024,0897,LAPD WEST LOS ANGELES 0897,10658.184713161061,4480707.582133471,4453557
5254,269000,24700267.890122313,30135.823842837966,1405,LAPD PACIFIC 1405,5031.865874918771,795240.1071719079,70
5255,269300,23772380.65256141,20336.6176610048,1405,LAPD PACIFIC 1405,5031.865874918771,795240.1071719079,74767
5256,269907,2979392.004910118,7628.819056490375,1405,LAPD PACIFIC 1405,5031.865874918771,795240.1071719079,1286
5257,269908,1802430.2458866101,6602.920404793581,1405,LAPD PACIFIC 1405,5031.865874918771,795240.1071719079,710512
5258,271100,8658188.234974394,14154.497356501008,1405,LAPD PACIFIC 1405,5031.865874918771,795240.1071719079,904
5259,271704,5852767.97404338,11870.496839279544,1405,LAPD PACIFIC 1405,5031.865874918771,795240.1071719079,7398
5260,269000,24700267.890122313,30135.823842837966,1407,LAPD PACIFIC 1407,13873.12195086049,7868126.112079433,104898
5261,269905,2562120.999289418,8317.569972564317,1407,LAPD PACIFIC 1407,13873.12195086049,7868126.112079433,2515057
5262,269906,2238833.9517463394,7462.5231727357,1407,LAPD PACIFIC 1407,13873.12195086049,7868126.112079433,2233700
5263,269907,2979392.004910118,7628.819056490375,1407,LAPD PACIFIC 1407,13873.12195086049,7868126.112079433,2971569
5264,269908,1802430.2458866101,6602.920404793581,1407,LAPD PACIFIC 1407,13873.12195086049,7868126.112079433,18
5265,270101,4031192.8302538395,12050.079413470332,1407,LAPD PACIFIC 1407,13873.12195086049,7868126.112079433,6273
5266,270102,2113198.0300155366,7624.064851978848,1407,LAPD PACIFIC 1407,13873.12195086049,7868126.112079433,32818
5267,702400,21514103.006377354,24216.780470240803,1407,LAPD PACIFIC 1407,13873.12195086049,7868126.112079433,36
5268,702501,14464966.215446325,16130.309507656011,1407,LAPD PACIFIC 1407,13873.12195086049,7868126.112079433,716
5269,269000,24700267.890122313,30135.823842837966,1409,LAPD PACIFIC 1409,12994.73404076288,5496241.92199589,835
5270,269700,9661690.40960243,14772.796850400275,1409,LAPD PACIFIC 1409,12994.73404076288,5496241.92199589,191
5271,269800,5027651.894227838,12035.271536889024,1409,LAPD PACIFIC 1409,12994.73404076288,5496241.92199589,42829
5272,269907,2979392.004910118,7628.819056490375,1409,LAPD PACIFIC 1409,12994.73404076288,5496241.92199589,1742
5273,270101,4031192.8302538395,12050.079413470332,1409,LAPD PACIFIC 1409,12994.73404076288,5496241.92199589,3359001
5274,270102,2113198.0300155366,7624.064851978848,1409,LAPD PACIFIC 1409,12994.73404076288,5496241.92199589,2079297
5275,270200,8225812.219652526,14331.193993669054,1409,LAPD PACIFIC 1409,12994.73404076288,5496241.92199589,7543
5276,702400,21514103.006377354,24216.780470240803,1409,LAPD PACIFIC 1409,12994.73404076288,5496241.92199589,2657
5277,269500,14899364.410320187,18057.699940970208,0898,LAPD WEST LOS ANGELES 0898,14728.47755669105,9491922.50085789,14722
5278,269601,3591419.077448167,7574.315640515718,0898,LAPD WEST LOS ANGELES 0898,14728.47755669105,9491922.50085789,8282
5279,269602,3127881.913185928,7326.264431933353,0898,LAPD WEST LOS ANGELES 0898,14728.47755669105,9491922.50085789,11908
5280,269700,9661690.40960243,14772.796850400275,0898,LAPD WEST LOS ANGELES 0898,14728.47755669105,9491922.50085789,9453043
5281,270300,10511306.679289037,13672.051378785938,0898,LAPD WEST LOS ANGELES 0898,14728.47755669105,9491922.50085789,253
5282,269700,9661690.40960243,14772.796850400275,0899,LAPD WEST LOS ANGELES 0899,10782.876529300098,5829451.683509878,188417
5283,270200,8225812.219652526,14331.193993669054,0899,LAPD WEST LOS ANGELES 0899,10782.876529300098,5829451.683509878,5636471
5284,702400,21514103.006377354,24216.780470240803,0899,LAPD WEST LOS ANGELES 0899,10782.876529300098,5829451.683509878,2260
5285,269800,5027651.894227838,12035.271536889024,1408,LAPD PACIFIC 1408,6811.7145019869595,789641.8828946173,127770
5286,270101,4031192.8302538395,12050.079413470332,1408,LAPD PACIFIC 1408,6811.7145019869595,789641.8828946173,661563
5287,269903,3055079.3549911915,7708.020284084582,1406,LAPD PACIFIC 1406,13829.239854831781,5932503.31224079,2989814
5288,269905,2562120.999289418,8317.569972564317,1406,LAPD PACIFIC 1406,13829.239854831781,5932503.31224079,7258
5289,269906,2238833.9517463394,7462.5231727357,1406,LAPD PACIFIC 1406,13829.239854831781,5932503.31224079,4268
5290,269907,2979392.004910118,7628.819056490375,1406,LAPD PACIFIC 1406,13829.239854831781,5932503.31224079,3651
5291,269908,1802430.2458866101,6602.920404793581,1406,LAPD PACIFIC 1406,13829.239854831781,5932503.31224079,1087469
5292,269909,1828771.994755823,5970.59776116583,1406,LAPD PACIFIC 1406,13829.239854831781,5932503.31224079,1821610
5293,271704,5852767.97404338,11870.496839279544,1406,LAPD PACIFIC 1406,13829.239854831781,5932503.31224079,281
5294,271803,2460589.4032832906,6334.912776634875,1406,LAPD PACIFIC 1406,13829.239854831781,5932503.31224079,907
5295,702801,12854018.478082396,14969.395253226765,1406,LAPD PACIFIC 1406,13829.239854831781,5932503.31224079,14966
5296,269903,3055079.3549911915,7708.020284084582,1438,LAPD PACIFIC 1438,10039.096398518643,6207049.071504208,15875
5297,269909,1828771.994755823,5970.59776116583,1438,LAPD PACIFIC 1438,10039.096398518643,6207049.071504208,2222
5298,271703,4879506.954648102,12236.927743197984,1438,LAPD PACIFIC 1438,10039.096398518643,6207049.071504208,17126
5299,271801,5165916.653232442,9610.551951213149,1438,LAPD PACIFIC 1438,10039.096398518643,6207049.071504208,11302
5300,271803,2460589.4032832906,6334.912776634875,1438,LAPD PACIFIC 1438,10039.096398518643,6207049.071504208,2424022
5301,271804,3754565.303070997,10109.447168219733,1438,LAPD PACIFIC 1438,10039.096398518643,6207049.071504208,3734120
5302,269908,1802430.2458866101,6602.920404793581,1428,LAPD PACIFIC 1428,12085.286717863806,9174015.652611822,3747
5303,269909,1828771.994755823,5970.59776116583,1428,LAPD PACIFIC 1428,12085.286717863806,9174015.652611822,4240
5304,271100,8658188.234974394,14154.497356501008,1428,LAPD PACIFIC 1428,12085.286717863806,9174015.652611822,22742
5305,271702,7604859.172006514,13325.68225023941,1428,LAPD PACIFIC 1428,12085.286717863806,9174015.652611822,3337
5306,271703,4879506.954648102,12236.927743197984,1428,LAPD PACIFIC 1428,12085.286717863806,9174015.652611822,4852673
5307,271704,5852767.97404338,11870.496839279544,1428,LAPD PACIFIC 1428,12085.286717863806,9174015.652611822,4283630
5308,271804,3754565.303070997,10109.447168219733,1428,LAPD PACIFIC 1428,12085.286717863806,9174015.652611822,185
5309,271100,8658188.234974394,14154.497356501008,1403,LAPD PACIFIC 1403,10276.433460171509,4225030.14243423,187754
5310,271200,5645328.397426461,13688.496681803526,1403,LAPD PACIFIC 1403,10276.433460171509,4225030.14243423,1163
5311,271300,15826987.723307015,19352.63846925863,1403,LAPD PACIFIC 1403,10276.433460171509,4225030.14243423,52353
5312,271702,7604859.172006514,13325.68225023941,1403,LAPD PACIFIC 1403,10276.433460171509,4225030.14243423,2422932
5313,271704,5852767.97404338,11870.496839279544,1403,LAPD PACIFIC 1403,10276.433460171509,4225030.14243423,1559261
5314,271200,5645328.397426461,13688.496681803526,1401,LAPD PACIFIC 1401,13502.192306966988,8482778.647075428,118082
5315,271300,15826987.723307015,19352.63846925863,1401,LAPD PACIFIC 1401,13502.192306966988,8482778.647075428,8359340
5316,271500,9795954.183569452,13061.357078088944,1401,LAPD PACIFIC 1401,13502.192306966988,8482778.647075428,2182
5317,702300,27898921.728534777,21132.562902088142,1401,LAPD PACIFIC 1401,13502.192306966988,8482778.647075428,107
5318,271200,5645328.397426461,13688.496681803526,1402,LAPD PACIFIC 1402,11255.201211201544,7509453.503429075,145958
5319,271300,15826987.723307015,19352.63846925863,1402,LAPD PACIFIC 1402,11255.201211201544,7509453.503429075,7360751
5320,271300,15826987.723307015,19352.63846925863,1424,LAPD PACIFIC 1424,13080.290811219262,9823594.0669914,33041
5321,271400,12368280.707463088,14507.932247060404,1424,LAPD PACIFIC 1424,13080.290811219262,9823594.0669914,1970
5322,271500,9795954.183569452,13061.357078088944,1424,LAPD PACIFIC 1424,13080.290811219262,9823594.0669914,9763504
5323,271600,9746277.955170263,12575.792572820754,1424,LAPD PACIFIC 1424,13080.290811219262,9823594.0669914,21188
5324,271902,9948084.653073175,12748.859972630435,1424,LAPD PACIFIC 1424,13080.290811219262,9823594.0669914,32
5325,702300,27898921.728534777,21132.562902088142,1424,LAPD PACIFIC 1424,13080.290811219262,9823594.0669914,229
5326,271300,15826987.723307015,19352.63846925863,1425,LAPD PACIFIC 1425,11494.517311778704,7993414.115959793,12027
5327,271500,9795954.183569452,13061.357078088944,1425,LAPD PACIFIC 1425,11494.517311778704,7993414.115959793,1542
5328,271600,9746277.955170263,12575.792572820754,1425,LAPD PACIFIC 1425,11494.517311778704,7993414.115959793,7976734
5329,271901,7084576.930471012,10708.185657057868,1425,LAPD PACIFIC 1425,11494.517311778704,7993414.115959793,141
5330,271902,9948084.653073175,12748.859972630435,1425,LAPD PACIFIC 1425,11494.517311778704,7993414.115959793,0
5331,271300,15826987.723307015,19352.63846925863,1426,LAPD PACIFIC 1426,7915.215892136245,1623628.450891551,1425
5332,271600,9746277.955170263,12575.792572820754,1426,LAPD PACIFIC 1426,7915.215892136245,1623628.450891551,1621598
5333,271300,15826987.723307015,19352.63846925863,1427,LAPD PACIFIC 1427,9981.753784341643,5295068.191345298,30
5334,271600,9746277.955170263,12575.792572820754,1427,LAPD PACIFIC 1427,9981.753784341643,5295068.191345298,115304
5335,271702,7604859.172006514,13325.68225023941,1427,LAPD PACIFIC 1427,9981.753784341643,5295068.191345298,5171048
5336,271703,4879506.954648102,12236.927743197984,1427,LAPD PACIFIC 1427,9981.753784341643,5295068.191345298,6701
5337,271400,12368280.707463088,14507.932247060404,1415,LAPD PACIFIC 1415,15450.802758775904,12609373.038702259,6235
5338,273100,12669382.085571446,15531.262887186169,1415,LAPD PACIFIC 1415,15450.802758775904,12609373.038702259,12592672
5339,273200,6909620.784730424,11507.950170068623,1415,LAPD PACIFIC 1415,15450.802758775904,12609373.038702259,3061
5340,273600,6336240.5141199585,10768.185456373305,1415,LAPD PACIFIC 1415,15450.802758775904,12609373.038702259,168
5341,702202,10889856.899047434,13839.062702786927,1415,LAPD PACIFIC 1415,15450.802758775904,12609373.038702259,2671
5342,271400,12368280.707463088,14507.932247060404,1416,LAPD PACIFIC 1416,14500.149956687379,12351026.78884093,12327184
5343,271500,9795954.183569452,13061.357078088944,1416,LAPD PACIFIC 1416,14500.149956687379,12351026.78884093,11152
5344,272100,12909213.57628778,14819.19998679491,1416,LAPD PACIFIC 1416,14500.149956687379,12351026.78884093,22
5345,273100,12669382.085571446,15531.262887186169,1416,LAPD PACIFIC 1416,14500.149956687379,12351026.78884093,2395
5346,702300,27898921.728534777,21132.562902088142,1416,LAPD PACIFIC 1416,14500.149956687379,12351026.78884093,5745
5347,271400,12368280.707463088,14507.932247060404,1434,LAPD PACIFIC 1434,14744.283620037248,12702602.240602607,26949
5348,271500,9795954.183569452,13061.357078088944,1434,LAPD PACIFIC 1434,14744.283620037248,12702602.240602607,32
5349,271902,9948084.653073175,12748.859972630435,1434,LAPD PACIFIC 1434,14744.283620037248,12702602.240602607,11550
5350,272100,12909213.57628778,14819.19998679491,1434,LAPD PACIFIC 1434,14744.283620037248,12702602.240602607,12655312
5351,273100,12669382.085571446,15531.262887186169,1434,LAPD PACIFIC 1434,14744.283620037248,12702602.240602607,12
5352,273700,7430946.828025205,11006.394337258342,1434,LAPD PACIFIC 1434,14744.283620037248,12702602.240602607,4015
5353,271500,9795954.183569452,13061.357078088944,1435,LAPD PACIFIC 1435,16106.518104747725,15282259.562186694,13922
5354,271600,9746277.955170263,12575.792572820754,1435,LAPD PACIFIC 1435,16106.518104747725,15282259.562186694,5420
5355,271901,7084576.930471012,10708.185657057868,1435,LAPD PACIFIC 1435,16106.518104747725,15282259.562186694,5469081
5356,271902,9948084.653073175,12748.859972630435,1435,LAPD PACIFIC 1435,16106.518104747725,15282259.562186694,9788073
5357,271600,9746277.955170263,12575.792572820754,1436,LAPD PACIFIC 1436,6905.108173879151,1413103.3178048853,2226
5358,271901,7084576.930471012,10708.185657057868,1436,LAPD PACIFIC 1436,6905.108173879151,1413103.3178048853,1410340
5359,271600,9746277.955170263,12575.792572820754,1437,LAPD PACIFIC 1437,9425.294599457942,5255573.603685955,183
5360,271702,7604859.172006514,13325.68225023941,1437,LAPD PACIFIC 1437,9425.294599457942,5255573.603685955,4706
5361,271703,4879506.954648102,12236.927743197984,1437,LAPD PACIFIC 1437,9425.294599457942,5255573.603685955,1164
5362,271801,5165916.653232442,9610.551951213149,1437,LAPD PACIFIC 1437,9425.294599457942,5255573.603685955,5116347
5363,271804,3754565.303070997,10109.447168219733,1437,LAPD PACIFIC 1437,9425.294599457942,5255573.603685955,8593
5364,271901,7084576.930471012,10708.185657057868,1437,LAPD PACIFIC 1437,9425.294599457942,5255573.603685955,122574
5365,271901,7084576.930471012,10708.185657057868,1449,LAPD PACIFIC 1449,12706.988487624758,6707540.479533873,52576
5366,271902,9948084.653073175,12748.859972630435,1449,LAPD PACIFIC 1449,12706.988487624758,6707540.479533873,54370
5367,272301,6501743.76408767,12731.19438196423,1449,LAPD PACIFIC 1449,12706.988487624758,6707540.479533873,6445549
5368,272302,5437258.840508242,10565.236583551057,1449,LAPD PACIFIC 1449,12706.988487624758,6707540.479533873,229
5369,702802,6566533.846376477,15448.873611752013,1449,LAPD PACIFIC 1449,12706.988487624758,6707540.479533873,148993
5370,702803,9120630.734702047,27442.569027381494,1449,LAPD PACIFIC 1449,12706.988487624758,6707540.479533873,3244
5371,271902,9948084.653073175,12748.859972630435,1445,LAPD PACIFIC 1445,11985.444584087156,6216907.312481541,251
5372,272100,12909213.57628778,14819.19998679491,1445,LAPD PACIFIC 1445,11985.444584087156,6216907.312481541,170150
5373,272201,2798671.1785321883,6700.250797933048,1445,LAPD PACIFIC 1445,11985.444584087156,6216907.312481541,2706086
5374,272202,3332333.626524256,8785.831819795956,1445,LAPD PACIFIC 1445,11985.444584087156,6216907.312481541,3315826
5375,272302,5437258.840508242,10565.236583551057,1445,LAPD PACIFIC 1445,11985.444584087156,6216907.312481541,10064
5376,273800,7982920.519085896,16482.300433438348,1445,LAPD PACIFIC 1445,11985.444584087156,6216907.312481541,4223
5377,702803,9120630.734702047,27442.569027381494,1445,LAPD PACIFIC 1445,11985.444584087156,6216907.312481541,7954
5378,271902,9948084.653073175,12748.859972630435,1446,LAPD PACIFIC 1446,10648.574139582686,5521653.467015649,90063
5379,272301,6501743.76408767,12731.19438196423,1446,LAPD PACIFIC 1446,10648.574139582686,5521653.467015649,18124
5380,272302,5437258.840508242,10565.236583551057,1446,LAPD PACIFIC 1446,10648.574139582686,5521653.467015649,5386812
5381,702803,9120630.734702047,27442.569027381494,1446,LAPD PACIFIC 1446,10648.574139582686,5521653.467015649,24544
5382,272100,12909213.57628778,14819.19998679491,1433,LAPD PACIFIC 1433,10907.150285099884,7323282.538910194,100
5383,273100,12669382.085571446,15531.262887186169,1433,LAPD PACIFIC 1433,10907.150285099884,7323282.538910194,22436
5384,273600,6336240.5141199585,10768.185456373305,1433,LAPD PACIFIC 1433,10907.150285099884,7323282.538910194,625
5385,273700,7430946.828025205,11006.394337258342,1433,LAPD PACIFIC 1433,10907.150285099884,7323282.538910194,7297422
5386,272100,12909213.57628778,14819.19998679491,1443,LAPD PACIFIC 1443,16678.088140473377,8355206.869090484,78820
5387,272202,3332333.626524256,8785.831819795956,1443,LAPD PACIFIC 1443,16678.088140473377,8355206.869090484,2606
5388,273600,6336240.5141199585,10768.185456373305,1443,LAPD PACIFIC 1443,16678.088140473377,8355206.869090484,202926
5389,273700,7430946.828025205,11006.394337258342,1443,LAPD PACIFIC 1443,16678.088140473377,8355206.869090484,121630
5390,273800,7982920.519085896,16482.300433438348,1443,LAPD PACIFIC 1443,16678.088140473377,8355206.869090484,7923504
5391,274100,6760379.6255455995,14311.71798400294,1443,LAPD PACIFIC 1443,16678.088140473377,8355206.869090484,124
5392,702803,9120630.734702047,27442.569027381494,1443,LAPD PACIFIC 1443,16678.088140473377,8355206.869090484,22476
5393,273902,9935930.403654538,14262.015118862031,1443,LAPD PACIFIC 1443,16678.088140473377,8355206.869090484,10
5394,273100,12669382.085571446,15531.262887186169,1414,LAPD PACIFIC 1414,11513.712433574248,6904123.735783643,10535
5395,273200,6909620.784730424,11507.950170068623,1414,LAPD PACIFIC 1414,11513.712433574248,6904123.735783643,6875060
5396,273300,6160288.2588634435,11227.070176598534,1414,LAPD PACIFIC 1414,11513.712433574248,6904123.735783643,1436
5397,273600,6336240.5141199585,10768.185456373305,1414,LAPD PACIFIC 1414,11513.712433574248,6904123.735783643,866
5398,702202,10889856.899047434,13839.062702786927,1414,LAPD PACIFIC 1414,11513.712433574248,6904123.735783643,0
5399,702102,10464112.918525644,14134.196985518698,1414,LAPD PACIFIC 1414,11513.712433574248,6904123.735783643,13738
5400,273100,12669382.085571446,15531.262887186169,1432,LAPD PACIFIC 1432,10620.429814443738,6139897.804242002,1851
5401,273200,6909620.784730424,11507.950170068623,1432,LAPD PACIFIC 1432,10620.429814443738,6139897.804242002,10187
5402,273300,6160288.2588634435,11227.070176598534,1432,LAPD PACIFIC 1432,10620.429814443738,6139897.804242002,600
5403,273600,6336240.5141199585,10768.185456373305,1432,LAPD PACIFIC 1432,10620.429814443738,6139897.804242002,6119872
5404,273700,7430946.828025205,11006.394337258342,1432,LAPD PACIFIC 1432,10620.429814443738,6139897.804242002,5138
5405,273200,6909620.784730424,11507.950170068623,1413,LAPD PACIFIC 1413,11177.402482267213,6181362.846132074,18823
5406,273300,6160288.2588634435,11227.070176598534,1413,LAPD PACIFIC 1413,11177.402482267213,6181362.846132074,6136941
5407,273404,2327819.8468125304,7349.181812534802,1413,LAPD PACIFIC 1413,11177.402482267213,6181362.846132074,7485
5408,273600,6336240.5141199585,10768.185456373305,1413,LAPD PACIFIC 1413,11177.402482267213,6181362.846132074,205
5409,273403,5036173.702157783,11660.672352513779,1413,LAPD PACIFIC 1413,11177.402482267213,6181362.846132074,72
5410,273502,6567233.816971483,11237.829249809007,1413,LAPD PACIFIC 1413,11177.402482267213,6181362.846132074,55
5411,702102,10464112.918525644,14134.196985518698,1413,LAPD PACIFIC 1413,11177.402482267213,6181362.846132074,15568
5412,273300,6160288.2588634435,11227.070176598534,1412,LAPD PACIFIC 1412,10209.666647201646,4628391.1685224,8280
5413,273404,2327819.8468125304,7349.181812534802,1412,LAPD PACIFIC 1412,10209.666647201646,4628391.1685224,2319495
5414,273403,5036173.702157783,11660.672352513779,1412,LAPD PACIFIC 1412,10209.666647201646,4628391.1685224,2281336
5415,273502,6567233.816971483,11237.829249809007,1412,LAPD PACIFIC 1412,10209.666647201646,4628391.1685224,260
5416,702102,10464112.918525644,14134.196985518698,1412,LAPD PACIFIC 1412,10209.666647201646,4628391.1685224,17370
5417,273300,6160288.2588634435,11227.070176598534,1431,LAPD PACIFIC 1431,10784.160532532964,6243115.03537474,10313
5418,273600,6336240.5141199585,10768.185456373305,1431,LAPD PACIFIC 1431,10784.160532532964,6243115.03537474,8000
5419,273403,5036173.702157783,11660.672352513779,1431,LAPD PACIFIC 1431,10784.160532532964,6243115.03537474,8502
5420,273502,6567233.816971483,11237.829249809007,1431,LAPD PACIFIC 1431,10784.160532532964,6243115.03537474,6201000
5421,273902,9935930.403654538,14262.015118862031,1431,LAPD PACIFIC 1431,10784.160532532964,6243115.03537474,13035
5422,273600,6336240.5141199585,10768.185456373305,1441,LAPD PACIFIC 1441,13811.486243709098,9839349.002925608,1254
5423,273800,7982920.519085896,16482.300433438348,1441,LAPD PACIFIC 1441,13811.486243709098,9839349.002925608,11395
5424,274100,6760379.6255455995,14311.71798400294,1441,LAPD PACIFIC 1441,13811.486243709098,9839349.002925608,25540
5425,702900,40430904.301415764,25965.913567522453,1441,LAPD PACIFIC 1441,13811.486243709098,9839349.002925608,162276
5426,273502,6567233.816971483,11237.829249809007,1441,LAPD PACIFIC 1441,13811.486243709098,9839349.002925608,21626
5427,273902,9935930.403654538,14262.015118862031,1441,LAPD PACIFIC 1441,13811.486243709098,9839349.002925608,9613637
5428,273800,7982920.519085896,16482.300433438348,1444,LAPD PACIFIC 1444,14346.891611065113,6797583.021814544,34805
5429,274100,6760379.6255455995,14311.71798400294,1444,LAPD PACIFIC 1444,14346.891611065113,6797583.021814544,6712554
5430,275313,10521744.67791622,16011.017232833281,1444,LAPD PACIFIC 1444,14346.891611065113,6797583.021814544,1
5431,275400,8083680.879601789,13077.503750713962,1444,LAPD PACIFIC 1444,14346.891611065113,6797583.021814544,16541
5432,702803,9120630.734702047,27442.569027381494,1444,LAPD PACIFIC 1444,14346.891611065113,6797583.021814544,19248
5433,702900,40430904.301415764,25965.913567522453,1444,LAPD PACIFIC 1444,14346.891611065113,6797583.021814544,11721
5434,273902,9935930.403654538,14262.015118862031,1444,LAPD PACIFIC 1444,14346.891611065113,6797583.021814544,156
5435,274100,6760379.6255455995,14311.71798400294,1454,LAPD PACIFIC 1454,18088.811508446135,19004026.55362314,19620
5436,275311,13911137.736338697,17145.12468438066,1454,LAPD PACIFIC 1454,18088.811508446135,19004026.55362314,11512
5437,275312,8845821.92041958,14309.694903803565,1454,LAPD PACIFIC 1454,18088.811508446135,19004026.55362314,8473729
5438,275313,10521744.67791622,16011.017232833281,1454,LAPD PACIFIC 1454,18088.811508446135,19004026.55362314,10453137
5439,275400,8083680.879601789,13077.503750713962,1454,LAPD PACIFIC 1454,18088.811508446135,19004026.55362314,22351
5440,702803,9120630.734702047,27442.569027381494,1454,LAPD PACIFIC 1454,18088.811508446135,19004026.55362314,15939
5441,702900,40430904.301415764,25965.913567522453,1454,LAPD PACIFIC 1454,18088.811508446135,19004026.55362314,374
5442,275101,3705137.436025543,10261.606717110331,1459,LAPD PACIFIC 1459,10326.37879965139,3869503.8338376684,3701678
5443,275102,6715142.6282101385,12213.60605064133,1459,LAPD PACIFIC 1459,10326.37879965139,3869503.8338376684,153018
5444,702600,23398949.807695184,24162.53853183169,1459,LAPD PACIFIC 1459,10326.37879965139,3869503.8338376684,1287
5445,702700,14542216.494489947,17600.488825726337,1459,LAPD PACIFIC 1459,10326.37879965139,3869503.8338376684,11890
5446,702802,6566533.846376477,15448.873611752013,1459,LAPD PACIFIC 1459,10326.37879965139,3869503.8338376684,91
5447,275102,6715142.6282101385,12213.60605064133,1456,LAPD PACIFIC 1456,10518.84742009262,4969377.861432115,18612
5448,275200,4995609.95469389,10528.63160040439,1456,LAPD PACIFIC 1456,10518.84742009262,4969377.861432115,4947355
5449,275311,13911137.736338697,17145.12468438066,1456,LAPD PACIFIC 1456,10518.84742009262,4969377.861432115,174
5450,702803,9120630.734702047,27442.569027381494,1456,LAPD PACIFIC 1456,10518.84742009262,4969377.861432115,1303
5451,275102,6715142.6282101385,12213.60605064133,1457,LAPD PACIFIC 1457,12171.860604365738,6685381.720300509,3743
5452,275200,4995609.95469389,10528.63160040439,1457,LAPD PACIFIC 1457,12171.860604365738,6685381.720300509,30689
5453,275311,13911137.736338697,17145.12468438066,1457,LAPD PACIFIC 1457,12171.860604365738,6685381.720300509,802149
5454,275500,8479393.609349832,11765.88674196358,1457,LAPD PACIFIC 1457,12171.860604365738,6685381.720300509,5846168
5455,275102,6715142.6282101385,12213.60605064133,1458,LAPD PACIFIC 1458,11951.07410867221,6522188.940636573,6507552
5456,275500,8479393.609349832,11765.88674196358,1458,LAPD PACIFIC 1458,11951.07410867221,6522188.940636573,9375
5457,702600,23398949.807695184,24162.53853183169,1458,LAPD PACIFIC 1458,11951.07410867221,6522188.940636573,2217
5458,702802,6566533.846376477,15448.873611752013,1458,LAPD PACIFIC 1458,11951.07410867221,6522188.940636573,472
5459,702803,9120630.734702047,27442.569027381494,1458,LAPD PACIFIC 1458,11951.07410867221,6522188.940636573,2
5460,275102,6715142.6282101385,12213.60605064133,1465,LAPD PACIFIC 1465,16823.603634593463,11268100.544315826,2256
5461,275500,8479393.609349832,11765.88674196358,1465,LAPD PACIFIC 1465,16823.603634593463,11268100.544315826,172534
5462,275603,11021305.942382405,16863.935215081634,1465,LAPD PACIFIC 1465,16823.603634593463,11268100.544315826,10923672
5463,275604,16689091.140604133,25536.539830186754,1465,LAPD PACIFIC 1465,16823.603634593463,11268100.544315826,55457
5464,702600,23398949.807695184,24162.53853183169,1465,LAPD PACIFIC 1465,16823.603634593463,11268100.544315826,104590
5465,703003,21751985.835473504,25269.687140557824,1465,LAPD PACIFIC 1465,16823.603634593463,11268100.544315826,5062
5466,275102,6715142.6282101385,12213.60605064133,1468,LAPD PACIFIC 1468,6131.608696746941,2463617.608307822,20159
5467,275500,8479393.609349832,11765.88674196358,1468,LAPD PACIFIC 1468,6131.608696746941,2463617.608307822,2442482
5468,275200,4995609.95469389,10528.63160040439,1455,LAPD PACIFIC 1455,18542.288127210064,13134429.442997038,14006
5469,275311,13911137.736338697,17145.12468438066,1455,LAPD PACIFIC 1455,18542.288127210064,13134429.442997038,12981171
5470,275312,8845821.92041958,14309.694903803565,1455,LAPD PACIFIC 1455,18542.288127210064,13134429.442997038,2068
5471,275313,10521744.67791622,16011.017232833281,1455,LAPD PACIFIC 1455,18542.288127210064,13134429.442997038,61599
5472,275500,8479393.609349832,11765.88674196358,1455,LAPD PACIFIC 1455,18542.288127210064,13134429.442997038,5473
5473,275603,11021305.942382405,16863.935215081634,1455,LAPD PACIFIC 1455,18542.288127210064,13134429.442997038,3494
5474,702803,9120630.734702047,27442.569027381494,1455,LAPD PACIFIC 1455,18542.288127210064,13134429.442997038,61486
5475,275311,13911137.736338697,17145.12468438066,1463,LAPD PACIFIC 1463,18306.394195375888,10170358.127536094,106750
5476,275312,8845821.92041958,14309.694903803565,1463,LAPD PACIFIC 1463,18306.394195375888,10170358.127536094,286194
5477,275603,11021305.942382405,16863.935215081634,1463,LAPD PACIFIC 1463,18306.394195375888,10170358.127536094,810
5478,275605,11199011.524830637,17382.008877415657,1463,LAPD PACIFIC 1463,18306.394195375888,10170358.127536094,9767184
5479,276601,24108939.821054824,23283.339996419632,1463,LAPD PACIFIC 1463,18306.394195375888,10170358.127536094,5325
5480,702900,40430904.301415764,25965.913567522453,1463,LAPD PACIFIC 1463,18306.394195375888,10170358.127536094,65
5481,275313,10521744.67791622,16011.017232833281,1453,LAPD PACIFIC 1453,13052.004920702582,8120734.793577655,2938
5482,275400,8083680.879601789,13077.503750713962,1453,LAPD PACIFIC 1453,13052.004920702582,8120734.793577655,8041484
5483,702803,9120630.734702047,27442.569027381494,1453,LAPD PACIFIC 1453,13052.004920702582,8120734.793577655,73224
5484,275603,11021305.942382405,16863.935215081634,1464,LAPD PACIFIC 1464,24880.5679549842,16129338.001567597,25604
5485,275604,16689091.140604133,25536.539830186754,1464,LAPD PACIFIC 1464,24880.5679549842,16129338.001567597,15856633
5486,275605,11199011.524830637,17382.008877415657,1464,LAPD PACIFIC 1464,24880.5679549842,16129338.001567597,132834
5487,276500,12830486.019978212,15367.422769857729,1464,LAPD PACIFIC 1464,24880.5679549842,16129338.001567597,51169
5488,276601,24108939.821054824,23283.339996419632,1464,LAPD PACIFIC 1464,24880.5679549842,16129338.001567597,1700
5489,277000,24745922.485023152,21847.745994075507,1464,LAPD PACIFIC 1464,24880.5679549842,16129338.001567597,54860
5490,703003,21751985.835473504,25269.687140557824,1464,LAPD PACIFIC 1464,24880.5679549842,16129338.001567597,69
5491,275604,16689091.140604133,25536.539830186754,1462,LAPD PACIFIC 1462,17454.524183894275,9495022.978027718,8458
5492,276500,12830486.019978212,15367.422769857729,1462,LAPD PACIFIC 1462,17454.524183894275,9495022.978027718,2151
5493,276601,24108939.821054824,23283.339996419632,1462,LAPD PACIFIC 1462,17454.524183894275,9495022.978027718,9465842
5494,702900,40430904.301415764,25965.913567522453,1462,LAPD PACIFIC 1462,17454.524183894275,9495022.978027718,48
5495,278102,18795856.121361934,30917.89433230058,1462,LAPD PACIFIC 1462,17454.524183894275,9495022.978027718,14790
5496,275604,16689091.140604133,25536.539830186754,1466,LAPD PACIFIC 1466,16825.48422897203,16340365.036068708,221111
5497,276000,25171416.394075107,22610.58259870896,1466,LAPD PACIFIC 1466,16825.48422897203,16340365.036068708,3016
5498,276400,13734682.785285989,16202.110937573305,1466,LAPD PACIFIC 1466,16825.48422897203,16340365.036068708,2606
5499,277000,24745922.485023152,21847.745994075507,1466,LAPD PACIFIC 1466,16825.48422897203,16340365.036068708,16106674
5500,703003,21751985.835473504,25269.687140557824,1466,LAPD PACIFIC 1466,16825.48422897203,16340365.036068708,246
5501,275604,16689091.140604133,25536.539830186754,1474,LAPD PACIFIC 1474,15374.92213521957,13075878.39529392,407173
5502,276400,13734682.785285989,16202.110937573305,1474,LAPD PACIFIC 1474,15374.92213521957,13075878.39529392,26
5503,276500,12830486.019978212,15367.422769857729,1474,LAPD PACIFIC 1474,15374.92213521957,13075878.39529392,12635510
5504,276601,24108939.821054824,23283.339996419632,1474,LAPD PACIFIC 1474,15374.92213521957,13075878.39529392,27890
5505,275604,16689091.140604133,25536.539830186754,1475,LAPD PACIFIC 1475,16414.46126868062,13942720.577840028,133563
5506,276400,13734682.785285989,16202.110937573305,1475,LAPD PACIFIC 1475,16414.46126868062,13942720.577840028,13646844
5507,276500,12830486.019978212,15367.422769857729,1475,LAPD PACIFIC 1475,16414.46126868062,13942720.577840028,84945
5508,277000,24745922.485023152,21847.745994075507,1475,LAPD PACIFIC 1475,16414.46126868062,13942720.577840028,71667
5509,276000,25171416.394075107,22610.58259870896,1467,LAPD PACIFIC 1467,16402.644856406358,13341847.608095499,12979454
5510,276101,3512604.809258916,10402.965208955147,1467,LAPD PACIFIC 1467,16402.644856406358,13341847.608095499,312432
5511,276102,7089689.876874986,20588.73139681523,1467,LAPD PACIFIC 1467,16402.644856406358,13341847.608095499,1163
5512,277000,24745922.485023152,21847.745994075507,1467,LAPD PACIFIC 1467,16402.644856406358,13341847.608095499,36008
5513,703003,21751985.835473504,25269.687140557824,1467,LAPD PACIFIC 1467,16402.644856406358,13341847.608095499,7205
5514,276000,25171416.394075107,22610.58259870896,1476,LAPD PACIFIC 1476,11841.227862503489,8407636.722101677,464
5515,276400,13734682.785285989,16202.110937573305,1476,LAPD PACIFIC 1476,11841.227862503489,8407636.722101677,7148
5516,277000,24745922.485023152,21847.745994075507,1476,LAPD PACIFIC 1476,11841.227862503489,8407636.722101677,8396534
5517,276000,25171416.394075107,22610.58259870896,1477,LAPD PACIFIC 1477,14828.460658832319,12060137.159034418,12048668
5518,277000,24745922.485023152,21847.745994075507,1477,LAPD PACIFIC 1477,14828.460658832319,12060137.159034418,6391
5519,276000,25171416.394075107,22610.58259870896,1479,LAPD PACIFIC 1479,15742.116790752756,13594699.167394688,42556
5520,276102,7089689.876874986,20588.73139681523,1479,LAPD PACIFIC 1479,15742.116790752756,13594699.167394688,316595
5521,277100,13284299.751148185,15316.174991290809,1479,LAPD PACIFIC 1479,15742.116790752756,13594699.167394688,13222929
5522,601302,13128637.404716726,19669.395627107966,1479,LAPD PACIFIC 1479,15742.116790752756,13594699.167394688,6233
5523,601401,16933194.384589087,18287.066976413244,1479,LAPD PACIFIC 1479,15742.116790752756,13594699.167394688,569
5524,276000,25171416.394075107,22610.58259870896,1485,LAPD PACIFIC 1485,13414.384113627468,4861106.369032285,42
5525,276400,13734682.785285989,16202.110937573305,1485,LAPD PACIFIC 1485,13414.384113627468,4861106.369032285,39786
5526,277000,24745922.485023152,21847.745994075507,1485,LAPD PACIFIC 1485,13414.384113627468,4861106.369032285,63111
5527,278001,17381916.072763596,25351.630870038392,1485,LAPD PACIFIC 1485,13414.384113627468,4861106.369032285,4756134
5528,980028,186379858.6242499,83749.39071121614,1485,LAPD PACIFIC 1485,13414.384113627468,4861106.369032285,1
5529,276000,25171416.394075107,22610.58259870896,1487,LAPD PACIFIC 1487,12570.69588708882,5205164.670236424,85448
5530,278001,17381916.072763596,25351.630870038392,1487,LAPD PACIFIC 1487,12570.69588708882,5205164.670236424,5104060
5531,980028,186379858.6242499,83749.39071121614,1487,LAPD PACIFIC 1487,12570.69588708882,5205164.670236424,13450
5532,276000,25171416.394075107,22610.58259870896,1488,LAPD PACIFIC 1488,15252.272033285888,11291002.981228745,117
5533,277100,13284299.751148185,15316.174991290809,1488,LAPD PACIFIC 1488,15252.272033285888,11291002.981228745,55360
5534,277200,11214606.895394005,15139.030266405183,1488,LAPD PACIFIC 1488,15252.272033285888,11291002.981228745,11162239
5535,277400,6877748.650185939,10438.697565242579,1488,LAPD PACIFIC 1488,15252.272033285888,11291002.981228745,321
5536,278001,17381916.072763596,25351.630870038392,1488,LAPD PACIFIC 1488,15252.272033285888,11291002.981228745,9341
5537,601401,16933194.384589087,18287.066976413244,1488,LAPD PACIFIC 1488,15252.272033285888,11291002.981228745,109
5538,980028,186379858.6242499,83749.39071121614,1488,LAPD PACIFIC 1488,15252.272033285888,11291002.981228745,58641
5539,276400,13734682.785285989,16202.110937573305,1484,LAPD PACIFIC 1484,6447.623028988553,1901002.38915927,2372
5540,276500,12830486.019978212,15367.422769857729,1484,LAPD PACIFIC 1484,6447.623028988553,1901002.38915927,43348
5541,276601,24108939.821054824,23283.339996419632,1484,LAPD PACIFIC 1484,6447.623028988553,1901002.38915927,701
5542,276607,5146159.69969143,11378.394867631623,1484,LAPD PACIFIC 1484,6447.623028988553,1901002.38915927,36344
5543,278001,17381916.072763596,25351.630870038392,1484,LAPD PACIFIC 1484,6447.623028988553,1901002.38915927,1817451
5544,980028,186379858.6242499,83749.39071121614,1484,LAPD PACIFIC 1484,6447.623028988553,1901002.38915927,5
5545,276400,13734682.785285989,16202.110937573305,1486,LAPD PACIFIC 1486,16440.48591996797,7571032.622344626,30284
5546,278001,17381916.072763596,25351.630870038392,1486,LAPD PACIFIC 1486,16440.48591996797,7571032.622344626,5646818
5547,980028,186379858.6242499,83749.39071121614,1486,LAPD PACIFIC 1486,16440.48591996797,7571032.622344626,1890780
5548,276500,12830486.019978212,15367.422769857729,1473,LAPD PACIFIC 1473,19196.34579074911,14412898.8725269,8179
5549,276601,24108939.821054824,23283.339996419632,1473,LAPD PACIFIC 1473,19196.34579074911,14412898.8725269,14390492
5550,276606,2334635.867311443,7340.205444175609,1473,LAPD PACIFIC 1473,19196.34579074911,14412898.8725269,15
5551,278102,18795856.121361934,30917.89433230058,1473,LAPD PACIFIC 1473,19196.34579074911,14412898.8725269,8487
5552,276601,24108939.821054824,23283.339996419632,1472,LAPD PACIFIC 1472,25904.73608105801,15846212.255159248,15305
5553,276606,2334635.867311443,7340.205444175609,1472,LAPD PACIFIC 1472,25904.73608105801,15846212.255159248,2750
5554,702900,40430904.301415764,25965.913567522453,1472,LAPD PACIFIC 1472,25904.73608105801,15846212.255159248,855
5555,274202,13063351.778076204,27395.280822181812,1472,LAPD PACIFIC 1472,25904.73608105801,15846212.255159248,487578
5556,278102,18795856.121361934,30917.89433230058,1472,LAPD PACIFIC 1472,25904.73608105801,15846212.255159248,15332575
5557,980028,186379858.6242499,83749.39071121614,1472,LAPD PACIFIC 1472,25904.73608105801,15846212.255159248,975
5558,276601,24108939.821054824,23283.339996419632,1483,LAPD PACIFIC 1483,22486.70827502256,13761984.0976216,192141
5559,276605,2559688.203231876,8205.751141254043,1483,LAPD PACIFIC 1483,22486.70827502256,13761984.0976216,2549680
5560,276606,2334635.867311443,7340.205444175609,1483,LAPD PACIFIC 1483,22486.70827502256,13761984.0976216,2176703
5561,276607,5146159.69969143,11378.394867631623,1483,LAPD PACIFIC 1483,22486.70827502256,13761984.0976216,4954349
5562,276608,3878120.747421114,8653.146155856746,1483,LAPD PACIFIC 1483,22486.70827502256,13761984.0976216,3870450
5563,278102,18795856.121361934,30917.89433230058,1483,LAPD PACIFIC 1483,22486.70827502256,13761984.0976216,1592
5564,980028,186379858.6242499,83749.39071121614,1483,LAPD PACIFIC 1483,22486.70827502256,13761984.0976216,11536
5565,276605,2559688.203231876,8205.751141254043,1494,LAPD PACIFIC 1494,53651.0058620137,125537613.06131604,8987
5566,276606,2334635.867311443,7340.205444175609,1494,LAPD PACIFIC 1494,53651.0058620137,125537613.06131604,154188
5567,276607,5146159.69969143,11378.394867631623,1494,LAPD PACIFIC 1494,53651.0058620137,125537613.06131604,153374
5568,276608,3878120.747421114,8653.146155856746,1494,LAPD PACIFIC 1494,53651.0058620137,125537613.06131604,6114
5569,620001,12739633.04162689,14713.632188737982,1494,LAPD PACIFIC 1494,53651.0058620137,125537613.06131604,236649
5570,620101,14583042.678912254,16146.241876428903,1494,LAPD PACIFIC 1494,53651.0058620137,125537613.06131604,294438
5571,980013,57138804.34828481,34288.215561719626,1494,LAPD PACIFIC 1494,53651.0058620137,125537613.06131604,12119
5572,980028,186379858.6242499,83749.39071121614,1494,LAPD PACIFIC 1494,53651.0058620137,125537613.06131604,124618961
5573,276606,2334635.867311443,7340.205444175609,1492,LAPD PACIFIC 1492,21223.758515987513,14685812.678938016,51
5574,278102,18795856.121361934,30917.89433230058,1492,LAPD PACIFIC 1492,21223.758515987513,14685812.678938016,14825
5575,980028,186379858.6242499,83749.39071121614,1492,LAPD PACIFIC 1492,21223.758515987513,14685812.678938016,14665007
5576,277200,11214606.895394005,15139.030266405183,1489,LAPD PACIFIC 1489,10357.276398446249,6746530.421689402,15434
5577,277400,6877748.650185939,10438.697565242579,1489,LAPD PACIFIC 1489,10357.276398446249,6746530.421689402,6718492
5578,980028,186379858.6242499,83749.39071121614,1489,LAPD PACIFIC 1489,10357.276398446249,6746530.421689402,9650
5579,277200,11214606.895394005,15139.030266405183,1495,LAPD PACIFIC 1495,11026.298475700725,7431913.302787325,186
5580,278001,17381916.072763596,25351.630870038392,1495,LAPD PACIFIC 1495,11026.298475700725,7431913.302787325,40848
5581,980028,186379858.6242499,83749.39071121614,1495,LAPD PACIFIC 1495,11026.298475700725,7431913.302787325,7387706
5582,277200,11214606.895394005,15139.030266405183,1496,LAPD PACIFIC 1496,8814.23050267702,3821631.6647134875,283
5583,980028,186379858.6242499,83749.39071121614,1496,LAPD PACIFIC 1496,8814.23050267702,3821631.6647134875,3819708
5584,291110,7657279.708209881,11598.826196782133,1851,LAPD SOUTHEAST 1851,10996.971438103572,7551320.664477225,10193
5585,291120,7550919.82624546,10995.43050752979,1851,LAPD SOUTHEAST 1851,10996.971438103572,7551320.664477225,7535522
5586,291130,13902008.938078087,15841.299380627332,1851,LAPD SOUTHEAST 1851,10996.971438103572,7551320.664477225,199
5587,540902,27085463.52711813,20791.99621948247,1851,LAPD SOUTHEAST 1851,10996.971438103572,7551320.664477225,325
5588,602802,14373633.201598613,16036.508127632942,1851,LAPD SOUTHEAST 1851,10996.971438103572,7551320.664477225,20
5589,602900,30119431.45879347,27267.79202480683,1851,LAPD SOUTHEAST 1851,10996.971438103572,7551320.664477225,1250
5590,291120,7550919.82624546,10995.43050752979,1871,LAPD SOUTHEAST 1871,15798.867733383237,13947783.055473387,5934
5591,291130,13902008.938078087,15841.299380627332,1871,LAPD SOUTHEAST 1871,15798.867733383237,13947783.055473387,13884669
5592,291210,13376733.658877177,15695.077519499722,1871,LAPD SOUTHEAST 1871,15798.867733383237,13947783.055473387,35078
5593,540902,27085463.52711813,20791.99621948247,1871,LAPD SOUTHEAST 1871,15798.867733383237,13947783.055473387,115
5594,541003,65111276.68639001,36767.25937925474,1871,LAPD SOUTHEAST 1871,15798.867733383237,13947783.055473387,12525
5595,603007,7214936.691339143,14310.157093300466,1871,LAPD SOUTHEAST 1871,15798.867733383237,13947783.055473387,265
5596,603008,5039761.275072731,10823.283728628827,1871,LAPD SOUTHEAST 1871,15798.867733383237,13947783.055473387,2088
5597,291130,13902008.938078087,15841.299380627332,1881,LAPD SOUTHEAST 1881,15548.94410348057,13513367.401219595,9364
5598,291210,13376733.658877177,15695.077519499722,1881,LAPD SOUTHEAST 1881,15548.94410348057,13513367.401219595,13330298
5599,291220,8812973.172491426,12324.817722088,1881,LAPD SOUTHEAST 1881,15548.94410348057,13513367.401219595,312
5600,541003,65111276.68639001,36767.25937925474,1881,LAPD SOUTHEAST 1881,15548.94410348057,13513367.401219595,165330
5601,603101,9489590.22706941,12652.19065102469,1881,LAPD SOUTHEAST 1881,15548.94410348057,13513367.401219595,1084
5602,291210,13376733.658877177,15695.077519499722,1891,LAPD SOUTHEAST 1891,12272.002756524205,8691176.09994159,2464
5603,291220,8812973.172491426,12324.817722088,1891,LAPD SOUTHEAST 1891,12272.002756524205,8691176.09994159,8593433
5604,541003,65111276.68639001,36767.25937925474,1891,LAPD SOUTHEAST 1891,12272.002756524205,8691176.09994159,89514
5605,603101,9489590.22706941,12652.19065102469,1891,LAPD SOUTHEAST 1891,12272.002756524205,8691176.09994159,0
5606,603102,8027753.663127237,11372.692146708623,1891,LAPD SOUTHEAST 1891,12272.002756524205,8691176.09994159,1221
5607,291220,8812973.172491426,12324.817722088,0501,LAPD HARBOR 0501,25776.89636649509,24234725.186038837,213894
5608,291300,25882983.424790036,31774.853654008395,0501,LAPD HARBOR 0501,25776.89636649509,24234725.186038837,23529048
5609,292001,38000055.41234487,29400.306421707483,0501,LAPD HARBOR 0501,25776.89636649509,24234725.186038837,163886
5610,541003,65111276.68639001,36767.25937925474,0501,LAPD HARBOR 0501,25776.89636649509,24234725.186038837,92698
5611,543400,33454102.09179251,27062.51052060516,0501,LAPD HARBOR 0501,25776.89636649509,24234725.186038837,52996
5612,543501,28710611.23385376,34677.29189738031,0501,LAPD HARBOR 0501,25776.89636649509,24234725.186038837,74956
5613,603102,8027753.663127237,11372.692146708623,0501,LAPD HARBOR 0501,25776.89636649509,24234725.186038837,74
5614,603200,12261884.772878405,21938.799554488134,0501,LAPD HARBOR 0501,25776.89636649509,24234725.186038837,31366
5615,650101,20490526.250569526,18516.438966331218,0501,LAPD HARBOR 0501,25776.89636649509,24234725.186038837,62123
5616,650200,26095701.050165012,30191.19668439317,0501,LAPD HARBOR 0501,25776.89636649509,24234725.186038837,942
5617,291300,25882983.424790036,31774.853654008395,0502,LAPD HARBOR 0502,6501.650608234166,2287830.5440607117,2276696
5618,603200,12261884.772878405,21938.799554488134,0502,LAPD HARBOR 0502,6501.650608234166,2287830.5440607117,9940
5619,291300,25882983.424790036,31774.853654008395,0505,LAPD HARBOR 0505,19846.67874908793,14160408.326211385,41283
5620,292001,38000055.41234487,29400.306421707483,0505,LAPD HARBOR 0505,19846.67874908793,14160408.326211385,14111443
5621,543501,28710611.23385376,34677.29189738031,0505,LAPD HARBOR 0505,19846.67874908793,14160408.326211385,141
5622,292001,38000055.41234487,29400.306421707483,0504,LAPD HARBOR 0504,23184.606598763377,26104593.284406956,20891022
5623,292002,5042123.290331206,9285.74469433414,0504,LAPD HARBOR 0504,23184.606598763377,26104593.284406956,4966548
5624,293203,5012929.39260294,9650.830464195078,0504,LAPD HARBOR 0504,23184.606598763377,26104593.284406956,4022
5625,543502,12074395.59941568,15819.245280674699,0504,LAPD HARBOR 0504,23184.606598763377,26104593.284406956,127207
5626,650200,26095701.050165012,30191.19668439317,0504,LAPD HARBOR 0504,23184.606598763377,26104593.284406956,16165
5627,650901,38164122.04375712,29584.562090914606,0504,LAPD HARBOR 0504,23184.606598763377,26104593.284406956,4960
5628,980005,43633485.87289264,31666.62502083819,0504,LAPD HARBOR 0504,23184.606598763377,26104593.284406956,80872
5629,292002,5042123.290331206,9285.74469433414,0506,LAPD HARBOR 0506,13932.908642332302,11712655.692362173,69546
5630,293203,5012929.39260294,9650.830464195078,0506,LAPD HARBOR 0506,13932.908642332302,11712655.692362173,4994687
5631,293204,6510043.0795437,13445.224469143792,0506,LAPD HARBOR 0506,13932.908642332302,11712655.692362173,6492315
5632,543502,12074395.59941568,15819.245280674699,0506,LAPD HARBOR 0506,13932.908642332302,11712655.692362173,438
5633,543503,18038367.2476626,20163.686179453278,0506,LAPD HARBOR 0506,13932.908642332302,11712655.692362173,118976
5634,650901,38164122.04375712,29584.562090914606,0506,LAPD HARBOR 0506,13932.908642332302,11712655.692362173,30394
5635,293204,6510043.0795437,13445.224469143792,0507,LAPD HARBOR 0507,14313.193873262757,11356982.637122676,9020
5636,293205,6841626.324458177,11447.791504421395,0507,LAPD HARBOR 0507,14313.193873262757,11356982.637122676,6822082
5637,293206,4487548.202123164,9175.342369815105,0507,LAPD HARBOR 0507,14313.193873262757,11356982.637122676,4473487
5638,293301,9096252.059547491,14291.050180569267,0507,LAPD HARBOR 0507,14313.193873262757,11356982.637122676,5914
5639,543503,18038367.2476626,20163.686179453278,0507,LAPD HARBOR 0507,14313.193873262757,11356982.637122676,15431
5640,543605,10295711.086222162,13204.547145837114,0507,LAPD HARBOR 0507,14313.193873262757,11356982.637122676,328
5641,543606,7212259.5705511,11257.699196081598,0507,LAPD HARBOR 0507,14313.193873262757,11356982.637122676,24543
5642,293205,6841626.324458177,11447.791504421395,0508,LAPD HARBOR 0508,13454.796416347755,8996286.708697896,3291
5643,293301,9096252.059547491,14291.050180569267,0508,LAPD HARBOR 0508,13454.796416347755,8996286.708697896,8944732
5644,293302,12049791.76611578,15348.48861298189,0508,LAPD HARBOR 0508,13454.796416347755,8996286.708697896,19252
5645,543605,10295711.086222162,13204.547145837114,0508,LAPD HARBOR 0508,13454.796416347755,8996286.708697896,9
5646,651001,15270388.772465244,19082.609645647794,0508,LAPD HARBOR 0508,13454.796416347755,8996286.708697896,24064
5647,293301,9096252.059547491,14291.050180569267,0509,LAPD HARBOR 0509,15368.751372534049,12063945.336220544,25082
5648,293302,12049791.76611578,15348.48861298189,0509,LAPD HARBOR 0509,15368.751372534049,12063945.336220544,12000901
5649,543603,15912602.66265493,17543.137583889842,0509,LAPD HARBOR 0509,15368.751372534049,12063945.336220544,28345
5650,651001,15270388.772465244,19082.609645647794,0509,LAPD HARBOR 0509,15368.751372534049,12063945.336220544,1442
5651,670001,10109923.93215802,16601.056193515524,0509,LAPD HARBOR 0509,15368.751372534049,12063945.336220544,890
5652,670002,9332663.19296341,12745.545498873897,0509,LAPD HARBOR 0509,15368.751372534049,12063945.336220544,601
5653,293302,12049791.76611578,15348.48861298189,0511,LAPD HARBOR 0511,9938.891948957817,6135503.759993344,17548
5654,293304,6130718.869952247,9931.991662243796,0511,LAPD HARBOR 0511,9938.891948957817,6135503.759993344,6108004
5655,294421,7247758.884800812,16413.82518916883,0511,LAPD HARBOR 0511,9938.891948957817,6135503.759993344,251
5656,670002,9332663.19296341,12745.545498873897,0511,LAPD HARBOR 0511,9938.891948957817,6135503.759993344,6270
5657,293302,12049791.76611578,15348.48861298189,0513,LAPD HARBOR 0513,23911.496032885258,26292969.225328557,4876
5658,293304,6130718.869952247,9931.991662243796,0513,LAPD HARBOR 0513,23911.496032885258,26292969.225328557,4437
5659,293306,6625296.9695669385,11528.811790405407,0513,LAPD HARBOR 0513,23911.496032885258,26292969.225328557,699
5660,293307,3648247.745340602,9160.78481670289,0513,LAPD HARBOR 0513,23911.496032885258,26292969.225328557,1836
5661,294302,9046111.65399026,14638.17802497205,0513,LAPD HARBOR 0513,23911.496032885258,26292969.225328557,1058638
5662,294410,8975866.65377923,12597.189125017549,0513,LAPD HARBOR 0513,23911.496032885258,26292969.225328557,16408
5663,294421,7247758.884800812,16413.82518916883,0513,LAPD HARBOR 0513,23911.496032885258,26292969.225328557,7195217
5664,543603,15912602.66265493,17543.137583889842,0513,LAPD HARBOR 0513,23911.496032885258,26292969.225328557,45
5665,980015,58235954.208412886,35820.154533096254,0513,LAPD HARBOR 0513,23911.496032885258,26292969.225328557,17995824
5666,293304,6130718.869952247,9931.991662243796,0531,LAPD HARBOR 0531,10003.08382056163,5527223.702255843,14851
5667,293306,6625296.9695669385,11528.811790405407,0531,LAPD HARBOR 0531,10003.08382056163,5527223.702255843,1870185
5668,293307,3648247.745340602,9160.78481670289,0531,LAPD HARBOR 0531,10003.08382056163,5527223.702255843,3638133
5669,294421,7247758.884800812,16413.82518916883,0531,LAPD HARBOR 0531,10003.08382056163,5527223.702255843,153
5670,670002,9332663.19296341,12745.545498873897,0531,LAPD HARBOR 0531,10003.08382056163,5527223.702255843,6
5671,670101,11853179.639834458,22682.72027626369,0531,LAPD HARBOR 0531,10003.08382056163,5527223.702255843,785
5672,293306,6625296.9695669385,11528.811790405407,0512,LAPD HARBOR 0512,9886.951472597331,4593187.498338028,4584739
5673,293307,3648247.745340602,9160.78481670289,0512,LAPD HARBOR 0512,9886.951472597331,4593187.498338028,3231
5674,294421,7247758.884800812,16413.82518916883,0512,LAPD HARBOR 0512,9886.951472597331,4593187.498338028,2404
5675,670101,11853179.639834458,22682.72027626369,0512,LAPD HARBOR 0512,9886.951472597331,4593187.498338028,215
5676,293306,6625296.9695669385,11528.811790405407,0521,LAPD HARBOR 0521,35466.69501460848,62423629.22136454,95426
5677,294302,9046111.65399026,14638.17802497205,0521,LAPD HARBOR 0521,35466.69501460848,62423629.22136454,2945
5678,294421,7247758.884800812,16413.82518916883,0521,LAPD HARBOR 0521,35466.69501460848,62423629.22136454,1244
5679,294900,6938717.872390752,13623.827838719255,0521,LAPD HARBOR 0521,35466.69501460848,62423629.22136454,788511
5680,295103,22155295.47404749,25554.10513289793,0521,LAPD HARBOR 0521,35466.69501460848,62423629.22136454,21331634
5681,296300,11439880.344049195,17040.112186639857,0521,LAPD HARBOR 0521,35466.69501460848,62423629.22136454,3648
5682,670101,11853179.639834458,22682.72027626369,0521,LAPD HARBOR 0521,35466.69501460848,62423629.22136454,208
5683,670701,31038764.776527368,33464.176618016856,0521,LAPD HARBOR 0521,35466.69501460848,62423629.22136454,49166
5684,980015,58235954.208412886,35820.154533096254,0521,LAPD HARBOR 0521,35466.69501460848,62423629.22136454,40114819
5685,294110,10648763.566358998,16670.81704240451,0515,LAPD HARBOR 0515,12877.745573190366,10255804.618079921,2421
5686,294200,10267494.613748986,12897.319715412821,0515,LAPD HARBOR 0515,12877.745573190366,10255804.618079921,10233402
5687,294301,7676011.8015779825,11675.194190570868,0515,LAPD HARBOR 0515,12877.745573190366,10255804.618079921,2809
5688,543703,11159725.94263789,13580.869654952405,0515,LAPD HARBOR 0515,12877.745573190366,10255804.618079921,11257
5689,294110,10648763.566358998,16670.81704240451,0516,LAPD HARBOR 0516,9532.32827752112,5206481.708097384,25
5690,294200,10267494.613748986,12897.319715412821,0516,LAPD HARBOR 0516,9532.32827752112,5206481.708097384,8053
5691,294510,5578850.225758032,9841.680985424933,0516,LAPD HARBOR 0516,9532.32827752112,5206481.708097384,2899
5692,294520,5211211.2729341015,9527.664463704783,0516,LAPD HARBOR 0516,9532.32827752112,5206481.708097384,5191678
5693,294610,8868460.150005484,11953.810959588025,0516,LAPD HARBOR 0516,9532.32827752112,5206481.708097384,790
5694,294110,10648763.566358998,16670.81704240451,0517,LAPD HARBOR 0517,11941.590665211272,8873602.659622261,15193
5695,294120,16804337.503836665,17112.992501679822,0517,LAPD HARBOR 0517,11941.590665211272,8873602.659622261,2186
5696,294520,5211211.2729341015,9527.664463704783,0517,LAPD HARBOR 0517,11941.590665211272,8873602.659622261,4973
5697,294610,8868460.150005484,11953.810959588025,0517,LAPD HARBOR 0517,11941.590665211272,8873602.659622261,8841234
5698,294620,9059969.429934584,12685.368502023166,0517,LAPD HARBOR 0517,11941.590665211272,8873602.659622261,3340
5699,294701,18881648.42931622,19842.785052293995,0517,LAPD HARBOR 0517,11941.590665211272,8873602.659622261,1466
5700,294110,10648763.566358998,16670.81704240451,0518,LAPD HARBOR 0518,16622.328818017228,10534008.603624059,10516279
5701,294120,16804337.503836665,17112.992501679822,0518,LAPD HARBOR 0518,16622.328818017228,10534008.603624059,5810
5702,294200,10267494.613748986,12897.319715412821,0518,LAPD HARBOR 0518,16622.328818017228,10534008.603624059,1791
5703,543703,11159725.94263789,13580.869654952405,0518,LAPD HARBOR 0518,16622.328818017228,10534008.603624059,3433
5704,543905,29538912.134788807,24257.624707520496,0518,LAPD HARBOR 0518,16622.328818017228,10534008.603624059,588
5705,294110,10648763.566358998,16670.81704240451,0519,LAPD HARBOR 0519,56432.67515045802,44715657.518155634,7700
5706,294120,16804337.503836665,17112.992501679822,0519,LAPD HARBOR 0519,56432.67515045802,44715657.518155634,16729948
5707,294620,9059969.429934584,12685.368502023166,0519,LAPD HARBOR 0519,56432.67515045802,44715657.518155634,3854
5708,294701,18881648.42931622,19842.785052293995,0519,LAPD HARBOR 0519,56432.67515045802,44715657.518155634,2
5709,544002,17205469.053493235,21176.332068360196,0519,LAPD HARBOR 0519,56432.67515045802,44715657.518155634,44
5710,572301,8819127.52841067,19342.789758956496,0519,LAPD HARBOR 0519,56432.67515045802,44715657.518155634,3802
5711,572600,13700119.21666946,15732.435400995277,0519,LAPD HARBOR 0519,56432.67515045802,44715657.518155634,249
5712,578000,19879881.978926506,22544.025213264824,0519,LAPD HARBOR 0519,56432.67515045802,44715657.518155634,1548
5713,980002,75167099.37097639,37881.27677861883,0519,LAPD HARBOR 0519,56432.67515045802,44715657.518155634,74147
5714,980011,14810440.120768484,17595.688847338126,0519,LAPD HARBOR 0519,56432.67515045802,44715657.518155634,2114
5715,980014,80244641.35551839,68033.79184150916,0519,LAPD HARBOR 0519,56432.67515045802,44715657.518155634,27865761
5716,294120,16804337.503836665,17112.992501679822,0528,LAPD HARBOR 0528,12645.78411939799,9041678.749150453,18510
5717,294610,8868460.150005484,11953.810959588025,0528,LAPD HARBOR 0528,12645.78411939799,9041678.749150453,3030
5718,294620,9059969.429934584,12685.368502023166,0528,LAPD HARBOR 0528,12645.78411939799,9041678.749150453,9011327
5719,294701,18881648.42931622,19842.785052293995,0528,LAPD HARBOR 0528,12645.78411939799,9041678.749150453,2429
5720,980014,80244641.35551839,68033.79184150916,0528,LAPD HARBOR 0528,12645.78411939799,9041678.749150453,1026
5721,294200,10267494.613748986,12897.319715412821,0514,LAPD HARBOR 0514,19759.140126461727,15701738.774747957,281
5722,294301,7676011.8015779825,11675.194190570868,0514,LAPD HARBOR 0514,19759.140126461727,15701738.774747957,7621988
5723,294302,9046111.65399026,14638.17802497205,0514,LAPD HARBOR 0514,19759.140126461727,15701738.774747957,7960478
5724,294410,8975866.65377923,12597.189125017549,0514,LAPD HARBOR 0514,19759.140126461727,15701738.774747957,109273
5725,294810,3449897.0448274473,7567.76843532403,0514,LAPD HARBOR 0514,19759.140126461727,15701738.774747957,407
5726,980037,14022188.050783025,15116.000419547026,0514,LAPD HARBOR 0514,19759.140126461727,15701738.774747957,287
5727,294200,10267494.613748986,12897.319715412821,0532,LAPD HARBOR 0532,9852.359314583546,5587641.068569475,8231
5728,294301,7676011.8015779825,11675.194190570868,0532,LAPD HARBOR 0532,9852.359314583546,5587641.068569475,10
5729,294302,9046111.65399026,14638.17802497205,0532,LAPD HARBOR 0532,9852.359314583546,5587641.068569475,7991
5730,294510,5578850.225758032,9841.680985424933,0532,LAPD HARBOR 0532,9852.359314583546,5587641.068569475,5565529
5731,294520,5211211.2729341015,9527.664463704783,0532,LAPD HARBOR 0532,9852.359314583546,5587641.068569475,2637
5732,294302,9046111.65399026,14638.17802497205,0503,LAPD HARBOR 0503,12437.08637058547,8740409.148722325,9
5733,294410,8975866.65377923,12597.189125017549,0503,LAPD HARBOR 0503,12437.08637058547,8740409.148722325,8723309
5734,294421,7247758.884800812,16413.82518916883,0503,LAPD HARBOR 0503,12437.08637058547,8740409.148722325,12107
5735,980015,58235954.208412886,35820.154533096254,0503,LAPD HARBOR 0503,12437.08637058547,8740409.148722325,36
5736,294302,9046111.65399026,14638.17802497205,0522,LAPD HARBOR 0522,7567.189075266507,3453290.283415452,2225
5737,294510,5578850.225758032,9841.680985424933,0522,LAPD HARBOR 0522,7567.189075266507,3453290.283415452,6344
5738,294810,3449897.0448274473,7567.76843532403,0522,LAPD HARBOR 0522,7567.189075266507,3453290.283415452,3438464
5739,294820,4128349.6581564895,8204.36946745661,0522,LAPD HARBOR 0522,7567.189075266507,3453290.283415452,3050
5740,294900,6938717.872390752,13623.827838719255,0522,LAPD HARBOR 0522,7567.189075266507,3453290.283415452,1187
5741,294302,9046111.65399026,14638.17802497205,0523,LAPD HARBOR 0523,23927.59843242171,16239020.669236712,1063
5742,294900,6938717.872390752,13623.827838719255,0523,LAPD HARBOR 0523,23927.59843242171,16239020.669236712,1132033
5743,295103,22155295.47404749,25554.10513289793,0523,LAPD HARBOR 0523,23927.59843242171,16239020.669236712,765890
5744,980015,58235954.208412886,35820.154533096254,0523,LAPD HARBOR 0523,23927.59843242171,16239020.669236712,91338
5745,980031,278827572.6660184,83523.80459613797,0523,LAPD HARBOR 0523,23927.59843242171,16239020.669236712,14239127
5746,294302,9046111.65399026,14638.17802497205,0524,LAPD HARBOR 0524,9626.09236604618,5025491.652824994,7534
5747,294830,9536773.893375143,13691.463330878416,0524,LAPD HARBOR 0524,9626.09236604618,5025491.652824994,6175
5748,294900,6938717.872390752,13623.827838719255,0524,LAPD HARBOR 0524,9626.09236604618,5025491.652824994,5007618
5749,980031,278827572.6660184,83523.80459613797,0524,LAPD HARBOR 0524,9626.09236604618,5025491.652824994,1226
5750,294510,5578850.225758032,9841.680985424933,0526,LAPD HARBOR 0526,8198.27252741822,4122848.4846203327,840
5751,294520,5211211.2729341015,9527.664463704783,0526,LAPD HARBOR 0526,8198.27252741822,4122848.4846203327,8866
5752,294810,3449897.0448274473,7567.76843532403,0526,LAPD HARBOR 0526,8198.27252741822,4122848.4846203327,335
5753,294820,4128349.6581564895,8204.36946745661,0526,LAPD HARBOR 0526,8198.27252741822,4122848.4846203327,4110385
5754,294520,5211211.2729341015,9527.664463704783,0529,LAPD HARBOR 0529,37779.91966176458,70274841.96867375,17
5755,294610,8868460.150005484,11953.810959588025,0529,LAPD HARBOR 0529,37779.91966176458,70274841.96867375,18199
5756,294620,9059969.429934584,12685.368502023166,0529,LAPD HARBOR 0529,37779.91966176458,70274841.96867375,36080
5757,294701,18881648.42931622,19842.785052293995,0529,LAPD HARBOR 0529,37779.91966176458,70274841.96867375,18864910
5758,294820,4128349.6581564895,8204.36946745661,0529,LAPD HARBOR 0529,37779.91966176458,70274841.96867375,5414
5759,294830,9536773.893375143,13691.463330878416,0529,LAPD HARBOR 0529,37779.91966176458,70274841.96867375,5281
5760,980011,14810440.120768484,17595.688847338126,0529,LAPD HARBOR 0529,37779.91966176458,70274841.96867375,2582
5761,980014,80244641.35551839,68033.79184150916,0529,LAPD HARBOR 0529,37779.91966176458,70274841.96867375,50949099
5762,980031,278827572.6660184,83523.80459613797,0529,LAPD HARBOR 0529,37779.91966176458,70274841.96867375,350776
5763,980033,308218495.71885353,77789.70059686834,0529,LAPD HARBOR 0529,37779.91966176458,70274841.96867375,287
5764,294701,18881648.42931622,19842.785052293995,0527,LAPD HARBOR 0527,22022.432788414928,29570700.145094555,1623
5765,294830,9536773.893375143,13691.463330878416,0527,LAPD HARBOR 0527,22022.432788414928,29570700.145094555,2004822
5766,294900,6938717.872390752,13623.827838719255,0527,LAPD HARBOR 0527,22022.432788414928,29570700.145094555,4838
5767,980031,278827572.6660184,83523.80459613797,0527,LAPD HARBOR 0527,22022.432788414928,29570700.145094555,27541806
5768,294810,3449897.0448274473,7567.76843532403,0525,LAPD HARBOR 0525,11352.817086976958,7535532.809086063,8674
5769,294820,4128349.6581564895,8204.36946745661,0525,LAPD HARBOR 0525,11352.817086976958,7535532.809086063,7075
5770,294830,9536773.893375143,13691.463330878416,0525,LAPD HARBOR 0525,11352.817086976958,7535532.809086063,7514863
5771,294900,6938717.872390752,13623.827838719255,0525,LAPD HARBOR 0525,11352.817086976958,7535532.809086063,477
5772,295103,22155295.47404749,25554.10513289793,0541,LAPD HARBOR 0541,17153.396703382972,11224537.901739802,44258
5773,296300,11439880.344049195,17040.112186639857,0541,LAPD HARBOR 0541,17153.396703382972,11224537.901739802,11076647
5774,296402,11260294.824357353,17051.429559515407,0541,LAPD HARBOR 0541,17153.396703382972,11224537.901739802,23933
5775,296500,9782237.269076854,13880.325815181286,0541,LAPD HARBOR 0541,17153.396703382972,11224537.901739802,5439
5776,670701,31038764.776527368,33464.176618016856,0541,LAPD HARBOR 0541,17153.396703382972,11224537.901739802,1002
5777,980031,278827572.6660184,83523.80459613797,0541,LAPD HARBOR 0541,17153.396703382972,11224537.901739802,66717
5778,296210,6023396.92599841,9602.705455449537,0555,LAPD HARBOR 0555,13699.371760569811,9768695.595381996,1595
5779,296300,11439880.344049195,17040.112186639857,0555,LAPD HARBOR 0555,13699.371760569811,9768695.595381996,6819
5780,296402,11260294.824357353,17051.429559515407,0555,LAPD HARBOR 0555,13699.371760569811,9768695.595381996,3836
5781,296500,9782237.269076854,13880.325815181286,0555,LAPD HARBOR 0555,13699.371760569811,9768695.595381996,9738084
5782,296600,9063985.265441012,12269.871561081485,0555,LAPD HARBOR 0555,13699.371760569811,9768695.595381996,561
5783,609900,5725250.352320947,14121.982019972951,0555,LAPD HARBOR 0555,13699.371760569811,9768695.595381996,216
5784,980031,278827572.6660184,83523.80459613797,0555,LAPD HARBOR 0555,13699.371760569811,9768695.595381996,11808
5785,296210,6023396.92599841,9602.705455449537,0557,LAPD HARBOR 0557,10333.405732772419,6484341.377997375,0
5786,296220,5774252.9957921095,9598.055062264611,0557,LAPD HARBOR 0557,10333.405732772419,6484341.377997375,48
5787,296500,9782237.269076854,13880.325815181286,0557,LAPD HARBOR 0557,10333.405732772419,6484341.377997375,21917
5788,296600,9063985.265441012,12269.871561081485,0557,LAPD HARBOR 0557,10333.405732772419,6484341.377997375,6389492
5789,609900,5725250.352320947,14121.982019972951,0557,LAPD HARBOR 0557,10333.405732772419,6484341.377997375,69020
5790,296210,6023396.92599841,9602.705455449537,0558,LAPD HARBOR 0558,22640.01207636349,22613099.56929337,5998923
5791,296220,5774252.9957921095,9598.055062264611,0558,LAPD HARBOR 0558,22640.01207636349,22613099.56929337,32713
5792,296500,9782237.269076854,13880.325815181286,0558,LAPD HARBOR 0558,22640.01207636349,22613099.56929337,2589
5793,980031,278827572.6660184,83523.80459613797,0558,LAPD HARBOR 0558,22640.01207636349,22613099.56929337,16565364
5794,296210,6023396.92599841,9602.705455449537,0564,LAPD HARBOR 0564,9612.750197932359,5755760.12625642,19285
5795,296220,5774252.9957921095,9598.055062264611,0564,LAPD HARBOR 0564,9612.750197932359,5755760.12625642,5728795
5796,296600,9063985.265441012,12269.871561081485,0564,LAPD HARBOR 0564,9612.750197932359,5755760.12625642,846
5797,297110,5248002.954394178,9163.59280339569,0564,LAPD HARBOR 0564,9612.750197932359,5755760.12625642,308
5798,980031,278827572.6660184,83523.80459613797,0564,LAPD HARBOR 0564,9612.750197932359,5755760.12625642,3069
5799,296220,5774252.9957921095,9598.055062264611,0566,LAPD HARBOR 0566,9154.76481609575,5259467.100156018,9230
5800,296600,9063985.265441012,12269.871561081485,0566,LAPD HARBOR 0566,9154.76481609575,5259467.100156018,142
5801,296901,6645893.781476498,11354.589677226435,0566,LAPD HARBOR 0566,9154.76481609575,5259467.100156018,53
5802,296902,5308616.436383954,12001.515613218042,0566,LAPD HARBOR 0566,9154.76481609575,5259467.100156018,849
5803,297110,5248002.954394178,9163.59280339569,0566,LAPD HARBOR 0566,9154.76481609575,5259467.100156018,5241673
5804,297120,4586175.321672515,10097.878433161433,0566,LAPD HARBOR 0566,9154.76481609575,5259467.100156018,82
5805,980031,278827572.6660184,83523.80459613797,0566,LAPD HARBOR 0566,9154.76481609575,5259467.100156018,4260
5806,296300,11439880.344049195,17040.112186639857,0551,LAPD HARBOR 0551,27096.822784774216,22051308.832961515,337605
5807,296401,10636314.967933148,14229.755313461417,0551,LAPD HARBOR 0551,27096.822784774216,22051308.832961515,10610724
5808,296402,11260294.824357353,17051.429559515407,0551,LAPD HARBOR 0551,27096.822784774216,22051308.832961515,11067003
5809,296500,9782237.269076854,13880.325815181286,0551,LAPD HARBOR 0551,27096.822784774216,22051308.832961515,434
5810,297001,7367416.655730363,14881.61434597188,0551,LAPD HARBOR 0551,27096.822784774216,22051308.832961515,1680
5811,609900,5725250.352320947,14121.982019972951,0551,LAPD HARBOR 0551,27096.822784774216,22051308.832961515,10272
5812,670701,31038764.776527368,33464.176618016856,0551,LAPD HARBOR 0551,27096.822784774216,22051308.832961515,1031
5813,670702,73102623.95985404,61559.67631335727,0551,LAPD HARBOR 0551,27096.822784774216,22051308.832961515,9664
5814,296401,10636314.967933148,14229.755313461417,0561,LAPD HARBOR 0561,16782.27442692445,10140143.501587614,17986
5815,297001,7367416.655730363,14881.61434597188,0561,LAPD HARBOR 0561,16782.27442692445,10140143.501587614,7334473
5816,297002,8253632.925445484,12470.823525568685,0561,LAPD HARBOR 0561,16782.27442692445,10140143.501587614,5565
5817,609900,5725250.352320947,14121.982019972951,0561,LAPD HARBOR 0561,16782.27442692445,10140143.501587614,9
5818,670702,73102623.95985404,61559.67631335727,0561,LAPD HARBOR 0561,16782.27442692445,10140143.501587614,10201
5819,297400,22359103.618634015,20921.62118332696,0561,LAPD HARBOR 0561,16782.27442692445,10140143.501587614,2765936
5820,296600,9063985.265441012,12269.871561081485,0563,LAPD HARBOR 0563,15283.037029125513,11928249.854410818,20586
5821,296901,6645893.781476498,11354.589677226435,0563,LAPD HARBOR 0563,15283.037029125513,11928249.854410818,6635560
5822,296902,5308616.436383954,12001.515613218042,0563,LAPD HARBOR 0563,15283.037029125513,11928249.854410818,5263952
5823,297002,8253632.925445484,12470.823525568685,0563,LAPD HARBOR 0563,15283.037029125513,11928249.854410818,764
5824,297110,5248002.954394178,9163.59280339569,0563,LAPD HARBOR 0563,15283.037029125513,11928249.854410818,31
5825,297120,4586175.321672515,10097.878433161433,0563,LAPD HARBOR 0563,15283.037029125513,11928249.854410818,15
5826,297201,4348887.164488037,8280.532165904373,0563,LAPD HARBOR 0563,15283.037029125513,11928249.854410818,187
5827,609900,5725250.352320947,14121.982019972951,0563,LAPD HARBOR 0563,15283.037029125513,11928249.854410818,0
5828,296600,9063985.265441012,12269.871561081485,0565,LAPD HARBOR 0565,7385.01095205626,2654247.1179640545,2646950
5829,296902,5308616.436383954,12001.515613218042,0565,LAPD HARBOR 0565,7385.01095205626,2654247.1179640545,5514
5830,297110,5248002.954394178,9163.59280339569,0565,LAPD HARBOR 0565,7385.01095205626,2654247.1179640545,22
5831,609900,5725250.352320947,14121.982019972951,0565,LAPD HARBOR 0565,7385.01095205626,2654247.1179640545,171
5832,296901,6645893.781476498,11354.589677226435,0562,LAPD HARBOR 0562,12395.00215111813,8200054.308916757,533
5833,296902,5308616.436383954,12001.515613218042,0562,LAPD HARBOR 0562,12395.00215111813,8200054.308916757,667
5834,297001,7367416.655730363,14881.61434597188,0562,LAPD HARBOR 0562,12395.00215111813,8200054.308916757,10070
5835,297002,8253632.925445484,12470.823525568685,0562,LAPD HARBOR 0562,12395.00215111813,8200054.308916757,8183914
5836,296901,6645893.781476498,11354.589677226435,0567,LAPD HARBOR 0567,14784.53719654342,4891828.279346281,678
5837,297110,5248002.954394178,9163.59280339569,0567,LAPD HARBOR 0567,14784.53719654342,4891828.279346281,2798
5838,297120,4586175.321672515,10097.878433161433,0567,LAPD HARBOR 0567,14784.53719654342,4891828.279346281,4394272
5839,297201,4348887.164488037,8280.532165904373,0567,LAPD HARBOR 0567,14784.53719654342,4891828.279346281,3035
5840,297601,8242059.116214335,19441.494267263413,0567,LAPD HARBOR 0567,14784.53719654342,4891828.279346281,7695
5841,980031,278827572.6660184,83523.80459613797,0567,LAPD HARBOR 0567,14784.53719654342,4891828.279346281,480378
5842,296901,6645893.781476498,11354.589677226435,0585,LAPD HARBOR 0585,14234.798322735938,11995393.175447784,5073
5843,297002,8253632.925445484,12470.823525568685,0585,LAPD HARBOR 0585,14234.798322735938,11995393.175447784,451
5844,297120,4586175.321672515,10097.878433161433,0585,LAPD HARBOR 0585,14234.798322735938,11995393.175447784,0
5845,297201,4348887.164488037,8280.532165904373,0585,LAPD HARBOR 0585,14234.798322735938,11995393.175447784,4325591
5846,297202,6198688.537508273,9987.203954404487,0585,LAPD HARBOR 0585,14234.798322735938,11995393.175447784,6194542
5847,297502,10354627.653585473,17579.801524534207,0585,LAPD HARBOR 0585,14234.798322735938,11995393.175447784,1457163
5848,297602,6697030.71080118,12308.315384774742,0585,LAPD HARBOR 0585,14234.798322735938,11995393.175447784,368
5849,297300,13011672.776601527,18855.994482584418,0585,LAPD HARBOR 0585,14234.798322735938,11995393.175447784,4432
5850,297501,11708102.966827607,22296.36658182786,0585,LAPD HARBOR 0585,14234.798322735938,11995393.175447784,529
5851,297001,7367416.655730363,14881.61434597188,0583,LAPD HARBOR 0583,20496.006136021642,16000550.642663032,2681
5852,297002,8253632.925445484,12470.823525568685,0583,LAPD HARBOR 0583,20496.006136021642,16000550.642663032,2444
5853,297202,6198688.537508273,9987.203954404487,0583,LAPD HARBOR 0583,20496.006136021642,16000550.642663032,415
5854,297502,10354627.653585473,17579.801524534207,0583,LAPD HARBOR 0583,20496.006136021642,16000550.642663032,1065
5855,297300,13011672.776601527,18855.994482584418,0583,LAPD HARBOR 0583,20496.006136021642,16000550.642663032,12969940
5856,297400,22359103.618634015,20921.62118332696,0583,LAPD HARBOR 0583,20496.006136021642,16000550.642663032,97695
5857,297501,11708102.966827607,22296.36658182786,0583,LAPD HARBOR 0583,20496.006136021642,16000550.642663032,2793416
5858,297120,4586175.321672515,10097.878433161433,0569,LAPD HARBOR 0569,23924.559923301586,18986044.53345867,100258
5859,980031,278827572.6660184,83523.80459613797,0569,LAPD HARBOR 0569,23924.559923301586,18986044.53345867,18874139
5860,297120,4586175.321672515,10097.878433161433,0589,LAPD HARBOR 0589,26919.965481171745,12095173.462700931,88761
5861,297201,4348887.164488037,8280.532165904373,0589,LAPD HARBOR 0589,26919.965481171745,12095173.462700931,1
5862,297602,6697030.71080118,12308.315384774742,0589,LAPD HARBOR 0589,26919.965481171745,12095173.462700931,4070
5863,297601,8242059.116214335,19441.494267263413,0589,LAPD HARBOR 0589,26919.965481171745,12095173.462700931,5889925
5864,980031,278827572.6660184,83523.80459613797,0589,LAPD HARBOR 0589,26919.965481171745,12095173.462700931,6039957
5865,297201,4348887.164488037,8280.532165904373,0587,LAPD HARBOR 0587,15594.172400768397,9145451.93139283,17435
5866,297502,10354627.653585473,17579.801524534207,0587,LAPD HARBOR 0587,15594.172400768397,9145451.93139283,21292
5867,297602,6697030.71080118,12308.315384774742,0587,LAPD HARBOR 0587,15594.172400768397,9145451.93139283,6686739
5868,297501,11708102.966827607,22296.36658182786,0587,LAPD HARBOR 0587,15594.172400768397,9145451.93139283,299
5869,297601,8242059.116214335,19441.494267263413,0587,LAPD HARBOR 0587,15594.172400768397,9145451.93139283,2331886
5870,297502,10354627.653585473,17579.801524534207,0584,LAPD HARBOR 0584,21265.61947089456,17825097.182135276,8868802
5871,297602,6697030.71080118,12308.315384774742,0584,LAPD HARBOR 0584,21265.61947089456,17825097.182135276,1754
5872,297300,13011672.776601527,18855.994482584418,0584,LAPD HARBOR 0584,21265.61947089456,17825097.182135276,20581
5873,297501,11708102.966827607,22296.36658182786,0584,LAPD HARBOR 0584,21265.61947089456,17825097.182135276,8902764
5874,297601,8242059.116214335,19441.494267263413,0584,LAPD HARBOR 0584,21265.61947089456,17825097.182135276,7349
5875,601502,5283115.368332902,11514.47575779396,1497,LAPD PACIFIC 1497,8874.363923845944,4327133.552678107,39
5876,980028,186379858.6242499,83749.39071121614,1497,LAPD PACIFIC 1497,8874.363923845944,4327133.552678107,4325188
5877,601502,5283115.368332902,11514.47575779396,1498,LAPD PACIFIC 1498,10014.930659770813,6010133.024202665,477
5878,601600,9821883.225788455,12866.045629780798,1498,LAPD PACIFIC 1498,10014.930659770813,6010133.024202665,435
5879,980028,186379858.6242499,83749.39071121614,1498,LAPD PACIFIC 1498,10014.930659770813,6010133.024202665,6006556
5880,602201,17383561.79058488,19997.206038889337,1499,LAPD PACIFIC 1499,10282.006024437476,5581903.086752803,30241
5881,602202,5336756.84747615,9924.253852312899,1499,LAPD PACIFIC 1499,10282.006024437476,5581903.086752803,3
5882,980013,57138804.34828481,34288.215561719626,1499,LAPD PACIFIC 1499,10282.006024437476,5581903.086752803,1115
5883,980028,186379858.6242499,83749.39071121614,1499,LAPD PACIFIC 1499,10282.006024437476,5581903.086752803,5548052
5884,620101,14583042.678912254,16146.241876428903,1493,LAPD PACIFIC 1493,16488.61710171267,8495677.547232706,1872
5885,620102,9385626.396713475,16012.165303710955,1493,LAPD PACIFIC 1493,16488.61710171267,8495677.547232706,2981
5886,980028,186379858.6242499,83749.39071121614,1493,LAPD PACIFIC 1493,16488.61710171267,8495677.547232706,8487271
5887,670702,73102623.95985404,61559.67631335727,0581,LAPD HARBOR 0581,17575.50875609586,19498813.932333607,945
5888,297300,13011672.776601527,18855.994482584418,0581,LAPD HARBOR 0581,17575.50875609586,19498813.932333607,7526
5889,297400,22359103.618634015,20921.62118332696,0581,LAPD HARBOR 0581,17575.50875609586,19498813.932333607,19476834
5890,670604,112216511.43936267,106413.53293176675,0581,LAPD HARBOR 0581,17575.50875609586,19498813.932333607,572
5891,702900,40430904.301415764,25965.913567522453,1452,LAPD PACIFIC 1452,15461.62260244087,7430059.852284845,24862
5892,273902,9935930.403654538,14262.015118862031,1452,LAPD PACIFIC 1452,15461.62260244087,7430059.852284845,10891
5893,274202,13063351.778076204,27395.280822181812,1452,LAPD PACIFIC 1452,15461.62260244087,7430059.852284845,7391513
5894,262604,61091451.21961057,52810.6311718736,0822,LAPD WEST LOS ANGELES 0822,24561.549254587837,19046712.2873244,100322
5895,262704,21094135.604939483,26029.71587144098,0822,LAPD WEST LOS ANGELES 0822,24561.549254587837,19046712.2873244,18938024
5896,262706,25140140.44988287,22722.337175469343,0822,LAPD WEST LOS ANGELES 0822,24561.549254587837,19046712.2873244,2757
5897,262604,61091451.21961057,52810.6311718736,0861,LAPD WEST LOS ANGELES 0861,7927.2198605867725,648823.246127583,636933
5898,262704,21094135.604939483,26029.71587144098,0861,LAPD WEST LOS ANGELES 0861,7927.2198605867725,648823.246127583,8850
5899,800506,284150327.65787554,98459.13757049298,0861,LAPD WEST LOS ANGELES 0861,7927.2198605867725,648823.246127583,13
5900,262704,21094135.604939483,26029.71587144098,0821,LAPD WEST LOS ANGELES 0821,13438.266229153889,2065445.6126704842,2043016
5901,262704,21094135.604939483,26029.71587144098,0871,LAPD WEST LOS ANGELES 0871,12730.473726797247,2284985.6585044125,39913
5902,262706,25140140.44988287,22722.337175469343,0871,LAPD WEST LOS ANGELES 0871,12730.473726797247,2284985.6585044125,2188679
5903,262706,25140140.44988287,22722.337175469343,0872,LAPD WEST LOS ANGELES 0872,3713.565462639664,743369.1952673484,65808
5904,262802,35923425.2223758,38712.64917573984,0872,LAPD WEST LOS ANGELES 0872,3713.565462639664,743369.1952673484,676703
5905,701304,23024155.2953505,22049.071397858082,0872,LAPD WEST LOS ANGELES 0872,3713.565462639664,743369.1952673484,407
5906,273403,5036173.702157783,11660.672352513779,1411,LAPD PACIFIC 1411,8326.296772518659,2128774.764505181,2123002
5907,273502,6567233.816971483,11237.829249809007,1411,LAPD PACIFIC 1411,8326.296772518659,2128774.764505181,4824
5908,702102,10464112.918525644,14134.196985518698,1411,LAPD PACIFIC 1411,8326.296772518659,2128774.764505181,191
5909,273902,9935930.403654538,14262.015118862031,1451,LAPD PACIFIC 1451,15905.714386073856,3978097.2721668817,10111
5910,274202,13063351.778076204,27395.280822181812,1451,LAPD PACIFIC 1451,15905.714386073856,3978097.2721668817,3902210
5911,274202,13063351.778076204,27395.280822181812,1471,LAPD PACIFIC 1471,14135.325560608984,4466952.16699134,504266
5912,278102,18795856.121361934,30917.89433230058,1471,LAPD PACIFIC 1471,14135.325560608984,4466952.16699134,3360748
5913,980028,186379858.6242499,83749.39071121614,1471,LAPD PACIFIC 1471,14135.325560608984,4466952.16699134,6864
5914,278102,18795856.121361934,30917.89433230058,1491,LAPD PACIFIC 1491,29964.08680740244,8015669.800742894,5785
5915,980028,186379858.6242499,83749.39071121614,1491,LAPD PACIFIC 1491,29964.08680740244,8015669.800742894,7759193
5916,980014,80244641.35551839,68033.79184150916,0559,LAPD HARBOR 0559,57466.10623403509,86299712.11233737,1341465
5917,980031,278827572.6660184,83523.80459613797,0559,LAPD HARBOR 0559,57466.10623403509,86299712.11233737,84854486
5918,980033,308218495.71885353,77789.70059686834,0559,LAPD HARBOR 0559,57466.10623403509,86299712.11233737,50960
5919,980031,278827572.6660184,83523.80459613797,0599,LAPD HARBOR 0599,61232.64473526688,109402541.55111703,109080215
5920,980033,308218495.71885353,77789.70059686834,0599,LAPD HARBOR 0599,61232.64473526688,109402541.55111703,69899
