,Year,Reporting_District_ID,Arrest_Count,Call_Count
0,2017,100,7,0.0
1,2017,101,70,123.0
2,2017,105,33,30.0
3,2017,109,12,4.0
4,2017,111,914,2393.0
5,2017,112,38,23.0
6,2017,118,45,89.0
7,2017,119,189,517.0
8,2017,121,26,13.0
9,2017,122,24,17.0
10,2017,123,44,48.0
11,2017,124,79,169.0
12,2017,127,359,298.0
13,2017,128,69,131.0
14,2017,129,40,35.0
15,2017,131,15,5.0
16,2017,132,37,114.0
17,2017,133,9,6.0
18,2017,134,35,54.0
19,2017,135,95,242.0
20,2017,138,1177,1227.0
21,2017,139,53,115.0
22,2017,141,21,8.0
23,2017,142,103,208.0
24,2017,143,134,208.0
25,2017,144,34,61.0
26,2017,145,71,54.0
27,2017,146,127,105.0
28,2017,147,345,1014.0
29,2017,148,740,934.0
30,2017,151,22,12.0
31,2017,152,363,1568.0
32,2017,153,376,1752.0
33,2017,154,160,561.0
34,2017,155,631,348.0
35,2017,156,1173,2028.0
36,2017,157,1783,2174.0
37,2017,158,1221,1350.0
38,2017,159,151,485.0
39,2017,161,172,306.0
40,2017,162,351,1779.0
41,2017,163,83,125.0
42,2017,164,77,147.0
43,2017,165,192,230.0
44,2017,166,625,1271.0
45,2017,171,186,273.0
46,2017,174,64,134.0
47,2017,176,531,772.0
48,2017,181,89,58.0
49,2017,182,230,998.0
50,2017,185,326,764.0
51,2017,191,56,64.0
52,2017,192,237,995.0
53,2017,195,314,675.0
54,2017,201,143,472.0
55,2017,202,69,135.0
56,2017,203,27,46.0
57,2017,204,46,113.0
58,2017,205,51,133.0
59,2017,211,93,312.0
60,2017,212,135,404.0
61,2017,213,1,0.0
62,2017,215,63,123.0
63,2017,216,105,265.0
64,2017,217,107,160.0
65,2017,218,143,376.0
66,2017,219,67,173.0
67,2017,221,45,120.0
68,2017,222,1,0.0
69,2017,223,1,0.0
70,2017,224,1,0.0
71,2017,225,2,0.0
72,2017,226,2,0.0
73,2017,228,1,0.0
74,2017,231,65,183.0
75,2017,233,68,137.0
76,2017,235,122,461.0
77,2017,236,141,494.0
78,2017,237,150,592.0
79,2017,238,70,176.0
80,2017,239,23,10.0
81,2017,241,29,53.0
82,2017,242,1,0.0
83,2017,244,2,0.0
84,2017,245,935,1369.0
85,2017,246,336,1268.0
86,2017,247,53,97.0
87,2017,248,63,166.0
88,2017,249,75,265.0
89,2017,251,130,466.0
90,2017,252,1,0.0
91,2017,253,1,0.0
92,2017,256,252,595.0
93,2017,257,230,528.0
94,2017,261,245,650.0
95,2017,264,1,0.0
96,2017,265,372,1390.0
97,2017,266,130,283.0
98,2017,267,1,0.0
99,2017,269,145,541.0
100,2017,271,49,105.0
101,2017,275,120,385.0
102,2017,276,3,0.0
103,2017,277,1,0.0
104,2017,279,37,92.0
105,2017,281,28,68.0
106,2017,283,1,0.0
107,2017,285,51,107.0
108,2017,289,33,59.0
109,2017,291,48,79.0
110,2017,292,18,12.0
111,2017,295,51,119.0
112,2017,296,3,0.0
113,2017,299,61,141.0
114,2017,300,1,0.0
115,2017,301,25,32.0
116,2017,303,20,12.0
117,2017,305,39,50.0
118,2017,307,8,4.0
119,2017,308,65,101.0
120,2017,309,26,3.0
121,2017,311,48,218.0
122,2017,312,69,221.0
123,2017,313,29,59.0
124,2017,314,56,184.0
125,2017,315,71,185.0
126,2017,316,71,180.0
127,2017,317,117,160.0
128,2017,318,116,134.0
129,2017,319,89,125.0
130,2017,321,133,359.0
131,2017,325,92,151.0
132,2017,326,191,317.0
133,2017,327,28,11.0
134,2017,328,244,310.0
135,2017,329,47,92.0
136,2017,331,132,344.0
137,2017,332,73,171.0
138,2017,333,72,172.0
139,2017,334,145,451.0
140,2017,335,62,128.0
141,2017,336,68,111.0
142,2017,337,156,242.0
143,2017,338,104,123.0
144,2017,341,21,65.0
145,2017,343,9,10.0
146,2017,351,27,41.0
147,2017,353,37,91.0
148,2017,354,62,190.0
149,2017,355,115,255.0
150,2017,356,121,292.0
151,2017,357,176,490.0
152,2017,358,129,155.0
153,2017,359,105,130.0
154,2017,361,146,688.0
155,2017,362,193,929.0
156,2017,363,445,2734.0
157,2017,373,65,196.0
158,2017,374,56,144.0
159,2017,375,171,636.0
160,2017,376,175,704.0
161,2017,377,73,150.0
162,2017,378,76,157.0
163,2017,379,95,322.0
164,2017,391,61,194.0
165,2017,392,212,1109.0
166,2017,393,181,870.0
167,2017,394,70,140.0
168,2017,395,419,1088.0
169,2017,396,183,620.0
170,2017,397,308,1060.0
171,2017,398,121,341.0
172,2017,399,104,237.0
173,2017,400,1,0.0
174,2017,401,26,21.0
175,2017,402,27,36.0
176,2017,403,7,2.0
177,2017,404,12,10.0
178,2017,406,10,19.0
179,2017,407,59,167.0
180,2017,408,46,93.0
181,2017,409,34,105.0
182,2017,411,28,52.0
183,2017,412,85,233.0
184,2017,413,14,17.0
185,2017,414,12,4.0
186,2017,415,93,234.0
187,2017,416,54,112.0
188,2017,417,40,75.0
189,2017,418,25,42.0
190,2017,421,47,140.0
191,2017,422,74,152.0
192,2017,423,105,227.0
193,2017,424,88,199.0
194,2017,426,50,126.0
195,2017,427,96,242.0
196,2017,428,23,31.0
197,2017,429,50,146.0
198,2017,437,59,128.0
199,2017,438,89,264.0
200,2017,439,29,69.0
201,2017,441,14,3.0
202,2017,442,32,36.0
203,2017,443,77,152.0
204,2017,445,64,74.0
205,2017,448,74,221.0
206,2017,449,60,172.0
207,2017,451,30,41.0
208,2017,452,10,8.0
209,2017,453,71,190.0
210,2017,454,21,28.0
211,2017,455,121,462.0
212,2017,456,82,127.0
213,2017,457,113,307.0
214,2017,459,55,109.0
215,2017,461,45,79.0
216,2017,462,43,32.0
217,2017,463,85,160.0
218,2017,464,155,391.0
219,2017,465,23,37.0
220,2017,466,88,144.0
221,2017,467,130,420.0
222,2017,468,32,55.0
223,2017,469,46,90.0
224,2017,471,34,37.0
225,2017,473,116,303.0
226,2017,477,77,147.0
227,2017,478,135,425.0
228,2017,479,89,213.0
229,2017,483,7,1.0
230,2017,487,30,33.0
231,2017,488,47,75.0
232,2017,489,42,87.0
233,2017,491,88,151.0
234,2017,497,154,565.0
235,2017,499,88,246.0
236,2017,500,5,0.0
237,2017,501,81,161.0
238,2017,502,13,3.0
239,2017,503,57,87.0
240,2017,504,72,287.0
241,2017,505,9,7.0
242,2017,506,49,129.0
243,2017,507,83,224.0
244,2017,508,19,25.0
245,2017,509,51,115.0
246,2017,511,92,108.0
247,2017,512,10,21.0
248,2017,513,93,309.0
249,2017,514,61,212.0
250,2017,515,65,170.0
251,2017,516,80,173.0
252,2017,517,84,205.0
253,2017,518,50,126.0
254,2017,519,87,176.0
255,2017,521,76,235.0
256,2017,522,88,200.0
257,2017,523,44,18.0
258,2017,524,50,78.0
259,2017,525,212,451.0
260,2017,526,124,375.0
261,2017,527,11,3.0
262,2017,528,39,101.0
263,2017,529,287,1051.0
264,2017,531,40,109.0
265,2017,532,50,117.0
266,2017,541,45,110.0
267,2017,551,45,115.0
268,2017,555,97,156.0
269,2017,557,164,729.0
270,2017,558,95,210.0
271,2017,559,16,6.0
272,2017,561,12,27.0
273,2017,562,21,59.0
274,2017,563,158,734.0
275,2017,564,221,605.0
276,2017,565,95,284.0
277,2017,566,252,905.0
278,2017,567,118,286.0
279,2017,569,38,7.0
280,2017,581,14,28.0
281,2017,583,41,60.0
282,2017,584,26,43.0
283,2017,585,96,331.0
284,2017,587,52,115.0
285,2017,589,39,54.0
286,2017,599,3,0.0
287,2017,600,18,0.0
288,2017,615,37,96.0
289,2017,621,8,14.0
290,2017,622,63,310.0
291,2017,625,53,146.0
292,2017,626,47,114.0
293,2017,627,27,48.0
294,2017,628,61,177.0
295,2017,629,20,26.0
296,2017,631,28,68.0
297,2017,632,61,322.0
298,2017,635,67,107.0
299,2017,636,1253,2644.0
300,2017,637,293,423.0
301,2017,638,92,299.0
302,2017,639,97,286.0
303,2017,642,57,161.0
304,2017,643,166,793.0
305,2017,644,221,858.0
306,2017,645,982,5072.0
307,2017,646,1247,5062.0
308,2017,647,395,1262.0
309,2017,648,144,456.0
310,2017,649,94,208.0
311,2017,656,142,509.0
312,2017,657,81,243.0
313,2017,659,142,335.0
314,2017,663,330,1248.0
315,2017,665,76,0.0
316,2017,666,1184,3598.0
317,2017,667,121,343.0
318,2017,668,243,978.0
319,2017,669,126,286.0
320,2017,671,2,0.0
321,2017,674,2,0.0
322,2017,676,151,508.0
323,2017,677,99,175.0
324,2017,678,240,734.0
325,2017,679,97,146.0
326,2017,696,2,0.0
327,2017,697,2,0.0
328,2017,699,2,0.0
329,2017,701,57,431.0
330,2017,702,85,475.0
331,2017,703,1,0.0
332,2017,705,62,214.0
333,2017,706,52,219.0
334,2017,708,1,0.0
335,2017,711,46,197.0
336,2017,713,22,74.0
337,2017,714,3,1.0
338,2017,715,5,4.0
339,2017,717,9,16.0
340,2017,719,24,76.0
341,2017,721,91,507.0
342,2017,722,141,586.0
343,2017,723,29,118.0
344,2017,724,99,276.0
345,2017,725,9,15.0
346,2017,726,14,24.0
347,2017,727,27,124.0
348,2017,729,4,9.0
349,2017,731,1,0.0
350,2017,732,32,80.0
351,2017,733,8,9.0
352,2017,734,95,393.0
353,2017,735,22,63.0
354,2017,736,14,25.0
355,2017,737,16,37.0
356,2017,738,26,64.0
357,2017,739,12,23.0
358,2017,742,14,24.0
359,2017,743,23,77.0
360,2017,745,44,173.0
361,2017,747,19,38.0
362,2017,749,25,93.0
363,2017,752,25,71.0
364,2017,753,15,48.0
365,2017,755,34,76.0
366,2017,757,1,0.0
367,2017,758,72,159.0
368,2017,759,36,79.0
369,2017,761,2,0.0
370,2017,762,32,128.0
371,2017,763,35,84.0
372,2017,764,31,71.0
373,2017,765,195,908.0
374,2017,766,26,28.0
375,2017,767,20,39.0
376,2017,768,1,0.0
377,2017,769,22,33.0
378,2017,773,36,59.0
379,2017,774,60,192.0
380,2017,775,66,196.0
381,2017,776,50,144.0
382,2017,777,19,36.0
383,2017,778,27,36.0
384,2017,779,15,21.0
385,2017,782,88,452.0
386,2017,783,60,164.0
387,2017,784,69,205.0
388,2017,785,64,170.0
389,2017,787,31,41.0
390,2017,788,17,21.0
391,2017,789,44,101.0
392,2017,792,1,0.0
393,2017,794,1,0.0
394,2017,796,1,0.0
395,2017,798,1,0.0
396,2017,801,10,6.0
397,2017,802,4,3.0
398,2017,803,6,10.0
399,2017,804,9,6.0
400,2017,805,31,75.0
401,2017,806,6,12.0
402,2017,807,11,26.0
403,2017,808,17,56.0
404,2017,809,7,12.0
405,2017,811,16,17.0
406,2017,812,4,7.0
407,2017,813,25,27.0
408,2017,814,9,10.0
409,2017,815,10,19.0
410,2017,816,5,3.0
411,2017,817,70,254.0
412,2017,818,12,10.0
413,2017,819,7,18.0
414,2017,821,14,1.0
415,2017,822,34,67.0
416,2017,823,23,38.0
417,2017,824,18,36.0
418,2017,825,6,10.0
419,2017,826,4,3.0
420,2017,827,16,38.0
421,2017,828,16,18.0
422,2017,829,24,62.0
423,2017,831,29,75.0
424,2017,832,49,131.0
425,2017,833,56,147.0
426,2017,834,18,27.0
427,2017,835,79,311.0
428,2017,836,25,57.0
429,2017,837,3,1.0
430,2017,838,8,12.0
431,2017,839,45,125.0
432,2017,841,27,67.0
433,2017,842,116,289.0
434,2017,843,7,1.0
435,2017,847,20,27.0
436,2017,848,4,7.0
437,2017,849,39,151.0
438,2017,851,63,94.0
439,2017,852,85,200.0
440,2017,853,387,892.0
441,2017,854,122,93.0
442,2017,855,90,294.0
443,2017,857,26,100.0
444,2017,858,14,61.0
445,2017,859,89,306.0
446,2017,861,12,14.0
447,2017,871,38,4.0
448,2017,872,7,0.0
449,2017,881,141,445.0
450,2017,882,145,244.0
451,2017,883,63,63.0
452,2017,884,196,623.0
453,2017,885,36,74.0
454,2017,886,6,11.0
455,2017,887,13,22.0
456,2017,889,111,345.0
457,2017,891,31,26.0
458,2017,892,60,59.0
459,2017,893,116,160.0
460,2017,895,14,36.0
461,2017,896,10,15.0
462,2017,897,36,36.0
463,2017,898,74,163.0
464,2017,899,103,179.0
465,2017,900,1,0.0
466,2017,901,372,770.0
467,2017,902,1,0.0
468,2017,904,526,1034.0
469,2017,905,105,304.0
470,2017,906,77,226.0
471,2017,909,160,456.0
472,2017,911,550,1332.0
473,2017,914,308,1382.0
474,2017,915,116,306.0
475,2017,916,60,117.0
476,2017,919,75,299.0
477,2017,923,302,1215.0
478,2017,924,1,0.0
479,2017,925,2,0.0
480,2017,926,286,882.0
481,2017,927,1,0.0
482,2017,929,17,24.0
483,2017,931,41,65.0
484,2017,932,109,357.0
485,2017,933,191,564.0
486,2017,934,2,0.0
487,2017,935,1406,2080.0
488,2017,936,2,0.0
489,2017,937,46,121.0
490,2017,938,44,78.0
491,2017,939,62,99.0
492,2017,941,239,1027.0
493,2017,943,98,303.0
494,2017,945,3,0.0
495,2017,946,41,147.0
496,2017,948,33,55.0
497,2017,952,118,364.0
498,2017,954,1,0.0
499,2017,955,12,9.0
500,2017,957,5,3.0
501,2017,958,20,0.0
502,2017,959,2,0.0
503,2017,961,32,6.0
504,2017,963,67,223.0
505,2017,964,231,689.0
506,2017,965,1,0.0
507,2017,966,31,67.0
508,2017,969,57,125.0
509,2017,971,74,124.0
510,2017,974,90,201.0
511,2017,976,12,14.0
512,2017,978,1,0.0
513,2017,979,13,15.0
514,2017,981,50,122.0
515,2017,984,35,95.0
516,2017,985,177,645.0
517,2017,986,1,0.0
518,2017,989,70,287.0
519,2017,991,43,74.0
520,2017,994,7,15.0
521,2017,998,39,74.0
522,2017,1001,102,262.0
523,2017,1003,58,146.0
524,2017,1004,102,286.0
525,2017,1005,52,120.0
526,2017,1006,34,69.0
527,2017,1007,34,75.0
528,2017,1008,303,803.0
529,2017,1009,39,28.0
530,2017,1011,91,300.0
531,2017,1012,83,218.0
532,2017,1013,2,0.0
533,2017,1014,2,0.0
534,2017,1015,140,399.0
535,2017,1017,49,147.0
536,2017,1018,105,416.0
537,2017,1019,54,41.0
538,2017,1021,85,162.0
539,2017,1023,106,292.0
540,2017,1024,65,151.0
541,2017,1025,137,614.0
542,2017,1026,1,0.0
543,2017,1027,63,162.0
544,2017,1028,85,256.0
545,2017,1029,88,260.0
546,2017,1031,90,120.0
547,2017,1032,3,0.0
548,2017,1033,100,293.0
549,2017,1034,47,82.0
550,2017,1035,142,427.0
551,2017,1036,1,0.0
552,2017,1037,55,109.0
553,2017,1038,1,0.0
554,2017,1039,141,394.0
555,2017,1041,60,129.0
556,2017,1042,1,0.0
557,2017,1043,121,309.0
558,2017,1044,40,55.0
559,2017,1045,48,127.0
560,2017,1047,87,222.0
561,2017,1048,1,0.0
562,2017,1049,137,209.0
563,2017,1059,1,0.0
564,2017,1061,89,248.0
565,2017,1063,189,957.0
566,2017,1065,52,163.0
567,2017,1067,43,127.0
568,2017,1068,7,3.0
569,2017,1071,2,0.0
570,2017,1075,43,137.0
571,2017,1077,34,90.0
572,2017,1078,27,60.0
573,2017,1079,78,103.0
574,2017,1083,11,15.0
575,2017,1087,1,0.0
576,2017,1088,13,34.0
577,2017,1089,20,29.0
578,2017,1091,9,19.0
579,2017,1094,7,13.0
580,2017,1095,1,0.0
581,2017,1097,22,59.0
582,2017,1098,3,0.0
583,2017,1099,16,22.0
584,2017,1101,38,61.0
585,2017,1102,89,215.0
586,2017,1105,13,21.0
587,2017,1107,25,49.0
588,2017,1109,63,141.0
589,2017,1112,23,32.0
590,2017,1113,140,338.0
591,2017,1115,65,197.0
592,2017,1116,40,42.0
593,2017,1117,39,98.0
594,2017,1118,42,79.0
595,2017,1119,46,96.0
596,2017,1122,15,4.0
597,2017,1123,51,131.0
598,2017,1124,151,366.0
599,2017,1125,61,133.0
600,2017,1126,54,114.0
601,2017,1127,36,82.0
602,2017,1128,60,115.0
603,2017,1129,38,83.0
604,2017,1132,14,51.0
605,2017,1133,52,148.0
606,2017,1134,61,161.0
607,2017,1135,36,108.0
608,2017,1136,64,214.0
609,2017,1137,63,91.0
610,2017,1138,42,87.0
611,2017,1139,46,68.0
612,2017,1141,33,104.0
613,2017,1142,39,193.0
614,2017,1143,29,79.0
615,2017,1144,41,76.0
616,2017,1145,42,124.0
617,2017,1146,25,25.0
618,2017,1147,35,77.0
619,2017,1148,52,159.0
620,2017,1149,77,225.0
621,2017,1151,151,712.0
622,2017,1152,52,87.0
623,2017,1153,13,18.0
624,2017,1157,7,6.0
625,2017,1158,35,50.0
626,2017,1159,23,8.0
627,2017,1161,25,48.0
628,2017,1162,151,718.0
629,2017,1163,47,117.0
630,2017,1169,33,51.0
631,2017,1171,31,94.0
632,2017,1172,26,80.0
633,2017,1173,14,21.0
634,2017,1174,5,10.0
635,2017,1175,3,2.0
636,2017,1176,28,45.0
637,2017,1177,137,377.0
638,2017,1178,29,30.0
639,2017,1179,74,80.0
640,2017,1181,103,214.0
641,2017,1183,50,129.0
642,2017,1184,30,53.0
643,2017,1185,12,5.0
644,2017,1186,17,12.0
645,2017,1189,48,70.0
646,2017,1195,60,35.0
647,2017,1199,2,1.0
648,2017,1200,1,0.0
649,2017,1203,196,822.0
650,2017,1204,50,140.0
651,2017,1205,63,157.0
652,2017,1207,66,220.0
653,2017,1208,67,159.0
654,2017,1209,45,109.0
655,2017,1211,133,657.0
656,2017,1213,161,921.0
657,2017,1215,129,454.0
658,2017,1218,140,681.0
659,2017,1219,37,67.0
660,2017,1231,40,90.0
661,2017,1232,113,600.0
662,2017,1233,201,660.0
663,2017,1235,82,276.0
664,2017,1239,219,1025.0
665,2017,1241,155,1063.0
666,2017,1242,47,137.0
667,2017,1243,178,788.0
668,2017,1245,208,1188.0
669,2017,1248,90,302.0
670,2017,1249,593,1598.0
671,2017,1251,137,626.0
672,2017,1252,47,124.0
673,2017,1253,120,528.0
674,2017,1255,99,337.0
675,2017,1256,235,943.0
676,2017,1257,120,381.0
677,2017,1258,695,1690.0
678,2017,1259,179,897.0
679,2017,1263,93,299.0
680,2017,1265,157,840.0
681,2017,1266,190,771.0
682,2017,1267,253,1198.0
683,2017,1268,249,1102.0
684,2017,1269,204,1275.0
685,2017,1273,104,687.0
686,2017,1283,85,369.0
687,2017,1293,9,12.0
688,2017,1303,158,403.0
689,2017,1307,436,963.0
690,2017,1309,211,1168.0
691,2017,1311,19,5.0
692,2017,1313,134,605.0
693,2017,1317,149,460.0
694,2017,1321,146,476.0
695,2017,1322,70,122.0
696,2017,1323,107,316.0
697,2017,1324,40,56.0
698,2017,1325,35,60.0
699,2017,1326,20,17.0
700,2017,1327,61,74.0
701,2017,1331,120,357.0
702,2017,1333,147,449.0
703,2017,1341,136,405.0
704,2017,1342,69,167.0
705,2017,1343,99,267.0
706,2017,1344,78,155.0
707,2017,1345,139,323.0
708,2017,1346,99,232.0
709,2017,1347,90,346.0
710,2017,1351,126,348.0
711,2017,1352,164,457.0
712,2017,1353,118,429.0
713,2017,1354,46,125.0
714,2017,1361,183,716.0
715,2017,1362,176,494.0
716,2017,1363,138,331.0
717,2017,1364,91,228.0
718,2017,1365,91,228.0
719,2017,1367,86,321.0
720,2017,1371,150,602.0
721,2017,1372,137,311.0
722,2017,1373,136,434.0
723,2017,1375,65,155.0
724,2017,1377,83,195.0
725,2017,1381,72,79.0
726,2017,1383,176,642.0
727,2017,1385,160,468.0
728,2017,1391,102,208.0
729,2017,1393,154,354.0
730,2017,1394,84,205.0
731,2017,1395,91,284.0
732,2017,1400,52,0.0
733,2017,1401,36,54.0
734,2017,1402,43,47.0
735,2017,1403,29,39.0
736,2017,1405,12,3.0
737,2017,1406,50,136.0
738,2017,1407,49,167.0
739,2017,1408,23,2.0
740,2017,1409,76,278.0
741,2017,1411,333,58.0
742,2017,1412,962,2870.0
743,2017,1413,603,1467.0
744,2017,1414,121,452.0
745,2017,1415,202,659.0
746,2017,1416,10,19.0
747,2017,1424,5,8.0
748,2017,1425,17,32.0
749,2017,1426,15,15.0
750,2017,1427,38,51.0
751,2017,1428,18,39.0
752,2017,1431,1063,2791.0
753,2017,1432,49,123.0
754,2017,1433,41,144.0
755,2017,1434,31,74.0
756,2017,1435,51,87.0
757,2017,1436,27,26.0
758,2017,1437,35,74.0
759,2017,1438,25,62.0
760,2017,1441,247,1147.0
761,2017,1443,64,210.0
762,2017,1444,152,533.0
763,2017,1445,53,174.0
764,2017,1446,35,87.0
765,2017,1449,12,17.0
766,2017,1451,30,3.0
767,2017,1452,111,340.0
768,2017,1453,43,89.0
769,2017,1454,104,400.0
770,2017,1455,29,67.0
771,2017,1456,40,67.0
772,2017,1457,136,226.0
773,2017,1458,119,140.0
774,2017,1459,14,11.0
775,2017,1462,6,1.0
776,2017,1463,28,56.0
777,2017,1464,15,42.0
778,2017,1465,33,64.0
779,2017,1466,34,32.0
780,2017,1467,83,78.0
781,2017,1468,58,112.0
782,2017,1469,61,265.0
783,2017,1471,21,17.0
784,2017,1472,32,83.0
785,2017,1473,16,35.0
786,2017,1474,30,69.0
787,2017,1475,7,14.0
788,2017,1476,8,8.0
789,2017,1477,45,48.0
790,2017,1479,40,78.0
791,2017,1483,33,106.0
792,2017,1484,19,10.0
793,2017,1485,32,53.0
794,2017,1486,4,2.0
795,2017,1487,44,119.0
796,2017,1488,115,300.0
797,2017,1489,274,425.0
798,2017,1491,43,13.0
799,2017,1492,10,3.0
800,2017,1493,23,23.0
801,2017,1494,837,479.0
802,2017,1495,24,11.0
803,2017,1496,98,58.0
804,2017,1497,28,40.0
805,2017,1498,5,2.0
806,2017,1499,36,34.0
807,2017,1500,2,0.0
808,2017,1501,33,92.0
809,2017,1502,50,64.0
810,2017,1503,149,430.0
811,2017,1504,124,342.0
812,2017,1505,152,328.0
813,2017,1506,51,127.0
814,2017,1507,1,0.0
815,2017,1508,10,10.0
816,2017,1509,13,15.0
817,2017,1511,89,148.0
818,2017,1512,45,123.0
819,2017,1513,142,336.0
820,2017,1514,52,138.0
821,2017,1515,108,219.0
822,2017,1516,52,108.0
823,2017,1517,91,200.0
824,2017,1518,1,0.0
825,2017,1519,58,109.0
826,2017,1521,55,126.0
827,2017,1522,101,245.0
828,2017,1523,50,120.0
829,2017,1524,85,135.0
830,2017,1525,121,412.0
831,2017,1526,191,682.0
832,2017,1527,137,318.0
833,2017,1529,59,118.0
834,2017,1531,35,85.0
835,2017,1532,55,145.0
836,2017,1533,21,21.0
837,2017,1534,1,0.0
838,2017,1535,171,390.0
839,2017,1537,1,0.0
840,2017,1538,100,265.0
841,2017,1539,82,171.0
842,2017,1541,17,26.0
843,2017,1543,59,227.0
844,2017,1544,30,65.0
845,2017,1545,86,213.0
846,2017,1546,21,15.0
847,2017,1547,343,430.0
848,2017,1548,214,912.0
849,2017,1549,118,378.0
850,2017,1551,7,6.0
851,2017,1552,1,0.0
852,2017,1553,54,90.0
853,2017,1555,187,1108.0
854,2017,1557,124,338.0
855,2017,1558,1,0.0
856,2017,1559,19,26.0
857,2017,1562,27,30.0
858,2017,1563,37,73.0
859,2017,1565,38,26.0
860,2017,1566,75,127.0
861,2017,1567,26,38.0
862,2017,1569,13,23.0
863,2017,1581,32,58.0
864,2017,1583,54,107.0
865,2017,1585,128,379.0
866,2017,1586,62,66.0
867,2017,1587,25,8.0
868,2017,1588,11,6.0
869,2017,1589,24,25.0
870,2017,1591,96,425.0
871,2017,1595,26,50.0
872,2017,1596,82,254.0
873,2017,1599,93,248.0
874,2017,1600,3,0.0
875,2017,1601,61,140.0
876,2017,1602,84,322.0
877,2017,1603,1,0.0
878,2017,1605,20,44.0
879,2017,1606,15,23.0
880,2017,1608,6,9.0
881,2017,1611,78,116.0
882,2017,1612,156,668.0
883,2017,1613,41,118.0
884,2017,1615,5,5.0
885,2017,1617,69,146.0
886,2017,1618,9,14.0
887,2017,1619,12,20.0
888,2017,1621,207,577.0
889,2017,1622,123,368.0
890,2017,1623,97,325.0
891,2017,1633,60,205.0
892,2017,1634,28,20.0
893,2017,1635,8,2.0
894,2017,1636,31,72.0
895,2017,1637,54,149.0
896,2017,1638,47,80.0
897,2017,1639,5,7.0
898,2017,1641,105,277.0
899,2017,1642,31,63.0
900,2017,1643,76,175.0
901,2017,1645,27,51.0
902,2017,1647,1,0.0
903,2017,1651,120,360.0
904,2017,1653,154,268.0
905,2017,1654,85,187.0
906,2017,1655,22,47.0
907,2017,1656,73,261.0
908,2017,1657,26,65.0
909,2017,1658,18,30.0
910,2017,1659,14,22.0
911,2017,1661,11,10.0
912,2017,1662,1,0.0
913,2017,1663,144,476.0
914,2017,1664,31,40.0
915,2017,1665,8,9.0
916,2017,1667,24,36.0
917,2017,1668,37,119.0
918,2017,1669,6,6.0
919,2017,1671,1,0.0
920,2017,1672,102,94.0
921,2017,1673,16,12.0
922,2017,1674,1,0.0
923,2017,1675,118,388.0
924,2017,1676,42,123.0
925,2017,1677,36,80.0
926,2017,1678,4,4.0
927,2017,1679,2,3.0
928,2017,1681,133,337.0
929,2017,1682,21,25.0
930,2017,1683,3,0.0
931,2017,1684,165,827.0
932,2017,1685,96,249.0
933,2017,1687,94,374.0
934,2017,1688,1,0.0
935,2017,1689,12,10.0
936,2017,1691,15,18.0
937,2017,1692,9,0.0
938,2017,1693,33,61.0
939,2017,1694,2,0.0
940,2017,1695,45,102.0
941,2017,1697,1,0.0
942,2017,1698,41,67.0
943,2017,1699,15,19.0
944,2017,1700,2,0.0
945,2017,1701,90,260.0
946,2017,1703,16,11.0
947,2017,1704,1,0.0
948,2017,1705,15,22.0
949,2017,1707,14,17.0
950,2017,1708,35,87.0
951,2017,1709,14,3.0
952,2017,1712,31,44.0
953,2017,1713,11,13.0
954,2017,1714,227,51.0
955,2017,1715,26,49.0
956,2017,1716,17,32.0
957,2017,1717,52,49.0
958,2017,1718,14,13.0
959,2017,1719,2,1.0
960,2017,1721,34,62.0
961,2017,1722,62,164.0
962,2017,1723,75,166.0
963,2017,1725,4,4.0
964,2017,1727,24,29.0
965,2017,1728,21,24.0
966,2017,1729,76,125.0
967,2017,1735,75,184.0
968,2017,1736,3,0.0
969,2017,1737,39,80.0
970,2017,1738,28,35.0
971,2017,1739,10,4.0
972,2017,1743,19,32.0
973,2017,1745,95,318.0
974,2017,1747,41,82.0
975,2017,1749,42,69.0
976,2017,1751,79,216.0
977,2017,1752,82,237.0
978,2017,1753,34,66.0
979,2017,1754,43,90.0
980,2017,1755,8,5.0
981,2017,1756,34,56.0
982,2017,1757,32,69.0
983,2017,1758,21,31.0
984,2017,1759,13,10.0
985,2017,1761,56,123.0
986,2017,1762,75,238.0
987,2017,1763,9,7.0
988,2017,1764,279,1143.0
989,2017,1765,9,11.0
990,2017,1766,12,15.0
991,2017,1767,53,162.0
992,2017,1768,21,22.0
993,2017,1771,32,52.0
994,2017,1772,17,34.0
995,2017,1773,8,1.0
996,2017,1774,14,5.0
997,2017,1775,17,19.0
998,2017,1776,20,32.0
999,2017,1777,21,35.0
1000,2017,1778,13,10.0
1001,2017,1779,74,111.0
1002,2017,1781,79,298.0
1003,2017,1782,101,276.0
1004,2017,1783,35,67.0
1005,2017,1785,96,409.0
1006,2017,1787,28,67.0
1007,2017,1788,58,120.0
1008,2017,1791,117,370.0
1009,2017,1792,62,204.0
1010,2017,1793,143,268.0
1011,2017,1794,136,580.0
1012,2017,1795,73,161.0
1013,2017,1796,31,52.0
1014,2017,1797,97,198.0
1015,2017,1798,79,145.0
1016,2017,1799,70,126.0
1017,2017,1800,1,0.0
1018,2017,1801,282,1319.0
1019,2017,1802,270,1844.0
1020,2017,1803,63,77.0
1021,2017,1804,81,276.0
1022,2017,1805,61,115.0
1023,2017,1806,90,249.0
1024,2017,1821,283,951.0
1025,2017,1822,278,1785.0
1026,2017,1823,120,565.0
1027,2017,1824,167,1062.0
1028,2017,1826,131,593.0
1029,2017,1827,98,398.0
1030,2017,1829,76,193.0
1031,2017,1831,64,143.0
1032,2017,1832,143,484.0
1033,2017,1834,92,336.0
1034,2017,1835,19,27.0
1035,2017,1836,58,139.0
1036,2017,1837,129,601.0
1037,2017,1838,37,83.0
1038,2017,1839,46,118.0
1039,2017,1841,181,683.0
1040,2017,1842,243,1283.0
1041,2017,1844,169,911.0
1042,2017,1846,145,503.0
1043,2017,1849,157,578.0
1044,2017,1851,37,71.0
1045,2017,1861,74,142.0
1046,2017,1862,146,719.0
1047,2017,1863,84,307.0
1048,2017,1864,48,131.0
1049,2017,1871,37,103.0
1050,2017,1881,32,110.0
1051,2017,1891,26,49.0
1052,2017,1901,55,96.0
1053,2017,1902,57,176.0
1054,2017,1903,7,1.0
1055,2017,1904,29,53.0
1056,2017,1905,15,18.0
1057,2017,1906,26,48.0
1058,2017,1907,61,131.0
1059,2017,1908,32,69.0
1060,2017,1909,30,65.0
1061,2017,1911,24,12.0
1062,2017,1912,31,56.0
1063,2017,1913,117,351.0
1064,2017,1915,51,128.0
1065,2017,1916,76,208.0
1066,2017,1917,52,120.0
1067,2017,1918,100,355.0
1068,2017,1919,27,25.0
1069,2017,1921,129,341.0
1070,2017,1924,127,378.0
1071,2017,1925,80,137.0
1072,2017,1927,1,0.0
1073,2017,1928,1,0.0
1074,2017,1929,1,0.0
1075,2017,1931,36,27.0
1076,2017,1932,1,0.0
1077,2017,1934,42,36.0
1078,2017,1935,23,35.0
1079,2017,1936,40,63.0
1080,2017,1941,28,19.0
1081,2017,1942,4,0.0
1082,2017,1943,34,81.0
1083,2017,1944,64,112.0
1084,2017,1945,23,21.0
1085,2017,1951,64,97.0
1086,2017,1952,40,84.0
1087,2017,1954,32,104.0
1088,2017,1955,8,13.0
1089,2017,1956,15,21.0
1090,2017,1958,83,181.0
1091,2017,1959,73,173.0
1092,2017,1961,196,424.0
1093,2017,1962,94,289.0
1094,2017,1963,100,216.0
1095,2017,1964,74,181.0
1096,2017,1966,97,227.0
1097,2017,1967,49,143.0
1098,2017,1969,84,136.0
1099,2017,1971,151,264.0
1100,2017,1972,91,190.0
1101,2017,1974,115,319.0
1102,2017,1975,44,61.0
1103,2017,1977,77,226.0
1104,2017,1979,12,21.0
1105,2017,1981,507,1167.0
1106,2017,1982,226,580.0
1107,2017,1983,221,555.0
1108,2017,1984,200,645.0
1109,2017,1985,373,1499.0
1110,2017,1987,123,433.0
1111,2017,1988,78,194.0
1112,2017,1989,33,41.0
1113,2017,1991,113,225.0
1114,2017,1992,1,0.0
1115,2017,1993,72,145.0
1116,2017,1994,83,283.0
1117,2017,1995,90,218.0
1118,2017,1997,1,0.0
1119,2017,1998,143,490.0
1120,2017,1999,67,276.0
1121,2017,2000,3,0.0
1122,2017,2001,55,104.0
1123,2017,2002,79,226.0
1124,2017,2004,53,104.0
1125,2017,2005,56,171.0
1126,2017,2011,61,200.0
1127,2017,2013,49,88.0
1128,2017,2014,61,88.0
1129,2017,2015,83,243.0
1130,2017,2016,41,78.0
1131,2017,2017,42,99.0
1132,2017,2019,138,665.0
1133,2017,2021,29,61.0
1134,2017,2022,84,232.0
1135,2017,2023,106,266.0
1136,2017,2024,116,343.0
1137,2017,2025,46,82.0
1138,2017,2026,92,296.0
1139,2017,2027,124,565.0
1140,2017,2029,182,957.0
1141,2017,2031,84,318.0
1142,2017,2033,184,693.0
1143,2017,2034,67,166.0
1144,2017,2035,61,144.0
1145,2017,2036,109,274.0
1146,2017,2038,84,371.0
1147,2017,2039,133,318.0
1148,2017,2041,38,76.0
1149,2017,2042,30,40.0
1150,2017,2044,66,163.0
1151,2017,2045,64,115.0
1152,2017,2046,52,122.0
1153,2017,2049,60,186.0
1154,2017,2053,50,76.0
1155,2017,2054,66,109.0
1156,2017,2055,46,71.0
1157,2017,2056,46,117.0
1158,2017,2058,57,105.0
1159,2017,2062,106,236.0
1160,2017,2063,73,121.0
1161,2017,2064,29,40.0
1162,2017,2069,139,501.0
1163,2017,2071,108,243.0
1164,2017,2073,59,73.0
1165,2017,2074,98,252.0
1166,2017,2076,101,257.0
1167,2017,2079,90,335.0
1168,2017,2081,128,261.0
1169,2017,2083,46,100.0
1170,2017,2088,81,242.0
1171,2017,2091,42,65.0
1172,2017,2093,33,68.0
1173,2017,2097,44,60.0
1174,2017,2099,62,95.0
1175,2017,2101,4,8.0
1176,2017,2102,9,17.0
1177,2017,2103,33,73.0
1178,2017,2104,24,43.0
1179,2017,2105,129,268.0
1180,2017,2106,7,10.0
1181,2017,2107,36,85.0
1182,2017,2111,13,28.0
1183,2017,2113,19,29.0
1184,2017,2114,77,121.0
1185,2017,2115,100,155.0
1186,2017,2118,85,175.0
1187,2017,2125,49,96.0
1188,2017,2126,57,135.0
1189,2017,2128,48,108.0
1190,2017,2129,57,138.0
1191,2017,2131,1,2.0
1192,2017,2132,16,21.0
1193,2017,2133,36,112.0
1194,2017,2134,141,405.0
1195,2017,2136,161,565.0
1196,2017,2137,78,198.0
1197,2017,2138,77,137.0
1198,2017,2139,114,265.0
1199,2017,2141,37,116.0
1200,2017,2142,49,85.0
1201,2017,2143,111,379.0
1202,2017,2144,51,112.0
1203,2017,2145,25,48.0
1204,2017,2146,163,572.0
1205,2017,2147,109,230.0
1206,2017,2148,44,107.0
1207,2017,2149,61,158.0
1208,2017,2155,54,187.0
1209,2017,2156,298,1120.0
1210,2017,2157,117,551.0
1211,2017,2158,161,514.0
1212,2017,2159,7,10.0
1213,2017,2161,11,20.0
1214,2017,2162,15,20.0
1215,2017,2169,23,28.0
1216,2017,2172,12,22.0
1217,2017,2173,19,35.0
1218,2017,2175,65,257.0
1219,2017,2177,129,451.0
1220,2017,2183,19,53.0
1221,2017,2185,66,242.0
1222,2017,2187,139,503.0
1223,2017,2189,139,527.0
1224,2017,2196,18,26.0
1225,2017,2197,21,20.0
1226,2017,2198,2,1.0
1227,2017,2199,1,0.0
1228,2018,100,5,0.0
1229,2018,101,46,115.0
1230,2018,105,19,12.0
1231,2018,109,10,1.0
1232,2018,111,412,2161.0
1233,2018,112,25,23.0
1234,2018,118,82,172.0
1235,2018,119,293,943.0
1236,2018,121,24,20.0
1237,2018,122,14,18.0
1238,2018,123,53,60.0
1239,2018,124,81,195.0
1240,2018,127,485,396.0
1241,2018,128,98,143.0
1242,2018,129,41,57.0
1243,2018,131,9,7.0
1244,2018,132,51,147.0
1245,2018,133,12,14.0
1246,2018,134,32,46.0
1247,2018,135,77,189.0
1248,2018,138,361,854.0
1249,2018,139,39,94.0
1250,2018,141,14,5.0
1251,2018,142,91,169.0
1252,2018,143,127,226.0
1253,2018,144,29,47.0
1254,2018,145,52,79.0
1255,2018,146,61,58.0
1256,2018,147,292,855.0
1257,2018,148,264,637.0
1258,2018,151,22,23.0
1259,2018,152,346,1798.0
1260,2018,153,413,1721.0
1261,2018,154,137,591.0
1262,2018,155,534,485.0
1263,2018,156,865,2148.0
1264,2018,157,1050,2133.0
1265,2018,158,710,1449.0
1266,2018,159,167,468.0
1267,2018,161,148,283.0
1268,2018,162,539,2724.0
1269,2018,163,102,175.0
1270,2018,164,100,293.0
1271,2018,165,192,297.0
1272,2018,166,638,1188.0
1273,2018,171,125,199.0
1274,2018,174,66,149.0
1275,2018,176,402,674.0
1276,2018,181,60,35.0
1277,2018,182,187,948.0
1278,2018,185,271,779.0
1279,2018,191,108,79.0
1280,2018,192,258,1312.0
1281,2018,195,265,648.0
1282,2018,200,1,0.0
1283,2018,201,171,660.0
1284,2018,202,59,152.0
1285,2018,203,51,78.0
1286,2018,204,48,191.0
1287,2018,205,59,188.0
1288,2018,211,100,320.0
1289,2018,212,157,504.0
1290,2018,213,1,0.0
1291,2018,214,1,0.0
1292,2018,215,48,108.0
1293,2018,216,125,401.0
1294,2018,217,79,178.0
1295,2018,218,125,314.0
1296,2018,219,106,199.0
1297,2018,221,70,230.0
1298,2018,222,1,0.0
1299,2018,224,1,0.0
1300,2018,225,2,0.0
1301,2018,227,1,0.0
1302,2018,231,49,122.0
1303,2018,233,67,174.0
1304,2018,235,167,568.0
1305,2018,236,245,605.0
1306,2018,237,152,562.0
1307,2018,238,62,156.0
1308,2018,239,32,26.0
1309,2018,241,23,43.0
1310,2018,242,2,0.0
1311,2018,245,2543,1707.0
1312,2018,246,292,1243.0
1313,2018,247,94,168.0
1314,2018,248,75,168.0
1315,2018,249,79,330.0
1316,2018,251,178,618.0
1317,2018,252,1,0.0
1318,2018,253,1,0.0
1319,2018,254,2,0.0
1320,2018,256,238,555.0
1321,2018,257,218,546.0
1322,2018,261,230,617.0
1323,2018,264,5,0.0
1324,2018,265,385,1182.0
1325,2018,266,152,326.0
1326,2018,269,143,550.0
1327,2018,271,115,193.0
1328,2018,275,113,329.0
1329,2018,276,4,0.0
1330,2018,279,48,125.0
1331,2018,281,37,85.0
1332,2018,285,58,113.0
1333,2018,289,46,88.0
1334,2018,291,49,72.0
1335,2018,292,9,7.0
1336,2018,295,59,122.0
1337,2018,296,1,0.0
1338,2018,299,100,240.0
1339,2018,300,1,0.0
1340,2018,301,27,44.0
1341,2018,303,28,20.0
1342,2018,305,26,23.0
1343,2018,307,13,5.0
1344,2018,308,78,140.0
1345,2018,309,22,3.0
1346,2018,311,59,264.0
1347,2018,312,73,251.0
1348,2018,313,33,79.0
1349,2018,314,53,149.0
1350,2018,315,53,157.0
1351,2018,316,75,175.0
1352,2018,317,96,133.0
1353,2018,318,77,115.0
1354,2018,319,88,137.0
1355,2018,321,140,417.0
1356,2018,325,81,157.0
1357,2018,326,159,305.0
1358,2018,327,30,21.0
1359,2018,328,184,277.0
1360,2018,329,62,108.0
1361,2018,331,92,304.0
1362,2018,332,46,120.0
1363,2018,333,73,182.0
1364,2018,334,174,548.0
1365,2018,335,76,220.0
1366,2018,336,85,142.0
1367,2018,337,92,177.0
1368,2018,338,153,187.0
1369,2018,341,26,71.0
1370,2018,343,8,9.0
1371,2018,351,55,83.0
1372,2018,353,38,91.0
1373,2018,354,77,249.0
1374,2018,355,95,288.0
1375,2018,356,130,379.0
1376,2018,357,164,424.0
1377,2018,358,145,205.0
1378,2018,359,96,147.0
1379,2018,361,103,562.0
1380,2018,362,126,592.0
1381,2018,363,365,2695.0
1382,2018,373,75,300.0
1383,2018,374,46,125.0
1384,2018,375,158,633.0
1385,2018,376,176,849.0
1386,2018,377,55,140.0
1387,2018,378,92,166.0
1388,2018,379,85,266.0
1389,2018,391,42,150.0
1390,2018,392,213,1068.0
1391,2018,393,126,646.0
1392,2018,394,78,115.0
1393,2018,395,369,1144.0
1394,2018,396,238,726.0
1395,2018,397,225,912.0
1396,2018,398,86,205.0
1397,2018,399,98,215.0
1398,2018,400,1,0.0
1399,2018,401,37,34.0
1400,2018,402,38,58.0
1401,2018,403,7,1.0
1402,2018,404,19,32.0
1403,2018,405,4,0.0
1404,2018,406,14,40.0
1405,2018,407,30,95.0
1406,2018,408,34,65.0
1407,2018,409,48,146.0
1408,2018,411,50,76.0
1409,2018,412,77,207.0
1410,2018,413,18,13.0
1411,2018,414,13,14.0
1412,2018,415,62,185.0
1413,2018,416,34,63.0
1414,2018,417,46,86.0
1415,2018,418,15,27.0
1416,2018,421,55,169.0
1417,2018,422,66,163.0
1418,2018,423,78,201.0
1419,2018,424,91,223.0
1420,2018,426,71,166.0
1421,2018,427,84,200.0
1422,2018,428,31,48.0
1423,2018,429,60,141.0
1424,2018,437,56,133.0
1425,2018,438,61,220.0
1426,2018,439,38,88.0
1427,2018,441,12,6.0
1428,2018,442,20,22.0
1429,2018,443,64,142.0
1430,2018,445,30,26.0
1431,2018,448,65,147.0
1432,2018,449,59,167.0
1433,2018,451,45,53.0
1434,2018,452,16,13.0
1435,2018,453,86,206.0
1436,2018,454,14,19.0
1437,2018,455,115,404.0
1438,2018,456,40,88.0
1439,2018,457,108,310.0
1440,2018,459,51,126.0
1441,2018,461,34,55.0
1442,2018,462,39,47.0
1443,2018,463,64,108.0
1444,2018,464,184,629.0
1445,2018,465,25,32.0
1446,2018,466,71,163.0
1447,2018,467,115,388.0
1448,2018,468,35,55.0
1449,2018,469,78,118.0
1450,2018,471,44,60.0
1451,2018,473,120,323.0
1452,2018,477,51,96.0
1453,2018,478,148,467.0
1454,2018,479,75,176.0
1455,2018,483,9,1.0
1456,2018,487,33,29.0
1457,2018,488,47,96.0
1458,2018,489,42,80.0
1459,2018,491,64,104.0
1460,2018,497,173,795.0
1461,2018,499,114,289.0
1462,2018,500,5,0.0
1463,2018,501,54,162.0
1464,2018,502,12,0.0
1465,2018,503,124,184.0
1466,2018,504,103,395.0
1467,2018,505,12,15.0
1468,2018,506,44,140.0
1469,2018,507,69,193.0
1470,2018,508,11,14.0
1471,2018,509,25,62.0
1472,2018,511,35,63.0
1473,2018,512,11,8.0
1474,2018,513,83,273.0
1475,2018,514,80,300.0
1476,2018,515,71,219.0
1477,2018,516,53,125.0
1478,2018,517,78,207.0
1479,2018,518,26,49.0
1480,2018,519,45,100.0
1481,2018,521,100,279.0
1482,2018,522,75,209.0
1483,2018,523,47,29.0
1484,2018,524,54,88.0
1485,2018,525,163,365.0
1486,2018,526,116,354.0
1487,2018,527,16,4.0
1488,2018,528,54,150.0
1489,2018,529,345,1301.0
1490,2018,531,57,136.0
1491,2018,532,53,112.0
1492,2018,541,44,87.0
1493,2018,551,40,94.0
1494,2018,555,98,210.0
1495,2018,557,128,633.0
1496,2018,558,75,173.0
1497,2018,559,19,3.0
1498,2018,561,5,11.0
1499,2018,562,21,30.0
1500,2018,563,157,630.0
1501,2018,564,158,557.0
1502,2018,565,65,169.0
1503,2018,566,258,783.0
1504,2018,567,116,289.0
1505,2018,569,27,10.0
1506,2018,581,11,18.0
1507,2018,583,58,49.0
1508,2018,584,58,71.0
1509,2018,585,104,342.0
1510,2018,587,333,189.0
1511,2018,589,50,52.0
1512,2018,599,2,0.0
1513,2018,600,34,0.0
1514,2018,615,44,113.0
1515,2018,621,1,2.0
1516,2018,622,55,288.0
1517,2018,625,56,179.0
1518,2018,626,71,111.0
1519,2018,627,19,25.0
1520,2018,628,62,194.0
1521,2018,629,18,34.0
1522,2018,631,23,61.0
1523,2018,632,60,366.0
1524,2018,635,112,130.0
1525,2018,636,1234,2885.0
1526,2018,637,487,728.0
1527,2018,638,123,376.0
1528,2018,639,85,155.0
1529,2018,642,62,197.0
1530,2018,643,171,691.0
1531,2018,644,237,925.0
1532,2018,645,1381,5851.0
1533,2018,646,1408,6053.0
1534,2018,647,413,1586.0
1535,2018,648,140,627.0
1536,2018,649,68,129.0
1537,2018,656,234,607.0
1538,2018,657,129,301.0
1539,2018,659,101,265.0
1540,2018,663,314,1332.0
1541,2018,665,37,0.0
1542,2018,666,1096,3708.0
1543,2018,667,124,326.0
1544,2018,668,330,1044.0
1545,2018,669,93,202.0
1546,2018,672,1,0.0
1547,2018,674,3,0.0
1548,2018,676,355,762.0
1549,2018,677,125,250.0
1550,2018,678,261,676.0
1551,2018,679,83,119.0
1552,2018,691,1,0.0
1553,2018,693,1,0.0
1554,2018,696,1,0.0
1555,2018,700,2,0.0
1556,2018,701,48,436.0
1557,2018,702,154,940.0
1558,2018,705,72,255.0
1559,2018,706,53,196.0
1560,2018,707,2,0.0
1561,2018,709,1,0.0
1562,2018,711,63,374.0
1563,2018,713,27,76.0
1564,2018,714,4,5.0
1565,2018,715,9,14.0
1566,2018,717,12,12.0
1567,2018,719,13,44.0
1568,2018,721,90,509.0
1569,2018,722,145,695.0
1570,2018,723,36,107.0
1571,2018,724,103,312.0
1572,2018,725,9,10.0
1573,2018,726,9,29.0
1574,2018,727,22,108.0
1575,2018,729,8,22.0
1576,2018,731,1,0.0
1577,2018,732,42,135.0
1578,2018,733,15,20.0
1579,2018,734,110,560.0
1580,2018,735,28,81.0
1581,2018,736,17,34.0
1582,2018,737,15,43.0
1583,2018,738,12,25.0
1584,2018,739,3,7.0
1585,2018,742,12,26.0
1586,2018,743,18,74.0
1587,2018,745,44,199.0
1588,2018,747,13,24.0
1589,2018,748,2,0.0
1590,2018,749,32,86.0
1591,2018,752,25,73.0
1592,2018,753,19,31.0
1593,2018,754,3,0.0
1594,2018,755,26,67.0
1595,2018,758,50,153.0
1596,2018,759,43,131.0
1597,2018,761,1,0.0
1598,2018,762,28,112.0
1599,2018,763,23,76.0
1600,2018,764,37,108.0
1601,2018,765,205,1054.0
1602,2018,766,20,26.0
1603,2018,767,20,57.0
1604,2018,768,1,0.0
1605,2018,769,28,67.0
1606,2018,771,1,0.0
1607,2018,773,24,65.0
1608,2018,774,80,375.0
1609,2018,775,64,209.0
1610,2018,776,42,122.0
1611,2018,777,30,73.0
1612,2018,778,19,39.0
1613,2018,779,22,29.0
1614,2018,782,76,427.0
1615,2018,783,76,183.0
1616,2018,784,76,297.0
1617,2018,785,64,220.0
1618,2018,787,17,31.0
1619,2018,788,22,48.0
1620,2018,789,36,79.0
1621,2018,794,1,0.0
1622,2018,801,4,6.0
1623,2018,802,5,8.0
1624,2018,803,3,7.0
1625,2018,804,15,21.0
1626,2018,805,42,81.0
1627,2018,806,8,17.0
1628,2018,807,4,19.0
1629,2018,808,10,22.0
1630,2018,809,4,9.0
1631,2018,811,14,26.0
1632,2018,812,4,6.0
1633,2018,813,16,21.0
1634,2018,814,12,8.0
1635,2018,815,7,9.0
1636,2018,816,6,8.0
1637,2018,817,54,227.0
1638,2018,818,20,12.0
1639,2018,819,7,19.0
1640,2018,822,22,47.0
1641,2018,823,16,38.0
1642,2018,824,17,44.0
1643,2018,825,3,6.0
1644,2018,826,6,9.0
1645,2018,827,70,108.0
1646,2018,828,15,28.0
1647,2018,829,17,43.0
1648,2018,831,19,65.0
1649,2018,832,92,221.0
1650,2018,833,71,199.0
1651,2018,834,11,28.0
1652,2018,835,52,277.0
1653,2018,836,17,49.0
1654,2018,837,8,1.0
1655,2018,838,5,7.0
1656,2018,839,73,238.0
1657,2018,841,48,137.0
1658,2018,842,116,275.0
1659,2018,843,2,0.0
1660,2018,847,7,12.0
1661,2018,848,3,2.0
1662,2018,849,36,141.0
1663,2018,851,83,134.0
1664,2018,852,50,212.0
1665,2018,853,180,579.0
1666,2018,854,160,114.0
1667,2018,855,51,194.0
1668,2018,857,16,49.0
1669,2018,858,31,63.0
1670,2018,859,53,268.0
1671,2018,861,8,10.0
1672,2018,871,11,3.0
1673,2018,872,1,2.0
1674,2018,881,133,462.0
1675,2018,882,123,222.0
1676,2018,883,98,65.0
1677,2018,884,133,414.0
1678,2018,885,25,71.0
1679,2018,886,1,4.0
1680,2018,887,5,8.0
1681,2018,889,62,307.0
1682,2018,891,76,47.0
1683,2018,892,71,82.0
1684,2018,893,60,92.0
1685,2018,895,52,193.0
1686,2018,896,9,12.0
1687,2018,897,62,67.0
1688,2018,898,55,158.0
1689,2018,899,93,99.0
1690,2018,900,3,0.0
1691,2018,901,334,663.0
1692,2018,904,373,1115.0
1693,2018,905,92,291.0
1694,2018,906,83,234.0
1695,2018,909,154,508.0
1696,2018,911,322,962.0
1697,2018,914,283,1339.0
1698,2018,915,110,312.0
1699,2018,916,53,137.0
1700,2018,919,125,368.0
1701,2018,923,290,1336.0
1702,2018,924,1,0.0
1703,2018,925,2,0.0
1704,2018,926,287,1001.0
1705,2018,929,29,44.0
1706,2018,931,43,65.0
1707,2018,932,97,392.0
1708,2018,933,176,570.0
1709,2018,935,1528,1925.0
1710,2018,937,49,112.0
1711,2018,938,25,43.0
1712,2018,939,54,168.0
1713,2018,941,259,1296.0
1714,2018,942,1,0.0
1715,2018,943,115,448.0
1716,2018,945,5,0.0
1717,2018,946,66,218.0
1718,2018,948,27,38.0
1719,2018,952,108,345.0
1720,2018,953,1,0.0
1721,2018,955,9,15.0
1722,2018,956,1,0.0
1723,2018,957,4,3.0
1724,2018,958,12,0.0
1725,2018,961,33,19.0
1726,2018,962,1,0.0
1727,2018,963,68,207.0
1728,2018,964,228,747.0
1729,2018,966,44,80.0
1730,2018,969,60,217.0
1731,2018,971,74,126.0
1732,2018,973,1,0.0
1733,2018,974,57,163.0
1734,2018,976,7,3.0
1735,2018,977,1,0.0
1736,2018,978,1,0.0
1737,2018,979,17,17.0
1738,2018,981,42,112.0
1739,2018,984,24,66.0
1740,2018,985,69,334.0
1741,2018,986,1,0.0
1742,2018,989,73,257.0
1743,2018,991,16,30.0
1744,2018,994,11,19.0
1745,2018,995,1,0.0
1746,2018,998,25,59.0
1747,2018,1000,2,0.0
1748,2018,1001,75,270.0
1749,2018,1003,45,110.0
1750,2018,1004,73,225.0
1751,2018,1005,59,155.0
1752,2018,1006,28,66.0
1753,2018,1007,40,72.0
1754,2018,1008,276,992.0
1755,2018,1009,30,25.0
1756,2018,1011,91,320.0
1757,2018,1012,51,120.0
1758,2018,1014,1,0.0
1759,2018,1015,149,514.0
1760,2018,1017,90,279.0
1761,2018,1018,114,446.0
1762,2018,1019,80,59.0
1763,2018,1021,73,176.0
1764,2018,1023,80,255.0
1765,2018,1024,115,175.0
1766,2018,1025,155,607.0
1767,2018,1026,2,0.0
1768,2018,1027,90,219.0
1769,2018,1028,76,256.0
1770,2018,1029,94,256.0
1771,2018,1031,76,173.0
1772,2018,1033,85,272.0
1773,2018,1034,63,104.0
1774,2018,1035,181,534.0
1775,2018,1036,2,0.0
1776,2018,1037,53,171.0
1777,2018,1039,144,464.0
1778,2018,1041,71,155.0
1779,2018,1042,3,0.0
1780,2018,1043,118,284.0
1781,2018,1044,59,73.0
1782,2018,1045,50,145.0
1783,2018,1047,63,165.0
1784,2018,1049,114,226.0
1785,2018,1053,3,0.0
1786,2018,1057,1,0.0
1787,2018,1059,1,0.0
1788,2018,1061,54,160.0
1789,2018,1062,2,0.0
1790,2018,1063,159,968.0
1791,2018,1065,47,146.0
1792,2018,1067,43,119.0
1793,2018,1068,16,7.0
1794,2018,1071,1,0.0
1795,2018,1075,25,73.0
1796,2018,1077,16,47.0
1797,2018,1078,26,52.0
1798,2018,1079,58,121.0
1799,2018,1083,7,13.0
1800,2018,1088,23,54.0
1801,2018,1089,19,33.0
1802,2018,1091,5,10.0
1803,2018,1094,14,26.0
1804,2018,1097,12,25.0
1805,2018,1098,1,0.0
1806,2018,1099,22,26.0
1807,2018,1101,45,90.0
1808,2018,1102,104,240.0
1809,2018,1105,16,14.0
1810,2018,1107,37,71.0
1811,2018,1109,100,171.0
1812,2018,1112,34,65.0
1813,2018,1113,115,253.0
1814,2018,1115,95,213.0
1815,2018,1116,32,40.0
1816,2018,1117,28,68.0
1817,2018,1118,30,60.0
1818,2018,1119,44,90.0
1819,2018,1122,8,4.0
1820,2018,1123,25,55.0
1821,2018,1124,137,414.0
1822,2018,1125,36,72.0
1823,2018,1126,29,46.0
1824,2018,1127,45,101.0
1825,2018,1128,77,148.0
1826,2018,1129,54,118.0
1827,2018,1132,27,121.0
1828,2018,1133,49,105.0
1829,2018,1134,70,209.0
1830,2018,1135,42,115.0
1831,2018,1136,88,322.0
1832,2018,1137,80,154.0
1833,2018,1138,52,89.0
1834,2018,1139,73,104.0
1835,2018,1141,42,118.0
1836,2018,1142,41,233.0
1837,2018,1143,27,83.0
1838,2018,1144,21,52.0
1839,2018,1145,61,174.0
1840,2018,1146,27,26.0
1841,2018,1147,37,71.0
1842,2018,1148,61,194.0
1843,2018,1149,93,291.0
1844,2018,1151,132,680.0
1845,2018,1152,60,124.0
1846,2018,1153,8,10.0
1847,2018,1157,10,6.0
1848,2018,1158,59,61.0
1849,2018,1159,18,12.0
1850,2018,1161,34,28.0
1851,2018,1162,162,921.0
1852,2018,1163,36,74.0
1853,2018,1169,67,76.0
1854,2018,1171,29,87.0
1855,2018,1172,30,95.0
1856,2018,1173,6,8.0
1857,2018,1174,2,2.0
1858,2018,1175,2,1.0
1859,2018,1176,30,47.0
1860,2018,1177,185,425.0
1861,2018,1178,33,42.0
1862,2018,1179,109,119.0
1863,2018,1181,151,432.0
1864,2018,1183,89,222.0
1865,2018,1184,19,37.0
1866,2018,1185,5,4.0
1867,2018,1186,41,55.0
1868,2018,1189,51,97.0
1869,2018,1195,67,33.0
1870,2018,1199,3,3.0
1871,2018,1200,3,0.0
1872,2018,1203,299,1262.0
1873,2018,1204,61,185.0
1874,2018,1205,72,202.0
1875,2018,1207,63,277.0
1876,2018,1208,57,176.0
1877,2018,1209,65,150.0
1878,2018,1211,109,569.0
1879,2018,1213,183,1197.0
1880,2018,1215,137,577.0
1881,2018,1218,119,560.0
1882,2018,1219,53,89.0
1883,2018,1231,33,94.0
1884,2018,1232,85,411.0
1885,2018,1233,203,705.0
1886,2018,1235,92,329.0
1887,2018,1239,183,836.0
1888,2018,1241,127,918.0
1889,2018,1242,55,140.0
1890,2018,1243,186,844.0
1891,2018,1245,222,1206.0
1892,2018,1248,113,389.0
1893,2018,1249,722,1872.0
1894,2018,1251,143,763.0
1895,2018,1252,44,139.0
1896,2018,1253,131,566.0
1897,2018,1255,93,381.0
1898,2018,1256,229,1073.0
1899,2018,1257,92,325.0
1900,2018,1258,661,1686.0
1901,2018,1259,186,965.0
1902,2018,1263,80,278.0
1903,2018,1265,123,731.0
1904,2018,1266,189,821.0
1905,2018,1267,292,1345.0
1906,2018,1268,193,966.0
1907,2018,1269,236,1446.0
1908,2018,1273,151,942.0
1909,2018,1283,91,391.0
1910,2018,1293,12,28.0
1911,2018,1300,2,0.0
1912,2018,1303,179,531.0
1913,2018,1307,498,1194.0
1914,2018,1309,266,1523.0
1915,2018,1311,18,5.0
1916,2018,1313,150,620.0
1917,2018,1317,236,807.0
1918,2018,1321,140,444.0
1919,2018,1322,78,173.0
1920,2018,1323,116,325.0
1921,2018,1324,38,59.0
1922,2018,1325,46,77.0
1923,2018,1326,24,30.0
1924,2018,1327,79,85.0
1925,2018,1331,108,357.0
1926,2018,1333,116,411.0
1927,2018,1341,135,456.0
1928,2018,1342,78,224.0
1929,2018,1343,125,383.0
1930,2018,1344,54,136.0
1931,2018,1345,113,249.0
1932,2018,1346,72,201.0
1933,2018,1347,129,488.0
1934,2018,1351,139,372.0
1935,2018,1352,130,436.0
1936,2018,1353,128,541.0
1937,2018,1354,55,142.0
1938,2018,1361,180,755.0
1939,2018,1362,165,443.0
1940,2018,1363,103,369.0
1941,2018,1364,85,225.0
1942,2018,1365,71,178.0
1943,2018,1367,98,357.0
1944,2018,1371,208,645.0
1945,2018,1372,144,420.0
1946,2018,1373,99,297.0
1947,2018,1375,59,145.0
1948,2018,1377,84,225.0
1949,2018,1381,86,101.0
1950,2018,1383,178,645.0
1951,2018,1385,146,415.0
1952,2018,1391,90,167.0
1953,2018,1393,144,267.0
1954,2018,1394,73,240.0
1955,2018,1395,98,333.0
1956,2018,1400,26,0.0
1957,2018,1401,49,75.0
1958,2018,1402,49,54.0
1959,2018,1403,33,44.0
1960,2018,1405,11,3.0
1961,2018,1406,115,375.0
1962,2018,1407,90,387.0
1963,2018,1408,14,2.0
1964,2018,1409,56,220.0
1965,2018,1411,487,54.0
1966,2018,1412,833,3541.0
1967,2018,1413,386,1194.0
1968,2018,1414,108,499.0
1969,2018,1415,148,872.0
1970,2018,1416,4,9.0
1971,2018,1424,1,5.0
1972,2018,1425,16,27.0
1973,2018,1426,13,6.0
1974,2018,1427,37,64.0
1975,2018,1428,25,37.0
1976,2018,1431,884,2916.0
1977,2018,1432,62,213.0
1978,2018,1433,35,156.0
1979,2018,1434,30,73.0
1980,2018,1435,35,115.0
1981,2018,1436,86,96.0
1982,2018,1437,29,58.0
1983,2018,1438,31,70.0
1984,2018,1441,191,909.0
1985,2018,1443,99,389.0
1986,2018,1444,102,572.0
1987,2018,1445,36,100.0
1988,2018,1446,31,74.0
1989,2018,1449,20,39.0
1990,2018,1451,24,12.0
1991,2018,1452,123,486.0
1992,2018,1453,29,72.0
1993,2018,1454,75,360.0
1994,2018,1455,34,72.0
1995,2018,1456,38,52.0
1996,2018,1457,119,242.0
1997,2018,1458,105,169.0
1998,2018,1459,9,13.0
1999,2018,1462,3,3.0
2000,2018,1463,31,56.0
2001,2018,1464,24,67.0
2002,2018,1465,35,92.0
2003,2018,1466,9,12.0
2004,2018,1467,154,115.0
2005,2018,1468,37,59.0
2006,2018,1469,70,303.0
2007,2018,1471,7,10.0
2008,2018,1472,31,62.0
2009,2018,1473,12,25.0
2010,2018,1474,23,79.0
2011,2018,1475,3,4.0
2012,2018,1476,15,17.0
2013,2018,1477,20,32.0
2014,2018,1479,29,63.0
2015,2018,1483,32,96.0
2016,2018,1484,13,1.0
2017,2018,1485,21,48.0
2018,2018,1486,8,1.0
2019,2018,1487,34,85.0
2020,2018,1488,126,288.0
2021,2018,1489,86,97.0
2022,2018,1491,23,10.0
2023,2018,1492,17,5.0
2024,2018,1493,8,16.0
2025,2018,1494,941,578.0
2026,2018,1495,26,16.0
2027,2018,1496,88,90.0
2028,2018,1497,33,67.0
2029,2018,1498,12,1.0
2030,2018,1499,65,64.0
2031,2018,1500,1,0.0
2032,2018,1501,50,111.0
2033,2018,1502,75,93.0
2034,2018,1503,173,559.0
2035,2018,1504,107,272.0
2036,2018,1505,154,370.0
2037,2018,1506,78,224.0
2038,2018,1507,2,0.0
2039,2018,1508,16,15.0
2040,2018,1509,28,23.0
2041,2018,1511,119,182.0
2042,2018,1512,56,130.0
2043,2018,1513,118,253.0
2044,2018,1514,46,89.0
2045,2018,1515,119,301.0
2046,2018,1516,83,194.0
2047,2018,1517,68,162.0
2048,2018,1518,1,0.0
2049,2018,1519,57,138.0
2050,2018,1521,62,147.0
2051,2018,1522,79,213.0
2052,2018,1523,51,109.0
2053,2018,1524,103,134.0
2054,2018,1525,150,520.0
2055,2018,1526,318,1230.0
2056,2018,1527,119,318.0
2057,2018,1528,1,0.0
2058,2018,1529,63,149.0
2059,2018,1531,33,59.0
2060,2018,1532,58,160.0
2061,2018,1533,31,23.0
2062,2018,1535,187,673.0
2063,2018,1536,1,0.0
2064,2018,1538,76,245.0
2065,2018,1539,59,149.0
2066,2018,1541,17,24.0
2067,2018,1542,1,0.0
2068,2018,1543,52,213.0
2069,2018,1544,22,50.0
2070,2018,1545,90,225.0
2071,2018,1546,24,23.0
2072,2018,1547,375,499.0
2073,2018,1548,175,804.0
2074,2018,1549,136,481.0
2075,2018,1551,18,16.0
2076,2018,1553,68,102.0
2077,2018,1555,177,1023.0
2078,2018,1557,88,345.0
2079,2018,1559,15,27.0
2080,2018,1562,38,63.0
2081,2018,1563,37,52.0
2082,2018,1565,46,31.0
2083,2018,1566,80,170.0
2084,2018,1567,34,58.0
2085,2018,1568,1,0.0
2086,2018,1569,17,45.0
2087,2018,1581,30,58.0
2088,2018,1583,55,143.0
2089,2018,1585,146,396.0
2090,2018,1586,76,93.0
2091,2018,1587,28,9.0
2092,2018,1588,7,6.0
2093,2018,1589,15,23.0
2094,2018,1591,120,594.0
2095,2018,1595,29,55.0
2096,2018,1596,80,242.0
2097,2018,1599,77,300.0
2098,2018,1600,1,0.0
2099,2018,1601,66,155.0
2100,2018,1602,82,337.0
2101,2018,1603,1,0.0
2102,2018,1605,18,24.0
2103,2018,1606,28,53.0
2104,2018,1608,13,27.0
2105,2018,1611,71,143.0
2106,2018,1612,193,711.0
2107,2018,1613,35,86.0
2108,2018,1615,11,9.0
2109,2018,1617,73,149.0
2110,2018,1618,4,3.0
2111,2018,1619,8,6.0
2112,2018,1621,152,450.0
2113,2018,1622,117,350.0
2114,2018,1623,70,252.0
2115,2018,1633,48,186.0
2116,2018,1634,10,15.0
2117,2018,1635,10,12.0
2118,2018,1636,17,38.0
2119,2018,1637,35,78.0
2120,2018,1638,31,76.0
2121,2018,1639,3,1.0
2122,2018,1641,82,244.0
2123,2018,1642,42,83.0
2124,2018,1643,81,170.0
2125,2018,1645,24,70.0
2126,2018,1646,1,0.0
2127,2018,1651,117,380.0
2128,2018,1653,124,233.0
2129,2018,1654,98,260.0
2130,2018,1655,19,38.0
2131,2018,1656,53,188.0
2132,2018,1657,34,82.0
2133,2018,1658,15,27.0
2134,2018,1659,12,20.0
2135,2018,1661,14,9.0
2136,2018,1663,115,398.0
2137,2018,1664,43,64.0
2138,2018,1665,28,34.0
2139,2018,1667,20,39.0
2140,2018,1668,36,100.0
2141,2018,1669,7,7.0
2142,2018,1672,94,73.0
2143,2018,1673,12,14.0
2144,2018,1675,122,464.0
2145,2018,1676,37,84.0
2146,2018,1677,16,26.0
2147,2018,1678,5,4.0
2148,2018,1679,1,0.0
2149,2018,1681,119,298.0
2150,2018,1682,16,21.0
2151,2018,1683,1,0.0
2152,2018,1684,141,740.0
2153,2018,1685,103,219.0
2154,2018,1687,87,370.0
2155,2018,1689,19,22.0
2156,2018,1691,21,19.0
2157,2018,1693,24,49.0
2158,2018,1695,46,101.0
2159,2018,1696,1,0.0
2160,2018,1697,1,0.0
2161,2018,1698,25,44.0
2162,2018,1699,10,12.0
2163,2018,1700,1,0.0
2164,2018,1701,57,208.0
2165,2018,1703,5,3.0
2166,2018,1704,2,0.0
2167,2018,1705,12,19.0
2168,2018,1707,9,12.0
2169,2018,1708,35,81.0
2170,2018,1709,103,24.0
2171,2018,1712,18,21.0
2172,2018,1713,11,21.0
2173,2018,1714,369,124.0
2174,2018,1715,37,36.0
2175,2018,1716,11,20.0
2176,2018,1717,40,48.0
2177,2018,1718,12,20.0
2178,2018,1719,4,2.0
2179,2018,1721,24,37.0
2180,2018,1722,79,156.0
2181,2018,1723,60,148.0
2182,2018,1725,1,5.0
2183,2018,1727,15,24.0
2184,2018,1728,19,34.0
2185,2018,1729,72,159.0
2186,2018,1734,1,0.0
2187,2018,1735,54,163.0
2188,2018,1736,1,0.0
2189,2018,1737,35,84.0
2190,2018,1738,20,28.0
2191,2018,1739,13,12.0
2192,2018,1743,21,35.0
2193,2018,1744,1,0.0
2194,2018,1745,89,265.0
2195,2018,1747,63,168.0
2196,2018,1749,23,49.0
2197,2018,1751,53,174.0
2198,2018,1752,98,299.0
2199,2018,1753,39,79.0
2200,2018,1754,66,156.0
2201,2018,1755,12,8.0
2202,2018,1756,30,71.0
2203,2018,1757,27,72.0
2204,2018,1758,10,10.0
2205,2018,1759,17,30.0
2206,2018,1761,33,112.0
2207,2018,1762,59,152.0
2208,2018,1763,9,13.0
2209,2018,1764,242,1025.0
2210,2018,1765,7,4.0
2211,2018,1766,8,9.0
2212,2018,1767,33,91.0
2213,2018,1768,11,16.0
2214,2018,1771,35,65.0
2215,2018,1772,9,18.0
2216,2018,1773,16,0.0
2217,2018,1774,13,4.0
2218,2018,1775,13,18.0
2219,2018,1776,12,18.0
2220,2018,1777,20,41.0
2221,2018,1778,6,6.0
2222,2018,1779,41,78.0
2223,2018,1781,68,295.0
2224,2018,1782,85,260.0
2225,2018,1783,15,28.0
2226,2018,1785,80,329.0
2227,2018,1787,17,35.0
2228,2018,1788,36,81.0
2229,2018,1791,82,259.0
2230,2018,1792,52,155.0
2231,2018,1793,76,180.0
2232,2018,1794,141,521.0
2233,2018,1795,58,178.0
2234,2018,1796,27,53.0
2235,2018,1797,53,118.0
2236,2018,1798,46,78.0
2237,2018,1799,45,86.0
2238,2018,1801,240,1328.0
2239,2018,1802,254,1756.0
2240,2018,1803,78,161.0
2241,2018,1804,116,420.0
2242,2018,1805,34,79.0
2243,2018,1806,110,363.0
2244,2018,1821,154,680.0
2245,2018,1822,291,2063.0
2246,2018,1823,138,586.0
2247,2018,1824,174,955.0
2248,2018,1826,71,409.0
2249,2018,1827,71,329.0
2250,2018,1829,66,162.0
2251,2018,1831,60,177.0
2252,2018,1832,123,386.0
2253,2018,1834,91,358.0
2254,2018,1835,17,35.0
2255,2018,1836,47,98.0
2256,2018,1837,137,648.0
2257,2018,1838,51,124.0
2258,2018,1839,32,76.0
2259,2018,1841,154,649.0
2260,2018,1842,242,1271.0
2261,2018,1844,160,890.0
2262,2018,1846,152,536.0
2263,2018,1849,90,449.0
2264,2018,1851,25,46.0
2265,2018,1861,54,127.0
2266,2018,1862,97,531.0
2267,2018,1863,83,329.0
2268,2018,1864,36,121.0
2269,2018,1871,22,75.0
2270,2018,1881,52,160.0
2271,2018,1891,21,47.0
2272,2018,1901,75,63.0
2273,2018,1902,73,245.0
2274,2018,1903,9,2.0
2275,2018,1904,38,53.0
2276,2018,1905,33,35.0
2277,2018,1906,35,84.0
2278,2018,1907,54,113.0
2279,2018,1908,32,67.0
2280,2018,1909,31,44.0
2281,2018,1911,14,8.0
2282,2018,1912,40,36.0
2283,2018,1913,94,294.0
2284,2018,1915,54,102.0
2285,2018,1916,72,212.0
2286,2018,1917,70,173.0
2287,2018,1918,84,304.0
2288,2018,1919,12,7.0
2289,2018,1921,101,286.0
2290,2018,1924,113,352.0
2291,2018,1925,47,100.0
2292,2018,1929,1,0.0
2293,2018,1931,22,16.0
2294,2018,1933,2,0.0
2295,2018,1934,44,52.0
2296,2018,1935,18,26.0
2297,2018,1936,41,65.0
2298,2018,1941,22,17.0
2299,2018,1943,43,70.0
2300,2018,1944,73,147.0
2301,2018,1945,19,14.0
2302,2018,1951,84,100.0
2303,2018,1952,67,91.0
2304,2018,1953,2,0.0
2305,2018,1954,65,198.0
2306,2018,1955,19,30.0
2307,2018,1956,22,25.0
2308,2018,1958,61,133.0
2309,2018,1959,46,149.0
2310,2018,1961,128,400.0
2311,2018,1962,97,304.0
2312,2018,1963,88,167.0
2313,2018,1964,60,169.0
2314,2018,1966,51,133.0
2315,2018,1967,40,106.0
2316,2018,1969,45,102.0
2317,2018,1971,116,310.0
2318,2018,1972,83,210.0
2319,2018,1973,1,0.0
2320,2018,1974,82,246.0
2321,2018,1975,27,36.0
2322,2018,1977,62,157.0
2323,2018,1978,1,0.0
2324,2018,1979,13,9.0
2325,2018,1981,242,878.0
2326,2018,1982,114,308.0
2327,2018,1983,200,547.0
2328,2018,1984,173,599.0
2329,2018,1985,243,1162.0
2330,2018,1987,86,274.0
2331,2018,1988,58,112.0
2332,2018,1989,24,30.0
2333,2018,1991,90,203.0
2334,2018,1993,86,209.0
2335,2018,1994,75,253.0
2336,2018,1995,97,209.0
2337,2018,1996,2,0.0
2338,2018,1998,104,386.0
2339,2018,1999,105,383.0
2340,2018,2001,28,71.0
2341,2018,2002,75,216.0
2342,2018,2004,128,151.0
2343,2018,2005,45,127.0
2344,2018,2011,58,126.0
2345,2018,2013,49,96.0
2346,2018,2014,40,78.0
2347,2018,2015,59,196.0
2348,2018,2016,21,35.0
2349,2018,2017,62,101.0
2350,2018,2019,142,797.0
2351,2018,2021,26,47.0
2352,2018,2022,51,161.0
2353,2018,2023,107,333.0
2354,2018,2024,124,408.0
2355,2018,2025,31,54.0
2356,2018,2026,53,198.0
2357,2018,2027,140,539.0
2358,2018,2029,204,1128.0
2359,2018,2031,100,306.0
2360,2018,2033,168,670.0
2361,2018,2034,81,150.0
2362,2018,2035,34,76.0
2363,2018,2036,54,165.0
2364,2018,2038,92,419.0
2365,2018,2039,120,264.0
2366,2018,2041,28,63.0
2367,2018,2042,31,60.0
2368,2018,2044,59,133.0
2369,2018,2045,69,105.0
2370,2018,2046,61,120.0
2371,2018,2049,62,158.0
2372,2018,2053,46,42.0
2373,2018,2054,34,68.0
2374,2018,2055,46,105.0
2375,2018,2056,66,120.0
2376,2018,2058,45,93.0
2377,2018,2062,195,420.0
2378,2018,2063,111,126.0
2379,2018,2064,19,28.0
2380,2018,2069,141,439.0
2381,2018,2071,108,280.0
2382,2018,2073,68,92.0
2383,2018,2074,63,204.0
2384,2018,2076,80,239.0
2385,2018,2079,66,267.0
2386,2018,2081,91,193.0
2387,2018,2083,28,67.0
2388,2018,2088,75,232.0
2389,2018,2091,43,63.0
2390,2018,2093,38,104.0
2391,2018,2097,45,70.0
2392,2018,2099,45,76.0
2393,2018,2101,10,10.0
2394,2018,2102,8,15.0
2395,2018,2103,36,71.0
2396,2018,2104,27,59.0
2397,2018,2105,108,250.0
2398,2018,2106,16,15.0
2399,2018,2107,38,91.0
2400,2018,2111,18,32.0
2401,2018,2113,17,27.0
2402,2018,2114,48,111.0
2403,2018,2115,62,162.0
2404,2018,2118,71,203.0
2405,2018,2125,29,55.0
2406,2018,2126,75,184.0
2407,2018,2128,61,141.0
2408,2018,2129,30,76.0
2409,2018,2131,1,1.0
2410,2018,2132,7,11.0
2411,2018,2133,38,116.0
2412,2018,2134,117,423.0
2413,2018,2136,140,579.0
2414,2018,2137,107,249.0
2415,2018,2138,54,120.0
2416,2018,2139,60,164.0
2417,2018,2141,46,79.0
2418,2018,2142,54,89.0
2419,2018,2143,114,340.0
2420,2018,2144,79,111.0
2421,2018,2145,19,47.0
2422,2018,2146,135,531.0
2423,2018,2147,66,145.0
2424,2018,2148,47,122.0
2425,2018,2149,52,150.0
2426,2018,2155,64,218.0
2427,2018,2156,341,1220.0
2428,2018,2157,97,478.0
2429,2018,2158,150,507.0
2430,2018,2159,16,19.0
2431,2018,2161,5,10.0
2432,2018,2162,5,5.0
2433,2018,2169,23,14.0
2434,2018,2172,14,15.0
2435,2018,2173,15,28.0
2436,2018,2175,82,332.0
2437,2018,2177,120,388.0
2438,2018,2183,22,42.0
2439,2018,2185,59,189.0
2440,2018,2187,88,374.0
2441,2018,2189,129,441.0
2442,2018,2196,8,16.0
2443,2018,2197,6,8.0
2444,2018,2198,1,0.0
2445,2019,100,2,0.0
2446,2019,101,47,107.0
2447,2019,105,23,20.0
2448,2019,109,7,1.0
2449,2019,111,294,2170.0
2450,2019,112,25,32.0
2451,2019,118,32,70.0
2452,2019,119,799,1734.0
2453,2019,121,29,32.0
2454,2019,122,26,29.0
2455,2019,123,84,94.0
2456,2019,124,76,252.0
2457,2019,127,618,438.0
2458,2019,128,53,123.0
2459,2019,129,49,75.0
2460,2019,131,8,4.0
2461,2019,132,94,208.0
2462,2019,133,19,27.0
2463,2019,134,25,33.0
2464,2019,135,78,232.0
2465,2019,138,219,714.0
2466,2019,139,61,142.0
2467,2019,141,17,3.0
2468,2019,142,66,166.0
2469,2019,143,87,130.0
2470,2019,144,27,26.0
2471,2019,145,62,47.0
2472,2019,146,68,64.0
2473,2019,147,175,506.0
2474,2019,148,196,594.0
2475,2019,151,21,23.0
2476,2019,152,330,1671.0
2477,2019,153,359,1853.0
2478,2019,154,136,499.0
2479,2019,155,389,426.0
2480,2019,156,543,2078.0
2481,2019,157,720,1802.0
2482,2019,158,558,1267.0
2483,2019,159,165,480.0
2484,2019,161,174,330.0
2485,2019,162,724,3440.0
2486,2019,163,137,206.0
2487,2019,164,106,286.0
2488,2019,165,124,168.0
2489,2019,166,339,1007.0
2490,2019,171,139,235.0
2491,2019,174,110,258.0
2492,2019,176,256,427.0
2493,2019,181,40,28.0
2494,2019,182,175,997.0
2495,2019,185,232,678.0
2496,2019,191,157,132.0
2497,2019,192,226,1179.0
2498,2019,195,191,538.0
2499,2019,201,146,594.0
2500,2019,202,64,146.0
2501,2019,203,34,93.0
2502,2019,204,39,131.0
2503,2019,205,49,139.0
2504,2019,211,86,232.0
2505,2019,212,143,520.0
2506,2019,213,1,0.0
2507,2019,215,49,94.0
2508,2019,216,76,256.0
2509,2019,217,87,163.0
2510,2019,218,129,345.0
2511,2019,219,57,145.0
2512,2019,221,114,264.0
2513,2019,224,1,0.0
2514,2019,227,1,0.0
2515,2019,231,60,138.0
2516,2019,233,53,152.0
2517,2019,235,100,379.0
2518,2019,236,125,480.0
2519,2019,237,125,557.0
2520,2019,238,58,137.0
2521,2019,239,18,28.0
2522,2019,241,22,41.0
2523,2019,243,1,0.0
2524,2019,245,1559,1882.0
2525,2019,246,549,1774.0
2526,2019,247,74,147.0
2527,2019,248,68,172.0
2528,2019,249,91,333.0
2529,2019,251,117,370.0
2530,2019,256,199,592.0
2531,2019,257,198,615.0
2532,2019,261,157,475.0
2533,2019,265,276,753.0
2534,2019,266,82,181.0
2535,2019,267,1,0.0
2536,2019,269,116,420.0
2537,2019,271,62,147.0
2538,2019,275,83,244.0
2539,2019,279,50,110.0
2540,2019,281,26,52.0
2541,2019,282,1,0.0
2542,2019,283,1,0.0
2543,2019,285,36,76.0
2544,2019,286,1,0.0
2545,2019,289,44,72.0
2546,2019,291,37,71.0
2547,2019,292,15,9.0
2548,2019,295,88,134.0
2549,2019,299,94,238.0
2550,2019,300,3,0.0
2551,2019,301,23,37.0
2552,2019,303,26,17.0
2553,2019,305,24,23.0
2554,2019,307,18,15.0
2555,2019,308,81,141.0
2556,2019,309,51,13.0
2557,2019,311,54,211.0
2558,2019,312,57,208.0
2559,2019,313,34,67.0
2560,2019,314,56,154.0
2561,2019,315,64,195.0
2562,2019,316,58,145.0
2563,2019,317,78,112.0
2564,2019,318,124,158.0
2565,2019,319,69,138.0
2566,2019,321,99,284.0
2567,2019,325,74,151.0
2568,2019,326,106,259.0
2569,2019,327,23,22.0
2570,2019,328,227,256.0
2571,2019,329,70,121.0
2572,2019,331,84,275.0
2573,2019,332,41,112.0
2574,2019,333,60,184.0
2575,2019,334,143,607.0
2576,2019,335,64,137.0
2577,2019,336,106,99.0
2578,2019,337,80,111.0
2579,2019,338,95,104.0
2580,2019,341,25,84.0
2581,2019,343,12,14.0
2582,2019,351,63,64.0
2583,2019,353,43,79.0
2584,2019,354,63,211.0
2585,2019,355,98,283.0
2586,2019,356,116,417.0
2587,2019,357,141,410.0
2588,2019,358,111,140.0
2589,2019,359,92,167.0
2590,2019,361,118,505.0
2591,2019,362,117,634.0
2592,2019,363,275,1927.0
2593,2019,373,74,231.0
2594,2019,374,50,103.0
2595,2019,375,204,783.0
2596,2019,376,171,703.0
2597,2019,377,46,116.0
2598,2019,378,88,150.0
2599,2019,379,107,276.0
2600,2019,391,32,117.0
2601,2019,392,124,673.0
2602,2019,393,107,500.0
2603,2019,394,44,114.0
2604,2019,395,332,1099.0
2605,2019,396,189,539.0
2606,2019,397,244,925.0
2607,2019,398,116,354.0
2608,2019,399,91,179.0
2609,2019,400,1,0.0
2610,2019,401,31,20.0
2611,2019,402,30,58.0
2612,2019,403,9,2.0
2613,2019,404,9,12.0
2614,2019,406,3,8.0
2615,2019,407,44,146.0
2616,2019,408,28,72.0
2617,2019,409,71,151.0
2618,2019,411,47,79.0
2619,2019,412,75,213.0
2620,2019,413,10,6.0
2621,2019,414,14,15.0
2622,2019,415,57,194.0
2623,2019,416,33,61.0
2624,2019,417,31,56.0
2625,2019,418,16,20.0
2626,2019,421,53,181.0
2627,2019,422,59,138.0
2628,2019,423,72,190.0
2629,2019,424,101,324.0
2630,2019,426,53,120.0
2631,2019,427,57,146.0
2632,2019,428,23,37.0
2633,2019,429,60,111.0
2634,2019,437,38,103.0
2635,2019,438,76,191.0
2636,2019,439,34,60.0
2637,2019,441,9,3.0
2638,2019,442,23,25.0
2639,2019,443,53,137.0
2640,2019,445,44,33.0
2641,2019,448,103,234.0
2642,2019,449,50,113.0
2643,2019,451,42,47.0
2644,2019,452,6,5.0
2645,2019,453,80,251.0
2646,2019,454,27,40.0
2647,2019,455,84,285.0
2648,2019,456,53,111.0
2649,2019,457,115,322.0
2650,2019,459,57,111.0
2651,2019,461,25,50.0
2652,2019,462,30,59.0
2653,2019,463,75,126.0
2654,2019,464,229,830.0
2655,2019,465,19,23.0
2656,2019,466,71,121.0
2657,2019,467,110,329.0
2658,2019,468,22,38.0
2659,2019,469,43,92.0
2660,2019,471,56,40.0
2661,2019,473,99,293.0
2662,2019,477,69,148.0
2663,2019,478,122,408.0
2664,2019,479,63,141.0
2665,2019,483,5,0.0
2666,2019,487,25,31.0
2667,2019,488,25,38.0
2668,2019,489,37,86.0
2669,2019,491,56,93.0
2670,2019,497,179,808.0
2671,2019,499,82,230.0
2672,2019,500,4,0.0
2673,2019,501,40,98.0
2674,2019,502,7,5.0
2675,2019,503,136,255.0
2676,2019,504,83,357.0
2677,2019,505,13,13.0
2678,2019,506,60,117.0
2679,2019,507,77,273.0
2680,2019,508,13,24.0
2681,2019,509,31,81.0
2682,2019,511,57,119.0
2683,2019,512,13,12.0
2684,2019,513,80,254.0
2685,2019,514,92,304.0
2686,2019,515,74,200.0
2687,2019,516,46,116.0
2688,2019,517,56,157.0
2689,2019,518,52,130.0
2690,2019,519,68,154.0
2691,2019,521,119,333.0
2692,2019,522,64,208.0
2693,2019,523,55,25.0
2694,2019,524,39,83.0
2695,2019,525,103,288.0
2696,2019,526,87,327.0
2697,2019,527,11,1.0
2698,2019,528,53,158.0
2699,2019,529,212,946.0
2700,2019,531,47,84.0
2701,2019,532,29,59.0
2702,2019,541,41,90.0
2703,2019,551,22,54.0
2704,2019,555,54,131.0
2705,2019,557,70,334.0
2706,2019,558,61,132.0
2707,2019,559,11,4.0
2708,2019,561,5,9.0
2709,2019,562,18,37.0
2710,2019,563,122,581.0
2711,2019,564,125,455.0
2712,2019,565,90,259.0
2713,2019,566,282,856.0
2714,2019,567,77,260.0
2715,2019,569,19,5.0
2716,2019,581,7,4.0
2717,2019,583,23,32.0
2718,2019,584,35,55.0
2719,2019,585,71,280.0
2720,2019,587,73,143.0
2721,2019,589,40,50.0
2722,2019,599,1,0.0
2723,2019,600,7,0.0
2724,2019,615,28,75.0
2725,2019,621,5,6.0
2726,2019,622,40,194.0
2727,2019,625,50,154.0
2728,2019,626,43,86.0
2729,2019,627,15,29.0
2730,2019,628,51,186.0
2731,2019,629,19,33.0
2732,2019,631,16,41.0
2733,2019,632,45,261.0
2734,2019,635,55,105.0
2735,2019,636,743,2346.0
2736,2019,637,238,526.0
2737,2019,638,95,412.0
2738,2019,639,44,97.0
2739,2019,642,62,188.0
2740,2019,643,150,737.0
2741,2019,644,165,639.0
2742,2019,645,892,4752.0
2743,2019,646,895,5171.0
2744,2019,647,342,1391.0
2745,2019,648,205,705.0
2746,2019,649,65,146.0
2747,2019,656,106,372.0
2748,2019,657,86,327.0
2749,2019,659,115,285.0
2750,2019,663,193,857.0
2751,2019,665,31,0.0
2752,2019,666,530,3001.0
2753,2019,667,151,356.0
2754,2019,668,240,900.0
2755,2019,669,112,241.0
2756,2019,671,1,0.0
2757,2019,676,124,357.0
2758,2019,677,89,251.0
2759,2019,678,220,690.0
2760,2019,679,73,87.0
2761,2019,693,2,0.0
2762,2019,696,2,0.0
2763,2019,698,1,0.0
2764,2019,700,2,0.0
2765,2019,701,76,521.0
2766,2019,702,131,962.0
2767,2019,705,45,197.0
2768,2019,706,47,185.0
2769,2019,707,2,0.0
2770,2019,711,79,367.0
2771,2019,713,17,56.0
2772,2019,714,7,6.0
2773,2019,715,13,10.0
2774,2019,717,18,12.0
2775,2019,719,25,64.0
2776,2019,721,104,648.0
2777,2019,722,108,470.0
2778,2019,723,45,137.0
2779,2019,724,58,191.0
2780,2019,725,9,19.0
2781,2019,726,6,8.0
2782,2019,727,22,76.0
2783,2019,728,1,0.0
2784,2019,729,5,10.0
2785,2019,732,27,91.0
2786,2019,733,8,11.0
2787,2019,734,77,348.0
2788,2019,735,19,54.0
2789,2019,736,7,22.0
2790,2019,737,22,63.0
2791,2019,738,29,58.0
2792,2019,739,6,10.0
2793,2019,742,21,43.0
2794,2019,743,32,85.0
2795,2019,745,39,155.0
2796,2019,747,16,38.0
2797,2019,748,1,0.0
2798,2019,749,29,84.0
2799,2019,752,28,88.0
2800,2019,753,18,48.0
2801,2019,755,30,42.0
2802,2019,756,2,0.0
2803,2019,758,48,104.0
2804,2019,759,40,71.0
2805,2019,762,32,124.0
2806,2019,763,21,63.0
2807,2019,764,24,51.0
2808,2019,765,227,1057.0
2809,2019,766,42,35.0
2810,2019,767,31,41.0
2811,2019,769,35,69.0
2812,2019,773,21,55.0
2813,2019,774,63,266.0
2814,2019,775,53,153.0
2815,2019,776,31,77.0
2816,2019,777,28,57.0
2817,2019,778,26,43.0
2818,2019,779,28,34.0
2819,2019,782,75,384.0
2820,2019,783,45,97.0
2821,2019,784,75,249.0
2822,2019,785,49,132.0
2823,2019,787,18,24.0
2824,2019,788,28,37.0
2825,2019,789,41,107.0
2826,2019,794,2,0.0
2827,2019,799,2,0.0
2828,2019,801,1,1.0
2829,2019,802,3,4.0
2830,2019,803,5,8.0
2831,2019,804,14,10.0
2832,2019,805,43,85.0
2833,2019,806,17,39.0
2834,2019,807,10,25.0
2835,2019,808,15,49.0
2836,2019,809,6,23.0
2837,2019,811,13,26.0
2838,2019,812,1,3.0
2839,2019,813,22,27.0
2840,2019,814,10,7.0
2841,2019,815,11,13.0
2842,2019,816,2,3.0
2843,2019,817,36,151.0
2844,2019,818,26,22.0
2845,2019,819,3,3.0
2846,2019,821,2,1.0
2847,2019,822,22,47.0
2848,2019,823,10,16.0
2849,2019,824,12,35.0
2850,2019,825,5,9.0
2851,2019,826,8,14.0
2852,2019,827,19,64.0
2853,2019,828,22,23.0
2854,2019,829,14,37.0
2855,2019,831,21,82.0
2856,2019,832,29,125.0
2857,2019,833,35,135.0
2858,2019,834,5,18.0
2859,2019,835,39,235.0
2860,2019,836,19,44.0
2861,2019,837,7,4.0
2862,2019,838,7,5.0
2863,2019,839,66,170.0
2864,2019,841,29,81.0
2865,2019,842,88,307.0
2866,2019,847,15,28.0
2867,2019,848,7,9.0
2868,2019,849,32,141.0
2869,2019,851,62,137.0
2870,2019,852,41,114.0
2871,2019,853,110,462.0
2872,2019,854,80,104.0
2873,2019,855,51,191.0
2874,2019,857,27,86.0
2875,2019,858,24,58.0
2876,2019,859,78,293.0
2877,2019,861,10,15.0
2878,2019,871,4,3.0
2879,2019,872,2,2.0
2880,2019,881,89,410.0
2881,2019,882,85,210.0
2882,2019,883,85,95.0
2883,2019,884,131,415.0
2884,2019,885,17,55.0
2885,2019,886,4,6.0
2886,2019,887,3,3.0
2887,2019,889,62,226.0
2888,2019,891,46,26.0
2889,2019,892,43,72.0
2890,2019,893,72,112.0
2891,2019,895,30,108.0
2892,2019,896,8,6.0
2893,2019,897,26,31.0
2894,2019,898,38,118.0
2895,2019,899,58,145.0
2896,2019,901,257,626.0
2897,2019,902,1,0.0
2898,2019,904,377,1206.0
2899,2019,905,111,353.0
2900,2019,906,62,178.0
2901,2019,909,139,415.0
2902,2019,911,241,1137.0
2903,2019,914,278,1452.0
2904,2019,915,87,303.0
2905,2019,916,65,142.0
2906,2019,919,70,278.0
2907,2019,921,1,0.0
2908,2019,923,262,1346.0
2909,2019,924,2,0.0
2910,2019,925,2,0.0
2911,2019,926,163,829.0
2912,2019,927,2,0.0
2913,2019,929,66,107.0
2914,2019,931,69,102.0
2915,2019,932,91,325.0
2916,2019,933,159,560.0
2917,2019,934,1,0.0
2918,2019,935,1352,1714.0
2919,2019,937,39,99.0
2920,2019,938,28,49.0
2921,2019,939,48,138.0
2922,2019,941,256,1333.0
2923,2019,943,104,435.0
2924,2019,945,6,0.0
2925,2019,946,55,169.0
2926,2019,948,21,47.0
2927,2019,952,93,295.0
2928,2019,953,1,0.0
2929,2019,955,11,12.0
2930,2019,957,7,5.0
2931,2019,958,4,0.0
2932,2019,959,1,0.0
2933,2019,961,23,8.0
2934,2019,962,1,0.0
2935,2019,963,46,134.0
2936,2019,964,232,706.0
2937,2019,966,57,111.0
2938,2019,967,1,0.0
2939,2019,969,66,213.0
2940,2019,971,57,126.0
2941,2019,973,1,0.0
2942,2019,974,65,160.0
2943,2019,976,12,12.0
2944,2019,979,19,27.0
2945,2019,981,32,76.0
2946,2019,984,28,65.0
2947,2019,985,138,599.0
2948,2019,989,79,300.0
2949,2019,991,12,32.0
2950,2019,994,6,9.0
2951,2019,995,1,0.0
2952,2019,998,20,48.0
2953,2019,1001,61,232.0
2954,2019,1003,38,112.0
2955,2019,1004,66,176.0
2956,2019,1005,61,171.0
2957,2019,1006,35,86.0
2958,2019,1007,57,111.0
2959,2019,1008,263,802.0
2960,2019,1009,19,19.0
2961,2019,1011,51,186.0
2962,2019,1012,25,58.0
2963,2019,1015,111,387.0
2964,2019,1017,73,183.0
2965,2019,1018,113,383.0
2966,2019,1019,33,33.0
2967,2019,1021,59,160.0
2968,2019,1023,108,290.0
2969,2019,1024,44,111.0
2970,2019,1025,133,634.0
2971,2019,1026,1,0.0
2972,2019,1027,63,224.0
2973,2019,1028,66,212.0
2974,2019,1029,70,225.0
2975,2019,1031,66,157.0
2976,2019,1032,1,0.0
2977,2019,1033,52,158.0
2978,2019,1034,43,79.0
2979,2019,1035,121,398.0
2980,2019,1036,1,0.0
2981,2019,1037,54,129.0
2982,2019,1039,115,383.0
2983,2019,1041,56,127.0
2984,2019,1043,74,200.0
2985,2019,1044,47,91.0
2986,2019,1045,41,119.0
2987,2019,1046,1,0.0
2988,2019,1047,51,136.0
2989,2019,1049,221,438.0
2990,2019,1051,1,0.0
2991,2019,1061,57,193.0
2992,2019,1063,135,789.0
2993,2019,1065,47,200.0
2994,2019,1067,51,144.0
2995,2019,1068,4,0.0
2996,2019,1075,28,92.0
2997,2019,1077,8,16.0
2998,2019,1078,20,65.0
2999,2019,1079,91,150.0
3000,2019,1081,2,0.0
3001,2019,1083,5,15.0
3002,2019,1088,16,60.0
3003,2019,1089,16,37.0
3004,2019,1091,3,6.0
3005,2019,1094,8,13.0
3006,2019,1097,12,27.0
3007,2019,1098,1,1.0
3008,2019,1099,12,18.0
3009,2019,1101,25,40.0
3010,2019,1102,82,210.0
3011,2019,1105,29,25.0
3012,2019,1107,30,69.0
3013,2019,1109,86,144.0
3014,2019,1112,21,33.0
3015,2019,1113,124,250.0
3016,2019,1115,61,168.0
3017,2019,1116,25,36.0
3018,2019,1117,43,96.0
3019,2019,1118,36,66.0
3020,2019,1119,27,43.0
3021,2019,1122,8,9.0
3022,2019,1123,25,54.0
3023,2019,1124,140,421.0
3024,2019,1125,27,60.0
3025,2019,1126,42,85.0
3026,2019,1127,42,90.0
3027,2019,1128,111,220.0
3028,2019,1129,41,85.0
3029,2019,1132,20,79.0
3030,2019,1133,52,144.0
3031,2019,1134,77,213.0
3032,2019,1135,40,116.0
3033,2019,1136,75,249.0
3034,2019,1137,43,62.0
3035,2019,1138,84,117.0
3036,2019,1139,103,127.0
3037,2019,1141,31,84.0
3038,2019,1142,57,259.0
3039,2019,1143,25,91.0
3040,2019,1144,20,33.0
3041,2019,1145,55,175.0
3042,2019,1146,34,50.0
3043,2019,1147,44,109.0
3044,2019,1148,47,177.0
3045,2019,1149,101,252.0
3046,2019,1151,107,613.0
3047,2019,1152,42,93.0
3048,2019,1153,8,9.0
3049,2019,1157,15,17.0
3050,2019,1158,52,96.0
3051,2019,1159,15,11.0
3052,2019,1161,28,41.0
3053,2019,1162,184,965.0
3054,2019,1163,42,92.0
3055,2019,1169,50,51.0
3056,2019,1171,27,67.0
3057,2019,1172,46,127.0
3058,2019,1173,28,17.0
3059,2019,1174,6,4.0
3060,2019,1175,6,6.0
3061,2019,1176,41,80.0
3062,2019,1177,167,469.0
3063,2019,1178,17,21.0
3064,2019,1179,95,110.0
3065,2019,1181,170,370.0
3066,2019,1183,70,166.0
3067,2019,1184,13,31.0
3068,2019,1185,9,9.0
3069,2019,1186,46,54.0
3070,2019,1189,47,65.0
3071,2019,1195,68,35.0
3072,2019,1199,2,0.0
3073,2019,1203,169,768.0
3074,2019,1204,55,137.0
3075,2019,1205,77,170.0
3076,2019,1207,53,169.0
3077,2019,1208,68,209.0
3078,2019,1209,34,74.0
3079,2019,1211,98,456.0
3080,2019,1213,114,707.0
3081,2019,1215,113,529.0
3082,2019,1218,145,651.0
3083,2019,1219,44,65.0
3084,2019,1231,22,67.0
3085,2019,1232,78,325.0
3086,2019,1233,166,678.0
3087,2019,1235,60,207.0
3088,2019,1239,190,963.0
3089,2019,1241,132,936.0
3090,2019,1242,45,113.0
3091,2019,1243,209,980.0
3092,2019,1245,180,987.0
3093,2019,1248,114,390.0
3094,2019,1249,740,2038.0
3095,2019,1251,104,466.0
3096,2019,1252,42,120.0
3097,2019,1253,127,449.0
3098,2019,1255,108,386.0
3099,2019,1256,244,1227.0
3100,2019,1257,93,272.0
3101,2019,1258,537,1416.0
3102,2019,1259,153,747.0
3103,2019,1263,101,393.0
3104,2019,1265,118,719.0
3105,2019,1266,274,980.0
3106,2019,1267,293,1413.0
3107,2019,1268,172,926.0
3108,2019,1269,257,1499.0
3109,2019,1273,113,640.0
3110,2019,1283,113,566.0
3111,2019,1293,26,31.0
3112,2019,1300,4,0.0
3113,2019,1303,184,507.0
3114,2019,1307,500,1397.0
3115,2019,1309,310,1674.0
3116,2019,1311,9,2.0
3117,2019,1313,144,677.0
3118,2019,1317,238,953.0
3119,2019,1321,140,599.0
3120,2019,1322,58,134.0
3121,2019,1323,115,382.0
3122,2019,1324,51,79.0
3123,2019,1325,64,126.0
3124,2019,1326,17,16.0
3125,2019,1327,84,109.0
3126,2019,1331,143,387.0
3127,2019,1333,155,535.0
3128,2019,1341,133,401.0
3129,2019,1342,71,183.0
3130,2019,1343,132,426.0
3131,2019,1344,72,136.0
3132,2019,1345,120,293.0
3133,2019,1346,60,167.0
3134,2019,1347,140,559.0
3135,2019,1351,131,345.0
3136,2019,1352,106,382.0
3137,2019,1353,112,466.0
3138,2019,1354,59,180.0
3139,2019,1361,167,760.0
3140,2019,1362,162,403.0
3141,2019,1363,93,329.0
3142,2019,1364,67,201.0
3143,2019,1365,80,219.0
3144,2019,1367,99,385.0
3145,2019,1371,215,663.0
3146,2019,1372,158,428.0
3147,2019,1373,101,282.0
3148,2019,1375,69,164.0
3149,2019,1377,55,107.0
3150,2019,1381,79,96.0
3151,2019,1383,151,647.0
3152,2019,1385,144,543.0
3153,2019,1391,128,195.0
3154,2019,1393,123,278.0
3155,2019,1394,115,305.0
3156,2019,1395,133,431.0
3157,2019,1400,13,0.0
3158,2019,1401,23,39.0
3159,2019,1402,37,39.0
3160,2019,1403,21,42.0
3161,2019,1405,6,2.0
3162,2019,1406,77,234.0
3163,2019,1407,59,206.0
3164,2019,1408,9,3.0
3165,2019,1409,69,187.0
3166,2019,1411,246,78.0
3167,2019,1412,677,3016.0
3168,2019,1413,299,1346.0
3169,2019,1414,74,390.0
3170,2019,1415,111,597.0
3171,2019,1416,10,19.0
3172,2019,1424,5,7.0
3173,2019,1425,34,41.0
3174,2019,1426,12,10.0
3175,2019,1427,25,43.0
3176,2019,1428,19,27.0
3177,2019,1431,750,2899.0
3178,2019,1432,49,161.0
3179,2019,1433,22,99.0
3180,2019,1434,29,76.0
3181,2019,1435,44,160.0
3182,2019,1436,50,75.0
3183,2019,1437,58,126.0
3184,2019,1438,41,148.0
3185,2019,1441,178,885.0
3186,2019,1443,74,227.0
3187,2019,1444,69,396.0
3188,2019,1445,45,183.0
3189,2019,1446,54,164.0
3190,2019,1449,16,31.0
3191,2019,1451,27,9.0
3192,2019,1452,123,449.0
3193,2019,1453,25,65.0
3194,2019,1454,58,268.0
3195,2019,1455,29,66.0
3196,2019,1456,36,58.0
3197,2019,1457,136,234.0
3198,2019,1458,43,107.0
3199,2019,1459,11,17.0
3200,2019,1462,3,0.0
3201,2019,1463,28,66.0
3202,2019,1464,32,105.0
3203,2019,1465,23,60.0
3204,2019,1466,15,21.0
3205,2019,1467,82,63.0
3206,2019,1468,18,27.0
3207,2019,1469,53,214.0
3208,2019,1471,7,4.0
3209,2019,1472,34,101.0
3210,2019,1473,17,42.0
3211,2019,1474,22,55.0
3212,2019,1475,8,15.0
3213,2019,1476,18,15.0
3214,2019,1477,56,49.0
3215,2019,1479,36,65.0
3216,2019,1483,51,121.0
3217,2019,1484,8,4.0
3218,2019,1485,32,84.0
3219,2019,1486,7,2.0
3220,2019,1487,62,119.0
3221,2019,1488,115,333.0
3222,2019,1489,53,67.0
3223,2019,1491,14,12.0
3224,2019,1492,14,4.0
3225,2019,1493,15,21.0
3226,2019,1494,1085,582.0
3227,2019,1495,31,4.0
3228,2019,1496,163,116.0
3229,2019,1497,34,38.0
3230,2019,1498,16,2.0
3231,2019,1499,65,51.0
3232,2019,1500,2,0.0
3233,2019,1501,51,99.0
3234,2019,1502,74,74.0
3235,2019,1503,188,563.0
3236,2019,1504,99,302.0
3237,2019,1505,144,365.0
3238,2019,1506,78,198.0
3239,2019,1507,1,0.0
3240,2019,1508,7,7.0
3241,2019,1509,15,24.0
3242,2019,1511,83,114.0
3243,2019,1512,71,193.0
3244,2019,1513,111,238.0
3245,2019,1514,48,85.0
3246,2019,1515,91,289.0
3247,2019,1516,78,183.0
3248,2019,1517,116,270.0
3249,2019,1518,1,0.0
3250,2019,1519,88,257.0
3251,2019,1521,63,142.0
3252,2019,1522,61,172.0
3253,2019,1523,70,141.0
3254,2019,1524,200,179.0
3255,2019,1525,113,391.0
3256,2019,1526,290,1089.0
3257,2019,1527,124,297.0
3258,2019,1528,1,0.0
3259,2019,1529,63,158.0
3260,2019,1531,22,44.0
3261,2019,1532,67,217.0
3262,2019,1533,22,23.0
3263,2019,1534,1,0.0
3264,2019,1535,133,487.0
3265,2019,1536,1,0.0
3266,2019,1538,89,251.0
3267,2019,1539,79,204.0
3268,2019,1541,9,17.0
3269,2019,1542,1,0.0
3270,2019,1543,57,232.0
3271,2019,1544,21,52.0
3272,2019,1545,56,159.0
3273,2019,1546,46,58.0
3274,2019,1547,287,446.0
3275,2019,1548,167,785.0
3276,2019,1549,195,699.0
3277,2019,1551,11,11.0
3278,2019,1552,1,0.0
3279,2019,1553,80,115.0
3280,2019,1555,181,1044.0
3281,2019,1557,83,237.0
3282,2019,1559,11,12.0
3283,2019,1562,45,59.0
3284,2019,1563,40,49.0
3285,2019,1564,1,0.0
3286,2019,1565,43,21.0
3287,2019,1566,60,112.0
3288,2019,1567,47,112.0
3289,2019,1569,22,41.0
3290,2019,1581,50,89.0
3291,2019,1583,54,133.0
3292,2019,1585,106,346.0
3293,2019,1586,112,151.0
3294,2019,1587,30,9.0
3295,2019,1588,7,7.0
3296,2019,1589,16,23.0
3297,2019,1591,163,587.0
3298,2019,1595,33,89.0
3299,2019,1596,96,232.0
3300,2019,1599,100,355.0
3301,2019,1600,2,0.0
3302,2019,1601,61,177.0
3303,2019,1602,87,302.0
3304,2019,1603,2,0.0
3305,2019,1605,8,13.0
3306,2019,1606,23,51.0
3307,2019,1608,2,3.0
3308,2019,1611,105,191.0
3309,2019,1612,194,627.0
3310,2019,1613,49,93.0
3311,2019,1614,4,0.0
3312,2019,1615,19,21.0
3313,2019,1617,56,141.0
3314,2019,1618,9,10.0
3315,2019,1619,8,8.0
3316,2019,1621,198,583.0
3317,2019,1622,94,327.0
3318,2019,1623,98,409.0
3319,2019,1633,49,187.0
3320,2019,1634,20,21.0
3321,2019,1635,18,28.0
3322,2019,1636,22,58.0
3323,2019,1637,36,100.0
3324,2019,1638,35,57.0
3325,2019,1639,3,5.0
3326,2019,1641,88,301.0
3327,2019,1642,28,44.0
3328,2019,1643,79,141.0
3329,2019,1645,35,86.0
3330,2019,1649,1,0.0
3331,2019,1651,84,290.0
3332,2019,1653,144,310.0
3333,2019,1654,97,261.0
3334,2019,1655,16,32.0
3335,2019,1656,70,179.0
3336,2019,1657,38,99.0
3337,2019,1658,24,39.0
3338,2019,1659,10,21.0
3339,2019,1661,16,20.0
3340,2019,1663,113,403.0
3341,2019,1664,36,59.0
3342,2019,1665,25,44.0
3343,2019,1667,17,22.0
3344,2019,1668,39,80.0
3345,2019,1669,10,13.0
3346,2019,1672,87,108.0
3347,2019,1673,14,11.0
3348,2019,1675,113,447.0
3349,2019,1676,46,145.0
3350,2019,1677,17,43.0
3351,2019,1678,1,1.0
3352,2019,1679,3,1.0
3353,2019,1681,128,361.0
3354,2019,1682,16,10.0
3355,2019,1684,118,683.0
3356,2019,1685,68,220.0
3357,2019,1687,92,369.0
3358,2019,1688,1,0.0
3359,2019,1689,32,47.0
3360,2019,1691,6,7.0
3361,2019,1693,27,75.0
3362,2019,1695,52,132.0
3363,2019,1698,47,113.0
3364,2019,1699,9,13.0
3365,2019,1700,1,0.0
3366,2019,1701,58,208.0
3367,2019,1703,5,5.0
3368,2019,1705,16,29.0
3369,2019,1707,12,14.0
3370,2019,1708,37,93.0
3371,2019,1709,8,7.0
3372,2019,1712,19,27.0
3373,2019,1713,3,1.0
3374,2019,1714,85,47.0
3375,2019,1715,58,46.0
3376,2019,1716,22,37.0
3377,2019,1717,38,35.0
3378,2019,1718,13,23.0
3379,2019,1719,2,1.0
3380,2019,1721,24,56.0
3381,2019,1722,54,112.0
3382,2019,1723,65,185.0
3383,2019,1724,1,0.0
3384,2019,1725,5,8.0
3385,2019,1727,5,9.0
3386,2019,1728,17,28.0
3387,2019,1729,51,95.0
3388,2019,1733,1,0.0
3389,2019,1735,45,134.0
3390,2019,1736,2,0.0
3391,2019,1737,18,49.0
3392,2019,1738,15,18.0
3393,2019,1739,13,11.0
3394,2019,1743,14,20.0
3395,2019,1744,1,0.0
3396,2019,1745,81,251.0
3397,2019,1747,40,122.0
3398,2019,1749,33,66.0
3399,2019,1751,37,104.0
3400,2019,1752,105,247.0
3401,2019,1753,7,23.0
3402,2019,1754,35,90.0
3403,2019,1755,6,5.0
3404,2019,1756,31,64.0
3405,2019,1757,29,55.0
3406,2019,1758,9,11.0
3407,2019,1759,16,16.0
3408,2019,1761,70,236.0
3409,2019,1762,25,74.0
3410,2019,1763,8,9.0
3411,2019,1764,294,1089.0
3412,2019,1765,7,6.0
3413,2019,1766,4,4.0
3414,2019,1767,48,162.0
3415,2019,1768,6,11.0
3416,2019,1771,31,47.0
3417,2019,1772,10,14.0
3418,2019,1773,11,1.0
3419,2019,1774,9,3.0
3420,2019,1775,23,13.0
3421,2019,1776,16,34.0
3422,2019,1777,17,41.0
3423,2019,1778,4,1.0
3424,2019,1779,62,114.0
3425,2019,1781,63,262.0
3426,2019,1782,85,206.0
3427,2019,1783,10,17.0
3428,2019,1785,70,326.0
3429,2019,1787,16,28.0
3430,2019,1788,48,121.0
3431,2019,1791,60,189.0
3432,2019,1792,58,147.0
3433,2019,1793,77,149.0
3434,2019,1794,141,541.0
3435,2019,1795,45,141.0
3436,2019,1796,28,50.0
3437,2019,1797,76,214.0
3438,2019,1798,37,70.0
3439,2019,1799,38,57.0
3440,2019,1800,1,0.0
3441,2019,1801,235,1273.0
3442,2019,1802,284,1589.0
3443,2019,1803,69,133.0
3444,2019,1804,97,346.0
3445,2019,1805,32,55.0
3446,2019,1806,79,233.0
3447,2019,1821,183,796.0
3448,2019,1822,279,1863.0
3449,2019,1823,169,809.0
3450,2019,1824,213,1153.0
3451,2019,1826,107,508.0
3452,2019,1827,100,360.0
3453,2019,1829,52,103.0
3454,2019,1831,59,216.0
3455,2019,1832,153,504.0
3456,2019,1834,127,406.0
3457,2019,1835,18,38.0
3458,2019,1836,56,128.0
3459,2019,1837,150,634.0
3460,2019,1838,45,125.0
3461,2019,1839,27,78.0
3462,2019,1841,157,768.0
3463,2019,1842,226,1150.0
3464,2019,1844,174,876.0
3465,2019,1846,131,497.0
3466,2019,1849,134,637.0
3467,2019,1851,32,69.0
3468,2019,1861,81,206.0
3469,2019,1862,140,550.0
3470,2019,1863,87,331.0
3471,2019,1864,36,92.0
3472,2019,1871,50,210.0
3473,2019,1881,53,197.0
3474,2019,1891,27,48.0
3475,2019,1901,44,62.0
3476,2019,1902,67,221.0
3477,2019,1903,9,6.0
3478,2019,1904,33,39.0
3479,2019,1905,32,50.0
3480,2019,1906,22,49.0
3481,2019,1907,35,57.0
3482,2019,1908,16,28.0
3483,2019,1909,17,21.0
3484,2019,1911,27,14.0
3485,2019,1912,45,24.0
3486,2019,1913,99,262.0
3487,2019,1915,63,102.0
3488,2019,1916,62,154.0
3489,2019,1917,43,141.0
3490,2019,1918,66,206.0
3491,2019,1919,19,19.0
3492,2019,1921,95,302.0
3493,2019,1924,99,393.0
3494,2019,1925,34,74.0
3495,2019,1927,1,0.0
3496,2019,1929,1,0.0
3497,2019,1931,22,24.0
3498,2019,1933,1,0.0
3499,2019,1934,47,38.0
3500,2019,1935,25,32.0
3501,2019,1936,34,43.0
3502,2019,1941,31,47.0
3503,2019,1942,1,0.0
3504,2019,1943,41,65.0
3505,2019,1944,51,102.0
3506,2019,1945,14,16.0
3507,2019,1951,68,94.0
3508,2019,1952,64,103.0
3509,2019,1954,72,250.0
3510,2019,1955,14,17.0
3511,2019,1956,21,23.0
3512,2019,1958,81,174.0
3513,2019,1959,55,157.0
3514,2019,1961,138,406.0
3515,2019,1962,91,266.0
3516,2019,1963,64,141.0
3517,2019,1964,51,146.0
3518,2019,1966,57,115.0
3519,2019,1967,38,114.0
3520,2019,1969,62,130.0
3521,2019,1971,105,283.0
3522,2019,1972,71,141.0
3523,2019,1973,3,0.0
3524,2019,1974,91,239.0
3525,2019,1975,20,29.0
3526,2019,1977,59,129.0
3527,2019,1979,17,20.0
3528,2019,1981,221,798.0
3529,2019,1982,151,326.0
3530,2019,1983,233,662.0
3531,2019,1984,170,701.0
3532,2019,1985,202,991.0
3533,2019,1987,62,242.0
3534,2019,1988,58,123.0
3535,2019,1989,37,37.0
3536,2019,1991,83,224.0
3537,2019,1993,43,103.0
3538,2019,1994,64,194.0
3539,2019,1995,83,185.0
3540,2019,1998,143,420.0
3541,2019,1999,62,198.0
3542,2019,2000,1,0.0
3543,2019,2001,25,30.0
3544,2019,2002,211,344.0
3545,2019,2004,123,197.0
3546,2019,2005,52,115.0
3547,2019,2011,54,98.0
3548,2019,2013,41,78.0
3549,2019,2014,37,79.0
3550,2019,2015,105,227.0
3551,2019,2016,25,41.0
3552,2019,2017,54,100.0
3553,2019,2019,146,717.0
3554,2019,2021,32,48.0
3555,2019,2022,47,178.0
3556,2019,2023,78,234.0
3557,2019,2024,174,562.0
3558,2019,2025,36,74.0
3559,2019,2026,58,192.0
3560,2019,2027,158,650.0
3561,2019,2029,299,1400.0
3562,2019,2031,50,213.0
3563,2019,2033,138,541.0
3564,2019,2034,74,165.0
3565,2019,2035,40,83.0
3566,2019,2036,62,163.0
3567,2019,2038,85,386.0
3568,2019,2039,67,190.0
3569,2019,2041,26,33.0
3570,2019,2042,29,60.0
3571,2019,2044,55,129.0
3572,2019,2045,23,63.0
3573,2019,2046,43,84.0
3574,2019,2049,74,208.0
3575,2019,2053,53,76.0
3576,2019,2054,32,69.0
3577,2019,2055,73,130.0
3578,2019,2056,56,141.0
3579,2019,2058,30,55.0
3580,2019,2062,120,290.0
3581,2019,2063,87,129.0
3582,2019,2064,26,37.0
3583,2019,2069,136,567.0
3584,2019,2071,96,250.0
3585,2019,2073,86,59.0
3586,2019,2074,66,181.0
3587,2019,2076,88,298.0
3588,2019,2079,103,383.0
3589,2019,2081,77,211.0
3590,2019,2083,38,88.0
3591,2019,2088,80,248.0
3592,2019,2091,32,38.0
3593,2019,2093,43,91.0
3594,2019,2097,48,84.0
3595,2019,2099,61,95.0
3596,2019,2101,10,17.0
3597,2019,2102,7,11.0
3598,2019,2103,25,47.0
3599,2019,2104,25,57.0
3600,2019,2105,91,233.0
3601,2019,2106,11,9.0
3602,2019,2107,41,111.0
3603,2019,2111,12,22.0
3604,2019,2113,13,26.0
3605,2019,2114,34,81.0
3606,2019,2115,64,146.0
3607,2019,2118,53,121.0
3608,2019,2125,34,59.0
3609,2019,2126,67,236.0
3610,2019,2128,48,125.0
3611,2019,2129,30,65.0
3612,2019,2131,1,0.0
3613,2019,2132,6,10.0
3614,2019,2133,35,84.0
3615,2019,2134,101,451.0
3616,2019,2136,175,689.0
3617,2019,2137,72,145.0
3618,2019,2138,44,94.0
3619,2019,2139,120,277.0
3620,2019,2141,24,58.0
3621,2019,2142,9,24.0
3622,2019,2143,103,326.0
3623,2019,2144,87,123.0
3624,2019,2145,41,102.0
3625,2019,2146,216,742.0
3626,2019,2147,51,132.0
3627,2019,2148,43,105.0
3628,2019,2149,39,108.0
3629,2019,2155,41,158.0
3630,2019,2156,314,1226.0
3631,2019,2157,117,584.0
3632,2019,2158,114,482.0
3633,2019,2159,13,15.0
3634,2019,2161,9,30.0
3635,2019,2162,6,8.0
3636,2019,2169,25,22.0
3637,2019,2172,13,22.0
3638,2019,2173,33,68.0
3639,2019,2175,48,205.0
3640,2019,2177,114,404.0
3641,2019,2183,11,32.0
3642,2019,2185,73,192.0
3643,2019,2187,102,569.0
3644,2019,2189,116,471.0
3645,2019,2196,12,23.0
3646,2019,2197,2,4.0
3647,2019,2198,2,0.0
3648,2020,101,36,116.0
3649,2020,105,10,13.0
3650,2020,109,5,0.0
3651,2020,111,213,1789.0
3652,2020,112,31,53.0
3653,2020,118,37,82.0
3654,2020,119,457,1118.0
3655,2020,121,18,17.0
3656,2020,122,11,9.0
3657,2020,123,49,61.0
3658,2020,124,76,225.0
3659,2020,127,253,224.0
3660,2020,128,59,116.0
3661,2020,129,24,21.0
3662,2020,131,10,13.0
3663,2020,132,40,68.0
3664,2020,133,11,15.0
3665,2020,134,13,20.0
3666,2020,135,69,148.0
3667,2020,138,118,382.0
3668,2020,139,36,76.0
3669,2020,141,12,23.0
3670,2020,142,88,197.0
3671,2020,143,36,93.0
3672,2020,144,26,59.0
3673,2020,145,31,53.0
3674,2020,146,40,72.0
3675,2020,147,71,181.0
3676,2020,148,79,242.0
3677,2020,151,24,35.0
3678,2020,152,147,822.0
3679,2020,153,168,927.0
3680,2020,154,90,314.0
3681,2020,155,186,270.0
3682,2020,156,218,991.0
3683,2020,157,237,793.0
3684,2020,158,165,694.0
3685,2020,159,63,134.0
3686,2020,161,72,207.0
3687,2020,162,282,1400.0
3688,2020,163,75,167.0
3689,2020,164,79,161.0
3690,2020,165,71,100.0
3691,2020,166,118,352.0
3692,2020,171,73,132.0
3693,2020,174,71,141.0
3694,2020,176,118,229.0
3695,2020,181,26,18.0
3696,2020,182,240,874.0
3697,2020,185,120,359.0
3698,2020,191,56,73.0
3699,2020,192,168,746.0
3700,2020,195,156,391.0
3701,2020,201,108,453.0
3702,2020,202,49,97.0
3703,2020,203,45,94.0
3704,2020,204,31,132.0
3705,2020,205,32,127.0
3706,2020,211,44,107.0
3707,2020,212,103,400.0
3708,2020,215,31,64.0
3709,2020,216,66,220.0
3710,2020,217,63,174.0
3711,2020,218,72,281.0
3712,2020,219,42,112.0
3713,2020,221,47,125.0
3714,2020,223,1,0.0
3715,2020,231,34,97.0
3716,2020,233,53,155.0
3717,2020,235,71,276.0
3718,2020,236,145,433.0
3719,2020,237,154,662.0
3720,2020,238,75,136.0
3721,2020,239,16,9.0
3722,2020,241,14,26.0
3723,2020,245,518,1976.0
3724,2020,246,294,741.0
3725,2020,247,59,192.0
3726,2020,248,88,203.0
3727,2020,249,71,285.0
3728,2020,251,76,215.0
3729,2020,252,1,0.0
3730,2020,253,1,0.0
3731,2020,256,122,319.0
3732,2020,257,156,510.0
3733,2020,261,117,303.0
3734,2020,265,161,469.0
3735,2020,266,70,192.0
3736,2020,267,2,0.0
3737,2020,269,95,440.0
3738,2020,271,94,227.0
3739,2020,275,96,293.0
3740,2020,276,1,0.0
3741,2020,279,42,76.0
3742,2020,281,35,95.0
3743,2020,283,1,0.0
3744,2020,285,45,88.0
3745,2020,289,49,72.0
3746,2020,291,31,55.0
3747,2020,292,9,12.0
3748,2020,295,47,91.0
3749,2020,296,1,0.0
3750,2020,299,69,176.0
3751,2020,300,1,0.0
3752,2020,301,5,10.0
3753,2020,303,18,22.0
3754,2020,305,17,31.0
3755,2020,307,15,29.0
3756,2020,308,36,84.0
3757,2020,309,69,10.0
3758,2020,311,32,137.0
3759,2020,312,41,149.0
3760,2020,313,17,17.0
3761,2020,314,49,181.0
3762,2020,315,38,101.0
3763,2020,316,29,76.0
3764,2020,317,63,163.0
3765,2020,318,44,63.0
3766,2020,319,66,135.0
3767,2020,321,43,150.0
3768,2020,325,33,45.0
3769,2020,326,68,182.0
3770,2020,327,21,31.0
3771,2020,328,79,179.0
3772,2020,329,39,54.0
3773,2020,331,62,130.0
3774,2020,332,55,144.0
3775,2020,333,48,145.0
3776,2020,334,98,313.0
3777,2020,335,41,102.0
3778,2020,336,47,123.0
3779,2020,337,34,96.0
3780,2020,338,35,58.0
3781,2020,341,36,80.0
3782,2020,343,5,4.0
3783,2020,351,21,19.0
3784,2020,353,19,45.0
3785,2020,354,45,122.0
3786,2020,355,75,241.0
3787,2020,356,81,247.0
3788,2020,357,82,205.0
3789,2020,358,34,9.0
3790,2020,359,56,104.0
3791,2020,361,119,443.0
3792,2020,362,99,425.0
3793,2020,363,174,1009.0
3794,2020,373,65,140.0
3795,2020,374,54,100.0
3796,2020,375,113,552.0
3797,2020,376,113,437.0
3798,2020,377,33,91.0
3799,2020,378,61,60.0
3800,2020,379,68,180.0
3801,2020,391,24,66.0
3802,2020,392,85,443.0
3803,2020,393,101,365.0
3804,2020,394,36,65.0
3805,2020,395,276,986.0
3806,2020,396,119,456.0
3807,2020,397,207,819.0
3808,2020,398,86,258.0
3809,2020,399,68,60.0
3810,2020,401,12,5.0
3811,2020,402,15,38.0
3812,2020,403,5,6.0
3813,2020,404,10,25.0
3814,2020,406,5,6.0
3815,2020,407,32,76.0
3816,2020,408,21,40.0
3817,2020,409,55,117.0
3818,2020,411,49,77.0
3819,2020,412,77,265.0
3820,2020,413,6,10.0
3821,2020,414,8,7.0
3822,2020,415,30,95.0
3823,2020,416,8,22.0
3824,2020,417,21,36.0
3825,2020,418,7,8.0
3826,2020,421,46,150.0
3827,2020,422,27,71.0
3828,2020,423,59,133.0
3829,2020,424,67,176.0
3830,2020,426,39,78.0
3831,2020,427,39,99.0
3832,2020,428,16,27.0
3833,2020,429,35,110.0
3834,2020,437,33,76.0
3835,2020,438,49,130.0
3836,2020,439,29,75.0
3837,2020,441,8,7.0
3838,2020,442,25,35.0
3839,2020,443,33,86.0
3840,2020,445,28,23.0
3841,2020,448,45,110.0
3842,2020,449,53,128.0
3843,2020,451,75,122.0
3844,2020,452,8,8.0
3845,2020,453,47,155.0
3846,2020,454,21,31.0
3847,2020,455,55,208.0
3848,2020,456,50,91.0
3849,2020,457,51,144.0
3850,2020,459,32,70.0
3851,2020,461,38,79.0
3852,2020,462,34,54.0
3853,2020,463,59,124.0
3854,2020,464,120,385.0
3855,2020,465,9,18.0
3856,2020,466,52,148.0
3857,2020,467,51,128.0
3858,2020,468,15,33.0
3859,2020,469,21,47.0
3860,2020,471,22,42.0
3861,2020,473,80,232.0
3862,2020,477,46,92.0
3863,2020,478,64,238.0
3864,2020,479,43,112.0
3865,2020,483,5,4.0
3866,2020,487,16,28.0
3867,2020,488,17,24.0
3868,2020,489,31,73.0
3869,2020,491,61,144.0
3870,2020,497,142,505.0
3871,2020,499,76,199.0
3872,2020,500,1,0.0
3873,2020,501,40,87.0
3874,2020,502,2,1.0
3875,2020,503,37,118.0
3876,2020,504,97,433.0
3877,2020,505,4,10.0
3878,2020,506,27,78.0
3879,2020,507,33,127.0
3880,2020,508,12,20.0
3881,2020,509,17,50.0
3882,2020,511,32,87.0
3883,2020,512,8,8.0
3884,2020,513,32,137.0
3885,2020,514,86,337.0
3886,2020,515,60,178.0
3887,2020,516,37,76.0
3888,2020,517,46,137.0
3889,2020,518,25,25.0
3890,2020,519,70,210.0
3891,2020,521,41,102.0
3892,2020,522,40,113.0
3893,2020,523,48,33.0
3894,2020,524,36,72.0
3895,2020,525,78,209.0
3896,2020,526,76,249.0
3897,2020,527,11,3.0
3898,2020,528,38,130.0
3899,2020,529,188,835.0
3900,2020,531,24,61.0
3901,2020,532,35,74.0
3902,2020,541,29,79.0
3903,2020,551,29,64.0
3904,2020,555,50,117.0
3905,2020,557,71,370.0
3906,2020,558,47,106.0
3907,2020,559,3,1.0
3908,2020,561,9,19.0
3909,2020,562,20,41.0
3910,2020,563,103,588.0
3911,2020,564,94,298.0
3912,2020,565,44,128.0
3913,2020,566,292,830.0
3914,2020,567,69,140.0
3915,2020,569,20,5.0
3916,2020,581,9,22.0
3917,2020,583,9,11.0
3918,2020,584,37,62.0
3919,2020,585,66,278.0
3920,2020,587,54,158.0
3921,2020,589,25,27.0
3922,2020,599,1,0.0
3923,2020,615,30,87.0
3924,2020,621,11,21.0
3925,2020,622,39,220.0
3926,2020,625,47,175.0
3927,2020,626,44,124.0
3928,2020,627,10,23.0
3929,2020,628,33,131.0
3930,2020,629,15,38.0
3931,2020,631,12,34.0
3932,2020,632,57,373.0
3933,2020,635,38,91.0
3934,2020,636,320,2013.0
3935,2020,637,138,342.0
3936,2020,638,61,297.0
3937,2020,639,59,229.0
3938,2020,642,91,153.0
3939,2020,643,124,819.0
3940,2020,644,101,430.0
3941,2020,645,452,2498.0
3942,2020,646,546,2680.0
3943,2020,647,282,1031.0
3944,2020,648,133,659.0
3945,2020,649,75,146.0
3946,2020,656,78,343.0
3947,2020,657,64,204.0
3948,2020,659,91,176.0
3949,2020,663,143,509.0
3950,2020,665,21,0.0
3951,2020,666,357,1698.0
3952,2020,667,99,195.0
3953,2020,668,180,510.0
3954,2020,669,88,209.0
3955,2020,672,1,0.0
3956,2020,676,73,177.0
3957,2020,677,92,174.0
3958,2020,678,128,293.0
3959,2020,679,69,67.0
3960,2020,697,5,0.0
3961,2020,699,1,0.0
3962,2020,701,61,378.0
3963,2020,702,106,465.0
3964,2020,705,30,96.0
3965,2020,706,36,145.0
3966,2020,711,44,185.0
3967,2020,713,14,42.0
3968,2020,714,3,4.0
3969,2020,715,11,23.0
3970,2020,717,5,15.0
3971,2020,719,21,54.0
3972,2020,721,61,373.0
3973,2020,722,70,351.0
3974,2020,723,39,162.0
3975,2020,724,25,90.0
3976,2020,725,6,10.0
3977,2020,726,15,49.0
3978,2020,727,15,55.0
3979,2020,728,1,0.0
3980,2020,729,14,24.0
3981,2020,732,37,146.0
3982,2020,733,8,20.0
3983,2020,734,53,164.0
3984,2020,735,13,57.0
3985,2020,736,15,23.0
3986,2020,737,24,34.0
3987,2020,738,16,41.0
3988,2020,739,3,5.0
3989,2020,742,11,34.0
3990,2020,743,23,57.0
3991,2020,745,31,134.0
3992,2020,747,7,17.0
3993,2020,748,1,0.0
3994,2020,749,38,95.0
3995,2020,752,27,78.0
3996,2020,753,19,41.0
3997,2020,755,23,50.0
3998,2020,758,28,72.0
3999,2020,759,33,97.0
4000,2020,762,30,111.0
4001,2020,763,15,35.0
4002,2020,764,16,30.0
4003,2020,765,173,871.0
4004,2020,766,21,33.0
4005,2020,767,36,71.0
4006,2020,769,33,76.0
4007,2020,773,31,82.0
4008,2020,774,40,135.0
4009,2020,775,51,188.0
4010,2020,776,31,85.0
4011,2020,777,15,30.0
4012,2020,778,20,20.0
4013,2020,779,17,31.0
4014,2020,782,70,397.0
4015,2020,783,37,103.0
4016,2020,784,43,91.0
4017,2020,785,27,55.0
4018,2020,787,12,13.0
4019,2020,788,20,24.0
4020,2020,789,31,33.0
4021,2020,801,6,3.0
4022,2020,802,4,7.0
4023,2020,803,6,10.0
4024,2020,804,9,18.0
4025,2020,805,51,96.0
4026,2020,806,25,70.0
4027,2020,807,13,43.0
4028,2020,808,14,58.0
4029,2020,809,5,7.0
4030,2020,811,16,80.0
4031,2020,812,2,5.0
4032,2020,813,12,17.0
4033,2020,814,6,3.0
4034,2020,815,11,12.0
4035,2020,816,2,7.0
4036,2020,817,47,233.0
4037,2020,818,12,7.0
4038,2020,819,6,4.0
4039,2020,821,4,9.0
4040,2020,822,9,18.0
4041,2020,823,7,20.0
4042,2020,824,7,30.0
4043,2020,826,4,6.0
4044,2020,827,22,57.0
4045,2020,828,12,10.0
4046,2020,829,17,23.0
4047,2020,831,21,67.0
4048,2020,832,42,192.0
4049,2020,833,27,122.0
4050,2020,834,18,35.0
4051,2020,835,51,279.0
4052,2020,836,16,58.0
4053,2020,837,1,1.0
4054,2020,838,4,3.0
4055,2020,839,30,94.0
4056,2020,841,37,129.0
4057,2020,842,147,321.0
4058,2020,843,1,0.0
4059,2020,847,14,36.0
4060,2020,848,4,6.0
4061,2020,849,36,189.0
4062,2020,851,100,198.0
4063,2020,852,45,148.0
4064,2020,853,150,496.0
4065,2020,854,67,78.0
4066,2020,855,44,151.0
4067,2020,857,40,143.0
4068,2020,858,10,27.0
4069,2020,859,36,118.0
4070,2020,861,3,1.0
4071,2020,871,3,2.0
4072,2020,872,1,1.0
4073,2020,881,87,273.0
4074,2020,882,84,171.0
4075,2020,883,83,98.0
4076,2020,884,86,202.0
4077,2020,885,16,26.0
4078,2020,886,6,10.0
4079,2020,887,9,13.0
4080,2020,889,54,204.0
4081,2020,891,26,3.0
4082,2020,892,43,35.0
4083,2020,893,37,40.0
4084,2020,895,14,32.0
4085,2020,896,3,1.0
4086,2020,897,10,21.0
4087,2020,898,50,108.0
4088,2020,899,98,201.0
4089,2020,901,147,407.0
4090,2020,904,303,968.0
4091,2020,905,104,307.0
4092,2020,906,67,202.0
4093,2020,909,137,436.0
4094,2020,911,130,618.0
4095,2020,914,361,1304.0
4096,2020,915,92,231.0
4097,2020,916,44,121.0
4098,2020,919,61,135.0
4099,2020,921,1,0.0
4100,2020,923,277,1343.0
4101,2020,924,1,0.0
4102,2020,926,147,610.0
4103,2020,928,2,0.0
4104,2020,929,21,31.0
4105,2020,931,24,25.0
4106,2020,932,64,157.0
4107,2020,933,144,444.0
4108,2020,934,1,0.0
4109,2020,935,619,1151.0
4110,2020,936,1,0.0
4111,2020,937,25,39.0
4112,2020,938,32,68.0
4113,2020,939,41,95.0
4114,2020,941,159,820.0
4115,2020,943,78,255.0
4116,2020,946,33,116.0
4117,2020,948,16,29.0
4118,2020,951,4,0.0
4119,2020,952,99,383.0
4120,2020,953,1,0.0
4121,2020,955,4,2.0
4122,2020,957,2,2.0
4123,2020,958,9,0.0
4124,2020,959,1,0.0
4125,2020,961,19,4.0
4126,2020,963,47,134.0
4127,2020,964,96,369.0
4128,2020,966,34,62.0
4129,2020,969,52,138.0
4130,2020,971,71,103.0
4131,2020,972,1,0.0
4132,2020,974,46,124.0
4133,2020,976,10,9.0
4134,2020,979,12,10.0
4135,2020,981,22,36.0
4136,2020,984,11,23.0
4137,2020,985,54,198.0
4138,2020,989,65,221.0
4139,2020,991,15,26.0
4140,2020,994,7,11.0
4141,2020,998,30,57.0
4142,2020,1001,82,265.0
4143,2020,1003,57,205.0
4144,2020,1004,50,147.0
4145,2020,1005,77,198.0
4146,2020,1006,29,63.0
4147,2020,1007,35,77.0
4148,2020,1008,146,693.0
4149,2020,1009,26,27.0
4150,2020,1011,65,205.0
4151,2020,1012,52,119.0
4152,2020,1015,103,289.0
4153,2020,1017,38,76.0
4154,2020,1018,89,240.0
4155,2020,1019,17,24.0
4156,2020,1021,39,114.0
4157,2020,1023,74,250.0
4158,2020,1024,44,145.0
4159,2020,1025,130,413.0
4160,2020,1027,41,123.0
4161,2020,1028,45,114.0
4162,2020,1029,73,257.0
4163,2020,1031,36,73.0
4164,2020,1033,42,125.0
4165,2020,1034,30,66.0
4166,2020,1035,90,181.0
4167,2020,1037,31,31.0
4168,2020,1039,60,224.0
4169,2020,1041,46,94.0
4170,2020,1043,52,154.0
4171,2020,1044,29,57.0
4172,2020,1045,60,120.0
4173,2020,1047,46,121.0
4174,2020,1048,1,0.0
4175,2020,1049,115,208.0
4176,2020,1061,52,159.0
4177,2020,1063,69,356.0
4178,2020,1065,48,177.0
4179,2020,1067,38,133.0
4180,2020,1068,2,0.0
4181,2020,1075,20,50.0
4182,2020,1077,18,27.0
4183,2020,1078,26,65.0
4184,2020,1079,53,106.0
4185,2020,1081,1,0.0
4186,2020,1083,5,13.0
4187,2020,1087,1,0.0
4188,2020,1088,9,24.0
4189,2020,1089,10,10.0
4190,2020,1091,12,12.0
4191,2020,1094,4,10.0
4192,2020,1097,7,23.0
4193,2020,1098,10,5.0
4194,2020,1099,11,9.0
4195,2020,1101,30,55.0
4196,2020,1102,67,199.0
4197,2020,1105,22,30.0
4198,2020,1107,20,53.0
4199,2020,1109,67,144.0
4200,2020,1112,15,29.0
4201,2020,1113,42,94.0
4202,2020,1115,28,67.0
4203,2020,1116,20,14.0
4204,2020,1117,19,30.0
4205,2020,1118,21,42.0
4206,2020,1119,17,26.0
4207,2020,1122,3,1.0
4208,2020,1123,12,21.0
4209,2020,1124,114,314.0
4210,2020,1125,22,40.0
4211,2020,1126,29,45.0
4212,2020,1127,22,86.0
4213,2020,1128,57,99.0
4214,2020,1129,41,88.0
4215,2020,1132,14,41.0
4216,2020,1133,31,70.0
4217,2020,1134,44,99.0
4218,2020,1135,28,91.0
4219,2020,1136,44,140.0
4220,2020,1137,29,48.0
4221,2020,1138,42,68.0
4222,2020,1139,29,42.0
4223,2020,1141,48,157.0
4224,2020,1142,27,128.0
4225,2020,1143,13,31.0
4226,2020,1144,13,26.0
4227,2020,1145,35,76.0
4228,2020,1146,18,24.0
4229,2020,1147,25,60.0
4230,2020,1148,37,145.0
4231,2020,1149,47,89.0
4232,2020,1151,101,524.0
4233,2020,1152,24,70.0
4234,2020,1153,6,4.0
4235,2020,1157,4,2.0
4236,2020,1158,16,32.0
4237,2020,1159,8,2.0
4238,2020,1161,23,21.0
4239,2020,1162,112,560.0
4240,2020,1163,41,49.0
4241,2020,1169,15,18.0
4242,2020,1171,18,55.0
4243,2020,1172,53,177.0
4244,2020,1173,13,24.0
4245,2020,1176,25,43.0
4246,2020,1177,71,218.0
4247,2020,1178,19,30.0
4248,2020,1179,48,64.0
4249,2020,1181,93,284.0
4250,2020,1183,55,117.0
4251,2020,1184,23,50.0
4252,2020,1185,4,6.0
4253,2020,1186,11,23.0
4254,2020,1189,37,69.0
4255,2020,1195,11,12.0
4256,2020,1199,1,2.0
4257,2020,1200,1,0.0
4258,2020,1203,142,614.0
4259,2020,1204,67,181.0
4260,2020,1205,53,147.0
4261,2020,1207,57,135.0
4262,2020,1208,63,245.0
4263,2020,1209,25,43.0
4264,2020,1211,89,580.0
4265,2020,1213,99,622.0
4266,2020,1215,96,479.0
4267,2020,1218,139,682.0
4268,2020,1219,52,57.0
4269,2020,1231,27,72.0
4270,2020,1232,130,279.0
4271,2020,1233,125,545.0
4272,2020,1235,53,185.0
4273,2020,1239,183,715.0
4274,2020,1241,131,838.0
4275,2020,1242,38,108.0
4276,2020,1243,168,873.0
4277,2020,1245,171,895.0
4278,2020,1248,96,331.0
4279,2020,1249,833,2235.0
4280,2020,1251,84,454.0
4281,2020,1252,24,76.0
4282,2020,1253,94,244.0
4283,2020,1255,63,213.0
4284,2020,1256,214,940.0
4285,2020,1257,69,243.0
4286,2020,1258,305,1040.0
4287,2020,1259,137,674.0
4288,2020,1263,99,366.0
4289,2020,1265,141,592.0
4290,2020,1266,190,741.0
4291,2020,1267,233,1124.0
4292,2020,1268,211,1088.0
4293,2020,1269,196,1194.0
4294,2020,1273,115,557.0
4295,2020,1283,110,438.0
4296,2020,1293,16,14.0
4297,2020,1300,1,0.0
4298,2020,1303,102,354.0
4299,2020,1307,167,651.0
4300,2020,1309,206,1244.0
4301,2020,1311,10,14.0
4302,2020,1313,143,775.0
4303,2020,1317,154,487.0
4304,2020,1321,101,427.0
4305,2020,1322,89,161.0
4306,2020,1323,81,284.0
4307,2020,1324,69,101.0
4308,2020,1325,53,92.0
4309,2020,1326,13,13.0
4310,2020,1327,92,88.0
4311,2020,1331,170,538.0
4312,2020,1333,145,506.0
4313,2020,1341,101,295.0
4314,2020,1342,89,209.0
4315,2020,1343,98,357.0
4316,2020,1344,55,121.0
4317,2020,1345,62,133.0
4318,2020,1346,48,148.0
4319,2020,1347,92,297.0
4320,2020,1351,96,399.0
4321,2020,1352,71,362.0
4322,2020,1353,95,306.0
4323,2020,1354,23,43.0
4324,2020,1361,101,453.0
4325,2020,1362,95,277.0
4326,2020,1363,74,177.0
4327,2020,1364,55,113.0
4328,2020,1365,52,156.0
4329,2020,1367,110,359.0
4330,2020,1371,171,642.0
4331,2020,1372,108,293.0
4332,2020,1373,104,335.0
4333,2020,1375,65,153.0
4334,2020,1377,89,229.0
4335,2020,1381,61,118.0
4336,2020,1383,115,509.0
4337,2020,1385,113,368.0
4338,2020,1391,70,171.0
4339,2020,1393,116,227.0
4340,2020,1394,65,140.0
4341,2020,1395,133,341.0
4342,2020,1401,13,26.0
4343,2020,1402,24,32.0
4344,2020,1403,19,29.0
4345,2020,1405,7,2.0
4346,2020,1406,56,188.0
4347,2020,1407,37,145.0
4348,2020,1408,10,9.0
4349,2020,1409,44,124.0
4350,2020,1411,334,368.0
4351,2020,1412,404,1793.0
4352,2020,1413,120,489.0
4353,2020,1414,47,273.0
4354,2020,1415,83,352.0
4355,2020,1416,10,20.0
4356,2020,1424,14,16.0
4357,2020,1425,5,6.0
4358,2020,1426,8,4.0
4359,2020,1427,19,28.0
4360,2020,1428,14,26.0
4361,2020,1431,500,1876.0
4362,2020,1432,38,138.0
4363,2020,1433,17,53.0
4364,2020,1434,22,65.0
4365,2020,1435,28,78.0
4366,2020,1436,18,16.0
4367,2020,1437,41,109.0
4368,2020,1438,26,49.0
4369,2020,1441,119,573.0
4370,2020,1443,33,144.0
4371,2020,1444,66,356.0
4372,2020,1445,42,133.0
4373,2020,1446,32,105.0
4374,2020,1449,12,24.0
4375,2020,1451,38,12.0
4376,2020,1452,78,215.0
4377,2020,1453,23,51.0
4378,2020,1454,52,253.0
4379,2020,1455,27,70.0
4380,2020,1456,31,65.0
4381,2020,1457,81,168.0
4382,2020,1458,37,67.0
4383,2020,1459,9,10.0
4384,2020,1462,11,4.0
4385,2020,1463,21,51.0
4386,2020,1464,22,57.0
4387,2020,1465,40,123.0
4388,2020,1466,13,32.0
4389,2020,1467,36,36.0
4390,2020,1468,15,19.0
4391,2020,1469,36,154.0
4392,2020,1471,8,4.0
4393,2020,1472,19,69.0
4394,2020,1473,10,23.0
4395,2020,1474,17,25.0
4396,2020,1475,8,13.0
4397,2020,1476,1,2.0
4398,2020,1477,23,12.0
4399,2020,1479,22,41.0
4400,2020,1483,20,79.0
4401,2020,1484,5,3.0
4402,2020,1485,12,41.0
4403,2020,1486,6,1.0
4404,2020,1487,28,45.0
4405,2020,1488,83,206.0
4406,2020,1489,40,75.0
4407,2020,1491,4,8.0
4408,2020,1492,3,0.0
4409,2020,1493,2,1.0
4410,2020,1494,1126,725.0
4411,2020,1495,17,6.0
4412,2020,1496,65,70.0
4413,2020,1497,23,28.0
4414,2020,1498,6,0.0
4415,2020,1499,44,23.0
4416,2020,1501,55,109.0
4417,2020,1502,49,66.0
4418,2020,1503,87,298.0
4419,2020,1504,80,239.0
4420,2020,1505,138,232.0
4421,2020,1506,63,110.0
4422,2020,1508,9,7.0
4423,2020,1509,25,35.0
4424,2020,1511,48,128.0
4425,2020,1512,61,100.0
4426,2020,1513,89,214.0
4427,2020,1514,38,81.0
4428,2020,1515,71,182.0
4429,2020,1516,53,130.0
4430,2020,1517,82,187.0
4431,2020,1519,67,235.0
4432,2020,1521,56,118.0
4433,2020,1522,43,84.0
4434,2020,1523,44,67.0
4435,2020,1524,78,108.0
4436,2020,1525,92,308.0
4437,2020,1526,119,555.0
4438,2020,1527,77,164.0
4439,2020,1529,58,92.0
4440,2020,1531,18,47.0
4441,2020,1532,60,215.0
4442,2020,1533,20,23.0
4443,2020,1534,1,0.0
4444,2020,1535,118,343.0
4445,2020,1536,2,0.0
4446,2020,1538,60,189.0
4447,2020,1539,54,146.0
4448,2020,1541,9,10.0
4449,2020,1543,35,121.0
4450,2020,1544,16,29.0
4451,2020,1545,40,104.0
4452,2020,1546,25,31.0
4453,2020,1547,158,382.0
4454,2020,1548,108,589.0
4455,2020,1549,95,289.0
4456,2020,1551,9,3.0
4457,2020,1553,20,34.0
4458,2020,1555,126,747.0
4459,2020,1557,64,203.0
4460,2020,1559,12,17.0
4461,2020,1562,13,37.0
4462,2020,1563,17,23.0
4463,2020,1565,31,11.0
4464,2020,1566,41,109.0
4465,2020,1567,33,58.0
4466,2020,1569,13,31.0
4467,2020,1581,30,42.0
4468,2020,1583,37,105.0
4469,2020,1585,58,229.0
4470,2020,1586,41,62.0
4471,2020,1587,18,13.0
4472,2020,1588,2,1.0
4473,2020,1589,11,12.0
4474,2020,1591,118,467.0
4475,2020,1595,21,41.0
4476,2020,1596,27,65.0
4477,2020,1599,36,124.0
4478,2020,1600,2,0.0
4479,2020,1601,72,210.0
4480,2020,1602,96,401.0
4481,2020,1603,1,0.0
4482,2020,1605,17,35.0
4483,2020,1606,21,35.0
4484,2020,1608,11,12.0
4485,2020,1611,85,106.0
4486,2020,1612,109,363.0
4487,2020,1613,38,89.0
4488,2020,1614,1,1.0
4489,2020,1615,26,50.0
4490,2020,1617,37,123.0
4491,2020,1618,5,6.0
4492,2020,1619,10,18.0
4493,2020,1621,139,491.0
4494,2020,1622,91,301.0
4495,2020,1623,61,196.0
4496,2020,1627,1,0.0
4497,2020,1633,45,105.0
4498,2020,1634,16,13.0
4499,2020,1635,12,7.0
4500,2020,1636,32,12.0
4501,2020,1637,35,114.0
4502,2020,1638,24,44.0
4503,2020,1639,3,5.0
4504,2020,1641,56,140.0
4505,2020,1642,27,33.0
4506,2020,1643,41,92.0
4507,2020,1645,27,54.0
4508,2020,1649,1,0.0
4509,2020,1651,66,228.0
4510,2020,1653,86,199.0
4511,2020,1654,85,303.0
4512,2020,1655,23,52.0
4513,2020,1656,40,105.0
4514,2020,1657,55,108.0
4515,2020,1658,19,38.0
4516,2020,1659,13,38.0
4517,2020,1661,8,6.0
4518,2020,1663,89,331.0
4519,2020,1664,41,63.0
4520,2020,1665,23,34.0
4521,2020,1667,13,19.0
4522,2020,1668,23,62.0
4523,2020,1672,51,47.0
4524,2020,1673,3,1.0
4525,2020,1675,100,371.0
4526,2020,1676,42,119.0
4527,2020,1677,14,22.0
4528,2020,1678,5,6.0
4529,2020,1679,1,3.0
4530,2020,1681,76,260.0
4531,2020,1682,7,5.0
4532,2020,1683,1,0.0
4533,2020,1684,106,455.0
4534,2020,1685,49,111.0
4535,2020,1687,121,367.0
4536,2020,1689,46,38.0
4537,2020,1691,12,14.0
4538,2020,1693,21,40.0
4539,2020,1694,1,0.0
4540,2020,1695,31,85.0
4541,2020,1698,39,101.0
4542,2020,1699,7,8.0
4543,2020,1701,42,140.0
4544,2020,1703,14,18.0
4545,2020,1705,9,14.0
4546,2020,1706,2,0.0
4547,2020,1707,3,2.0
4548,2020,1708,22,51.0
4549,2020,1709,11,9.0
4550,2020,1712,3,2.0
4551,2020,1713,3,4.0
4552,2020,1714,104,34.0
4553,2020,1715,46,56.0
4554,2020,1716,10,17.0
4555,2020,1717,14,9.0
4556,2020,1718,10,14.0
4557,2020,1719,1,0.0
4558,2020,1721,18,48.0
4559,2020,1722,40,107.0
4560,2020,1723,43,151.0
4561,2020,1725,7,10.0
4562,2020,1727,14,22.0
4563,2020,1728,8,15.0
4564,2020,1729,24,56.0
4565,2020,1735,38,93.0
4566,2020,1737,49,80.0
4567,2020,1738,15,17.0
4568,2020,1739,14,18.0
4569,2020,1743,7,10.0
4570,2020,1745,42,151.0
4571,2020,1747,53,108.0
4572,2020,1749,21,44.0
4573,2020,1751,24,59.0
4574,2020,1752,56,161.0
4575,2020,1753,20,35.0
4576,2020,1754,33,51.0
4577,2020,1755,4,6.0
4578,2020,1756,31,61.0
4579,2020,1757,22,30.0
4580,2020,1758,11,17.0
4581,2020,1759,9,8.0
4582,2020,1761,32,127.0
4583,2020,1762,35,97.0
4584,2020,1763,2,3.0
4585,2020,1764,214,749.0
4586,2020,1765,4,5.0
4587,2020,1766,3,1.0
4588,2020,1767,25,73.0
4589,2020,1768,4,4.0
4590,2020,1771,21,25.0
4591,2020,1772,10,4.0
4592,2020,1773,6,3.0
4593,2020,1774,5,2.0
4594,2020,1775,15,31.0
4595,2020,1776,9,13.0
4596,2020,1777,14,26.0
4597,2020,1778,1,1.0
4598,2020,1779,24,37.0
4599,2020,1781,47,180.0
4600,2020,1782,46,126.0
4601,2020,1783,16,36.0
4602,2020,1785,75,192.0
4603,2020,1787,13,25.0
4604,2020,1788,17,29.0
4605,2020,1791,54,194.0
4606,2020,1792,25,61.0
4607,2020,1793,55,126.0
4608,2020,1794,69,255.0
4609,2020,1795,29,88.0
4610,2020,1796,16,28.0
4611,2020,1797,60,130.0
4612,2020,1798,21,27.0
4613,2020,1799,28,59.0
4614,2020,1801,245,1223.0
4615,2020,1802,289,1434.0
4616,2020,1803,52,95.0
4617,2020,1804,80,272.0
4618,2020,1805,38,110.0
4619,2020,1806,76,244.0
4620,2020,1821,159,845.0
4621,2020,1822,282,1630.0
4622,2020,1823,123,637.0
4623,2020,1824,141,802.0
4624,2020,1826,91,419.0
4625,2020,1827,91,384.0
4626,2020,1829,84,166.0
4627,2020,1831,59,213.0
4628,2020,1832,131,414.0
4629,2020,1834,71,228.0
4630,2020,1835,20,33.0
4631,2020,1836,42,117.0
4632,2020,1837,117,582.0
4633,2020,1838,22,47.0
4634,2020,1839,42,88.0
4635,2020,1841,182,846.0
4636,2020,1842,162,929.0
4637,2020,1844,135,698.0
4638,2020,1846,137,522.0
4639,2020,1849,124,532.0
4640,2020,1851,30,60.0
4641,2020,1861,68,141.0
4642,2020,1862,123,375.0
4643,2020,1863,54,149.0
4644,2020,1864,40,89.0
4645,2020,1871,38,106.0
4646,2020,1881,39,101.0
4647,2020,1891,20,40.0
4648,2020,1901,49,89.0
4649,2020,1902,53,193.0
4650,2020,1903,8,7.0
4651,2020,1904,22,39.0
4652,2020,1905,35,43.0
4653,2020,1906,21,50.0
4654,2020,1907,31,75.0
4655,2020,1908,19,39.0
4656,2020,1909,24,19.0
4657,2020,1911,31,43.0
4658,2020,1912,17,26.0
4659,2020,1913,65,242.0
4660,2020,1915,43,107.0
4661,2020,1916,58,132.0
4662,2020,1917,38,102.0
4663,2020,1918,72,244.0
4664,2020,1919,9,12.0
4665,2020,1921,74,297.0
4666,2020,1922,1,0.0
4667,2020,1924,84,326.0
4668,2020,1925,26,75.0
4669,2020,1931,18,17.0
4670,2020,1934,33,23.0
4671,2020,1935,18,27.0
4672,2020,1936,17,26.0
4673,2020,1941,62,88.0
4674,2020,1942,1,0.0
4675,2020,1943,31,75.0
4676,2020,1944,27,63.0
4677,2020,1945,14,15.0
4678,2020,1951,85,155.0
4679,2020,1952,49,36.0
4680,2020,1954,31,82.0
4681,2020,1955,12,17.0
4682,2020,1956,8,11.0
4683,2020,1958,91,244.0
4684,2020,1959,47,126.0
4685,2020,1961,136,444.0
4686,2020,1962,110,200.0
4687,2020,1963,93,185.0
4688,2020,1964,87,221.0
4689,2020,1966,58,121.0
4690,2020,1967,55,166.0
4691,2020,1969,48,104.0
4692,2020,1971,56,134.0
4693,2020,1972,40,90.0
4694,2020,1974,58,168.0
4695,2020,1975,27,15.0
4696,2020,1977,44,132.0
4697,2020,1979,6,5.0
4698,2020,1981,171,583.0
4699,2020,1982,161,300.0
4700,2020,1983,130,336.0
4701,2020,1984,153,609.0
4702,2020,1985,180,845.0
4703,2020,1986,1,0.0
4704,2020,1987,66,159.0
4705,2020,1988,57,84.0
4706,2020,1989,21,40.0
4707,2020,1991,68,172.0
4708,2020,1993,58,109.0
4709,2020,1994,77,185.0
4710,2020,1995,98,165.0
4711,2020,1996,1,0.0
4712,2020,1998,79,260.0
4713,2020,1999,62,161.0
4714,2020,2000,2,0.0
4715,2020,2001,19,51.0
4716,2020,2002,101,198.0
4717,2020,2004,49,80.0
4718,2020,2005,35,92.0
4719,2020,2011,32,81.0
4720,2020,2013,34,70.0
4721,2020,2014,48,90.0
4722,2020,2015,51,143.0
4723,2020,2016,35,84.0
4724,2020,2017,47,144.0
4725,2020,2019,154,402.0
4726,2020,2021,41,106.0
4727,2020,2022,58,250.0
4728,2020,2023,38,73.0
4729,2020,2024,74,335.0
4730,2020,2025,15,34.0
4731,2020,2026,84,240.0
4732,2020,2027,105,659.0
4733,2020,2029,142,749.0
4734,2020,2031,58,174.0
4735,2020,2033,101,340.0
4736,2020,2034,50,133.0
4737,2020,2035,25,49.0
4738,2020,2036,43,150.0
4739,2020,2038,39,87.0
4740,2020,2039,58,139.0
4741,2020,2041,27,44.0
4742,2020,2042,33,52.0
4743,2020,2044,30,59.0
4744,2020,2045,24,40.0
4745,2020,2046,28,60.0
4746,2020,2049,51,87.0
4747,2020,2053,48,79.0
4748,2020,2054,32,68.0
4749,2020,2055,65,126.0
4750,2020,2056,54,177.0
4751,2020,2058,47,113.0
4752,2020,2062,129,363.0
4753,2020,2063,41,68.0
4754,2020,2064,29,54.0
4755,2020,2069,118,325.0
4756,2020,2071,58,186.0
4757,2020,2073,40,39.0
4758,2020,2074,57,125.0
4759,2020,2076,75,222.0
4760,2020,2079,67,191.0
4761,2020,2081,60,165.0
4762,2020,2083,39,37.0
4763,2020,2088,57,146.0
4764,2020,2091,14,9.0
4765,2020,2093,28,29.0
4766,2020,2097,48,76.0
4767,2020,2099,26,45.0
4768,2020,2101,3,4.0
4769,2020,2102,11,18.0
4770,2020,2103,25,68.0
4771,2020,2104,18,43.0
4772,2020,2105,77,207.0
4773,2020,2106,5,6.0
4774,2020,2107,55,144.0
4775,2020,2111,12,28.0
4776,2020,2113,16,26.0
4777,2020,2114,28,37.0
4778,2020,2115,50,101.0
4779,2020,2118,47,100.0
4780,2020,2125,19,47.0
4781,2020,2126,87,208.0
4782,2020,2128,51,110.0
4783,2020,2129,24,43.0
4784,2020,2131,1,1.0
4785,2020,2132,3,7.0
4786,2020,2133,21,57.0
4787,2020,2134,100,307.0
4788,2020,2136,178,685.0
4789,2020,2137,148,253.0
4790,2020,2138,65,102.0
4791,2020,2139,93,255.0
4792,2020,2141,24,52.0
4793,2020,2142,20,47.0
4794,2020,2143,96,356.0
4795,2020,2144,61,122.0
4796,2020,2145,29,89.0
4797,2020,2146,242,738.0
4798,2020,2147,125,266.0
4799,2020,2148,125,243.0
4800,2020,2149,27,63.0
4801,2020,2155,21,61.0
4802,2020,2156,144,511.0
4803,2020,2157,167,605.0
4804,2020,2158,60,213.0
4805,2020,2159,12,15.0
4806,2020,2161,6,9.0
4807,2020,2162,5,6.0
4808,2020,2169,24,27.0
4809,2020,2172,8,17.0
4810,2020,2173,25,39.0
4811,2020,2175,48,227.0
4812,2020,2177,86,285.0
4813,2020,2183,18,53.0
4814,2020,2185,38,123.0
4815,2020,2187,102,414.0
4816,2020,2189,123,512.0
4817,2020,2196,9,15.0
4818,2020,2197,3,2.0
4819,2020,2198,2,2.0
4820,2021,100,1,0.0
4821,2021,101,52,109.0
4822,2021,105,17,22.0
4823,2021,109,17,1.0
4824,2021,111,175,1386.0
4825,2021,112,26,37.0
4826,2021,118,31,49.0
4827,2021,119,267,1257.0
4828,2021,121,26,45.0
4829,2021,122,22,20.0
4830,2021,123,45,52.0
4831,2021,124,61,227.0
4832,2021,127,302,243.0
4833,2021,128,50,118.0
4834,2021,129,34,45.0
4835,2021,131,13,18.0
4836,2021,132,25,75.0
4837,2021,133,10,13.0
4838,2021,134,11,23.0
4839,2021,135,56,151.0
4840,2021,138,97,418.0
4841,2021,139,39,101.0
4842,2021,141,16,40.0
4843,2021,142,79,235.0
4844,2021,143,21,55.0
4845,2021,144,16,39.0
4846,2021,145,40,99.0
4847,2021,146,31,48.0
4848,2021,147,44,101.0
4849,2021,148,61,177.0
4850,2021,151,29,81.0
4851,2021,152,120,628.0
4852,2021,153,105,610.0
4853,2021,154,68,297.0
4854,2021,155,130,422.0
4855,2021,156,140,745.0
4856,2021,157,168,636.0
4857,2021,158,147,648.0
4858,2021,159,56,169.0
4859,2021,161,69,203.0
4860,2021,162,219,1379.0
4861,2021,163,66,159.0
4862,2021,164,61,175.0
4863,2021,165,63,127.0
4864,2021,166,73,249.0
4865,2021,171,88,163.0
4866,2021,174,37,94.0
4867,2021,176,97,228.0
4868,2021,181,21,27.0
4869,2021,182,139,897.0
4870,2021,185,166,579.0
4871,2021,191,60,74.0
4872,2021,192,165,942.0
4873,2021,195,153,496.0
4874,2021,201,94,394.0
4875,2021,202,54,114.0
4876,2021,203,35,66.0
4877,2021,204,22,91.0
4878,2021,205,40,113.0
4879,2021,211,51,120.0
4880,2021,212,109,441.0
4881,2021,214,1,0.0
4882,2021,215,56,144.0
4883,2021,216,49,184.0
4884,2021,217,54,122.0
4885,2021,218,262,169.0
4886,2021,219,52,158.0
4887,2021,221,42,117.0
4888,2021,224,2,0.0
4889,2021,225,1,0.0
4890,2021,231,40,116.0
4891,2021,233,54,175.0
4892,2021,235,58,217.0
4893,2021,236,80,300.0
4894,2021,237,130,534.0
4895,2021,238,25,38.0
4896,2021,239,9,8.0
4897,2021,241,17,36.0
4898,2021,243,1,0.0
4899,2021,245,828,2321.0
4900,2021,246,358,940.0
4901,2021,247,78,194.0
4902,2021,248,71,175.0
4903,2021,249,93,351.0
4904,2021,251,61,187.0
4905,2021,252,1,0.0
4906,2021,256,166,378.0
4907,2021,257,158,608.0
4908,2021,261,63,175.0
4909,2021,265,136,321.0
4910,2021,266,139,209.0
4911,2021,269,118,633.0
4912,2021,271,69,202.0
4913,2021,275,111,238.0
4914,2021,277,1,0.0
4915,2021,279,32,63.0
4916,2021,281,31,79.0
4917,2021,282,1,0.0
4918,2021,285,57,86.0
4919,2021,286,1,0.0
4920,2021,289,39,47.0
4921,2021,291,56,121.0
4922,2021,292,10,10.0
4923,2021,295,88,123.0
4924,2021,296,2,0.0
4925,2021,299,69,141.0
4926,2021,300,1,0.0
4927,2021,301,11,22.0
4928,2021,303,16,10.0
4929,2021,305,34,49.0
4930,2021,307,20,20.0
4931,2021,308,57,128.0
4932,2021,309,27,5.0
4933,2021,311,44,199.0
4934,2021,312,52,151.0
4935,2021,313,12,8.0
4936,2021,314,66,248.0
4937,2021,315,61,146.0
4938,2021,316,75,118.0
4939,2021,317,94,276.0
4940,2021,318,44,63.0
4941,2021,319,45,98.0
4942,2021,321,31,146.0
4943,2021,325,40,45.0
4944,2021,326,73,178.0
4945,2021,327,25,28.0
4946,2021,328,78,169.0
4947,2021,329,64,90.0
4948,2021,331,52,92.0
4949,2021,332,16,26.0
4950,2021,333,68,182.0
4951,2021,334,93,237.0
4952,2021,335,25,74.0
4953,2021,336,49,115.0
4954,2021,337,46,77.0
4955,2021,338,46,68.0
4956,2021,341,28,82.0
4957,2021,343,9,9.0
4958,2021,351,7,8.0
4959,2021,353,46,93.0
4960,2021,354,28,54.0
4961,2021,355,72,196.0
4962,2021,356,81,327.0
4963,2021,357,100,267.0
4964,2021,358,41,17.0
4965,2021,359,73,110.0
4966,2021,361,93,339.0
4967,2021,362,71,334.0
4968,2021,363,174,1024.0
4969,2021,373,36,71.0
4970,2021,374,35,95.0
4971,2021,375,110,489.0
4972,2021,376,154,501.0
4973,2021,377,59,156.0
4974,2021,378,85,98.0
4975,2021,379,53,118.0
4976,2021,391,21,51.0
4977,2021,392,87,394.0
4978,2021,393,85,304.0
4979,2021,394,42,104.0
4980,2021,395,246,972.0
4981,2021,396,112,370.0
4982,2021,397,139,578.0
4983,2021,398,86,198.0
4984,2021,399,115,135.0
4985,2021,400,1,0.0
4986,2021,401,20,16.0
4987,2021,402,8,16.0
4988,2021,403,17,18.0
4989,2021,404,16,15.0
4990,2021,406,7,8.0
4991,2021,407,29,81.0
4992,2021,408,16,34.0
4993,2021,409,33,76.0
4994,2021,411,57,110.0
4995,2021,412,58,228.0
4996,2021,413,7,5.0
4997,2021,414,2,2.0
4998,2021,415,31,84.0
4999,2021,416,8,18.0
5000,2021,417,10,26.0
5001,2021,418,11,14.0
5002,2021,421,46,128.0
5003,2021,422,50,122.0
5004,2021,423,73,212.0
5005,2021,424,75,208.0
5006,2021,426,53,65.0
5007,2021,427,38,91.0
5008,2021,428,14,18.0
5009,2021,429,34,90.0
5010,2021,437,44,108.0
5011,2021,438,50,141.0
5012,2021,439,30,89.0
5013,2021,441,25,25.0
5014,2021,442,23,48.0
5015,2021,443,49,124.0
5016,2021,445,12,8.0
5017,2021,448,38,86.0
5018,2021,449,40,86.0
5019,2021,451,80,179.0
5020,2021,452,9,8.0
5021,2021,453,46,159.0
5022,2021,454,23,49.0
5023,2021,455,71,182.0
5024,2021,456,35,69.0
5025,2021,457,45,111.0
5026,2021,459,28,59.0
5027,2021,461,24,61.0
5028,2021,462,16,36.0
5029,2021,463,56,103.0
5030,2021,464,114,383.0
5031,2021,465,13,21.0
5032,2021,466,50,147.0
5033,2021,467,52,153.0
5034,2021,468,22,45.0
5035,2021,469,29,46.0
5036,2021,471,33,53.0
5037,2021,473,65,182.0
5038,2021,477,44,101.0
5039,2021,478,42,185.0
5040,2021,479,41,111.0
5041,2021,483,5,0.0
5042,2021,487,18,20.0
5043,2021,488,21,33.0
5044,2021,489,30,65.0
5045,2021,491,45,82.0
5046,2021,497,130,529.0
5047,2021,499,53,124.0
5048,2021,501,24,59.0
5049,2021,502,1,1.0
5050,2021,503,49,129.0
5051,2021,504,66,268.0
5052,2021,505,4,12.0
5053,2021,506,31,106.0
5054,2021,507,23,87.0
5055,2021,508,8,9.0
5056,2021,509,31,82.0
5057,2021,511,43,113.0
5058,2021,512,11,11.0
5059,2021,513,47,168.0
5060,2021,514,80,314.0
5061,2021,515,47,159.0
5062,2021,516,43,119.0
5063,2021,517,38,103.0
5064,2021,518,30,48.0
5065,2021,519,42,115.0
5066,2021,521,26,68.0
5067,2021,522,41,120.0
5068,2021,523,50,47.0
5069,2021,524,38,76.0
5070,2021,525,82,254.0
5071,2021,526,95,303.0
5072,2021,527,14,2.0
5073,2021,528,43,84.0
5074,2021,529,187,809.0
5075,2021,531,22,57.0
5076,2021,532,39,80.0
5077,2021,541,28,66.0
5078,2021,551,23,65.0
5079,2021,555,36,99.0
5080,2021,557,80,405.0
5081,2021,558,47,121.0
5082,2021,559,7,3.0
5083,2021,561,6,8.0
5084,2021,562,13,25.0
5085,2021,563,112,638.0
5086,2021,564,96,359.0
5087,2021,565,39,116.0
5088,2021,566,115,434.0
5089,2021,567,48,140.0
5090,2021,569,17,3.0
5091,2021,581,9,25.0
5092,2021,583,9,16.0
5093,2021,584,14,26.0
5094,2021,585,72,289.0
5095,2021,587,99,99.0
5096,2021,589,13,10.0
5097,2021,615,44,90.0
5098,2021,621,6,14.0
5099,2021,622,55,278.0
5100,2021,625,60,245.0
5101,2021,626,35,88.0
5102,2021,627,9,14.0
5103,2021,628,38,122.0
5104,2021,629,21,63.0
5105,2021,631,8,29.0
5106,2021,632,55,321.0
5107,2021,635,49,79.0
5108,2021,636,341,2751.0
5109,2021,637,96,382.0
5110,2021,638,96,371.0
5111,2021,639,66,211.0
5112,2021,642,49,140.0
5113,2021,643,145,1014.0
5114,2021,644,80,323.0
5115,2021,645,558,3515.0
5116,2021,646,359,2215.0
5117,2021,647,205,1092.0
5118,2021,648,135,700.0
5119,2021,649,64,175.0
5120,2021,656,65,241.0
5121,2021,657,73,265.0
5122,2021,659,84,171.0
5123,2021,663,103,569.0
5124,2021,665,7,0.0
5125,2021,666,313,1850.0
5126,2021,667,99,214.0
5127,2021,668,161,474.0
5128,2021,669,88,228.0
5129,2021,671,1,0.0
5130,2021,676,64,153.0
5131,2021,677,68,158.0
5132,2021,678,116,337.0
5133,2021,679,51,80.0
5134,2021,699,1,0.0
5135,2021,701,53,331.0
5136,2021,702,102,622.0
5137,2021,705,36,129.0
5138,2021,706,28,98.0
5139,2021,711,43,262.0
5140,2021,713,16,43.0
5141,2021,714,2,3.0
5142,2021,715,10,20.0
5143,2021,716,1,0.0
5144,2021,717,14,31.0
5145,2021,718,1,0.0
5146,2021,719,19,51.0
5147,2021,721,89,602.0
5148,2021,722,62,279.0
5149,2021,723,31,140.0
5150,2021,724,55,164.0
5151,2021,725,5,10.0
5152,2021,726,11,50.0
5153,2021,727,18,41.0
5154,2021,729,7,18.0
5155,2021,732,20,94.0
5156,2021,733,7,15.0
5157,2021,734,32,148.0
5158,2021,735,26,91.0
5159,2021,736,12,20.0
5160,2021,737,25,38.0
5161,2021,738,11,30.0
5162,2021,739,9,12.0
5163,2021,742,12,13.0
5164,2021,743,18,43.0
5165,2021,745,58,229.0
5166,2021,747,15,34.0
5167,2021,749,31,87.0
5168,2021,752,20,66.0
5169,2021,753,14,33.0
5170,2021,755,41,68.0
5171,2021,757,1,0.0
5172,2021,758,28,79.0
5173,2021,759,54,88.0
5174,2021,762,54,139.0
5175,2021,763,13,37.0
5176,2021,764,31,59.0
5177,2021,765,133,904.0
5178,2021,766,14,22.0
5179,2021,767,12,18.0
5180,2021,769,35,87.0
5181,2021,771,1,0.0
5182,2021,773,25,56.0
5183,2021,774,39,141.0
5184,2021,775,64,156.0
5185,2021,776,25,51.0
5186,2021,777,21,38.0
5187,2021,778,25,43.0
5188,2021,779,25,33.0
5189,2021,782,67,295.0
5190,2021,783,36,87.0
5191,2021,784,32,79.0
5192,2021,785,41,109.0
5193,2021,786,1,0.0
5194,2021,787,22,12.0
5195,2021,788,20,32.0
5196,2021,789,37,72.0
5197,2021,793,1,0.0
5198,2021,799,1,0.0
5199,2021,801,5,6.0
5200,2021,802,7,14.0
5201,2021,803,10,11.0
5202,2021,804,4,1.0
5203,2021,805,44,81.0
5204,2021,806,21,65.0
5205,2021,807,8,17.0
5206,2021,808,11,42.0
5207,2021,809,3,6.0
5208,2021,811,20,74.0
5209,2021,812,4,7.0
5210,2021,813,20,25.0
5211,2021,814,4,2.0
5212,2021,815,7,10.0
5213,2021,816,3,6.0
5214,2021,817,38,150.0
5215,2021,818,15,10.0
5216,2021,819,9,21.0
5217,2021,821,35,27.0
5218,2021,822,12,28.0
5219,2021,823,5,16.0
5220,2021,824,17,28.0
5221,2021,825,5,11.0
5222,2021,826,1,2.0
5223,2021,827,19,49.0
5224,2021,828,32,22.0
5225,2021,829,25,43.0
5226,2021,831,18,86.0
5227,2021,832,27,104.0
5228,2021,833,36,115.0
5229,2021,834,15,31.0
5230,2021,835,45,252.0
5231,2021,836,24,76.0
5232,2021,837,3,4.0
5233,2021,838,12,17.0
5234,2021,839,48,147.0
5235,2021,841,50,135.0
5236,2021,842,111,230.0
5237,2021,847,8,22.0
5238,2021,848,4,8.0
5239,2021,849,28,141.0
5240,2021,851,70,95.0
5241,2021,852,78,172.0
5242,2021,853,144,590.0
5243,2021,854,50,54.0
5244,2021,855,70,180.0
5245,2021,857,53,106.0
5246,2021,858,13,26.0
5247,2021,859,56,214.0
5248,2021,861,3,4.0
5249,2021,871,4,2.0
5250,2021,872,6,2.0
5251,2021,881,233,573.0
5252,2021,882,138,215.0
5253,2021,883,147,173.0
5254,2021,884,82,216.0
5255,2021,885,21,34.0
5256,2021,886,6,15.0
5257,2021,887,9,10.0
5258,2021,889,56,183.0
5259,2021,891,45,18.0
5260,2021,892,47,40.0
5261,2021,893,43,92.0
5262,2021,895,22,53.0
5263,2021,896,3,3.0
5264,2021,897,33,42.0
5265,2021,898,49,94.0
5266,2021,899,102,184.0
5267,2021,901,128,402.0
5268,2021,904,441,1098.0
5269,2021,905,66,241.0
5270,2021,906,66,179.0
5271,2021,909,100,403.0
5272,2021,911,160,675.0
5273,2021,914,250,1175.0
5274,2021,915,50,157.0
5275,2021,916,45,82.0
5276,2021,917,1,0.0
5277,2021,919,50,133.0
5278,2021,922,1,0.0
5279,2021,923,147,724.0
5280,2021,924,2,0.0
5281,2021,925,1,0.0
5282,2021,926,133,601.0
5283,2021,929,21,39.0
5284,2021,931,26,25.0
5285,2021,932,86,256.0
5286,2021,933,136,379.0
5287,2021,934,3,0.0
5288,2021,935,979,1661.0
5289,2021,937,24,51.0
5290,2021,938,19,46.0
5291,2021,939,25,79.0
5292,2021,941,110,510.0
5293,2021,943,61,228.0
5294,2021,945,1,0.0
5295,2021,946,41,142.0
5296,2021,948,13,19.0
5297,2021,951,1,0.0
5298,2021,952,105,381.0
5299,2021,955,4,3.0
5300,2021,957,3,0.0
5301,2021,958,24,0.0
5302,2021,961,13,8.0
5303,2021,963,42,140.0
5304,2021,964,85,323.0
5305,2021,966,16,32.0
5306,2021,969,35,120.0
5307,2021,971,77,205.0
5308,2021,974,49,197.0
5309,2021,975,1,0.0
5310,2021,976,9,9.0
5311,2021,979,10,17.0
5312,2021,981,18,40.0
5313,2021,984,10,9.0
5314,2021,985,49,180.0
5315,2021,986,1,0.0
5316,2021,989,43,138.0
5317,2021,991,5,3.0
5318,2021,994,5,7.0
5319,2021,998,21,53.0
5320,2021,1001,78,283.0
5321,2021,1003,38,108.0
5322,2021,1004,68,234.0
5323,2021,1005,121,270.0
5324,2021,1006,29,66.0
5325,2021,1007,19,45.0
5326,2021,1008,138,618.0
5327,2021,1009,32,36.0
5328,2021,1011,54,134.0
5329,2021,1012,70,113.0
5330,2021,1015,113,337.0
5331,2021,1017,46,101.0
5332,2021,1018,81,260.0
5333,2021,1019,31,39.0
5334,2021,1021,66,169.0
5335,2021,1023,73,270.0
5336,2021,1024,73,207.0
5337,2021,1025,116,526.0
5338,2021,1027,48,145.0
5339,2021,1028,30,78.0
5340,2021,1029,74,241.0
5341,2021,1031,27,86.0
5342,2021,1033,48,160.0
5343,2021,1034,17,48.0
5344,2021,1035,85,205.0
5345,2021,1037,18,43.0
5346,2021,1038,2,0.0
5347,2021,1039,81,229.0
5348,2021,1041,46,100.0
5349,2021,1042,2,0.0
5350,2021,1043,41,125.0
5351,2021,1044,24,52.0
5352,2021,1045,40,121.0
5353,2021,1047,36,80.0
5354,2021,1048,2,0.0
5355,2021,1049,46,108.0
5356,2021,1051,1,0.0
5357,2021,1055,1,0.0
5358,2021,1061,55,180.0
5359,2021,1062,1,0.0
5360,2021,1063,84,414.0
5361,2021,1065,52,185.0
5362,2021,1067,64,198.0
5363,2021,1068,2,2.0
5364,2021,1069,1,0.0
5365,2021,1075,28,57.0
5366,2021,1076,1,0.0
5367,2021,1077,29,48.0
5368,2021,1078,18,38.0
5369,2021,1079,47,109.0
5370,2021,1081,1,0.0
5371,2021,1083,6,15.0
5372,2021,1085,2,0.0
5373,2021,1088,9,12.0
5374,2021,1089,20,27.0
5375,2021,1091,7,13.0
5376,2021,1094,2,2.0
5377,2021,1097,4,12.0
5378,2021,1098,1,0.0
5379,2021,1099,16,20.0
5380,2021,1101,63,80.0
5381,2021,1102,35,110.0
5382,2021,1105,11,15.0
5383,2021,1107,24,53.0
5384,2021,1109,35,77.0
5385,2021,1112,24,46.0
5386,2021,1113,26,45.0
5387,2021,1115,26,58.0
5388,2021,1116,19,20.0
5389,2021,1117,35,86.0
5390,2021,1118,29,60.0
5391,2021,1119,14,12.0
5392,2021,1122,9,3.0
5393,2021,1123,33,73.0
5394,2021,1124,124,371.0
5395,2021,1125,25,52.0
5396,2021,1126,34,64.0
5397,2021,1127,18,35.0
5398,2021,1128,34,66.0
5399,2021,1129,29,71.0
5400,2021,1132,39,119.0
5401,2021,1133,35,76.0
5402,2021,1134,61,212.0
5403,2021,1135,37,87.0
5404,2021,1136,69,239.0
5405,2021,1137,29,44.0
5406,2021,1138,20,24.0
5407,2021,1139,26,48.0
5408,2021,1141,41,140.0
5409,2021,1142,30,134.0
5410,2021,1143,20,55.0
5411,2021,1144,19,34.0
5412,2021,1145,38,141.0
5413,2021,1146,26,46.0
5414,2021,1147,20,39.0
5415,2021,1148,35,111.0
5416,2021,1149,55,108.0
5417,2021,1151,96,508.0
5418,2021,1152,27,78.0
5419,2021,1153,4,15.0
5420,2021,1157,5,4.0
5421,2021,1158,17,39.0
5422,2021,1159,8,7.0
5423,2021,1161,59,67.0
5424,2021,1162,132,702.0
5425,2021,1163,42,66.0
5426,2021,1169,18,19.0
5427,2021,1171,28,85.0
5428,2021,1172,29,82.0
5429,2021,1173,15,22.0
5430,2021,1174,1,2.0
5431,2021,1175,5,4.0
5432,2021,1176,34,64.0
5433,2021,1177,115,301.0
5434,2021,1178,14,18.0
5435,2021,1179,52,52.0
5436,2021,1181,60,160.0
5437,2021,1183,23,73.0
5438,2021,1184,12,24.0
5439,2021,1185,3,1.0
5440,2021,1186,9,15.0
5441,2021,1189,37,40.0
5442,2021,1195,84,94.0
5443,2021,1199,7,1.0
5444,2021,1203,127,602.0
5445,2021,1204,53,178.0
5446,2021,1205,58,160.0
5447,2021,1207,57,130.0
5448,2021,1208,78,226.0
5449,2021,1209,36,52.0
5450,2021,1211,120,698.0
5451,2021,1213,97,562.0
5452,2021,1215,106,520.0
5453,2021,1218,111,480.0
5454,2021,1219,42,54.0
5455,2021,1231,31,98.0
5456,2021,1232,90,215.0
5457,2021,1233,160,566.0
5458,2021,1235,72,205.0
5459,2021,1239,170,660.0
5460,2021,1241,165,1076.0
5461,2021,1242,25,72.0
5462,2021,1243,127,634.0
5463,2021,1245,170,784.0
5464,2021,1248,111,414.0
5465,2021,1249,788,1884.0
5466,2021,1251,86,423.0
5467,2021,1252,54,121.0
5468,2021,1253,86,235.0
5469,2021,1255,61,187.0
5470,2021,1256,195,813.0
5471,2021,1257,137,428.0
5472,2021,1258,444,1246.0
5473,2021,1259,139,680.0
5474,2021,1263,82,368.0
5475,2021,1265,93,520.0
5476,2021,1266,226,826.0
5477,2021,1267,217,1077.0
5478,2021,1268,180,924.0
5479,2021,1269,197,1198.0
5480,2021,1273,104,475.0
5481,2021,1283,109,422.0
5482,2021,1293,29,37.0
5483,2021,1303,102,340.0
5484,2021,1307,143,516.0
5485,2021,1309,199,1262.0
5486,2021,1311,8,4.0
5487,2021,1313,178,913.0
5488,2021,1317,179,653.0
5489,2021,1321,169,698.0
5490,2021,1322,124,213.0
5491,2021,1323,65,199.0
5492,2021,1324,50,77.0
5493,2021,1325,30,65.0
5494,2021,1326,9,7.0
5495,2021,1327,32,48.0
5496,2021,1331,237,723.0
5497,2021,1333,93,402.0
5498,2021,1341,168,484.0
5499,2021,1342,72,218.0
5500,2021,1343,110,372.0
5501,2021,1344,52,100.0
5502,2021,1345,79,171.0
5503,2021,1346,51,189.0
5504,2021,1347,78,286.0
5505,2021,1351,114,460.0
5506,2021,1352,87,384.0
5507,2021,1353,56,185.0
5508,2021,1354,42,103.0
5509,2021,1361,143,494.0
5510,2021,1362,75,292.0
5511,2021,1363,55,121.0
5512,2021,1364,49,89.0
5513,2021,1365,56,170.0
5514,2021,1367,97,348.0
5515,2021,1371,129,531.0
5516,2021,1372,66,192.0
5517,2021,1373,54,138.0
5518,2021,1375,52,152.0
5519,2021,1377,69,188.0
5520,2021,1381,65,89.0
5521,2021,1383,143,509.0
5522,2021,1385,65,211.0
5523,2021,1391,63,120.0
5524,2021,1393,74,158.0
5525,2021,1394,47,93.0
5526,2021,1395,142,317.0
5527,2021,1400,3,0.0
5528,2021,1401,11,12.0
5529,2021,1402,31,56.0
5530,2021,1403,27,36.0
5531,2021,1405,5,6.0
5532,2021,1406,35,135.0
5533,2021,1407,42,169.0
5534,2021,1408,6,4.0
5535,2021,1409,44,165.0
5536,2021,1411,797,669.0
5537,2021,1412,792,2471.0
5538,2021,1413,77,281.0
5539,2021,1414,75,311.0
5540,2021,1415,25,98.0
5541,2021,1416,3,7.0
5542,2021,1424,4,6.0
5543,2021,1425,22,20.0
5544,2021,1426,4,2.0
5545,2021,1427,32,61.0
5546,2021,1428,17,42.0
5547,2021,1431,684,2060.0
5548,2021,1432,56,191.0
5549,2021,1433,19,49.0
5550,2021,1434,15,29.0
5551,2021,1435,51,116.0
5552,2021,1436,9,7.0
5553,2021,1437,36,92.0
5554,2021,1438,24,72.0
5555,2021,1441,137,650.0
5556,2021,1443,35,74.0
5557,2021,1444,53,252.0
5558,2021,1445,28,104.0
5559,2021,1446,16,30.0
5560,2021,1449,21,30.0
5561,2021,1451,49,8.0
5562,2021,1452,103,276.0
5563,2021,1453,12,33.0
5564,2021,1454,45,189.0
5565,2021,1455,24,41.0
5566,2021,1456,27,48.0
5567,2021,1457,92,198.0
5568,2021,1458,83,131.0
5569,2021,1459,7,13.0
5570,2021,1462,17,7.0
5571,2021,1463,38,84.0
5572,2021,1464,18,51.0
5573,2021,1465,27,72.0
5574,2021,1466,15,27.0
5575,2021,1467,28,55.0
5576,2021,1468,19,39.0
5577,2021,1469,41,235.0
5578,2021,1471,23,14.0
5579,2021,1472,34,74.0
5580,2021,1473,17,38.0
5581,2021,1474,18,31.0
5582,2021,1475,1,2.0
5583,2021,1476,6,7.0
5584,2021,1477,11,20.0
5585,2021,1479,15,31.0
5586,2021,1483,22,56.0
5587,2021,1484,12,10.0
5588,2021,1485,16,47.0
5589,2021,1486,4,0.0
5590,2021,1487,20,30.0
5591,2021,1488,84,188.0
5592,2021,1489,31,53.0
5593,2021,1491,16,15.0
5594,2021,1492,5,1.0
5595,2021,1493,24,2.0
5596,2021,1494,1133,777.0
5597,2021,1495,22,16.0
5598,2021,1496,83,122.0
5599,2021,1497,18,33.0
5600,2021,1498,5,0.0
5601,2021,1499,19,15.0
5602,2021,1501,26,51.0
5603,2021,1502,42,51.0
5604,2021,1503,82,281.0
5605,2021,1504,71,143.0
5606,2021,1505,80,181.0
5607,2021,1506,47,121.0
5608,2021,1508,12,11.0
5609,2021,1509,17,17.0
5610,2021,1511,53,137.0
5611,2021,1512,37,99.0
5612,2021,1513,93,167.0
5613,2021,1514,30,59.0
5614,2021,1515,68,155.0
5615,2021,1516,64,147.0
5616,2021,1517,81,134.0
5617,2021,1519,68,197.0
5618,2021,1521,35,68.0
5619,2021,1522,44,124.0
5620,2021,1523,20,60.0
5621,2021,1524,69,99.0
5622,2021,1525,85,256.0
5623,2021,1526,98,352.0
5624,2021,1527,73,146.0
5625,2021,1529,40,81.0
5626,2021,1531,16,33.0
5627,2021,1532,43,146.0
5628,2021,1533,17,23.0
5629,2021,1535,122,403.0
5630,2021,1537,1,0.0
5631,2021,1538,46,141.0
5632,2021,1539,52,172.0
5633,2021,1541,13,24.0
5634,2021,1543,29,93.0
5635,2021,1544,17,32.0
5636,2021,1545,32,75.0
5637,2021,1546,10,24.0
5638,2021,1547,174,412.0
5639,2021,1548,99,550.0
5640,2021,1549,115,472.0
5641,2021,1551,8,3.0
5642,2021,1553,9,14.0
5643,2021,1555,140,840.0
5644,2021,1557,67,223.0
5645,2021,1559,8,8.0
5646,2021,1562,21,42.0
5647,2021,1563,18,46.0
5648,2021,1565,30,25.0
5649,2021,1566,62,145.0
5650,2021,1567,33,51.0
5651,2021,1569,10,22.0
5652,2021,1581,23,43.0
5653,2021,1583,26,68.0
5654,2021,1585,92,373.0
5655,2021,1586,48,99.0
5656,2021,1587,16,12.0
5657,2021,1588,5,5.0
5658,2021,1589,5,11.0
5659,2021,1591,50,206.0
5660,2021,1595,18,46.0
5661,2021,1596,33,84.0
5662,2021,1599,47,186.0
5663,2021,1600,2,0.0
5664,2021,1601,85,275.0
5665,2021,1602,89,368.0
5666,2021,1605,17,36.0
5667,2021,1606,17,27.0
5668,2021,1608,14,17.0
5669,2021,1611,27,36.0
5670,2021,1612,109,431.0
5671,2021,1613,55,122.0
5672,2021,1614,3,0.0
5673,2021,1615,23,40.0
5674,2021,1617,35,104.0
5675,2021,1618,10,16.0
5676,2021,1619,5,9.0
5677,2021,1621,83,312.0
5678,2021,1622,66,233.0
5679,2021,1623,77,218.0
5680,2021,1633,41,117.0
5681,2021,1634,6,1.0
5682,2021,1635,11,5.0
5683,2021,1636,11,19.0
5684,2021,1637,24,71.0
5685,2021,1638,17,44.0
5686,2021,1641,52,120.0
5687,2021,1642,37,49.0
5688,2021,1643,36,90.0
5689,2021,1645,14,26.0
5690,2021,1651,81,284.0
5691,2021,1653,81,247.0
5692,2021,1654,76,207.0
5693,2021,1655,10,16.0
5694,2021,1656,43,69.0
5695,2021,1657,30,97.0
5696,2021,1658,20,36.0
5697,2021,1659,10,17.0
5698,2021,1661,6,2.0
5699,2021,1663,102,337.0
5700,2021,1664,50,70.0
5701,2021,1665,18,32.0
5702,2021,1667,14,31.0
5703,2021,1668,28,61.0
5704,2021,1669,5,6.0
5705,2021,1672,50,42.0
5706,2021,1673,14,4.0
5707,2021,1675,76,328.0
5708,2021,1676,39,106.0
5709,2021,1677,18,37.0
5710,2021,1678,4,4.0
5711,2021,1679,1,0.0
5712,2021,1681,73,204.0
5713,2021,1682,11,16.0
5714,2021,1683,1,0.0
5715,2021,1684,99,520.0
5716,2021,1685,64,189.0
5717,2021,1687,104,389.0
5718,2021,1689,34,71.0
5719,2021,1691,18,11.0
5720,2021,1693,20,37.0
5721,2021,1695,36,86.0
5722,2021,1698,54,131.0
5723,2021,1699,17,12.0
5724,2021,1700,1,0.0
5725,2021,1701,56,220.0
5726,2021,1703,3,2.0
5727,2021,1705,11,23.0
5728,2021,1706,1,0.0
5729,2021,1707,2,0.0
5730,2021,1708,18,63.0
5731,2021,1709,10,6.0
5732,2021,1712,19,26.0
5733,2021,1713,9,11.0
5734,2021,1714,62,27.0
5735,2021,1715,13,16.0
5736,2021,1716,15,18.0
5737,2021,1717,18,25.0
5738,2021,1718,6,18.0
5739,2021,1719,1,0.0
5740,2021,1721,18,44.0
5741,2021,1722,30,76.0
5742,2021,1723,48,98.0
5743,2021,1724,1,0.0
5744,2021,1725,7,4.0
5745,2021,1727,17,29.0
5746,2021,1728,13,22.0
5747,2021,1729,26,63.0
5748,2021,1735,28,79.0
5749,2021,1737,19,45.0
5750,2021,1738,23,20.0
5751,2021,1739,9,9.0
5752,2021,1743,12,20.0
5753,2021,1745,36,135.0
5754,2021,1747,38,74.0
5755,2021,1749,22,54.0
5756,2021,1751,33,99.0
5757,2021,1752,49,160.0
5758,2021,1753,10,10.0
5759,2021,1754,26,51.0
5760,2021,1755,2,4.0
5761,2021,1756,23,59.0
5762,2021,1757,19,18.0
5763,2021,1758,12,14.0
5764,2021,1759,7,6.0
5765,2021,1761,63,163.0
5766,2021,1762,55,105.0
5767,2021,1763,3,2.0
5768,2021,1764,117,577.0
5769,2021,1765,4,2.0
5770,2021,1766,4,6.0
5771,2021,1767,43,149.0
5772,2021,1768,9,15.0
5773,2021,1771,15,17.0
5774,2021,1772,33,39.0
5775,2021,1773,4,0.0
5776,2021,1774,4,3.0
5777,2021,1775,15,37.0
5778,2021,1776,12,14.0
5779,2021,1777,7,13.0
5780,2021,1778,3,3.0
5781,2021,1779,15,21.0
5782,2021,1781,43,194.0
5783,2021,1782,69,272.0
5784,2021,1783,15,19.0
5785,2021,1785,59,238.0
5786,2021,1787,23,38.0
5787,2021,1788,10,16.0
5788,2021,1791,45,134.0
5789,2021,1792,25,54.0
5790,2021,1793,78,152.0
5791,2021,1794,86,301.0
5792,2021,1795,58,108.0
5793,2021,1796,21,27.0
5794,2021,1797,26,100.0
5795,2021,1798,16,26.0
5796,2021,1799,35,63.0
5797,2021,1800,1,0.0
5798,2021,1801,205,928.0
5799,2021,1802,325,1258.0
5800,2021,1803,47,82.0
5801,2021,1804,59,231.0
5802,2021,1805,25,47.0
5803,2021,1806,63,170.0
5804,2021,1821,177,789.0
5805,2021,1822,348,1812.0
5806,2021,1823,117,563.0
5807,2021,1824,106,477.0
5808,2021,1826,61,267.0
5809,2021,1827,67,333.0
5810,2021,1829,86,200.0
5811,2021,1831,67,251.0
5812,2021,1832,138,514.0
5813,2021,1834,72,199.0
5814,2021,1835,25,35.0
5815,2021,1836,61,162.0
5816,2021,1837,109,545.0
5817,2021,1838,17,31.0
5818,2021,1839,16,19.0
5819,2021,1841,151,625.0
5820,2021,1842,169,777.0
5821,2021,1844,164,789.0
5822,2021,1846,116,392.0
5823,2021,1849,120,509.0
5824,2021,1851,26,48.0
5825,2021,1861,68,190.0
5826,2021,1862,98,363.0
5827,2021,1863,63,191.0
5828,2021,1864,31,73.0
5829,2021,1871,45,93.0
5830,2021,1881,22,105.0
5831,2021,1891,18,40.0
5832,2021,1900,1,0.0
5833,2021,1901,59,106.0
5834,2021,1902,80,236.0
5835,2021,1903,3,0.0
5836,2021,1904,24,41.0
5837,2021,1905,49,68.0
5838,2021,1906,20,40.0
5839,2021,1907,27,59.0
5840,2021,1908,21,52.0
5841,2021,1909,6,12.0
5842,2021,1911,23,29.0
5843,2021,1912,40,47.0
5844,2021,1913,64,187.0
5845,2021,1915,28,61.0
5846,2021,1916,32,86.0
5847,2021,1917,29,82.0
5848,2021,1918,54,204.0
5849,2021,1919,15,9.0
5850,2021,1921,73,236.0
5851,2021,1924,89,304.0
5852,2021,1925,42,93.0
5853,2021,1928,2,0.0
5854,2021,1931,28,35.0
5855,2021,1934,42,31.0
5856,2021,1935,12,10.0
5857,2021,1936,19,24.0
5858,2021,1941,52,59.0
5859,2021,1942,4,0.0
5860,2021,1943,25,43.0
5861,2021,1944,30,62.0
5862,2021,1945,19,17.0
5863,2021,1951,69,116.0
5864,2021,1952,31,43.0
5865,2021,1954,33,72.0
5866,2021,1955,9,18.0
5867,2021,1956,12,24.0
5868,2021,1958,55,179.0
5869,2021,1959,30,64.0
5870,2021,1961,171,502.0
5871,2021,1962,70,255.0
5872,2021,1963,53,83.0
5873,2021,1964,33,93.0
5874,2021,1966,38,95.0
5875,2021,1967,48,126.0
5876,2021,1969,51,138.0
5877,2021,1971,47,104.0
5878,2021,1972,34,80.0
5879,2021,1974,53,149.0
5880,2021,1975,8,4.0
5881,2021,1977,28,86.0
5882,2021,1979,15,14.0
5883,2021,1981,143,522.0
5884,2021,1982,119,311.0
5885,2021,1983,150,392.0
5886,2021,1984,95,387.0
5887,2021,1985,127,654.0
5888,2021,1987,49,134.0
5889,2021,1988,61,134.0
5890,2021,1989,25,43.0
5891,2021,1991,66,135.0
5892,2021,1993,32,59.0
5893,2021,1994,77,214.0
5894,2021,1995,85,266.0
5895,2021,1997,1,0.0
5896,2021,1998,64,273.0
5897,2021,1999,65,252.0
5898,2021,2000,1,0.0
5899,2021,2001,22,43.0
5900,2021,2002,221,339.0
5901,2021,2004,70,91.0
5902,2021,2005,48,134.0
5903,2021,2011,36,131.0
5904,2021,2013,32,74.0
5905,2021,2014,76,152.0
5906,2021,2015,51,140.0
5907,2021,2016,20,56.0
5908,2021,2017,39,122.0
5909,2021,2019,105,475.0
5910,2021,2021,21,53.0
5911,2021,2022,53,247.0
5912,2021,2023,38,109.0
5913,2021,2024,84,407.0
5914,2021,2025,24,55.0
5915,2021,2026,47,169.0
5916,2021,2027,113,695.0
5917,2021,2029,161,641.0
5918,2021,2031,33,116.0
5919,2021,2033,65,310.0
5920,2021,2034,39,121.0
5921,2021,2035,26,51.0
5922,2021,2036,41,154.0
5923,2021,2038,46,96.0
5924,2021,2039,61,122.0
5925,2021,2041,29,31.0
5926,2021,2042,32,52.0
5927,2021,2044,60,133.0
5928,2021,2045,25,47.0
5929,2021,2046,25,73.0
5930,2021,2049,46,85.0
5931,2021,2053,22,38.0
5932,2021,2054,26,47.0
5933,2021,2055,42,106.0
5934,2021,2056,58,226.0
5935,2021,2058,33,77.0
5936,2021,2062,83,273.0
5937,2021,2063,38,66.0
5938,2021,2064,34,46.0
5939,2021,2069,106,396.0
5940,2021,2071,73,156.0
5941,2021,2073,38,59.0
5942,2021,2074,40,120.0
5943,2021,2076,81,290.0
5944,2021,2079,46,128.0
5945,2021,2081,69,242.0
5946,2021,2083,61,52.0
5947,2021,2088,52,122.0
5948,2021,2091,21,11.0
5949,2021,2093,21,32.0
5950,2021,2097,53,85.0
5951,2021,2099,40,56.0
5952,2021,2101,4,11.0
5953,2021,2102,6,10.0
5954,2021,2103,27,59.0
5955,2021,2104,16,20.0
5956,2021,2105,107,261.0
5957,2021,2106,6,9.0
5958,2021,2107,79,157.0
5959,2021,2111,17,27.0
5960,2021,2113,10,20.0
5961,2021,2114,17,36.0
5962,2021,2115,151,180.0
5963,2021,2118,51,114.0
5964,2021,2125,27,68.0
5965,2021,2126,106,248.0
5966,2021,2128,39,102.0
5967,2021,2129,21,26.0
5968,2021,2131,2,0.0
5969,2021,2132,6,10.0
5970,2021,2133,37,107.0
5971,2021,2134,96,237.0
5972,2021,2136,243,754.0
5973,2021,2137,284,334.0
5974,2021,2138,47,81.0
5975,2021,2139,113,184.0
5976,2021,2141,29,64.0
5977,2021,2142,56,52.0
5978,2021,2143,60,245.0
5979,2021,2144,73,136.0
5980,2021,2145,25,74.0
5981,2021,2146,222,720.0
5982,2021,2147,135,234.0
5983,2021,2148,97,255.0
5984,2021,2149,49,91.0
5985,2021,2155,42,129.0
5986,2021,2156,127,542.0
5987,2021,2157,108,549.0
5988,2021,2158,71,251.0
5989,2021,2159,12,8.0
5990,2021,2161,5,10.0
5991,2021,2162,10,15.0
5992,2021,2169,21,20.0
5993,2021,2172,6,5.0
5994,2021,2173,30,67.0
5995,2021,2175,63,223.0
5996,2021,2177,47,160.0
5997,2021,2183,26,61.0
5998,2021,2185,57,140.0
5999,2021,2187,90,374.0
6000,2021,2189,101,410.0
6001,2021,2196,11,16.0
6002,2021,2197,3,4.0
6003,2021,2198,1,1.0
6004,2022,101,42,132.0
6005,2022,105,15,22.0
6006,2022,109,7,2.0
6007,2022,111,132,1033.0
6008,2022,112,20,31.0
6009,2022,118,34,85.0
6010,2022,119,282,1620.0
6011,2022,121,15,16.0
6012,2022,122,10,15.0
6013,2022,123,46,78.0
6014,2022,124,45,189.0
6015,2022,127,267,250.0
6016,2022,128,41,100.0
6017,2022,129,24,24.0
6018,2022,131,12,19.0
6019,2022,132,46,137.0
6020,2022,133,9,9.0
6021,2022,134,20,32.0
6022,2022,135,59,171.0
6023,2022,138,85,433.0
6024,2022,139,34,99.0
6025,2022,141,16,26.0
6026,2022,142,66,221.0
6027,2022,143,23,47.0
6028,2022,144,14,31.0
6029,2022,145,21,59.0
6030,2022,146,22,39.0
6031,2022,147,25,74.0
6032,2022,148,33,92.0
6033,2022,151,20,53.0
6034,2022,152,148,868.0
6035,2022,153,115,646.0
6036,2022,154,56,221.0
6037,2022,155,66,243.0
6038,2022,156,96,498.0
6039,2022,157,135,484.0
6040,2022,158,103,447.0
6041,2022,159,75,267.0
6042,2022,161,131,385.0
6043,2022,162,253,1443.0
6044,2022,163,60,139.0
6045,2022,164,60,198.0
6046,2022,165,38,86.0
6047,2022,166,49,233.0
6048,2022,171,79,193.0
6049,2022,174,74,179.0
6050,2022,176,92,230.0
6051,2022,181,43,65.0
6052,2022,182,165,945.0
6053,2022,185,141,503.0
6054,2022,191,40,60.0
6055,2022,192,137,785.0
6056,2022,195,124,403.0
6057,2022,201,92,382.0
6058,2022,202,41,111.0
6059,2022,203,19,21.0
6060,2022,204,23,90.0
6061,2022,205,44,159.0
6062,2022,211,40,96.0
6063,2022,212,122,411.0
6064,2022,213,1,0.0
6065,2022,215,44,119.0
6066,2022,216,50,149.0
6067,2022,217,52,122.0
6068,2022,218,44,91.0
6069,2022,219,28,60.0
6070,2022,221,34,84.0
6071,2022,224,1,0.0
6072,2022,227,2,0.0
6073,2022,231,58,145.0
6074,2022,233,56,184.0
6075,2022,234,2,0.0
6076,2022,235,64,229.0
6077,2022,236,107,439.0
6078,2022,237,88,428.0
6079,2022,238,43,94.0
6080,2022,239,9,5.0
6081,2022,241,23,49.0
6082,2022,244,1,0.0
6083,2022,245,725,2336.0
6084,2022,246,728,1263.0
6085,2022,247,115,177.0
6086,2022,248,72,163.0
6087,2022,249,95,390.0
6088,2022,251,68,215.0
6089,2022,253,1,0.0
6090,2022,254,3,0.0
6091,2022,256,516,1055.0
6092,2022,257,288,1065.0
6093,2022,261,92,276.0
6094,2022,264,4,0.0
6095,2022,265,350,584.0
6096,2022,266,299,258.0
6097,2022,269,120,514.0
6098,2022,271,61,197.0
6099,2022,275,75,190.0
6100,2022,276,2,0.0
6101,2022,277,1,0.0
6102,2022,279,36,75.0
6103,2022,281,90,78.0
6104,2022,285,60,114.0
6105,2022,286,1,0.0
6106,2022,289,32,40.0
6107,2022,291,48,96.0
6108,2022,292,6,3.0
6109,2022,295,43,91.0
6110,2022,299,63,138.0
6111,2022,301,12,21.0
6112,2022,303,17,19.0
6113,2022,305,20,26.0
6114,2022,307,16,20.0
6115,2022,308,36,89.0
6116,2022,309,10,3.0
6117,2022,311,58,239.0
6118,2022,312,36,113.0
6119,2022,313,16,25.0
6120,2022,314,42,124.0
6121,2022,315,33,82.0
6122,2022,316,64,128.0
6123,2022,317,80,235.0
6124,2022,318,42,47.0
6125,2022,319,35,86.0
6126,2022,321,38,135.0
6127,2022,325,25,44.0
6128,2022,326,43,97.0
6129,2022,327,21,28.0
6130,2022,328,69,165.0
6131,2022,329,43,68.0
6132,2022,331,52,122.0
6133,2022,332,25,52.0
6134,2022,333,41,124.0
6135,2022,334,59,139.0
6136,2022,335,22,40.0
6137,2022,336,26,63.0
6138,2022,337,35,51.0
6139,2022,338,51,88.0
6140,2022,341,15,38.0
6141,2022,343,11,8.0
6142,2022,351,12,5.0
6143,2022,353,25,64.0
6144,2022,354,37,73.0
6145,2022,355,76,221.0
6146,2022,356,47,149.0
6147,2022,357,94,236.0
6148,2022,358,42,54.0
6149,2022,359,51,101.0
6150,2022,361,85,317.0
6151,2022,362,94,440.0
6152,2022,363,123,784.0
6153,2022,373,42,108.0
6154,2022,374,33,83.0
6155,2022,375,95,376.0
6156,2022,376,117,493.0
6157,2022,377,47,103.0
6158,2022,378,67,117.0
6159,2022,379,53,129.0
6160,2022,391,22,52.0
6161,2022,392,79,438.0
6162,2022,393,63,229.0
6163,2022,394,39,68.0
6164,2022,395,215,867.0
6165,2022,396,96,319.0
6166,2022,397,143,517.0
6167,2022,398,107,300.0
6168,2022,399,93,112.0
6169,2022,401,22,11.0
6170,2022,402,19,26.0
6171,2022,403,13,6.0
6172,2022,404,12,23.0
6173,2022,405,1,0.0
6174,2022,406,8,12.0
6175,2022,407,26,51.0
6176,2022,408,28,58.0
6177,2022,409,29,70.0
6178,2022,411,40,62.0
6179,2022,412,69,191.0
6180,2022,413,2,4.0
6181,2022,414,8,7.0
6182,2022,415,42,136.0
6183,2022,416,30,58.0
6184,2022,417,19,35.0
6185,2022,418,5,7.0
6186,2022,421,54,149.0
6187,2022,422,36,73.0
6188,2022,423,48,113.0
6189,2022,424,36,85.0
6190,2022,426,37,63.0
6191,2022,427,35,90.0
6192,2022,428,11,12.0
6193,2022,429,33,90.0
6194,2022,437,40,103.0
6195,2022,438,44,102.0
6196,2022,439,26,56.0
6197,2022,441,15,14.0
6198,2022,442,15,18.0
6199,2022,443,47,103.0
6200,2022,445,13,10.0
6201,2022,448,37,82.0
6202,2022,449,25,44.0
6203,2022,451,33,36.0
6204,2022,452,3,4.0
6205,2022,453,44,126.0
6206,2022,454,21,34.0
6207,2022,455,42,150.0
6208,2022,456,36,61.0
6209,2022,457,61,147.0
6210,2022,459,31,51.0
6211,2022,461,24,54.0
6212,2022,462,16,27.0
6213,2022,463,38,78.0
6214,2022,464,106,426.0
6215,2022,465,17,20.0
6216,2022,466,44,120.0
6217,2022,467,58,162.0
6218,2022,468,21,35.0
6219,2022,469,25,42.0
6220,2022,471,41,105.0
6221,2022,473,61,173.0
6222,2022,477,44,80.0
6223,2022,478,68,223.0
6224,2022,479,32,71.0
6225,2022,483,3,0.0
6226,2022,487,18,30.0
6227,2022,488,17,19.0
6228,2022,489,12,29.0
6229,2022,491,45,117.0
6230,2022,497,171,740.0
6231,2022,499,69,228.0
6232,2022,501,32,96.0
6233,2022,502,2,1.0
6234,2022,503,47,116.0
6235,2022,504,54,245.0
6236,2022,505,5,2.0
6237,2022,506,44,111.0
6238,2022,507,36,106.0
6239,2022,508,7,8.0
6240,2022,509,15,34.0
6241,2022,511,30,73.0
6242,2022,512,15,15.0
6243,2022,513,46,176.0
6244,2022,514,57,263.0
6245,2022,515,43,112.0
6246,2022,516,30,59.0
6247,2022,517,41,124.0
6248,2022,518,28,56.0
6249,2022,519,47,96.0
6250,2022,521,37,120.0
6251,2022,522,36,86.0
6252,2022,523,44,35.0
6253,2022,524,38,69.0
6254,2022,525,72,218.0
6255,2022,526,85,309.0
6256,2022,527,7,4.0
6257,2022,528,36,83.0
6258,2022,529,137,608.0
6259,2022,531,24,50.0
6260,2022,532,48,96.0
6261,2022,541,21,61.0
6262,2022,551,16,33.0
6263,2022,555,38,105.0
6264,2022,557,72,274.0
6265,2022,558,72,181.0
6266,2022,559,16,2.0
6267,2022,561,4,5.0
6268,2022,562,23,44.0
6269,2022,563,115,453.0
6270,2022,564,97,331.0
6271,2022,565,46,128.0
6272,2022,566,75,264.0
6273,2022,567,51,129.0
6274,2022,569,12,3.0
6275,2022,581,5,11.0
6276,2022,583,5,10.0
6277,2022,584,16,33.0
6278,2022,585,45,146.0
6279,2022,587,31,78.0
6280,2022,589,27,12.0
6281,2022,600,1,0.0
6282,2022,604,2,0.0
6283,2022,615,26,57.0
6284,2022,621,4,4.0
6285,2022,622,38,197.0
6286,2022,625,65,168.0
6287,2022,626,29,73.0
6288,2022,627,14,36.0
6289,2022,628,38,140.0
6290,2022,629,14,31.0
6291,2022,631,12,36.0
6292,2022,632,55,270.0
6293,2022,635,35,50.0
6294,2022,636,308,2347.0
6295,2022,637,119,529.0
6296,2022,638,108,412.0
6297,2022,639,49,160.0
6298,2022,642,42,90.0
6299,2022,643,79,470.0
6300,2022,644,53,187.0
6301,2022,645,356,2347.0
6302,2022,646,394,2316.0
6303,2022,647,204,949.0
6304,2022,648,113,474.0
6305,2022,649,45,105.0
6306,2022,656,64,192.0
6307,2022,657,52,179.0
6308,2022,659,48,108.0
6309,2022,663,101,666.0
6310,2022,665,13,0.0
6311,2022,666,323,1549.0
6312,2022,667,65,177.0
6313,2022,668,111,359.0
6314,2022,669,62,169.0
6315,2022,676,52,173.0
6316,2022,677,114,154.0
6317,2022,678,135,266.0
6318,2022,679,37,60.0
6319,2022,698,1,0.0
6320,2022,701,47,265.0
6321,2022,702,91,584.0
6322,2022,705,32,109.0
6323,2022,706,21,85.0
6324,2022,708,1,0.0
6325,2022,711,61,301.0
6326,2022,713,10,26.0
6327,2022,714,7,11.0
6328,2022,715,8,21.0
6329,2022,716,2,0.0
6330,2022,717,10,11.0
6331,2022,719,21,41.0
6332,2022,721,97,629.0
6333,2022,722,91,477.0
6334,2022,723,28,124.0
6335,2022,724,137,416.0
6336,2022,725,5,4.0
6337,2022,726,11,26.0
6338,2022,727,18,42.0
6339,2022,729,16,28.0
6340,2022,732,26,84.0
6341,2022,733,13,24.0
6342,2022,734,33,128.0
6343,2022,735,18,45.0
6344,2022,736,16,27.0
6345,2022,737,23,51.0
6346,2022,738,26,57.0
6347,2022,739,2,2.0
6348,2022,742,13,31.0
6349,2022,743,13,30.0
6350,2022,745,50,193.0
6351,2022,747,7,8.0
6352,2022,748,1,0.0
6353,2022,749,31,89.0
6354,2022,752,25,99.0
6355,2022,753,17,49.0
6356,2022,755,30,82.0
6357,2022,758,30,89.0
6358,2022,759,69,169.0
6359,2022,762,48,132.0
6360,2022,763,13,35.0
6361,2022,764,18,30.0
6362,2022,765,136,1066.0
6363,2022,766,13,20.0
6364,2022,767,21,33.0
6365,2022,769,48,92.0
6366,2022,772,1,0.0
6367,2022,773,20,44.0
6368,2022,774,29,81.0
6369,2022,775,49,149.0
6370,2022,776,25,40.0
6371,2022,777,21,42.0
6372,2022,778,24,47.0
6373,2022,779,25,39.0
6374,2022,782,65,290.0
6375,2022,783,44,105.0
6376,2022,784,35,71.0
6377,2022,785,33,64.0
6378,2022,787,10,12.0
6379,2022,788,18,14.0
6380,2022,789,36,57.0
6381,2022,793,1,0.0
6382,2022,799,1,0.0
6383,2022,801,7,7.0
6384,2022,802,11,16.0
6385,2022,803,4,9.0
6386,2022,804,7,19.0
6387,2022,805,22,31.0
6388,2022,806,25,87.0
6389,2022,807,8,27.0
6390,2022,808,17,54.0
6391,2022,809,11,22.0
6392,2022,811,26,79.0
6393,2022,812,1,1.0
6394,2022,813,24,24.0
6395,2022,814,2,2.0
6396,2022,815,12,13.0
6397,2022,816,2,2.0
6398,2022,817,46,202.0
6399,2022,818,30,7.0
6400,2022,819,9,25.0
6401,2022,821,54,32.0
6402,2022,822,16,17.0
6403,2022,823,33,41.0
6404,2022,824,21,34.0
6405,2022,825,5,7.0
6406,2022,826,12,6.0
6407,2022,827,5,21.0
6408,2022,828,32,41.0
6409,2022,829,19,39.0
6410,2022,831,18,64.0
6411,2022,832,33,92.0
6412,2022,833,69,125.0
6413,2022,834,15,30.0
6414,2022,835,58,305.0
6415,2022,836,20,73.0
6416,2022,837,8,11.0
6417,2022,838,17,23.0
6418,2022,839,113,298.0
6419,2022,841,30,80.0
6420,2022,842,61,144.0
6421,2022,843,3,1.0
6422,2022,847,8,14.0
6423,2022,848,2,1.0
6424,2022,849,39,142.0
6425,2022,851,53,73.0
6426,2022,852,71,123.0
6427,2022,853,156,496.0
6428,2022,854,66,53.0
6429,2022,855,22,85.0
6430,2022,857,17,53.0
6431,2022,858,7,22.0
6432,2022,859,43,155.0
6433,2022,861,11,2.0
6434,2022,871,17,7.0
6435,2022,872,8,2.0
6436,2022,881,195,693.0
6437,2022,882,89,179.0
6438,2022,883,107,174.0
6439,2022,884,78,225.0
6440,2022,885,26,53.0
6441,2022,886,11,27.0
6442,2022,887,3,2.0
6443,2022,889,80,219.0
6444,2022,891,39,23.0
6445,2022,892,51,52.0
6446,2022,893,29,46.0
6447,2022,895,17,41.0
6448,2022,896,3,0.0
6449,2022,897,29,40.0
6450,2022,898,44,92.0
6451,2022,899,65,119.0
6452,2022,901,151,466.0
6453,2022,902,1,0.0
6454,2022,904,263,859.0
6455,2022,905,68,204.0
6456,2022,906,57,194.0
6457,2022,909,89,324.0
6458,2022,911,172,731.0
6459,2022,914,184,938.0
6460,2022,915,55,165.0
6461,2022,916,37,71.0
6462,2022,919,29,61.0
6463,2022,921,1,0.0
6464,2022,923,137,622.0
6465,2022,925,1,0.0
6466,2022,926,106,481.0
6467,2022,927,1,0.0
6468,2022,929,14,26.0
6469,2022,931,21,29.0
6470,2022,932,77,206.0
6471,2022,933,93,267.0
6472,2022,934,1,0.0
6473,2022,935,852,1329.0
6474,2022,936,3,0.0
6475,2022,937,20,31.0
6476,2022,938,14,26.0
6477,2022,939,49,108.0
6478,2022,941,93,448.0
6479,2022,942,2,0.0
6480,2022,943,60,243.0
6481,2022,945,1,0.0
6482,2022,946,40,180.0
6483,2022,948,11,20.0
6484,2022,952,96,375.0
6485,2022,955,11,12.0
6486,2022,957,4,1.0
6487,2022,958,23,0.0
6488,2022,961,14,2.0
6489,2022,963,39,96.0
6490,2022,964,73,289.0
6491,2022,966,30,43.0
6492,2022,969,35,98.0
6493,2022,971,41,106.0
6494,2022,974,38,142.0
6495,2022,976,10,8.0
6496,2022,978,2,0.0
6497,2022,979,15,18.0
6498,2022,981,11,25.0
6499,2022,984,10,20.0
6500,2022,985,54,199.0
6501,2022,989,46,168.0
6502,2022,991,12,22.0
6503,2022,994,3,2.0
6504,2022,998,25,51.0
6505,2022,1001,64,235.0
6506,2022,1003,65,206.0
6507,2022,1004,68,211.0
6508,2022,1005,40,77.0
6509,2022,1006,25,66.0
6510,2022,1007,12,22.0
6511,2022,1008,144,714.0
6512,2022,1009,30,47.0
6513,2022,1011,50,136.0
6514,2022,1012,46,62.0
6515,2022,1015,97,280.0
6516,2022,1017,33,98.0
6517,2022,1018,73,264.0
6518,2022,1019,18,18.0
6519,2022,1021,66,165.0
6520,2022,1023,102,307.0
6521,2022,1024,73,174.0
6522,2022,1025,157,630.0
6523,2022,1026,1,0.0
6524,2022,1027,29,140.0
6525,2022,1028,34,110.0
6526,2022,1029,64,170.0
6527,2022,1031,24,42.0
6528,2022,1033,59,162.0
6529,2022,1034,33,54.0
6530,2022,1035,72,159.0
6531,2022,1037,19,25.0
6532,2022,1039,73,223.0
6533,2022,1041,33,58.0
6534,2022,1043,85,218.0
6535,2022,1044,30,45.0
6536,2022,1045,27,53.0
6537,2022,1047,39,80.0
6538,2022,1048,1,0.0
6539,2022,1049,58,125.0
6540,2022,1061,32,99.0
6541,2022,1063,83,367.0
6542,2022,1065,48,159.0
6543,2022,1067,46,166.0
6544,2022,1068,7,3.0
6545,2022,1069,1,0.0
6546,2022,1075,22,52.0
6547,2022,1077,10,7.0
6548,2022,1078,18,53.0
6549,2022,1079,52,133.0
6550,2022,1083,8,16.0
6551,2022,1088,16,28.0
6552,2022,1089,20,20.0
6553,2022,1091,7,17.0
6554,2022,1094,8,20.0
6555,2022,1097,17,55.0
6556,2022,1098,1,0.0
6557,2022,1099,14,19.0
6558,2022,1101,39,75.0
6559,2022,1102,20,56.0
6560,2022,1105,14,19.0
6561,2022,1107,27,40.0
6562,2022,1109,34,98.0
6563,2022,1112,13,16.0
6564,2022,1113,47,106.0
6565,2022,1115,31,97.0
6566,2022,1116,18,22.0
6567,2022,1117,15,22.0
6568,2022,1118,24,51.0
6569,2022,1119,13,24.0
6570,2022,1122,4,0.0
6571,2022,1123,40,74.0
6572,2022,1124,111,396.0
6573,2022,1125,26,48.0
6574,2022,1126,40,71.0
6575,2022,1127,32,73.0
6576,2022,1128,38,101.0
6577,2022,1129,33,66.0
6578,2022,1132,34,122.0
6579,2022,1133,26,81.0
6580,2022,1134,54,145.0
6581,2022,1135,36,93.0
6582,2022,1136,44,141.0
6583,2022,1137,21,32.0
6584,2022,1138,30,55.0
6585,2022,1139,35,59.0
6586,2022,1141,32,85.0
6587,2022,1142,22,65.0
6588,2022,1143,24,40.0
6589,2022,1144,16,36.0
6590,2022,1145,40,143.0
6591,2022,1146,17,14.0
6592,2022,1147,13,46.0
6593,2022,1148,49,92.0
6594,2022,1149,34,76.0
6595,2022,1151,92,512.0
6596,2022,1152,30,67.0
6597,2022,1153,13,23.0
6598,2022,1157,3,3.0
6599,2022,1158,19,42.0
6600,2022,1159,11,4.0
6601,2022,1161,57,64.0
6602,2022,1162,130,682.0
6603,2022,1163,43,70.0
6604,2022,1169,10,8.0
6605,2022,1171,19,46.0
6606,2022,1172,31,122.0
6607,2022,1173,9,7.0
6608,2022,1174,1,2.0
6609,2022,1175,1,1.0
6610,2022,1176,20,41.0
6611,2022,1177,73,286.0
6612,2022,1178,8,9.0
6613,2022,1179,31,59.0
6614,2022,1181,69,186.0
6615,2022,1183,34,70.0
6616,2022,1184,18,29.0
6617,2022,1185,4,4.0
6618,2022,1186,13,19.0
6619,2022,1189,35,71.0
6620,2022,1195,82,113.0
6621,2022,1203,94,474.0
6622,2022,1204,59,157.0
6623,2022,1205,49,101.0
6624,2022,1207,49,120.0
6625,2022,1208,80,262.0
6626,2022,1209,29,35.0
6627,2022,1211,83,433.0
6628,2022,1213,89,416.0
6629,2022,1215,102,555.0
6630,2022,1218,125,501.0
6631,2022,1219,36,46.0
6632,2022,1231,32,67.0
6633,2022,1232,49,133.0
6634,2022,1233,78,323.0
6635,2022,1235,65,202.0
6636,2022,1239,160,662.0
6637,2022,1241,118,774.0
6638,2022,1242,34,59.0
6639,2022,1243,92,452.0
6640,2022,1245,141,646.0
6641,2022,1248,93,331.0
6642,2022,1249,684,1633.0
6643,2022,1251,117,515.0
6644,2022,1252,46,107.0
6645,2022,1253,63,175.0
6646,2022,1255,63,189.0
6647,2022,1256,215,693.0
6648,2022,1257,117,348.0
6649,2022,1258,415,1248.0
6650,2022,1259,159,749.0
6651,2022,1263,60,235.0
6652,2022,1265,118,533.0
6653,2022,1266,223,813.0
6654,2022,1267,229,1074.0
6655,2022,1268,161,840.0
6656,2022,1269,166,929.0
6657,2022,1273,75,295.0
6658,2022,1283,98,337.0
6659,2022,1293,11,19.0
6660,2022,1300,1,0.0
6661,2022,1303,116,377.0
6662,2022,1307,91,439.0
6663,2022,1309,146,916.0
6664,2022,1311,5,4.0
6665,2022,1313,168,905.0
6666,2022,1317,129,568.0
6667,2022,1321,142,684.0
6668,2022,1322,113,172.0
6669,2022,1323,69,197.0
6670,2022,1324,39,61.0
6671,2022,1325,33,68.0
6672,2022,1326,16,18.0
6673,2022,1327,33,39.0
6674,2022,1331,252,706.0
6675,2022,1333,95,339.0
6676,2022,1341,77,260.0
6677,2022,1342,53,110.0
6678,2022,1343,95,290.0
6679,2022,1344,64,124.0
6680,2022,1345,72,178.0
6681,2022,1346,49,169.0
6682,2022,1347,56,206.0
6683,2022,1351,66,300.0
6684,2022,1352,99,346.0
6685,2022,1353,51,157.0
6686,2022,1354,38,81.0
6687,2022,1361,122,465.0
6688,2022,1362,101,250.0
6689,2022,1363,64,160.0
6690,2022,1364,41,78.0
6691,2022,1365,37,100.0
6692,2022,1367,74,282.0
6693,2022,1371,85,339.0
6694,2022,1372,91,235.0
6695,2022,1373,72,193.0
6696,2022,1375,50,141.0
6697,2022,1377,40,114.0
6698,2022,1381,49,80.0
6699,2022,1383,160,482.0
6700,2022,1385,85,193.0
6701,2022,1391,52,91.0
6702,2022,1393,60,147.0
6703,2022,1394,44,80.0
6704,2022,1395,94,234.0
6705,2022,1400,1,0.0
6706,2022,1401,18,49.0
6707,2022,1402,8,10.0
6708,2022,1403,8,15.0
6709,2022,1405,9,12.0
6710,2022,1406,40,150.0
6711,2022,1407,39,156.0
6712,2022,1408,2,2.0
6713,2022,1409,30,95.0
6714,2022,1411,423,341.0
6715,2022,1412,345,1022.0
6716,2022,1413,43,123.0
6717,2022,1414,38,173.0
6718,2022,1415,39,119.0
6719,2022,1416,10,14.0
6720,2022,1424,3,4.0
6721,2022,1425,18,21.0
6722,2022,1426,3,1.0
6723,2022,1427,11,17.0
6724,2022,1428,9,21.0
6725,2022,1431,397,1235.0
6726,2022,1432,35,109.0
6727,2022,1433,14,29.0
6728,2022,1434,12,26.0
6729,2022,1435,24,81.0
6730,2022,1436,12,4.0
6731,2022,1437,37,76.0
6732,2022,1438,18,40.0
6733,2022,1441,110,523.0
6734,2022,1443,38,118.0
6735,2022,1444,47,268.0
6736,2022,1445,15,57.0
6737,2022,1446,14,21.0
6738,2022,1449,8,16.0
6739,2022,1451,39,7.0
6740,2022,1452,56,127.0
6741,2022,1453,19,42.0
6742,2022,1454,44,204.0
6743,2022,1455,11,36.0
6744,2022,1456,29,44.0
6745,2022,1457,140,232.0
6746,2022,1458,44,75.0
6747,2022,1459,10,11.0
6748,2022,1462,13,7.0
6749,2022,1463,40,107.0
6750,2022,1464,24,64.0
6751,2022,1465,23,62.0
6752,2022,1466,12,24.0
6753,2022,1467,25,36.0
6754,2022,1468,15,21.0
6755,2022,1469,32,132.0
6756,2022,1471,7,3.0
6757,2022,1472,14,23.0
6758,2022,1473,12,35.0
6759,2022,1474,13,29.0
6760,2022,1475,4,6.0
6761,2022,1476,3,2.0
6762,2022,1477,10,23.0
6763,2022,1479,20,44.0
6764,2022,1483,40,95.0
6765,2022,1484,5,5.0
6766,2022,1485,13,31.0
6767,2022,1486,9,8.0
6768,2022,1487,18,40.0
6769,2022,1488,41,125.0
6770,2022,1489,17,22.0
6771,2022,1491,6,16.0
6772,2022,1492,12,9.0
6773,2022,1493,6,1.0
6774,2022,1494,763,582.0
6775,2022,1495,15,3.0
6776,2022,1496,47,57.0
6777,2022,1497,10,14.0
6778,2022,1498,3,0.0
6779,2022,1499,15,14.0
6780,2022,1501,36,116.0
6781,2022,1502,25,41.0
6782,2022,1503,67,235.0
6783,2022,1504,50,124.0
6784,2022,1505,120,211.0
6785,2022,1506,44,85.0
6786,2022,1507,1,0.0
6787,2022,1508,3,4.0
6788,2022,1509,11,6.0
6789,2022,1511,87,129.0
6790,2022,1512,33,90.0
6791,2022,1513,57,130.0
6792,2022,1514,39,69.0
6793,2022,1515,57,164.0
6794,2022,1516,63,132.0
6795,2022,1517,71,171.0
6796,2022,1518,3,0.0
6797,2022,1519,68,167.0
6798,2022,1521,26,43.0
6799,2022,1522,53,112.0
6800,2022,1523,22,52.0
6801,2022,1524,43,79.0
6802,2022,1525,86,263.0
6803,2022,1526,131,439.0
6804,2022,1527,69,126.0
6805,2022,1529,32,75.0
6806,2022,1531,16,33.0
6807,2022,1532,67,192.0
6808,2022,1533,10,10.0
6809,2022,1535,89,230.0
6810,2022,1537,1,0.0
6811,2022,1538,52,193.0
6812,2022,1539,39,133.0
6813,2022,1541,8,10.0
6814,2022,1542,4,0.0
6815,2022,1543,48,131.0
6816,2022,1544,23,38.0
6817,2022,1545,47,131.0
6818,2022,1546,23,31.0
6819,2022,1547,186,327.0
6820,2022,1548,133,735.0
6821,2022,1549,93,385.0
6822,2022,1551,12,10.0
6823,2022,1553,20,13.0
6824,2022,1555,115,629.0
6825,2022,1557,56,182.0
6826,2022,1559,5,5.0
6827,2022,1562,23,28.0
6828,2022,1563,19,31.0
6829,2022,1565,21,20.0
6830,2022,1566,43,100.0
6831,2022,1567,25,33.0
6832,2022,1569,10,17.0
6833,2022,1581,21,39.0
6834,2022,1583,20,56.0
6835,2022,1585,68,216.0
6836,2022,1586,35,69.0
6837,2022,1587,19,10.0
6838,2022,1588,8,7.0
6839,2022,1589,15,31.0
6840,2022,1591,28,137.0
6841,2022,1595,14,34.0
6842,2022,1596,29,56.0
6843,2022,1599,36,140.0
6844,2022,1600,2,0.0
6845,2022,1601,34,94.0
6846,2022,1602,65,223.0
6847,2022,1605,14,32.0
6848,2022,1606,14,21.0
6849,2022,1608,9,11.0
6850,2022,1611,22,35.0
6851,2022,1612,113,412.0
6852,2022,1613,38,71.0
6853,2022,1614,1,1.0
6854,2022,1615,12,22.0
6855,2022,1617,29,77.0
6856,2022,1618,9,15.0
6857,2022,1619,7,9.0
6858,2022,1621,90,343.0
6859,2022,1622,67,227.0
6860,2022,1623,54,187.0
6861,2022,1633,31,79.0
6862,2022,1634,7,3.0
6863,2022,1635,13,10.0
6864,2022,1636,14,18.0
6865,2022,1637,38,54.0
6866,2022,1638,30,37.0
6867,2022,1639,1,1.0
6868,2022,1641,63,139.0
6869,2022,1642,25,38.0
6870,2022,1643,51,70.0
6871,2022,1645,18,31.0
6872,2022,1651,101,260.0
6873,2022,1653,86,201.0
6874,2022,1654,80,265.0
6875,2022,1655,14,23.0
6876,2022,1656,25,74.0
6877,2022,1657,40,133.0
6878,2022,1658,8,19.0
6879,2022,1659,9,10.0
6880,2022,1661,10,12.0
6881,2022,1663,90,310.0
6882,2022,1664,22,42.0
6883,2022,1665,11,18.0
6884,2022,1667,11,15.0
6885,2022,1668,23,41.0
6886,2022,1669,3,4.0
6887,2022,1672,27,35.0
6888,2022,1673,11,9.0
6889,2022,1675,102,379.0
6890,2022,1676,57,106.0
6891,2022,1677,21,40.0
6892,2022,1678,1,1.0
6893,2022,1679,2,2.0
6894,2022,1681,84,270.0
6895,2022,1682,22,28.0
6896,2022,1684,104,421.0
6897,2022,1685,46,138.0
6898,2022,1687,69,295.0
6899,2022,1689,22,35.0
6900,2022,1691,10,11.0
6901,2022,1693,26,45.0
6902,2022,1695,36,76.0
6903,2022,1698,43,87.0
6904,2022,1699,16,13.0
6905,2022,1701,35,157.0
6906,2022,1703,5,11.0
6907,2022,1704,1,0.0
6908,2022,1705,13,23.0
6909,2022,1707,1,1.0
6910,2022,1708,26,101.0
6911,2022,1709,5,5.0
6912,2022,1712,18,11.0
6913,2022,1713,7,13.0
6914,2022,1714,7,12.0
6915,2022,1715,18,19.0
6916,2022,1716,1,2.0
6917,2022,1717,5,7.0
6918,2022,1718,14,16.0
6919,2022,1721,17,48.0
6920,2022,1722,58,134.0
6921,2022,1723,40,124.0
6922,2022,1725,14,16.0
6923,2022,1727,14,25.0
6924,2022,1728,11,6.0
6925,2022,1729,25,40.0
6926,2022,1734,1,0.0
6927,2022,1735,36,98.0
6928,2022,1737,40,77.0
6929,2022,1738,11,10.0
6930,2022,1739,8,7.0
6931,2022,1743,12,16.0
6932,2022,1745,61,227.0
6933,2022,1747,61,123.0
6934,2022,1749,38,83.0
6935,2022,1751,41,104.0
6936,2022,1752,100,158.0
6937,2022,1753,22,26.0
6938,2022,1754,46,70.0
6939,2022,1755,4,16.0
6940,2022,1756,26,73.0
6941,2022,1757,19,23.0
6942,2022,1758,12,18.0
6943,2022,1759,14,15.0
6944,2022,1761,208,402.0
6945,2022,1762,95,275.0
6946,2022,1763,11,13.0
6947,2022,1764,149,653.0
6948,2022,1765,2,3.0
6949,2022,1766,10,21.0
6950,2022,1767,34,93.0
6951,2022,1768,20,55.0
6952,2022,1771,69,101.0
6953,2022,1772,6,5.0
6954,2022,1773,9,2.0
6955,2022,1774,3,1.0
6956,2022,1775,9,21.0
6957,2022,1776,13,11.0
6958,2022,1777,15,29.0
6959,2022,1778,5,5.0
6960,2022,1779,23,45.0
6961,2022,1781,132,498.0
6962,2022,1782,104,297.0
6963,2022,1783,11,13.0
6964,2022,1784,2,0.0
6965,2022,1785,92,283.0
6966,2022,1787,20,33.0
6967,2022,1788,15,52.0
6968,2022,1791,72,186.0
6969,2022,1792,46,64.0
6970,2022,1793,59,135.0
6971,2022,1794,175,506.0
6972,2022,1795,40,112.0
6973,2022,1796,65,34.0
6974,2022,1797,31,53.0
6975,2022,1798,31,71.0
6976,2022,1799,38,59.0
6977,2022,1800,1,0.0
6978,2022,1801,204,860.0
6979,2022,1802,247,1005.0
6980,2022,1803,37,80.0
6981,2022,1804,75,256.0
6982,2022,1805,29,59.0
6983,2022,1806,62,147.0
6984,2022,1821,216,863.0
6985,2022,1822,282,1500.0
6986,2022,1823,114,531.0
6987,2022,1824,93,382.0
6988,2022,1826,62,301.0
6989,2022,1827,57,269.0
6990,2022,1829,89,276.0
6991,2022,1831,34,133.0
6992,2022,1832,111,361.0
6993,2022,1834,68,195.0
6994,2022,1835,13,13.0
6995,2022,1836,63,135.0
6996,2022,1837,128,402.0
6997,2022,1838,33,81.0
6998,2022,1839,11,23.0
6999,2022,1841,176,735.0
7000,2022,1842,159,745.0
7001,2022,1844,172,636.0
7002,2022,1846,156,434.0
7003,2022,1849,105,359.0
7004,2022,1851,20,55.0
7005,2022,1861,60,135.0
7006,2022,1862,91,322.0
7007,2022,1863,47,145.0
7008,2022,1864,41,87.0
7009,2022,1871,28,69.0
7010,2022,1881,40,114.0
7011,2022,1891,19,41.0
7012,2022,1901,80,146.0
7013,2022,1902,62,178.0
7014,2022,1903,5,3.0
7015,2022,1904,22,45.0
7016,2022,1905,37,40.0
7017,2022,1906,18,24.0
7018,2022,1907,20,44.0
7019,2022,1908,14,37.0
7020,2022,1909,7,11.0
7021,2022,1911,15,27.0
7022,2022,1912,65,59.0
7023,2022,1913,99,257.0
7024,2022,1915,29,81.0
7025,2022,1916,28,46.0
7026,2022,1917,26,68.0
7027,2022,1918,79,224.0
7028,2022,1919,14,14.0
7029,2022,1921,74,215.0
7030,2022,1924,89,252.0
7031,2022,1925,47,104.0
7032,2022,1931,31,35.0
7033,2022,1933,1,0.0
7034,2022,1934,41,47.0
7035,2022,1935,14,22.0
7036,2022,1936,16,20.0
7037,2022,1941,33,52.0
7038,2022,1942,1,0.0
7039,2022,1943,27,43.0
7040,2022,1944,46,78.0
7041,2022,1945,18,14.0
7042,2022,1951,52,99.0
7043,2022,1952,45,50.0
7044,2022,1954,39,90.0
7045,2022,1955,8,14.0
7046,2022,1956,12,28.0
7047,2022,1958,67,194.0
7048,2022,1959,41,93.0
7049,2022,1961,142,407.0
7050,2022,1962,84,303.0
7051,2022,1963,38,81.0
7052,2022,1964,43,126.0
7053,2022,1966,29,65.0
7054,2022,1967,47,117.0
7055,2022,1969,46,83.0
7056,2022,1971,34,58.0
7057,2022,1972,36,96.0
7058,2022,1974,53,142.0
7059,2022,1975,17,21.0
7060,2022,1977,33,68.0
7061,2022,1979,15,20.0
7062,2022,1981,141,448.0
7063,2022,1982,85,204.0
7064,2022,1983,151,426.0
7065,2022,1984,109,366.0
7066,2022,1985,120,719.0
7067,2022,1986,2,0.0
7068,2022,1987,39,109.0
7069,2022,1988,35,75.0
7070,2022,1989,35,74.0
7071,2022,1991,58,116.0
7072,2022,1993,39,49.0
7073,2022,1994,70,163.0
7074,2022,1995,84,240.0
7075,2022,1998,108,515.0
7076,2022,1999,63,204.0
7077,2022,2001,25,44.0
7078,2022,2002,296,299.0
7079,2022,2004,95,110.0
7080,2022,2005,40,89.0
7081,2022,2011,67,163.0
7082,2022,2013,39,67.0
7083,2022,2014,61,144.0
7084,2022,2015,35,102.0
7085,2022,2016,19,43.0
7086,2022,2017,47,150.0
7087,2022,2019,80,366.0
7088,2022,2021,17,38.0
7089,2022,2022,88,304.0
7090,2022,2023,47,139.0
7091,2022,2024,46,211.0
7092,2022,2025,29,64.0
7093,2022,2026,62,144.0
7094,2022,2027,92,462.0
7095,2022,2029,128,807.0
7096,2022,2031,31,93.0
7097,2022,2033,60,260.0
7098,2022,2034,32,76.0
7099,2022,2035,32,71.0
7100,2022,2036,27,95.0
7101,2022,2038,31,60.0
7102,2022,2039,60,164.0
7103,2022,2041,25,44.0
7104,2022,2042,28,71.0
7105,2022,2044,32,101.0
7106,2022,2045,22,33.0
7107,2022,2046,53,65.0
7108,2022,2049,35,64.0
7109,2022,2053,59,77.0
7110,2022,2054,34,46.0
7111,2022,2055,51,124.0
7112,2022,2056,106,261.0
7113,2022,2058,36,96.0
7114,2022,2062,71,256.0
7115,2022,2063,40,48.0
7116,2022,2064,20,29.0
7117,2022,2069,108,423.0
7118,2022,2071,59,181.0
7119,2022,2073,30,38.0
7120,2022,2074,55,136.0
7121,2022,2076,71,233.0
7122,2022,2079,54,161.0
7123,2022,2081,59,153.0
7124,2022,2083,13,10.0
7125,2022,2088,62,150.0
7126,2022,2091,19,28.0
7127,2022,2093,19,27.0
7128,2022,2097,36,55.0
7129,2022,2099,37,53.0
7130,2022,2100,2,0.0
7131,2022,2101,8,10.0
7132,2022,2102,7,1.0
7133,2022,2103,18,45.0
7134,2022,2104,25,42.0
7135,2022,2105,111,221.0
7136,2022,2106,19,14.0
7137,2022,2107,34,83.0
7138,2022,2111,7,14.0
7139,2022,2113,11,27.0
7140,2022,2114,29,63.0
7141,2022,2115,80,89.0
7142,2022,2118,33,65.0
7143,2022,2125,32,79.0
7144,2022,2126,80,168.0
7145,2022,2128,39,74.0
7146,2022,2129,25,42.0
7147,2022,2132,7,17.0
7148,2022,2133,23,68.0
7149,2022,2134,59,158.0
7150,2022,2136,152,458.0
7151,2022,2137,156,237.0
7152,2022,2138,43,74.0
7153,2022,2139,73,152.0
7154,2022,2141,22,88.0
7155,2022,2142,21,32.0
7156,2022,2143,83,264.0
7157,2022,2144,68,100.0
7158,2022,2145,39,91.0
7159,2022,2146,220,621.0
7160,2022,2147,72,159.0
7161,2022,2148,85,161.0
7162,2022,2149,33,61.0
7163,2022,2155,52,171.0
7164,2022,2156,170,681.0
7165,2022,2157,144,584.0
7166,2022,2158,82,335.0
7167,2022,2159,2,0.0
7168,2022,2161,16,18.0
7169,2022,2162,13,11.0
7170,2022,2169,15,11.0
7171,2022,2172,7,12.0
7172,2022,2173,20,40.0
7173,2022,2175,65,251.0
7174,2022,2177,63,226.0
7175,2022,2183,39,62.0
7176,2022,2185,26,73.0
7177,2022,2187,73,311.0
7178,2022,2189,62,263.0
7179,2022,2196,19,29.0
7180,2022,2197,7,7.0
7181,2022,2198,1,1.0
7182,2022,2199,1,0.0
7183,2023,101,41,108.0
7184,2023,105,17,18.0
7185,2023,109,9,1.0
7186,2023,111,142,1061.0
7187,2023,112,25,35.0
7188,2023,118,45,133.0
7189,2023,119,466,2105.0
7190,2023,121,28,49.0
7191,2023,122,25,23.0
7192,2023,123,55,101.0
7193,2023,124,42,170.0
7194,2023,127,329,239.0
7195,2023,128,65,135.0
7196,2023,129,42,42.0
7197,2023,131,20,25.0
7198,2023,132,138,261.0
7199,2023,133,34,23.0
7200,2023,134,22,40.0
7201,2023,135,43,122.0
7202,2023,138,91,396.0
7203,2023,139,29,68.0
7204,2023,141,17,28.0
7205,2023,142,78,195.0
7206,2023,143,16,31.0
7207,2023,144,15,36.0
7208,2023,145,25,64.0
7209,2023,146,17,25.0
7210,2023,147,36,127.0
7211,2023,148,38,92.0
7212,2023,151,24,45.0
7213,2023,152,282,1332.0
7214,2023,153,279,815.0
7215,2023,154,54,209.0
7216,2023,155,85,293.0
7217,2023,156,122,624.0
7218,2023,157,108,381.0
7219,2023,158,94,407.0
7220,2023,159,55,240.0
7221,2023,161,280,805.0
7222,2023,162,357,1734.0
7223,2023,163,43,140.0
7224,2023,164,69,255.0
7225,2023,165,45,85.0
7226,2023,166,85,372.0
7227,2023,171,68,203.0
7228,2023,174,28,61.0
7229,2023,176,72,167.0
7230,2023,181,30,34.0
7231,2023,182,183,1121.0
7232,2023,185,129,405.0
7233,2023,191,39,75.0
7234,2023,192,207,901.0
7235,2023,195,163,376.0
7236,2023,201,135,433.0
7237,2023,202,31,77.0
7238,2023,203,23,50.0
7239,2023,204,64,129.0
7240,2023,205,113,198.0
7241,2023,211,34,83.0
7242,2023,212,75,250.0
7243,2023,215,33,57.0
7244,2023,216,45,115.0
7245,2023,217,45,91.0
7246,2023,218,43,123.0
7247,2023,219,41,85.0
7248,2023,221,125,175.0
7249,2023,227,1,0.0
7250,2023,231,38,101.0
7251,2023,232,1,0.0
7252,2023,233,37,124.0
7253,2023,234,1,0.0
7254,2023,235,72,222.0
7255,2023,236,151,556.0
7256,2023,237,105,448.0
7257,2023,238,57,125.0
7258,2023,239,25,7.0
7259,2023,241,25,48.0
7260,2023,242,1,0.0
7261,2023,244,2,0.0
7262,2023,245,1131,2987.0
7263,2023,246,1462,2244.0
7264,2023,247,110,193.0
7265,2023,248,109,231.0
7266,2023,249,60,259.0
7267,2023,251,77,204.0
7268,2023,252,1,0.0
7269,2023,256,417,672.0
7270,2023,257,318,1115.0
7271,2023,261,126,306.0
7272,2023,265,374,759.0
7273,2023,266,200,282.0
7274,2023,269,106,466.0
7275,2023,271,77,169.0
7276,2023,275,71,193.0
7277,2023,279,28,53.0
7278,2023,281,34,76.0
7279,2023,284,1,0.0
7280,2023,285,33,72.0
7281,2023,286,1,0.0
7282,2023,289,46,50.0
7283,2023,291,41,47.0
7284,2023,292,3,0.0
7285,2023,295,68,102.0
7286,2023,299,57,123.0
7287,2023,301,17,19.0
7288,2023,303,13,10.0
7289,2023,305,9,6.0
7290,2023,307,10,12.0
7291,2023,308,31,75.0
7292,2023,309,10,2.0
7293,2023,311,41,138.0
7294,2023,312,39,113.0
7295,2023,313,22,27.0
7296,2023,314,41,132.0
7297,2023,315,38,93.0
7298,2023,316,44,109.0
7299,2023,317,79,241.0
7300,2023,318,46,40.0
7301,2023,319,35,86.0
7302,2023,321,48,115.0
7303,2023,325,22,33.0
7304,2023,326,50,85.0
7305,2023,327,14,8.0
7306,2023,328,55,153.0
7307,2023,329,56,82.0
7308,2023,331,40,87.0
7309,2023,332,22,36.0
7310,2023,333,43,127.0
7311,2023,334,86,227.0
7312,2023,335,23,40.0
7313,2023,336,24,42.0
7314,2023,337,37,50.0
7315,2023,338,53,93.0
7316,2023,341,14,28.0
7317,2023,343,6,7.0
7318,2023,351,13,14.0
7319,2023,353,51,85.0
7320,2023,354,29,65.0
7321,2023,355,79,229.0
7322,2023,356,87,265.0
7323,2023,357,96,200.0
7324,2023,358,53,35.0
7325,2023,359,50,106.0
7326,2023,361,75,303.0
7327,2023,362,76,346.0
7328,2023,363,133,1014.0
7329,2023,373,51,149.0
7330,2023,374,17,41.0
7331,2023,375,87,330.0
7332,2023,376,117,499.0
7333,2023,377,51,118.0
7334,2023,378,56,107.0
7335,2023,379,61,164.0
7336,2023,391,34,77.0
7337,2023,392,84,401.0
7338,2023,393,77,328.0
7339,2023,394,27,54.0
7340,2023,395,221,858.0
7341,2023,396,89,313.0
7342,2023,397,135,549.0
7343,2023,398,68,185.0
7344,2023,399,74,110.0
7345,2023,401,15,18.0
7346,2023,402,10,17.0
7347,2023,403,10,4.0
7348,2023,404,12,16.0
7349,2023,405,1,0.0
7350,2023,406,5,7.0
7351,2023,407,21,47.0
7352,2023,408,25,48.0
7353,2023,409,29,69.0
7354,2023,411,30,64.0
7355,2023,412,60,164.0
7356,2023,413,3,2.0
7357,2023,414,4,2.0
7358,2023,415,36,111.0
7359,2023,416,15,24.0
7360,2023,417,17,36.0
7361,2023,418,9,13.0
7362,2023,421,44,100.0
7363,2023,422,33,69.0
7364,2023,423,51,112.0
7365,2023,424,45,148.0
7366,2023,426,20,34.0
7367,2023,427,46,128.0
7368,2023,428,21,29.0
7369,2023,429,25,53.0
7370,2023,437,30,71.0
7371,2023,438,34,94.0
7372,2023,439,40,112.0
7373,2023,441,16,11.0
7374,2023,442,17,26.0
7375,2023,443,33,97.0
7376,2023,445,12,13.0
7377,2023,448,31,105.0
7378,2023,449,34,69.0
7379,2023,451,53,96.0
7380,2023,452,7,12.0
7381,2023,453,48,134.0
7382,2023,454,11,15.0
7383,2023,455,36,134.0
7384,2023,456,42,80.0
7385,2023,457,41,150.0
7386,2023,459,36,85.0
7387,2023,461,48,96.0
7388,2023,462,17,38.0
7389,2023,463,42,66.0
7390,2023,464,135,577.0
7391,2023,465,23,35.0
7392,2023,466,46,140.0
7393,2023,467,65,190.0
7394,2023,468,17,33.0
7395,2023,469,31,52.0
7396,2023,471,32,101.0
7397,2023,473,76,218.0
7398,2023,477,39,95.0
7399,2023,478,65,206.0
7400,2023,479,25,53.0
7401,2023,483,8,1.0
7402,2023,487,22,41.0
7403,2023,488,30,50.0
7404,2023,489,15,27.0
7405,2023,491,51,179.0
7406,2023,497,130,610.0
7407,2023,499,64,134.0
7408,2023,501,20,64.0
7409,2023,502,4,0.0
7410,2023,503,36,94.0
7411,2023,504,54,196.0
7412,2023,505,12,21.0
7413,2023,506,30,68.0
7414,2023,507,35,104.0
7415,2023,508,7,10.0
7416,2023,509,16,43.0
7417,2023,511,20,55.0
7418,2023,512,6,5.0
7419,2023,513,61,255.0
7420,2023,514,97,327.0
7421,2023,515,56,111.0
7422,2023,516,42,70.0
7423,2023,517,35,123.0
7424,2023,518,29,58.0
7425,2023,519,44,117.0
7426,2023,521,62,160.0
7427,2023,522,33,82.0
7428,2023,523,58,58.0
7429,2023,524,31,55.0
7430,2023,525,49,128.0
7431,2023,526,53,186.0
7432,2023,527,9,5.0
7433,2023,528,42,109.0
7434,2023,529,141,736.0
7435,2023,531,23,40.0
7436,2023,532,39,62.0
7437,2023,541,22,70.0
7438,2023,551,19,48.0
7439,2023,555,48,113.0
7440,2023,557,50,232.0
7441,2023,558,83,199.0
7442,2023,559,6,27.0
7443,2023,561,5,4.0
7444,2023,562,10,17.0
7445,2023,563,98,453.0
7446,2023,564,82,341.0
7447,2023,565,61,156.0
7448,2023,566,64,214.0
7449,2023,567,50,132.0
7450,2023,569,15,7.0
7451,2023,581,4,11.0
7452,2023,583,7,14.0
7453,2023,584,21,54.0
7454,2023,585,48,145.0
7455,2023,587,30,101.0
7456,2023,589,23,15.0
7457,2023,599,3,0.0
7458,2023,600,3,0.0
7459,2023,615,30,74.0
7460,2023,621,4,4.0
7461,2023,622,29,149.0
7462,2023,625,63,112.0
7463,2023,626,25,50.0
7464,2023,627,16,35.0
7465,2023,628,33,91.0
7466,2023,629,12,27.0
7467,2023,631,9,18.0
7468,2023,632,63,268.0
7469,2023,635,33,45.0
7470,2023,636,306,2309.0
7471,2023,637,120,464.0
7472,2023,638,107,355.0
7473,2023,639,59,159.0
7474,2023,642,42,105.0
7475,2023,643,62,363.0
7476,2023,644,65,176.0
7477,2023,645,423,2196.0
7478,2023,646,386,2468.0
7479,2023,647,262,900.0
7480,2023,648,166,643.0
7481,2023,649,55,111.0
7482,2023,656,69,244.0
7483,2023,657,85,257.0
7484,2023,659,60,128.0
7485,2023,663,105,567.0
7486,2023,665,7,0.0
7487,2023,666,339,1605.0
7488,2023,667,55,158.0
7489,2023,668,271,637.0
7490,2023,669,46,108.0
7491,2023,671,2,0.0
7492,2023,674,1,0.0
7493,2023,676,43,130.0
7494,2023,677,71,137.0
7495,2023,678,150,337.0
7496,2023,679,38,39.0
7497,2023,696,1,0.0
7498,2023,700,1,0.0
7499,2023,701,48,264.0
7500,2023,702,87,461.0
7501,2023,705,30,78.0
7502,2023,706,36,128.0
7503,2023,707,1,0.0
7504,2023,709,1,0.0
7505,2023,711,49,198.0
7506,2023,713,18,48.0
7507,2023,714,6,4.0
7508,2023,715,11,20.0
7509,2023,717,19,15.0
7510,2023,719,14,35.0
7511,2023,721,126,571.0
7512,2023,722,92,427.0
7513,2023,723,18,62.0
7514,2023,724,188,479.0
7515,2023,725,4,4.0
7516,2023,726,12,28.0
7517,2023,727,15,43.0
7518,2023,729,8,18.0
7519,2023,732,19,55.0
7520,2023,733,10,19.0
7521,2023,734,35,95.0
7522,2023,735,16,49.0
7523,2023,736,40,76.0
7524,2023,737,19,33.0
7525,2023,738,11,30.0
7526,2023,739,5,5.0
7527,2023,742,9,17.0
7528,2023,743,10,37.0
7529,2023,745,34,130.0
7530,2023,747,16,29.0
7531,2023,748,1,0.0
7532,2023,749,31,96.0
7533,2023,752,24,73.0
7534,2023,753,17,36.0
7535,2023,754,1,0.0
7536,2023,755,19,49.0
7537,2023,758,32,82.0
7538,2023,759,41,92.0
7539,2023,761,1,0.0
7540,2023,762,44,134.0
7541,2023,763,15,16.0
7542,2023,764,12,18.0
7543,2023,765,154,951.0
7544,2023,766,15,24.0
7545,2023,767,30,33.0
7546,2023,769,31,62.0
7547,2023,773,13,27.0
7548,2023,774,35,96.0
7549,2023,775,66,172.0
7550,2023,776,25,49.0
7551,2023,777,14,22.0
7552,2023,778,19,26.0
7553,2023,779,21,35.0
7554,2023,782,58,295.0
7555,2023,783,29,59.0
7556,2023,784,36,77.0
7557,2023,785,31,62.0
7558,2023,787,15,23.0
7559,2023,788,11,16.0
7560,2023,789,39,70.0
7561,2023,801,9,3.0
7562,2023,802,7,16.0
7563,2023,803,3,39.0
7564,2023,804,2,2.0
7565,2023,805,24,51.0
7566,2023,806,11,33.0
7567,2023,807,10,26.0
7568,2023,808,13,27.0
7569,2023,809,7,15.0
7570,2023,811,30,98.0
7571,2023,812,3,6.0
7572,2023,813,9,19.0
7573,2023,814,6,3.0
7574,2023,815,6,5.0
7575,2023,816,7,13.0
7576,2023,817,61,311.0
7577,2023,818,39,24.0
7578,2023,819,12,26.0
7579,2023,821,15,11.0
7580,2023,822,21,20.0
7581,2023,823,31,42.0
7582,2023,824,11,26.0
7583,2023,825,2,2.0
7584,2023,826,3,3.0
7585,2023,827,12,27.0
7586,2023,828,14,29.0
7587,2023,829,14,26.0
7588,2023,831,21,61.0
7589,2023,832,27,113.0
7590,2023,833,28,86.0
7591,2023,834,13,43.0
7592,2023,835,37,172.0
7593,2023,836,11,21.0
7594,2023,837,5,5.0
7595,2023,838,10,9.0
7596,2023,839,220,656.0
7597,2023,841,34,82.0
7598,2023,842,35,62.0
7599,2023,843,1,0.0
7600,2023,847,11,26.0
7601,2023,848,5,4.0
7602,2023,849,38,155.0
7603,2023,851,95,118.0
7604,2023,852,47,96.0
7605,2023,853,123,420.0
7606,2023,854,54,46.0
7607,2023,855,24,75.0
7608,2023,857,20,64.0
7609,2023,858,24,37.0
7610,2023,859,53,187.0
7611,2023,861,12,2.0
7612,2023,871,18,6.0
7613,2023,872,9,3.0
7614,2023,881,170,524.0
7615,2023,882,32,101.0
7616,2023,883,84,136.0
7617,2023,884,51,163.0
7618,2023,885,14,36.0
7619,2023,886,5,15.0
7620,2023,887,7,9.0
7621,2023,889,63,231.0
7622,2023,891,52,20.0
7623,2023,892,45,43.0
7624,2023,893,36,72.0
7625,2023,895,10,23.0
7626,2023,896,4,4.0
7627,2023,897,30,43.0
7628,2023,898,36,89.0
7629,2023,899,51,127.0
7630,2023,901,134,516.0
7631,2023,902,2,0.0
7632,2023,904,349,1123.0
7633,2023,905,44,149.0
7634,2023,906,70,187.0
7635,2023,909,83,337.0
7636,2023,911,116,520.0
7637,2023,914,223,1147.0
7638,2023,915,87,242.0
7639,2023,916,30,52.0
7640,2023,919,52,143.0
7641,2023,923,185,784.0
7642,2023,924,1,0.0
7643,2023,925,1,0.0
7644,2023,926,97,412.0
7645,2023,928,1,0.0
7646,2023,929,18,21.0
7647,2023,931,22,42.0
7648,2023,932,60,137.0
7649,2023,933,80,226.0
7650,2023,934,1,0.0
7651,2023,935,998,1469.0
7652,2023,936,6,0.0
7653,2023,937,26,46.0
7654,2023,938,20,34.0
7655,2023,939,35,89.0
7656,2023,941,118,571.0
7657,2023,943,73,262.0
7658,2023,946,42,115.0
7659,2023,948,19,46.0
7660,2023,952,54,192.0
7661,2023,953,1,0.0
7662,2023,954,1,0.0
7663,2023,955,4,3.0
7664,2023,957,3,3.0
7665,2023,958,9,0.0
7666,2023,961,15,5.0
7667,2023,963,47,107.0
7668,2023,964,138,414.0
7669,2023,966,32,46.0
7670,2023,967,1,0.0
7671,2023,969,23,60.0
7672,2023,971,74,116.0
7673,2023,973,1,0.0
7674,2023,974,49,187.0
7675,2023,976,7,9.0
7676,2023,978,1,0.0
7677,2023,979,10,13.0
7678,2023,981,13,40.0
7679,2023,983,1,0.0
7680,2023,984,11,16.0
7681,2023,985,55,207.0
7682,2023,989,22,79.0
7683,2023,991,10,20.0
7684,2023,994,11,13.0
7685,2023,998,15,44.0
7686,2023,1001,77,265.0
7687,2023,1003,54,151.0
7688,2023,1004,65,203.0
7689,2023,1005,29,64.0
7690,2023,1006,16,33.0
7691,2023,1007,29,42.0
7692,2023,1008,177,736.0
7693,2023,1009,43,49.0
7694,2023,1011,41,94.0
7695,2023,1012,30,62.0
7696,2023,1015,102,376.0
7697,2023,1017,33,82.0
7698,2023,1018,63,175.0
7699,2023,1019,23,21.0
7700,2023,1021,57,87.0
7701,2023,1023,108,268.0
7702,2023,1024,46,119.0
7703,2023,1025,85,349.0
7704,2023,1027,31,126.0
7705,2023,1028,51,140.0
7706,2023,1029,65,183.0
7707,2023,1031,24,42.0
7708,2023,1032,1,0.0
7709,2023,1033,65,210.0
7710,2023,1034,47,75.0
7711,2023,1035,60,131.0
7712,2023,1036,1,0.0
7713,2023,1037,23,44.0
7714,2023,1039,41,104.0
7715,2023,1041,37,65.0
7716,2023,1043,36,96.0
7717,2023,1044,36,63.0
7718,2023,1045,30,58.0
7719,2023,1047,37,100.0
7720,2023,1048,1,0.0
7721,2023,1049,49,142.0
7722,2023,1061,28,75.0
7723,2023,1063,83,427.0
7724,2023,1065,51,140.0
7725,2023,1067,35,127.0
7726,2023,1068,4,1.0
7727,2023,1075,18,42.0
7728,2023,1077,14,19.0
7729,2023,1078,19,88.0
7730,2023,1079,44,112.0
7731,2023,1083,2,4.0
7732,2023,1086,1,0.0
7733,2023,1088,14,29.0
7734,2023,1089,12,12.0
7735,2023,1091,9,18.0
7736,2023,1094,1,3.0
7737,2023,1097,21,52.0
7738,2023,1099,14,26.0
7739,2023,1101,40,80.0
7740,2023,1102,59,97.0
7741,2023,1105,8,6.0
7742,2023,1107,17,41.0
7743,2023,1109,34,64.0
7744,2023,1112,12,20.0
7745,2023,1113,27,47.0
7746,2023,1115,23,52.0
7747,2023,1116,14,15.0
7748,2023,1117,17,28.0
7749,2023,1118,33,52.0
7750,2023,1119,14,25.0
7751,2023,1122,10,1.0
7752,2023,1123,73,130.0
7753,2023,1124,137,351.0
7754,2023,1125,25,34.0
7755,2023,1126,19,38.0
7756,2023,1127,29,71.0
7757,2023,1128,36,81.0
7758,2023,1129,22,44.0
7759,2023,1132,41,137.0
7760,2023,1133,50,105.0
7761,2023,1134,85,203.0
7762,2023,1135,55,125.0
7763,2023,1136,56,139.0
7764,2023,1137,35,55.0
7765,2023,1138,43,66.0
7766,2023,1139,34,56.0
7767,2023,1141,33,127.0
7768,2023,1142,28,84.0
7769,2023,1143,19,44.0
7770,2023,1144,7,11.0
7771,2023,1145,36,87.0
7772,2023,1146,14,13.0
7773,2023,1147,30,83.0
7774,2023,1148,59,191.0
7775,2023,1149,98,128.0
7776,2023,1151,126,525.0
7777,2023,1152,28,75.0
7778,2023,1153,6,6.0
7779,2023,1157,1,0.0
7780,2023,1158,25,48.0
7781,2023,1159,25,15.0
7782,2023,1161,48,48.0
7783,2023,1162,153,716.0
7784,2023,1163,29,36.0
7785,2023,1169,18,18.0
7786,2023,1171,32,72.0
7787,2023,1172,23,85.0
7788,2023,1173,14,24.0
7789,2023,1174,2,1.0
7790,2023,1175,3,4.0
7791,2023,1176,26,39.0
7792,2023,1177,70,218.0
7793,2023,1178,23,36.0
7794,2023,1179,58,78.0
7795,2023,1181,74,173.0
7796,2023,1183,41,77.0
7797,2023,1184,22,24.0
7798,2023,1185,9,5.0
7799,2023,1186,11,35.0
7800,2023,1189,48,59.0
7801,2023,1195,77,92.0
7802,2023,1199,3,3.0
7803,2023,1200,1,0.0
7804,2023,1203,80,376.0
7805,2023,1204,38,124.0
7806,2023,1205,52,112.0
7807,2023,1207,45,102.0
7808,2023,1208,62,221.0
7809,2023,1209,22,29.0
7810,2023,1211,57,296.0
7811,2023,1213,88,506.0
7812,2023,1215,96,543.0
7813,2023,1218,95,385.0
7814,2023,1219,17,20.0
7815,2023,1231,23,54.0
7816,2023,1232,42,126.0
7817,2023,1233,49,200.0
7818,2023,1235,49,153.0
7819,2023,1239,161,700.0
7820,2023,1241,100,752.0
7821,2023,1242,30,60.0
7822,2023,1243,87,411.0
7823,2023,1245,143,676.0
7824,2023,1248,91,345.0
7825,2023,1249,384,1524.0
7826,2023,1251,81,347.0
7827,2023,1252,44,101.0
7828,2023,1253,52,164.0
7829,2023,1255,53,178.0
7830,2023,1256,167,751.0
7831,2023,1257,89,280.0
7832,2023,1258,412,1142.0
7833,2023,1259,143,797.0
7834,2023,1263,56,182.0
7835,2023,1265,93,425.0
7836,2023,1266,107,494.0
7837,2023,1267,143,851.0
7838,2023,1268,144,776.0
7839,2023,1269,168,849.0
7840,2023,1273,74,285.0
7841,2023,1283,77,302.0
7842,2023,1293,19,18.0
7843,2023,1303,169,456.0
7844,2023,1307,88,390.0
7845,2023,1309,158,943.0
7846,2023,1311,5,9.0
7847,2023,1313,277,1368.0
7848,2023,1317,166,665.0
7849,2023,1321,161,724.0
7850,2023,1322,59,116.0
7851,2023,1323,91,195.0
7852,2023,1324,45,82.0
7853,2023,1325,33,53.0
7854,2023,1326,11,10.0
7855,2023,1327,47,66.0
7856,2023,1331,143,555.0
7857,2023,1333,158,386.0
7858,2023,1341,89,322.0
7859,2023,1342,54,131.0
7860,2023,1343,71,219.0
7861,2023,1344,39,76.0
7862,2023,1345,85,188.0
7863,2023,1346,47,157.0
7864,2023,1347,64,232.0
7865,2023,1351,105,430.0
7866,2023,1352,75,307.0
7867,2023,1353,66,195.0
7868,2023,1354,29,62.0
7869,2023,1361,84,345.0
7870,2023,1362,92,308.0
7871,2023,1363,77,209.0
7872,2023,1364,47,95.0
7873,2023,1365,40,91.0
7874,2023,1367,70,253.0
7875,2023,1371,81,311.0
7876,2023,1372,87,250.0
7877,2023,1373,47,130.0
7878,2023,1375,47,140.0
7879,2023,1377,49,115.0
7880,2023,1381,44,45.0
7881,2023,1383,99,370.0
7882,2023,1385,95,310.0
7883,2023,1391,32,68.0
7884,2023,1393,71,174.0
7885,2023,1394,51,128.0
7886,2023,1395,86,226.0
7887,2023,1401,18,25.0
7888,2023,1402,14,17.0
7889,2023,1403,15,31.0
7890,2023,1405,5,1.0
7891,2023,1406,31,104.0
7892,2023,1407,40,133.0
7893,2023,1408,3,0.0
7894,2023,1409,32,114.0
7895,2023,1411,318,135.0
7896,2023,1412,392,715.0
7897,2023,1413,24,81.0
7898,2023,1414,48,200.0
7899,2023,1415,44,139.0
7900,2023,1416,6,7.0
7901,2023,1424,6,9.0
7902,2023,1425,12,14.0
7903,2023,1426,8,4.0
7904,2023,1427,24,67.0
7905,2023,1428,15,31.0
7906,2023,1431,336,913.0
7907,2023,1432,36,145.0
7908,2023,1433,18,63.0
7909,2023,1434,14,36.0
7910,2023,1435,23,65.0
7911,2023,1436,7,7.0
7912,2023,1437,40,117.0
7913,2023,1438,13,33.0
7914,2023,1441,83,288.0
7915,2023,1443,25,92.0
7916,2023,1444,34,141.0
7917,2023,1445,23,68.0
7918,2023,1446,16,41.0
7919,2023,1449,15,23.0
7920,2023,1451,20,5.0
7921,2023,1452,33,80.0
7922,2023,1453,12,31.0
7923,2023,1454,46,194.0
7924,2023,1455,23,84.0
7925,2023,1456,31,41.0
7926,2023,1457,161,233.0
7927,2023,1458,46,87.0
7928,2023,1459,9,13.0
7929,2023,1462,8,5.0
7930,2023,1463,25,56.0
7931,2023,1464,40,98.0
7932,2023,1465,30,105.0
7933,2023,1466,12,24.0
7934,2023,1467,27,38.0
7935,2023,1468,13,23.0
7936,2023,1469,55,225.0
7937,2023,1471,9,4.0
7938,2023,1472,22,87.0
7939,2023,1473,10,35.0
7940,2023,1474,8,14.0
7941,2023,1475,6,7.0
7942,2023,1476,16,28.0
7943,2023,1477,8,11.0
7944,2023,1479,14,26.0
7945,2023,1483,22,66.0
7946,2023,1484,3,5.0
7947,2023,1485,6,10.0
7948,2023,1486,3,0.0
7949,2023,1487,28,35.0
7950,2023,1488,41,133.0
7951,2023,1489,13,27.0
7952,2023,1491,16,32.0
7953,2023,1492,5,2.0
7954,2023,1493,17,1.0
7955,2023,1494,903,712.0
7956,2023,1495,22,7.0
7957,2023,1496,95,64.0
7958,2023,1497,12,15.0
7959,2023,1498,5,1.0
7960,2023,1499,20,22.0
7961,2023,1501,27,87.0
7962,2023,1502,34,70.0
7963,2023,1503,80,346.0
7964,2023,1504,52,137.0
7965,2023,1505,97,222.0
7966,2023,1506,50,134.0
7967,2023,1508,6,4.0
7968,2023,1509,11,16.0
7969,2023,1511,74,73.0
7970,2023,1512,30,73.0
7971,2023,1513,57,145.0
7972,2023,1514,32,57.0
7973,2023,1515,44,124.0
7974,2023,1516,57,105.0
7975,2023,1517,37,54.0
7976,2023,1519,48,143.0
7977,2023,1521,47,97.0
7978,2023,1522,62,136.0
7979,2023,1523,35,80.0
7980,2023,1524,58,116.0
7981,2023,1525,121,416.0
7982,2023,1526,106,363.0
7983,2023,1527,72,172.0
7984,2023,1528,1,0.0
7985,2023,1529,18,53.0
7986,2023,1531,13,32.0
7987,2023,1532,139,277.0
7988,2023,1533,12,16.0
7989,2023,1535,107,286.0
7990,2023,1538,71,232.0
7991,2023,1539,39,110.0
7992,2023,1541,11,13.0
7993,2023,1543,29,110.0
7994,2023,1544,19,33.0
7995,2023,1545,30,96.0
7996,2023,1546,17,19.0
7997,2023,1547,198,445.0
7998,2023,1548,231,926.0
7999,2023,1549,422,1038.0
8000,2023,1551,8,2.0
8001,2023,1553,30,33.0
8002,2023,1555,80,443.0
8003,2023,1557,42,125.0
8004,2023,1558,1,0.0
8005,2023,1559,15,10.0
8006,2023,1562,18,31.0
8007,2023,1563,23,44.0
8008,2023,1564,1,0.0
8009,2023,1565,23,11.0
8010,2023,1566,38,90.0
8011,2023,1567,14,15.0
8012,2023,1569,5,9.0
8013,2023,1581,11,30.0
8014,2023,1583,24,72.0
8015,2023,1585,55,219.0
8016,2023,1586,86,137.0
8017,2023,1587,28,24.0
8018,2023,1588,3,3.0
8019,2023,1589,14,17.0
8020,2023,1591,25,125.0
8021,2023,1595,7,19.0
8022,2023,1596,15,32.0
8023,2023,1599,44,138.0
8024,2023,1601,33,96.0
8025,2023,1602,57,191.0
8026,2023,1603,1,2.0
8027,2023,1605,14,21.0
8028,2023,1606,18,41.0
8029,2023,1608,11,15.0
8030,2023,1611,26,50.0
8031,2023,1612,100,342.0
8032,2023,1613,53,91.0
8033,2023,1614,1,1.0
8034,2023,1615,10,16.0
8035,2023,1617,45,121.0
8036,2023,1618,17,23.0
8037,2023,1619,2,3.0
8038,2023,1621,96,353.0
8039,2023,1622,77,236.0
8040,2023,1623,56,183.0
8041,2023,1633,38,87.0
8042,2023,1634,13,11.0
8043,2023,1635,7,8.0
8044,2023,1636,12,9.0
8045,2023,1637,36,71.0
8046,2023,1638,28,62.0
8047,2023,1639,1,1.0
8048,2023,1641,66,151.0
8049,2023,1642,28,32.0
8050,2023,1643,68,140.0
8051,2023,1645,28,55.0
8052,2023,1648,1,0.0
8053,2023,1651,96,216.0
8054,2023,1653,74,190.0
8055,2023,1654,91,269.0
8056,2023,1655,10,50.0
8057,2023,1656,52,106.0
8058,2023,1657,39,125.0
8059,2023,1658,11,18.0
8060,2023,1659,8,11.0
8061,2023,1661,12,11.0
8062,2023,1663,92,554.0
8063,2023,1664,62,113.0
8064,2023,1665,22,40.0
8065,2023,1667,13,25.0
8066,2023,1668,12,21.0
8067,2023,1669,5,5.0
8068,2023,1672,42,55.0
8069,2023,1673,15,9.0
8070,2023,1675,94,400.0
8071,2023,1676,24,61.0
8072,2023,1677,15,28.0
8073,2023,1678,4,3.0
8074,2023,1681,84,225.0
8075,2023,1682,13,22.0
8076,2023,1683,2,0.0
8077,2023,1684,115,524.0
8078,2023,1685,99,252.0
8079,2023,1687,87,270.0
8080,2023,1689,26,32.0
8081,2023,1691,15,17.0
8082,2023,1693,22,30.0
8083,2023,1694,1,0.0
8084,2023,1695,58,99.0
8085,2023,1698,35,76.0
8086,2023,1699,12,10.0
8087,2023,1700,1,0.0
8088,2023,1701,42,168.0
8089,2023,1703,8,7.0
8090,2023,1704,3,0.0
8091,2023,1705,6,14.0
8092,2023,1707,8,7.0
8093,2023,1708,28,107.0
8094,2023,1709,17,11.0
8095,2023,1712,9,13.0
8096,2023,1713,3,6.0
8097,2023,1714,36,11.0
8098,2023,1715,8,12.0
8099,2023,1716,14,40.0
8100,2023,1717,22,26.0
8101,2023,1718,8,9.0
8102,2023,1719,2,1.0
8103,2023,1721,14,34.0
8104,2023,1722,23,41.0
8105,2023,1723,55,153.0
8106,2023,1725,5,8.0
8107,2023,1727,17,31.0
8108,2023,1728,25,52.0
8109,2023,1729,35,38.0
8110,2023,1731,1,0.0
8111,2023,1733,1,0.0
8112,2023,1735,39,127.0
8113,2023,1736,3,0.0
8114,2023,1737,38,59.0
8115,2023,1738,16,13.0
8116,2023,1739,9,5.0
8117,2023,1743,14,39.0
8118,2023,1745,37,124.0
8119,2023,1747,50,67.0
8120,2023,1749,66,89.0
8121,2023,1751,138,198.0
8122,2023,1752,91,218.0
8123,2023,1753,20,31.0
8124,2023,1754,43,80.0
8125,2023,1755,6,2.0
8126,2023,1756,38,68.0
8127,2023,1757,49,39.0
8128,2023,1758,5,6.0
8129,2023,1759,109,30.0
8130,2023,1761,396,527.0
8131,2023,1762,295,487.0
8132,2023,1763,10,7.0
8133,2023,1764,181,760.0
8134,2023,1765,4,5.0
8135,2023,1766,12,18.0
8136,2023,1767,49,111.0
8137,2023,1768,6,14.0
8138,2023,1771,130,124.0
8139,2023,1772,34,26.0
8140,2023,1773,10,2.0
8141,2023,1774,9,4.0
8142,2023,1775,18,23.0
8143,2023,1776,12,14.0
8144,2023,1777,31,42.0
8145,2023,1778,1,0.0
8146,2023,1779,55,64.0
8147,2023,1781,167,407.0
8148,2023,1782,76,224.0
8149,2023,1783,27,42.0
8150,2023,1784,1,0.0
8151,2023,1785,121,366.0
8152,2023,1787,16,51.0
8153,2023,1788,18,30.0
8154,2023,1791,58,138.0
8155,2023,1792,51,79.0
8156,2023,1793,33,89.0
8157,2023,1794,122,408.0
8158,2023,1795,58,167.0
8159,2023,1796,32,68.0
8160,2023,1797,47,116.0
8161,2023,1798,41,70.0
8162,2023,1799,51,93.0
8163,2023,1801,140,730.0
8164,2023,1802,176,900.0
8165,2023,1803,52,90.0
8166,2023,1804,80,237.0
8167,2023,1805,23,57.0
8168,2023,1806,49,78.0
8169,2023,1821,153,763.0
8170,2023,1822,268,1411.0
8171,2023,1823,111,520.0
8172,2023,1824,74,315.0
8173,2023,1826,72,299.0
8174,2023,1827,71,281.0
8175,2023,1829,89,251.0
8176,2023,1831,39,123.0
8177,2023,1832,136,429.0
8178,2023,1834,87,232.0
8179,2023,1835,17,18.0
8180,2023,1836,52,82.0
8181,2023,1837,78,305.0
8182,2023,1838,47,81.0
8183,2023,1839,21,36.0
8184,2023,1841,222,756.0
8185,2023,1842,162,812.0
8186,2023,1844,152,566.0
8187,2023,1846,124,356.0
8188,2023,1849,88,319.0
8189,2023,1851,32,86.0
8190,2023,1861,35,106.0
8191,2023,1862,109,378.0
8192,2023,1863,84,265.0
8193,2023,1864,39,85.0
8194,2023,1871,36,90.0
8195,2023,1881,33,96.0
8196,2023,1891,30,46.0
8197,2023,1901,57,75.0
8198,2023,1902,68,211.0
8199,2023,1903,4,2.0
8200,2023,1904,29,61.0
8201,2023,1905,32,35.0
8202,2023,1906,6,11.0
8203,2023,1907,86,84.0
8204,2023,1908,13,30.0
8205,2023,1909,7,11.0
8206,2023,1911,25,39.0
8207,2023,1912,48,51.0
8208,2023,1913,123,261.0
8209,2023,1915,28,77.0
8210,2023,1916,50,88.0
8211,2023,1917,50,98.0
8212,2023,1918,89,249.0
8213,2023,1919,31,31.0
8214,2023,1921,77,205.0
8215,2023,1924,86,254.0
8216,2023,1925,45,95.0
8217,2023,1928,1,0.0
8218,2023,1931,20,30.0
8219,2023,1934,44,52.0
8220,2023,1935,13,32.0
8221,2023,1936,15,19.0
8222,2023,1941,33,39.0
8223,2023,1942,3,0.0
8224,2023,1943,17,16.0
8225,2023,1944,33,57.0
8226,2023,1945,17,17.0
8227,2023,1951,57,57.0
8228,2023,1952,20,37.0
8229,2023,1954,44,98.0
8230,2023,1955,11,23.0
8231,2023,1956,8,8.0
8232,2023,1958,57,134.0
8233,2023,1959,58,141.0
8234,2023,1961,76,216.0
8235,2023,1962,60,208.0
8236,2023,1963,35,74.0
8237,2023,1964,41,99.0
8238,2023,1966,36,87.0
8239,2023,1967,33,95.0
8240,2023,1969,49,84.0
8241,2023,1971,44,80.0
8242,2023,1972,44,96.0
8243,2023,1974,61,183.0
8244,2023,1975,13,13.0
8245,2023,1977,34,89.0
8246,2023,1979,14,19.0
8247,2023,1981,145,564.0
8248,2023,1982,62,164.0
8249,2023,1983,132,350.0
8250,2023,1984,108,381.0
8251,2023,1985,152,990.0
8252,2023,1987,65,69.0
8253,2023,1988,25,84.0
8254,2023,1989,16,69.0
8255,2023,1991,72,164.0
8256,2023,1993,33,41.0
8257,2023,1994,50,139.0
8258,2023,1995,57,110.0
8259,2023,1998,134,792.0
8260,2023,1999,56,226.0
8261,2023,2000,3,0.0
8262,2023,2001,29,46.0
8263,2023,2002,270,304.0
8264,2023,2004,112,108.0
8265,2023,2005,28,70.0
8266,2023,2011,132,234.0
8267,2023,2013,62,57.0
8268,2023,2014,44,130.0
8269,2023,2015,38,92.0
8270,2023,2016,24,53.0
8271,2023,2017,61,183.0
8272,2023,2019,80,338.0
8273,2023,2021,23,74.0
8274,2023,2022,42,168.0
8275,2023,2023,39,85.0
8276,2023,2024,72,299.0
8277,2023,2025,35,77.0
8278,2023,2026,42,163.0
8279,2023,2027,67,316.0
8280,2023,2029,367,926.0
8281,2023,2031,33,88.0
8282,2023,2033,66,234.0
8283,2023,2034,47,100.0
8284,2023,2035,38,83.0
8285,2023,2036,53,193.0
8286,2023,2038,48,123.0
8287,2023,2039,59,101.0
8288,2023,2041,19,32.0
8289,2023,2042,16,28.0
8290,2023,2044,39,83.0
8291,2023,2045,16,31.0
8292,2023,2046,32,88.0
8293,2023,2049,33,93.0
8294,2023,2053,45,80.0
8295,2023,2054,23,41.0
8296,2023,2055,72,122.0
8297,2023,2056,72,161.0
8298,2023,2058,28,83.0
8299,2023,2062,63,294.0
8300,2023,2063,67,38.0
8301,2023,2064,23,30.0
8302,2023,2069,99,334.0
8303,2023,2071,53,154.0
8304,2023,2073,14,13.0
8305,2023,2074,32,82.0
8306,2023,2076,64,199.0
8307,2023,2079,36,77.0
8308,2023,2081,47,144.0
8309,2023,2083,15,15.0
8310,2023,2088,50,133.0
8311,2023,2091,16,18.0
8312,2023,2093,26,44.0
8313,2023,2097,29,42.0
8314,2023,2099,45,46.0
8315,2023,2101,5,4.0
8316,2023,2102,23,21.0
8317,2023,2103,27,54.0
8318,2023,2104,11,14.0
8319,2023,2105,120,276.0
8320,2023,2106,8,5.0
8321,2023,2107,31,63.0
8322,2023,2111,7,16.0
8323,2023,2113,12,23.0
8324,2023,2114,25,49.0
8325,2023,2115,75,65.0
8326,2023,2118,34,69.0
8327,2023,2125,41,131.0
8328,2023,2126,58,115.0
8329,2023,2128,41,110.0
8330,2023,2129,30,48.0
8331,2023,2131,1,0.0
8332,2023,2132,3,9.0
8333,2023,2133,26,69.0
8334,2023,2134,46,122.0
8335,2023,2136,166,566.0
8336,2023,2137,154,226.0
8337,2023,2138,57,85.0
8338,2023,2139,60,123.0
8339,2023,2141,36,145.0
8340,2023,2142,14,24.0
8341,2023,2143,77,231.0
8342,2023,2144,64,143.0
8343,2023,2145,22,60.0
8344,2023,2146,194,574.0
8345,2023,2147,50,82.0
8346,2023,2148,50,89.0
8347,2023,2149,25,30.0
8348,2023,2155,34,102.0
8349,2023,2156,427,1530.0
8350,2023,2157,87,408.0
8351,2023,2158,71,284.0
8352,2023,2159,8,8.0
8353,2023,2161,6,10.0
8354,2023,2162,6,6.0
8355,2023,2169,17,23.0
8356,2023,2172,6,9.0
8357,2023,2173,16,32.0
8358,2023,2175,52,161.0
8359,2023,2177,71,227.0
8360,2023,2183,24,75.0
8361,2023,2185,29,93.0
8362,2023,2187,74,232.0
8363,2023,2189,62,260.0
8364,2023,2196,10,24.0
8365,2023,2197,4,3.0
